Record Length,20480,,Source,CH1,CH2
Sample Interval,CH1:0.0000399999990 CH2:0.0000399999990,,Second,Volt,Volt
Vertical Units,CH1:V CH2:V,,-0.30959999561,2.00000,0.00
Vertical Scale,CH1:2.00 CH2:2.00,,-0.30956000090,2.00000,0.00
Vertical Offset,CH1:-6.00000 CH2:-6.00000,,-0.30952000618,2.00000,0.00
Horizontal Units,s,,-0.30947998166,2.00000,0.00
Horizontal Scale,0.0250000004,,-0.30943998694,2.00000,0.00
Model Number,SDS1102CML+,,-0.30939999223,2.00000,0.00
Serial Number,SDS1MEBX2R2171,,-0.30935999751,2.00000,0.00
Software Version,6.01.01.20,,-0.30932000279,2.00000,0.00
,,,-0.30927997828,2.00000,0.00
,,,-0.30923998356,2.00000,0.00
,,,-0.30919998884,2.00000,0.00
,,,-0.30915999413,1.92000,0.00
,,,-0.30911999941,2.00000,0.00
,,,-0.30908000469,2.00000,0.00
,,,-0.30903998017,2.00000,0.00
,,,-0.30899998546,2.00000,0.00
,,,-0.30895999074,2.00000,0.00
,,,-0.30891999602,2.00000,0.00
,,,-0.30888000131,2.00000,0.00
,,,-0.30884000659,2.00000,0.00
,,,-0.30879998207,2.00000,0.00
,,,-0.30875998735,2.08000,0.00
,,,-0.30871999264,2.00000,0.00
,,,-0.30867999792,2.00000,0.00
,,,-0.30864000320,2.00000,0.00
,,,-0.30859997869,2.00000,0.00
,,,-0.30855998397,2.00000,0.00
,,,-0.30851998925,2.00000,0.00
,,,-0.30847999454,2.00000,0.00
,,,-0.30843999982,2.00000,0.00
,,,-0.30840000510,2.00000,0.00
,,,-0.30835998058,2.00000,0.00
,,,-0.30831998587,1.92000,0.00
,,,-0.30827999115,2.00000,0.00
,,,-0.30823999643,2.00000,0.00
,,,-0.30820000172,2.00000,0.00
,,,-0.30816000700,2.00000,0.00
,,,-0.30811998248,2.00000,0.00
,,,-0.30807998776,2.00000,0.00
,,,-0.30803999305,2.00000,0.00
,,,-0.30799999833,2.00000,0.00
,,,-0.30796000361,2.00000,0.00
,,,-0.30791997910,2.00000,0.00
,,,-0.30787998438,2.00000,0.00
,,,-0.30783998966,2.00000,0.00
,,,-0.30779999495,2.00000,0.00
,,,-0.30776000023,2.00000,0.00
,,,-0.30772000551,2.00000,0.00
,,,-0.30767998099,2.00000,0.00
,,,-0.30763998628,2.00000,0.00
,,,-0.30759999156,2.00000,0.00
,,,-0.30755999684,2.00000,0.00
,,,-0.30752000213,2.00000,0.00
,,,-0.30747997761,2.00000,0.00
,,,-0.30743998289,2.00000,0.00
,,,-0.30739998817,2.00000,0.00
,,,-0.30735999346,2.00000,0.00
,,,-0.30731999874,2.00000,0.00
,,,-0.30728000402,2.00000,0.00
,,,-0.30723997951,2.00000,0.00
,,,-0.30719998479,2.00000,0.00
,,,-0.30715999007,2.00000,0.00
,,,-0.30711999536,2.00000,0.00
,,,-0.30708000064,2.00000,0.00
,,,-0.30704000592,2.00000,0.00
,,,-0.30699998140,2.00000,0.00
,,,-0.30695998669,1.92000,0.00
,,,-0.30691999197,2.08000,0.00
,,,-0.30687999725,2.00000,0.00
,,,-0.30684000254,2.00000,0.00
,,,-0.30679997802,2.00000,0.00
,,,-0.30675998330,2.00000,0.00
,,,-0.30671998858,2.00000,0.00
,,,-0.30667999387,2.00000,0.00
,,,-0.30663999915,2.00000,0.00
,,,-0.30660000443,2.00000,0.00
,,,-0.30655997992,2.00000,0.00
,,,-0.30651998520,2.00000,0.00
,,,-0.30647999048,2.00000,0.00
,,,-0.30643999577,2.00000,0.00
,,,-0.30640000105,2.00000,0.00
,,,-0.30636000633,2.00000,0.00
,,,-0.30631998181,2.00000,0.00
,,,-0.30627998710,2.00000,0.00
,,,-0.30623999238,2.00000,0.00
,,,-0.30619999766,2.00000,0.00
,,,-0.30616000295,2.00000,0.00
,,,-0.30611997843,2.00000,0.00
,,,-0.30607998371,2.00000,0.00
,,,-0.30603998899,2.00000,0.00
,,,-0.30599999428,2.00000,0.00
,,,-0.30595999956,2.00000,0.00
,,,-0.30592000484,2.00000,0.00
,,,-0.30587998033,2.00000,0.00
,,,-0.30583998561,2.00000,0.00
,,,-0.30579999089,2.00000,0.00
,,,-0.30575999618,2.00000,0.00
,,,-0.30572000146,2.00000,0.00
,,,-0.30568000674,2.00000,0.00
,,,-0.30563998222,2.00000,0.00
,,,-0.30559998751,2.00000,0.00
,,,-0.30555999279,2.00000,0.00
,,,-0.30551999807,2.00000,0.00
,,,-0.30548000336,2.00000,0.00
,,,-0.30543997884,2.00000,0.00
,,,-0.30539998412,2.00000,0.00
,,,-0.30535998940,2.00000,0.00
,,,-0.30531999469,2.00000,0.00
,,,-0.30527999997,2.00000,0.00
,,,-0.30524000525,2.00000,0.00
,,,-0.30519998074,2.00000,0.00
,,,-0.30515998602,2.00000,0.00
,,,-0.30511999130,2.00000,0.00
,,,-0.30507999659,2.00000,0.00
,,,-0.30504000187,2.00000,0.00
,,,-0.30500000715,2.00000,0.00
,,,-0.30495998263,2.00000,0.00
,,,-0.30491998792,2.00000,0.00
,,,-0.30487999320,2.00000,0.00
,,,-0.30483999848,2.00000,0.00
,,,-0.30480000377,2.00000,0.00
,,,-0.30475997925,2.00000,0.00
,,,-0.30471998453,1.92000,0.00
,,,-0.30467998981,2.00000,0.00
,,,-0.30463999510,2.00000,0.00
,,,-0.30460000038,2.00000,0.00
,,,-0.30456000566,2.00000,0.00
,,,-0.30451998115,2.00000,0.00
,,,-0.30447998643,2.00000,0.00
,,,-0.30443999171,2.00000,0.00
,,,-0.30439999700,2.00000,0.00
,,,-0.30436000228,2.00000,0.00
,,,-0.30431997776,2.00000,0.00
,,,-0.30427998304,2.00000,0.00
,,,-0.30423998833,2.00000,0.00
,,,-0.30419999361,2.00000,0.00
,,,-0.30415999889,2.00000,0.00
,,,-0.30412000418,2.00000,0.00
,,,-0.30407997966,2.00000,0.00
,,,-0.30403998494,2.00000,0.00
,,,-0.30399999022,2.00000,0.00
,,,-0.30395999551,2.00000,0.00
,,,-0.30392000079,2.00000,0.00
,,,-0.30388000607,2.00000,0.00
,,,-0.30383998156,2.00000,0.00
,,,-0.30379998684,2.00000,0.00
,,,-0.30375999212,2.00000,0.00
,,,-0.30371999741,2.00000,0.00
,,,-0.30368000269,2.00000,0.00
,,,-0.30363997817,2.00000,0.00
,,,-0.30359998345,2.00000,0.00
,,,-0.30355998874,2.00000,0.00
,,,-0.30351999402,2.00000,0.00
,,,-0.30347999930,2.00000,0.00
,,,-0.30344000459,2.00000,0.00
,,,-0.30339998007,2.00000,0.00
,,,-0.30335998535,2.00000,0.00
,,,-0.30331999063,2.00000,0.00
,,,-0.30327999592,2.00000,0.00
,,,-0.30324000120,2.00000,0.00
,,,-0.30320000648,2.00000,0.00
,,,-0.30315998197,2.00000,0.00
,,,-0.30311998725,2.00000,0.00
,,,-0.30307999253,2.00000,0.00
,,,-0.30303999782,2.00000,0.00
,,,-0.30300000310,2.00000,0.00
,,,-0.30295997858,2.00000,0.00
,,,-0.30291998386,2.00000,0.00
,,,-0.30287998915,2.00000,0.00
,,,-0.30283999443,2.00000,0.00
,,,-0.30279999971,2.00000,0.00
,,,-0.30276000500,2.00000,0.00
,,,-0.30271998048,2.00000,0.00
,,,-0.30267998576,1.92000,0.00
,,,-0.30263999104,2.00000,0.00
,,,-0.30259999633,2.00000,0.00
,,,-0.30256000161,2.00000,0.00
,,,-0.30252000690,2.00000,0.00
,,,-0.30247998238,2.00000,0.00
,,,-0.30243998766,2.00000,0.00
,,,-0.30239999294,2.00000,0.00
,,,-0.30235999823,2.00000,0.00
,,,-0.30232000351,2.00000,0.00
,,,-0.30227997899,2.00000,0.00
,,,-0.30223998427,2.00000,0.00
,,,-0.30219998956,2.00000,0.00
,,,-0.30215999484,2.00000,0.00
,,,-0.30212000012,2.00000,0.00
,,,-0.30208000541,2.00000,0.00
,,,-0.30203998089,2.00000,0.00
,,,-0.30199998617,2.00000,0.00
,,,-0.30195999146,2.00000,0.00
,,,-0.30191999674,2.00000,0.00
,,,-0.30188000202,2.00000,0.00
,,,-0.30183997750,2.00000,0.00
,,,-0.30179998279,2.00000,0.00
,,,-0.30175998807,2.00000,0.00
,,,-0.30171999335,2.00000,0.00
,,,-0.30167999864,2.00000,0.00
,,,-0.30164000392,2.00000,0.00
,,,-0.30159997940,2.00000,0.00
,,,-0.30155998468,2.00000,0.00
,,,-0.30151998997,2.00000,0.00
,,,-0.30147999525,2.00000,0.00
,,,-0.30144000053,2.00000,0.00
,,,-0.30140000582,2.00000,0.00
,,,-0.30135998130,2.00000,0.00
,,,-0.30131998658,1.92000,0.00
,,,-0.30127999187,2.00000,0.00
,,,-0.30123999715,2.00000,0.00
,,,-0.30120000243,2.00000,0.00
,,,-0.30115997791,2.00000,0.00
,,,-0.30111998320,2.00000,0.00
,,,-0.30107998848,2.00000,0.00
,,,-0.30103999376,2.00000,0.00
,,,-0.30099999905,2.00000,0.00
,,,-0.30096000433,1.92000,0.00
,,,-0.30091997981,2.00000,0.00
,,,-0.30087998509,2.00000,0.00
,,,-0.30083999038,2.00000,0.08000
,,,-0.30079999566,2.00000,0.00
,,,-0.30076000094,2.00000,0.00
,,,-0.30072000623,2.00000,0.00
,,,-0.30067998171,2.00000,0.00
,,,-0.30063998699,2.00000,0.00
,,,-0.30059999228,2.00000,0.00
,,,-0.30055999756,2.00000,0.00
,,,-0.30052000284,2.00000,0.00
,,,-0.30047997832,2.00000,0.00
,,,-0.30043998361,2.00000,0.00
,,,-0.30039998889,2.00000,0.00
,,,-0.30035999417,2.00000,0.00
,,,-0.30031999946,2.00000,0.00
,,,-0.30028000474,2.00000,0.00
,,,-0.30023998022,2.00000,0.00
,,,-0.30019998550,2.00000,0.00
,,,-0.30015999079,2.00000,0.00
,,,-0.30011999607,2.00000,0.00
,,,-0.30008000135,2.00000,0.00
,,,-0.30004000664,2.00000,0.00
,,,-0.29999998212,2.00000,0.00
,,,-0.29995998740,2.00000,0.00
,,,-0.29991999269,2.00000,0.00
,,,-0.29987999797,2.00000,0.00
,,,-0.29984000325,2.00000,0.00
,,,-0.29979997873,2.00000,0.00
,,,-0.29975998402,2.00000,0.00
,,,-0.29971998930,2.00000,0.00
,,,-0.29967999458,2.00000,0.00
,,,-0.29963999987,2.00000,0.00
,,,-0.29960000515,2.00000,0.00
,,,-0.29955998063,2.00000,0.00
,,,-0.29951998591,2.00000,0.00
,,,-0.29947999120,2.00000,0.00
,,,-0.29943999648,2.00000,0.00
,,,-0.29940000176,2.00000,0.00
,,,-0.29936000705,2.00000,0.00
,,,-0.29931998253,2.00000,0.00
,,,-0.29927998781,2.00000,0.00
,,,-0.29923999310,2.00000,0.00
,,,-0.29919999838,1.92000,0.00
,,,-0.29916000366,2.00000,0.00
,,,-0.29911997914,2.00000,0.00
,,,-0.29907998443,2.00000,0.00
,,,-0.29903998971,2.00000,0.00
,,,-0.29899999499,2.00000,0.00
,,,-0.29896000028,2.00000,0.00
,,,-0.29892000556,2.00000,0.00
,,,-0.29887998104,2.00000,0.00
,,,-0.29883998632,2.00000,0.00
,,,-0.29879999161,2.00000,0.00
,,,-0.29875999689,2.00000,0.00
,,,-0.29872000217,2.00000,0.00
,,,-0.29867997766,2.00000,0.00
,,,-0.29863998294,2.00000,0.00
,,,-0.29859998822,2.00000,0.00
,,,-0.29855999351,2.00000,0.00
,,,-0.29851999879,2.00000,0.00
,,,-0.29848000407,2.00000,0.00
,,,-0.29843997955,2.00000,0.00
,,,-0.29839998484,2.00000,0.00
,,,-0.29835999012,2.00000,0.00
,,,-0.29831999540,2.00000,0.00
,,,-0.29828000069,2.00000,0.00
,,,-0.29824000597,2.00000,0.00
,,,-0.29819998145,2.00000,0.00
,,,-0.29815998673,2.00000,0.00
,,,-0.29811999202,2.00000,0.00
,,,-0.29807999730,2.00000,0.00
,,,-0.29804000258,2.00000,0.00
,,,-0.29799997807,2.00000,0.00
,,,-0.29795998335,2.00000,0.00
,,,-0.29791998863,2.00000,0.00
,,,-0.29787999392,2.00000,0.00
,,,-0.29783999920,2.00000,0.00
,,,-0.29780000448,2.00000,0.00
,,,-0.29775997996,2.00000,0.00
,,,-0.29771998525,2.00000,0.00
,,,-0.29767999053,2.00000,0.00
,,,-0.29763999581,2.00000,0.00
,,,-0.29760000110,2.00000,0.00
,,,-0.29756000638,2.00000,0.00
,,,-0.29751998186,2.00000,0.00
,,,-0.29747998714,2.00000,0.00
,,,-0.29743999243,2.00000,0.00
,,,-0.29739999771,2.00000,0.00
,,,-0.29736000299,2.00000,0.00
,,,-0.29731997848,2.00000,0.00
,,,-0.29727998376,2.00000,0.00
,,,-0.29723998904,2.00000,0.00
,,,-0.29719999433,2.00000,0.00
,,,-0.29715999961,2.00000,0.00
,,,-0.29712000489,2.00000,0.00
,,,-0.29707998037,2.00000,0.00
,,,-0.29703998566,2.00000,0.00
,,,-0.29699999094,2.00000,0.00
,,,-0.29695999622,2.00000,0.00
,,,-0.29692000151,1.92000,0.00
,,,-0.29688000679,2.00000,0.00
,,,-0.29683998227,2.00000,0.00
,,,-0.29679998755,2.00000,0.00
,,,-0.29675999284,2.00000,0.00
,,,-0.29671999812,2.00000,0.00
,,,-0.29668000340,2.00000,0.00
,,,-0.29663997889,2.00000,0.00
,,,-0.29659998417,2.00000,0.00
,,,-0.29655998945,2.00000,0.00
,,,-0.29651999474,2.00000,0.00
,,,-0.29648000002,1.92000,0.00
,,,-0.29644000530,2.00000,0.00
,,,-0.29639998078,2.00000,0.00
,,,-0.29635998607,2.00000,0.00
,,,-0.29631999135,2.00000,0.00
,,,-0.29627999663,2.00000,0.00
,,,-0.29624000192,1.92000,0.00
,,,-0.29620000720,2.00000,0.00
,,,-0.29615998268,2.00000,0.00
,,,-0.29611998796,2.00000,0.00
,,,-0.29607999325,2.00000,0.00
,,,-0.29603999853,2.00000,0.00
,,,-0.29600000381,2.00000,0.00
,,,-0.29595997930,2.00000,0.00
,,,-0.29591998458,2.00000,0.00
,,,-0.29587998986,2.00000,0.00
,,,-0.29583999515,2.00000,0.00
,,,-0.29580000043,2.00000,0.00
,,,-0.29576000571,2.00000,0.00
,,,-0.29571998119,2.00000,0.00
,,,-0.29567998648,2.00000,0.00
,,,-0.29563999176,2.00000,0.00
,,,-0.29559999704,2.00000,0.00
,,,-0.29556000233,2.00000,0.00
,,,-0.29551997781,2.00000,0.00
,,,-0.29547998309,2.00000,0.00
,,,-0.29543998837,2.00000,0.00
,,,-0.29539999366,2.00000,0.00
,,,-0.29535999894,2.00000,0.00
,,,-0.29532000422,2.00000,0.00
,,,-0.29527997971,2.00000,0.00
,,,-0.29523998499,2.00000,0.00
,,,-0.29519999027,2.00000,0.00
,,,-0.29515999556,2.00000,0.00
,,,-0.29512000084,2.00000,0.00
,,,-0.29508000612,2.00000,0.00
,,,-0.29503998160,2.00000,0.00
,,,-0.29499998689,2.00000,0.00
,,,-0.29495999217,2.00000,0.00
,,,-0.29491999745,2.00000,0.00
,,,-0.29488000274,2.00000,0.00
,,,-0.29483997822,2.00000,0.00
,,,-0.29479998350,2.00000,0.00
,,,-0.29475998878,2.00000,0.00
,,,-0.29471999407,2.00000,0.00
,,,-0.29467999935,2.00000,0.00
,,,-0.29464000463,2.00000,0.00
,,,-0.29459998012,2.00000,0.00
,,,-0.29455998540,2.00000,0.00
,,,-0.29451999068,2.00000,0.00
,,,-0.29447999597,2.00000,0.00
,,,-0.29444000125,2.00000,0.00
,,,-0.29440000653,2.00000,0.00
,,,-0.29435998201,2.00000,0.00
,,,-0.29431998730,2.00000,0.00
,,,-0.29427999258,2.00000,0.00
,,,-0.29423999786,2.00000,0.00
,,,-0.29420000315,2.00000,0.00
,,,-0.29415997863,2.00000,0.00
,,,-0.29411998391,2.00000,0.00
,,,-0.29407998919,1.92000,0.00
,,,-0.29403999448,2.00000,0.00
,,,-0.29399999976,2.00000,0.00
,,,-0.29396000504,1.92000,0.00
,,,-0.29391998053,2.00000,0.00
,,,-0.29387998581,2.00000,0.00
,,,-0.29383999109,2.00000,0.00
,,,-0.29379999638,2.00000,0.00
,,,-0.29376000166,2.00000,0.00
,,,-0.29372000694,2.00000,0.00
,,,-0.29367998242,2.00000,0.00
,,,-0.29363998771,2.00000,0.00
,,,-0.29359999299,2.00000,0.00
,,,-0.29355999827,2.00000,0.00
,,,-0.29352000356,2.00000,0.00
,,,-0.29347997904,2.00000,0.00
,,,-0.29343998432,2.00000,0.00
,,,-0.29339998960,2.00000,0.00
,,,-0.29335999489,2.00000,0.00
,,,-0.29332000017,2.00000,0.00
,,,-0.29328000546,2.00000,0.00
,,,-0.29323998094,2.00000,0.00
,,,-0.29319998622,2.00000,0.00
,,,-0.29315999150,2.00000,0.00
,,,-0.29311999679,2.00000,0.00
,,,-0.29308000207,2.00000,0.00
,,,-0.29304000735,2.00000,0.00
,,,-0.29299998283,2.00000,0.00
,,,-0.29295998812,2.00000,0.00
,,,-0.29291999340,2.00000,0.00
,,,-0.29287999868,2.00000,0.00
,,,-0.29284000397,2.00000,0.00
,,,-0.29279997945,2.00000,0.00
,,,-0.29275998473,2.00000,0.00
,,,-0.29271999002,2.00000,0.00
,,,-0.29267999530,2.00000,0.00
,,,-0.29264000058,2.00000,0.00
,,,-0.29260000587,2.00000,0.00
,,,-0.29255998135,2.00000,0.00
,,,-0.29251998663,2.00000,0.00
,,,-0.29247999191,2.00000,0.00
,,,-0.29243999720,2.00000,0.00
,,,-0.29240000248,2.00000,0.00
,,,-0.29235997796,2.00000,0.00
,,,-0.29231998324,1.92000,0.00
,,,-0.29227998853,2.00000,0.00
,,,-0.29223999381,2.00000,0.00
,,,-0.29219999909,2.00000,0.00
,,,-0.29216000438,2.00000,0.00
,,,-0.29211997986,2.00000,0.00
,,,-0.29207998514,2.00000,0.00
,,,-0.29203999043,2.00000,0.00
,,,-0.29199999571,2.00000,0.00
,,,-0.29196000099,2.00000,0.00
,,,-0.29192000628,2.00000,0.00
,,,-0.29187998176,2.00000,0.00
,,,-0.29183998704,2.00000,0.00
,,,-0.29179999232,2.00000,0.00
,,,-0.29175999761,2.00000,0.00
,,,-0.29172000289,1.92000,0.00
,,,-0.29167997837,2.00000,0.00
,,,-0.29163998365,2.00000,0.00
,,,-0.29159998894,2.00000,0.00
,,,-0.29155999422,2.00000,0.00
,,,-0.29151999950,2.00000,0.00
,,,-0.29148000479,2.00000,0.00
,,,-0.29143998027,2.00000,0.00
,,,-0.29139998555,2.00000,0.00
,,,-0.29135999084,2.00000,0.00
,,,-0.29131999612,2.00000,0.00
,,,-0.29128000140,2.00000,0.00
,,,-0.29124000669,2.00000,0.00
,,,-0.29119998217,2.00000,0.00
,,,-0.29115998745,2.00000,0.00
,,,-0.29111999273,2.00000,0.00
,,,-0.29107999802,2.00000,0.00
,,,-0.29104000330,2.00000,0.00
,,,-0.29099997878,2.00000,0.00
,,,-0.29095998406,2.00000,0.00
,,,-0.29091998935,2.00000,0.00
,,,-0.29087999463,2.00000,0.00
,,,-0.29083999991,2.00000,0.00
,,,-0.29080000520,2.00000,0.00
,,,-0.29075998068,2.00000,0.00
,,,-0.29071998596,2.00000,0.00
,,,-0.29067999125,2.00000,0.00
,,,-0.29063999653,2.00000,0.00
,,,-0.29060000181,2.00000,0.00
,,,-0.29056000710,2.00000,0.00
,,,-0.29051998258,2.00000,0.00
,,,-0.29047998786,2.00000,0.00
,,,-0.29043999314,2.00000,0.00
,,,-0.29039999843,2.00000,0.00
,,,-0.29036000371,2.00000,0.00
,,,-0.29031997919,2.00000,0.00
,,,-0.29027998447,1.92000,0.00
,,,-0.29023998976,2.00000,0.00
,,,-0.29019999504,2.00000,0.00
,,,-0.29016000032,2.00000,0.00
,,,-0.29012000561,2.00000,0.00
,,,-0.29007998109,2.00000,0.00
,,,-0.29003998637,2.00000,0.00
,,,-0.28999999166,2.00000,0.00
,,,-0.28995999694,2.00000,0.00
,,,-0.28992000222,2.00000,0.00
,,,-0.28988000751,2.00000,0.00
,,,-0.28983998299,2.00000,0.00
,,,-0.28979998827,2.00000,0.00
,,,-0.28975999355,2.00000,0.00
,,,-0.28971999884,2.00000,0.00
,,,-0.28968000412,2.00000,0.00
,,,-0.28963997960,2.00000,0.00
,,,-0.28959998488,2.00000,0.00
,,,-0.28955999017,2.00000,0.00
,,,-0.28951999545,2.00000,0.00
,,,-0.28948000073,2.00000,0.00
,,,-0.28944000602,2.00000,0.00
,,,-0.28939998150,2.00000,0.00
,,,-0.28935998678,2.00000,0.00
,,,-0.28931999207,2.00000,0.00
,,,-0.28927999735,2.00000,0.00
,,,-0.28924000263,2.00000,0.00
,,,-0.28919997811,2.00000,0.00
,,,-0.28915998340,2.00000,0.00
,,,-0.28911998868,1.92000,0.00
,,,-0.28907999396,2.00000,0.00
,,,-0.28903999925,2.00000,0.00
,,,-0.28900000453,2.00000,0.00
,,,-0.28895998001,2.00000,0.00
,,,-0.28891998529,1.92000,0.00
,,,-0.28887999058,2.00000,0.00
,,,-0.28883999586,2.08000,0.00
,,,-0.28880000114,2.00000,0.00
,,,-0.28876000643,2.00000,0.00
,,,-0.28871998191,2.00000,0.00
,,,-0.28867998719,2.00000,0.00
,,,-0.28863999248,2.00000,0.00
,,,-0.28859999776,2.00000,0.00
,,,-0.28856000304,2.00000,0.00
,,,-0.28851997852,2.00000,0.00
,,,-0.28847998381,2.00000,0.00
,,,-0.28843998909,2.00000,0.00
,,,-0.28839999437,2.00000,0.00
,,,-0.28835999966,2.00000,0.00
,,,-0.28832000494,2.00000,0.00
,,,-0.28827998042,2.00000,0.00
,,,-0.28823998570,2.00000,0.00
,,,-0.28819999099,2.00000,0.00
,,,-0.28815999627,2.00000,0.00
,,,-0.28812000155,2.00000,0.00
,,,-0.28808000684,2.00000,0.00
,,,-0.28803998232,2.00000,0.00
,,,-0.28799998760,2.00000,0.00
,,,-0.28795999289,2.00000,0.00
,,,-0.28791999817,2.00000,0.00
,,,-0.28788000345,2.00000,0.00
,,,-0.28783997893,2.00000,0.00
,,,-0.28779998422,2.00000,0.00
,,,-0.28775998950,2.00000,0.00
,,,-0.28771999478,1.92000,0.00
,,,-0.28768000007,2.00000,0.00
,,,-0.28764000535,2.00000,0.00
,,,-0.28759998083,2.00000,0.00
,,,-0.28755998611,2.00000,0.00
,,,-0.28751999140,2.00000,0.00
,,,-0.28747999668,2.00000,0.00
,,,-0.28744000196,2.00000,0.00
,,,-0.28740000725,2.00000,0.00
,,,-0.28735998273,1.92000,0.00
,,,-0.28731998801,2.00000,0.00
,,,-0.28727999330,2.00000,0.00
,,,-0.28723999858,2.00000,0.00
,,,-0.28720000386,2.00000,0.00
,,,-0.28715997934,2.00000,0.00
,,,-0.28711998463,2.00000,0.00
,,,-0.28707998991,2.00000,0.00
,,,-0.28703999519,2.00000,0.00
,,,-0.28700000048,2.00000,0.00
,,,-0.28696000576,2.00000,0.00
,,,-0.28691998124,2.00000,0.00
,,,-0.28687998652,2.00000,0.00
,,,-0.28683999181,2.00000,0.00
,,,-0.28679999709,2.00000,0.00
,,,-0.28676000237,2.00000,0.00
,,,-0.28671997786,2.00000,0.00
,,,-0.28667998314,2.00000,0.00
,,,-0.28663998842,2.00000,0.00
,,,-0.28659999371,2.00000,0.00
,,,-0.28655999899,2.00000,0.00
,,,-0.28652000427,2.00000,0.00
,,,-0.28647997975,2.00000,0.00
,,,-0.28643998504,2.00000,0.00
,,,-0.28639999032,2.00000,0.00
,,,-0.28635999560,2.00000,0.00
,,,-0.28632000089,2.00000,0.00
,,,-0.28628000617,2.00000,0.00
,,,-0.28623998165,2.00000,0.00
,,,-0.28619998693,2.00000,0.00
,,,-0.28615999222,2.00000,0.00
,,,-0.28611999750,2.00000,0.00
,,,-0.28608000278,1.92000,0.00
,,,-0.28603997827,2.00000,0.00
,,,-0.28599998355,2.00000,0.00
,,,-0.28595998883,2.00000,0.00
,,,-0.28591999412,2.00000,0.00
,,,-0.28587999940,2.00000,0.00
,,,-0.28584000468,2.00000,0.00
,,,-0.28579998016,2.00000,0.00
,,,-0.28575998545,2.00000,0.00
,,,-0.28571999073,2.00000,0.00
,,,-0.28567999601,2.00000,0.00
,,,-0.28564000130,2.00000,0.00
,,,-0.28560000658,2.00000,0.00
,,,-0.28555998206,2.00000,0.00
,,,-0.28551998734,2.00000,0.00
,,,-0.28547999263,2.00000,0.00
,,,-0.28543999791,2.00000,0.00
,,,-0.28540000319,2.00000,0.00
,,,-0.28535997868,2.00000,0.00
,,,-0.28531998396,2.00000,0.00
,,,-0.28527998924,2.00000,0.00
,,,-0.28523999453,2.00000,0.00
,,,-0.28519999981,2.00000,0.00
,,,-0.28516000509,2.00000,0.00
,,,-0.28511998057,2.00000,0.00
,,,-0.28507998586,2.00000,0.00
,,,-0.28503999114,2.00000,0.00
,,,-0.28499999642,2.00000,0.00
,,,-0.28496000171,2.00000,0.00
,,,-0.28492000699,2.00000,0.00
,,,-0.28487998247,2.00000,0.00
,,,-0.28483998775,2.00000,0.00
,,,-0.28479999304,2.00000,0.00
,,,-0.28475999832,2.00000,0.00
,,,-0.28472000360,2.00000,0.00
,,,-0.28467997909,2.00000,0.00
,,,-0.28463998437,2.00000,0.00
,,,-0.28459998965,2.00000,0.00
,,,-0.28455999494,2.00000,0.00
,,,-0.28452000022,2.00000,0.00
,,,-0.28448000550,2.00000,0.00
,,,-0.28443998098,2.00000,0.00
,,,-0.28439998627,2.00000,0.00
,,,-0.28435999155,2.00000,0.00
,,,-0.28431999683,2.00000,0.00
,,,-0.28428000212,2.00000,0.00
,,,-0.28424000740,2.00000,0.00
,,,-0.28419998288,2.00000,0.00
,,,-0.28415998816,2.00000,0.00
,,,-0.28411999345,2.00000,0.00
,,,-0.28407999873,2.00000,0.00
,,,-0.28404000401,2.00000,0.00
,,,-0.28399997950,2.00000,0.00
,,,-0.28395998478,2.00000,0.00
,,,-0.28391999006,2.00000,0.00
,,,-0.28387999535,2.00000,0.00
,,,-0.28384000063,2.00000,0.00
,,,-0.28380000591,2.00000,0.00
,,,-0.28375998139,2.00000,0.00
,,,-0.28371998668,2.00000,0.00
,,,-0.28367999196,2.00000,0.00
,,,-0.28363999724,2.00000,0.00
,,,-0.28360000253,2.00000,0.00
,,,-0.28355997801,2.00000,0.00
,,,-0.28351998329,2.00000,0.00
,,,-0.28347998857,2.00000,0.00
,,,-0.28343999386,2.00000,0.00
,,,-0.28339999914,2.00000,0.00
,,,-0.28336000443,2.00000,0.00
,,,-0.28331997991,2.00000,0.00
,,,-0.28327998519,2.00000,0.00
,,,-0.28323999047,2.00000,0.00
,,,-0.28319999576,2.00000,0.00
,,,-0.28316000104,2.00000,0.00
,,,-0.28312000632,2.00000,0.00
,,,-0.28307998180,2.00000,0.00
,,,-0.28303998709,2.00000,0.00
,,,-0.28299999237,2.00000,0.00
,,,-0.28295999765,2.00000,0.00
,,,-0.28292000294,2.08000,0.00
,,,-0.28287997842,1.92000,0.00
,,,-0.28283998370,2.00000,0.00
,,,-0.28279998899,2.00000,0.00
,,,-0.28275999427,2.00000,0.00
,,,-0.28271999955,2.00000,0.00
,,,-0.28268000484,1.92000,0.00
,,,-0.28263998032,2.00000,0.00
,,,-0.28259998560,1.92000,0.00
,,,-0.28255999088,2.00000,0.00
,,,-0.28251999617,2.00000,0.00
,,,-0.28248000145,2.00000,0.00
,,,-0.28244000673,2.00000,0.00
,,,-0.28239998221,2.00000,0.00
,,,-0.28235998750,2.00000,0.00
,,,-0.28231999278,2.00000,0.00
,,,-0.28227999806,2.00000,0.00
,,,-0.28224000335,2.00000,0.00
,,,-0.28219997883,2.00000,0.00
,,,-0.28215998411,2.00000,0.00
,,,-0.28211998940,2.00000,0.00
,,,-0.28207999468,2.00000,0.00
,,,-0.28203999996,2.00000,0.00
,,,-0.28200000525,2.00000,0.00
,,,-0.28195998073,2.00000,0.00
,,,-0.28191998601,2.00000,0.00
,,,-0.28187999129,2.00000,0.00
,,,-0.28183999658,2.00000,0.00
,,,-0.28180000186,1.92000,0.00
,,,-0.28176000714,2.00000,0.00
,,,-0.28171998262,2.00000,0.00
,,,-0.28167998791,2.00000,0.00
,,,-0.28163999319,2.00000,0.00
,,,-0.28159999847,2.00000,0.00
,,,-0.28156000376,2.00000,0.00
,,,-0.28151997924,2.00000,0.00
,,,-0.28147998452,2.00000,0.00
,,,-0.28143998981,2.00000,0.00
,,,-0.28139999509,2.00000,0.00
,,,-0.28136000037,2.00000,0.00
,,,-0.28132000566,2.00000,0.00
,,,-0.28127998114,2.00000,0.00
,,,-0.28123998642,2.00000,0.00
,,,-0.28119999170,2.00000,0.00
,,,-0.28115999699,2.00000,0.00
,,,-0.28112000227,2.00000,0.00
,,,-0.28108000755,2.00000,0.00
,,,-0.28103998303,2.00000,0.00
,,,-0.28099998832,2.00000,0.00
,,,-0.28095999360,2.00000,0.00
,,,-0.28091999888,2.00000,0.00
,,,-0.28088000417,2.00000,0.00
,,,-0.28083997965,2.00000,0.00
,,,-0.28079998493,2.00000,0.00
,,,-0.28075999022,2.00000,0.00
,,,-0.28071999550,2.00000,0.00
,,,-0.28068000078,2.00000,0.00
,,,-0.28064000607,2.00000,0.00
,,,-0.28059998155,2.00000,0.00
,,,-0.28055998683,2.00000,0.00
,,,-0.28051999211,2.00000,0.00
,,,-0.28047999740,2.00000,0.00
,,,-0.28044000268,2.00000,-0.08000
,,,-0.28039997816,2.00000,0.00
,,,-0.28035998344,2.00000,0.00
,,,-0.28031998873,2.00000,0.00
,,,-0.28027999401,2.00000,0.00
,,,-0.28023999929,2.00000,0.00
,,,-0.28020000458,2.00000,0.00
,,,-0.28015998006,2.00000,0.00
,,,-0.28011998534,2.00000,0.00
,,,-0.28007999063,2.00000,0.00
,,,-0.28003999591,2.00000,0.00
,,,-0.28000000119,2.00000,0.00
,,,-0.27996000648,2.00000,0.00
,,,-0.27991998196,2.00000,0.00
,,,-0.27987998724,2.00000,0.00
,,,-0.27983999252,2.00000,0.00
,,,-0.27979999781,2.00000,0.00
,,,-0.27976000309,1.92000,0.00
,,,-0.27971997857,2.00000,0.00
,,,-0.27967998385,2.00000,0.00
,,,-0.27963998914,2.00000,0.00
,,,-0.27959999442,2.00000,0.00
,,,-0.27955999970,2.00000,0.00
,,,-0.27952000499,2.00000,0.00
,,,-0.27947998047,2.00000,0.00
,,,-0.27943998575,2.00000,0.00
,,,-0.27939999104,2.00000,0.00
,,,-0.27935999632,2.00000,0.00
,,,-0.27932000160,1.92000,0.00
,,,-0.27928000689,2.00000,0.00
,,,-0.27923998237,1.92000,0.00
,,,-0.27919998765,2.00000,0.00
,,,-0.27915999293,2.00000,0.00
,,,-0.27911999822,2.00000,0.00
,,,-0.27908000350,2.08000,0.00
,,,-0.27903997898,2.00000,0.00
,,,-0.27899998426,2.00000,0.00
,,,-0.27895998955,2.00000,0.00
,,,-0.27891999483,2.00000,0.00
,,,-0.27888000011,2.00000,0.00
,,,-0.27884000540,2.00000,0.00
,,,-0.27879998088,2.00000,0.00
,,,-0.27875998616,2.00000,0.00
,,,-0.27871999145,2.00000,0.00
,,,-0.27867999673,2.00000,0.00
,,,-0.27864000201,2.00000,0.00
,,,-0.27860000730,2.00000,0.00
,,,-0.27855998278,2.00000,0.00
,,,-0.27851998806,2.00000,0.00
,,,-0.27847999334,2.00000,0.00
,,,-0.27843999863,1.92000,0.00
,,,-0.27840000391,2.00000,0.00
,,,-0.27835997939,1.92000,0.00
,,,-0.27831998467,2.00000,0.00
,,,-0.27827998996,2.00000,0.00
,,,-0.27823999524,2.00000,0.00
,,,-0.27820000052,2.00000,0.00
,,,-0.27816000581,2.00000,0.00
,,,-0.27811998129,2.00000,0.00
,,,-0.27807998657,2.00000,0.00
,,,-0.27803999186,2.00000,0.00
,,,-0.27799999714,2.00000,0.00
,,,-0.27796000242,2.00000,0.00
,,,-0.27792000771,2.00000,0.00
,,,-0.27787998319,2.00000,0.00
,,,-0.27783998847,2.00000,0.00
,,,-0.27779999375,2.00000,0.00
,,,-0.27775999904,2.00000,0.00
,,,-0.27772000432,2.00000,0.00
,,,-0.27767997980,2.00000,0.00
,,,-0.27763998508,2.00000,0.00
,,,-0.27759999037,2.00000,0.00
,,,-0.27755999565,2.00000,0.00
,,,-0.27752000093,2.00000,0.00
,,,-0.27748000622,2.00000,0.00
,,,-0.27743998170,2.00000,0.00
,,,-0.27739998698,2.00000,0.00
,,,-0.27735999227,2.00000,0.00
,,,-0.27731999755,2.00000,0.00
,,,-0.27728000283,2.00000,0.00
,,,-0.27723997831,2.00000,0.00
,,,-0.27719998360,2.00000,0.00
,,,-0.27715998888,2.00000,0.00
,,,-0.27711999416,2.00000,0.00
,,,-0.27707999945,2.00000,0.00
,,,-0.27704000473,2.00000,0.00
,,,-0.27699998021,1.92000,0.08000
,,,-0.27695998549,2.00000,0.00
,,,-0.27691999078,2.00000,0.00
,,,-0.27687999606,2.00000,0.00
,,,-0.27684000134,2.00000,0.00
,,,-0.27680000663,1.92000,0.00
,,,-0.27675998211,2.00000,0.00
,,,-0.27671998739,2.00000,0.00
,,,-0.27667999268,2.00000,0.00
,,,-0.27663999796,1.92000,0.00
,,,-0.27660000324,1.92000,0.00
,,,-0.27655997872,2.00000,0.00
,,,-0.27651998401,2.00000,0.00
,,,-0.27647998929,2.00000,0.00
,,,-0.27643999457,2.00000,0.00
,,,-0.27639999986,2.00000,0.00
,,,-0.27636000514,2.00000,0.00
,,,-0.27631998062,2.00000,0.00
,,,-0.27627998590,2.00000,0.00
,,,-0.27623999119,2.00000,0.00
,,,-0.27619999647,2.00000,0.00
,,,-0.27616000175,2.00000,0.00
,,,-0.27612000704,2.00000,0.00
,,,-0.27607998252,2.00000,0.00
,,,-0.27603998780,2.00000,0.00
,,,-0.27599999309,2.00000,0.00
,,,-0.27595999837,2.00000,0.00
,,,-0.27592000365,2.00000,0.00
,,,-0.27587997913,2.00000,0.00
,,,-0.27583998442,2.00000,0.00
,,,-0.27579998970,2.00000,0.00
,,,-0.27575999498,2.00000,0.00
,,,-0.27572000027,2.00000,0.00
,,,-0.27568000555,2.00000,0.00
,,,-0.27563998103,2.00000,0.00
,,,-0.27559998631,2.00000,0.00
,,,-0.27555999160,2.00000,0.00
,,,-0.27551999688,2.00000,0.00
,,,-0.27548000216,2.00000,0.00
,,,-0.27544000745,2.00000,0.00
,,,-0.27539998293,2.00000,0.00
,,,-0.27535998821,2.00000,0.00
,,,-0.27531999350,2.00000,0.00
,,,-0.27527999878,2.00000,0.00
,,,-0.27524000406,2.00000,0.00
,,,-0.27519997954,2.00000,0.00
,,,-0.27515998483,2.00000,0.08000
,,,-0.27511999011,1.92000,0.00
,,,-0.27507999539,2.00000,0.00
,,,-0.27504000068,2.00000,0.00
,,,-0.27500000596,1.92000,0.00
,,,-0.27495998144,2.00000,0.00
,,,-0.27491998672,2.00000,0.00
,,,-0.27487999201,2.00000,0.00
,,,-0.27483999729,2.00000,0.00
,,,-0.27480000257,2.00000,0.00
,,,-0.27476000786,2.00000,0.00
,,,-0.27471998334,2.00000,0.00
,,,-0.27467998862,2.00000,0.00
,,,-0.27463999391,2.00000,0.00
,,,-0.27459999919,2.00000,-0.08000
,,,-0.27456000447,2.00000,0.00
,,,-0.27451997995,2.00000,0.00
,,,-0.27447998524,2.00000,0.00
,,,-0.27443999052,2.00000,0.00
,,,-0.27439999580,1.92000,0.00
,,,-0.27436000109,2.08000,0.00
,,,-0.27432000637,2.00000,0.00
,,,-0.27427998185,2.00000,0.00
,,,-0.27423998713,2.00000,0.00
,,,-0.27419999242,2.00000,0.00
,,,-0.27415999770,2.00000,0.00
,,,-0.27412000299,2.00000,0.00
,,,-0.27407997847,2.00000,0.00
,,,-0.27403998375,2.00000,0.00
,,,-0.27399998903,2.00000,0.00
,,,-0.27395999432,2.00000,0.00
,,,-0.27391999960,2.00000,0.00
,,,-0.27388000488,2.00000,0.00
,,,-0.27383998036,2.00000,0.00
,,,-0.27379998565,2.00000,0.00
,,,-0.27375999093,2.08000,0.00
,,,-0.27371999621,2.00000,0.00
,,,-0.27368000150,2.00000,0.00
,,,-0.27364000678,2.00000,0.00
,,,-0.27359998226,2.00000,0.00
,,,-0.27355998755,2.00000,0.00
,,,-0.27351999283,2.00000,0.00
,,,-0.27347999811,2.00000,0.00
,,,-0.27344000340,2.00000,0.00
,,,-0.27339997888,2.00000,0.00
,,,-0.27335998416,2.00000,0.00
,,,-0.27331998944,2.00000,0.00
,,,-0.27327999473,2.00000,0.00
,,,-0.27324000001,1.92000,0.00
,,,-0.27320000529,2.00000,0.00
,,,-0.27315998077,2.00000,0.00
,,,-0.27311998606,2.00000,0.00
,,,-0.27307999134,2.00000,0.00
,,,-0.27303999662,2.00000,0.00
,,,-0.27300000191,2.00000,0.00
,,,-0.27296000719,2.00000,0.00
,,,-0.27291998267,2.00000,0.00
,,,-0.27287998796,2.00000,0.00
,,,-0.27283999324,2.00000,0.00
,,,-0.27279999852,2.00000,0.00
,,,-0.27276000381,1.92000,0.00
,,,-0.27271997929,2.00000,0.00
,,,-0.27267998457,2.00000,0.00
,,,-0.27263998985,2.00000,0.00
,,,-0.27259999514,2.00000,0.00
,,,-0.27256000042,2.00000,0.00
,,,-0.27252000570,2.00000,0.00
,,,-0.27247998118,2.00000,0.00
,,,-0.27243998647,2.00000,0.00
,,,-0.27239999175,2.00000,0.00
,,,-0.27235999703,2.00000,0.00
,,,-0.27232000232,2.00000,0.00
,,,-0.27228000760,2.00000,0.00
,,,-0.27223998308,2.00000,0.00
,,,-0.27219998837,2.00000,0.00
,,,-0.27215999365,2.00000,0.00
,,,-0.27211999893,2.00000,0.00
,,,-0.27208000422,2.00000,0.00
,,,-0.27203997970,2.00000,0.00
,,,-0.27199998498,2.00000,0.00
,,,-0.27195999026,2.00000,0.00
,,,-0.27191999555,2.00000,0.00
,,,-0.27188000083,2.00000,0.00
,,,-0.27184000611,2.00000,0.00
,,,-0.27179998159,2.00000,0.00
,,,-0.27175998688,2.00000,0.00
,,,-0.27171999216,2.00000,0.00
,,,-0.27167999744,2.00000,0.00
,,,-0.27164000273,2.00000,0.00
,,,-0.27160000801,2.00000,0.00
,,,-0.27155998349,2.00000,0.00
,,,-0.27151998878,2.00000,0.00
,,,-0.27147999406,2.00000,0.00
,,,-0.27143999934,2.00000,0.00
,,,-0.27140000463,2.00000,0.00
,,,-0.27135998011,2.00000,0.00
,,,-0.27131998539,2.00000,0.00
,,,-0.27127999067,2.00000,0.00
,,,-0.27123999596,2.00000,0.00
,,,-0.27120000124,2.00000,0.00
,,,-0.27116000652,2.00000,0.00
,,,-0.27111998200,2.00000,0.00
,,,-0.27107998729,2.00000,0.00
,,,-0.27103999257,2.00000,0.00
,,,-0.27099999785,2.00000,0.00
,,,-0.27096000314,2.00000,0.00
,,,-0.27091997862,2.00000,0.00
,,,-0.27087998390,2.00000,0.00
,,,-0.27083998919,2.00000,0.00
,,,-0.27079999447,2.00000,0.00
,,,-0.27075999975,2.00000,0.00
,,,-0.27072000504,2.00000,0.00
,,,-0.27067998052,2.00000,0.00
,,,-0.27063998580,2.00000,0.00
,,,-0.27059999108,2.00000,-0.08000
,,,-0.27055999637,2.00000,0.00
,,,-0.27052000165,2.00000,0.00
,,,-0.27048000693,2.00000,0.00
,,,-0.27043998241,2.00000,0.00
,,,-0.27039998770,2.00000,0.00
,,,-0.27035999298,2.00000,0.00
,,,-0.27031999826,2.00000,0.00
,,,-0.27028000355,1.92000,0.00
,,,-0.27023997903,2.00000,0.00
,,,-0.27019998431,2.00000,0.00
,,,-0.27015998960,2.00000,0.00
,,,-0.27011999488,2.00000,0.00
,,,-0.27008000016,2.00000,0.00
,,,-0.27004000545,2.00000,0.00
,,,-0.26999998093,1.92000,0.00
,,,-0.26995998621,2.00000,0.00
,,,-0.26991999149,2.00000,0.00
,,,-0.26987999678,2.00000,0.00
,,,-0.26984000206,2.00000,0.00
,,,-0.26980000734,2.00000,0.00
,,,-0.26975998282,2.08000,0.00
,,,-0.26971998811,2.00000,0.00
,,,-0.26967999339,1.92000,0.00
,,,-0.26963999867,2.00000,0.00
,,,-0.26960000396,2.00000,0.00
,,,-0.26955997944,2.00000,0.00
,,,-0.26951998472,2.00000,0.00
,,,-0.26947999001,2.00000,0.00
,,,-0.26943999529,2.00000,0.00
,,,-0.26940000057,2.00000,0.00
,,,-0.26936000586,2.00000,0.00
,,,-0.26931998134,2.00000,0.00
,,,-0.26927998662,2.00000,0.00
,,,-0.26923999190,2.00000,0.00
,,,-0.26919999719,2.00000,0.00
,,,-0.26916000247,2.00000,0.00
,,,-0.26912000775,2.00000,0.00
,,,-0.26907998323,2.00000,0.00
,,,-0.26903998852,2.00000,0.00
,,,-0.26899999380,2.00000,0.00
,,,-0.26895999908,2.00000,0.00
,,,-0.26892000437,2.00000,0.00
,,,-0.26887997985,2.00000,0.00
,,,-0.26883998513,2.00000,0.00
,,,-0.26879999042,2.00000,0.00
,,,-0.26875999570,2.00000,0.00
,,,-0.26872000098,2.00000,0.00
,,,-0.26868000627,2.00000,0.00
,,,-0.26863998175,2.00000,0.00
,,,-0.26859998703,2.00000,0.00
,,,-0.26855999231,2.00000,0.00
,,,-0.26851999760,2.00000,0.00
,,,-0.26848000288,2.00000,0.00
,,,-0.26843997836,2.00000,0.00
,,,-0.26839998364,2.00000,0.00
,,,-0.26835998893,2.00000,0.00
,,,-0.26831999421,2.00000,0.00
,,,-0.26827999949,2.00000,0.00
,,,-0.26824000478,2.00000,0.00
,,,-0.26819998026,1.92000,0.00
,,,-0.26815998554,2.00000,0.00
,,,-0.26811999083,2.00000,0.00
,,,-0.26807999611,2.00000,0.00
,,,-0.26804000139,2.00000,0.00
,,,-0.26800000668,2.00000,0.00
,,,-0.26795998216,2.00000,0.00
,,,-0.26791998744,2.00000,0.00
,,,-0.26787999272,2.00000,0.00
,,,-0.26783999801,2.00000,0.00
,,,-0.26780000329,2.00000,0.00
,,,-0.26775997877,2.00000,0.00
,,,-0.26771998405,2.00000,0.00
,,,-0.26767998934,2.00000,0.00
,,,-0.26763999462,2.00000,0.00
,,,-0.26759999990,2.00000,0.00
,,,-0.26756000519,2.08000,-0.08000
,,,-0.26751998067,2.00000,0.00
,,,-0.26747998595,2.00000,0.00
,,,-0.26743999124,2.00000,0.00
,,,-0.26739999652,2.00000,0.00
,,,-0.26736000180,2.00000,0.00
,,,-0.26732000709,2.00000,0.00
,,,-0.26727998257,2.00000,0.00
,,,-0.26723998785,2.00000,0.00
,,,-0.26719999313,2.00000,0.00
,,,-0.26715999842,2.00000,0.00
,,,-0.26712000370,2.00000,0.00
,,,-0.26707997918,1.92000,0.00
,,,-0.26703998446,2.00000,0.00
,,,-0.26699998975,2.00000,0.00
,,,-0.26695999503,2.00000,0.00
,,,-0.26692000031,2.00000,0.00
,,,-0.26688000560,2.00000,0.00
,,,-0.26683998108,2.00000,0.00
,,,-0.26679998636,2.00000,0.00
,,,-0.26675999165,2.00000,0.00
,,,-0.26671999693,2.00000,0.00
,,,-0.26668000221,2.00000,0.00
,,,-0.26664000750,2.00000,0.00
,,,-0.26659998298,2.00000,0.00
,,,-0.26655998826,2.00000,0.00
,,,-0.26651999354,2.00000,0.00
,,,-0.26647999883,1.92000,0.00
,,,-0.26644000411,2.00000,0.00
,,,-0.26639997959,2.00000,0.00
,,,-0.26635998487,2.00000,0.00
,,,-0.26631999016,2.00000,0.00
,,,-0.26627999544,2.00000,0.00
,,,-0.26624000072,2.00000,0.00
,,,-0.26620000601,2.00000,0.00
,,,-0.26615998149,2.00000,0.00
,,,-0.26611998677,2.00000,0.00
,,,-0.26607999206,2.00000,0.00
,,,-0.26603999734,2.00000,0.00
,,,-0.26600000262,2.00000,0.00
,,,-0.26596000791,2.00000,0.00
,,,-0.26591998339,2.00000,0.00
,,,-0.26587998867,2.00000,0.00
,,,-0.26583999395,2.00000,0.00
,,,-0.26579999924,2.00000,0.00
,,,-0.26576000452,2.00000,0.00
,,,-0.26571998000,2.00000,0.00
,,,-0.26567998528,2.00000,-0.08000
,,,-0.26563999057,2.00000,0.00
,,,-0.26559999585,2.00000,-0.08000
,,,-0.26556000113,2.00000,0.00
,,,-0.26552000642,2.00000,0.00
,,,-0.26547998190,2.00000,0.00
,,,-0.26543998718,1.92000,0.00
,,,-0.26539999247,2.00000,0.00
,,,-0.26535999775,2.00000,0.00
,,,-0.26532000303,2.00000,0.00
,,,-0.26527997851,2.00000,0.00
,,,-0.26523998380,2.00000,0.00
,,,-0.26519998908,2.00000,0.00
,,,-0.26515999436,2.00000,0.00
,,,-0.26511999965,2.00000,0.00
,,,-0.26508000493,2.00000,0.00
,,,-0.26503998041,2.00000,0.00
,,,-0.26499998569,2.00000,0.00
,,,-0.26495999098,2.00000,0.00
,,,-0.26491999626,2.00000,0.00
,,,-0.26488000154,2.00000,0.00
,,,-0.26484000683,2.00000,0.00
,,,-0.26479998231,2.00000,0.00
,,,-0.26475998759,2.00000,0.00
,,,-0.26471999288,2.00000,0.00
,,,-0.26467999816,2.00000,0.00
,,,-0.26464000344,2.00000,0.00
,,,-0.26459997892,2.00000,0.00
,,,-0.26455998421,2.00000,0.00
,,,-0.26451998949,2.00000,0.00
,,,-0.26447999477,2.00000,0.00
,,,-0.26444000006,2.00000,0.00
,,,-0.26440000534,2.00000,0.00
,,,-0.26435998082,2.00000,0.00
,,,-0.26431998610,2.00000,0.00
,,,-0.26427999139,2.00000,0.00
,,,-0.26423999667,2.00000,0.00
,,,-0.26420000196,2.00000,0.00
,,,-0.26416000724,1.92000,0.00
,,,-0.26411998272,1.92000,0.00
,,,-0.26407998800,2.00000,0.00
,,,-0.26403999329,2.00000,0.00
,,,-0.26399999857,2.00000,0.00
,,,-0.26396000385,2.00000,0.00
,,,-0.26391997933,2.00000,0.00
,,,-0.26387998462,2.00000,0.00
,,,-0.26383998990,2.00000,0.00
,,,-0.26379999518,2.00000,0.00
,,,-0.26376000047,2.00000,0.00
,,,-0.26372000575,2.00000,0.00
,,,-0.26367998123,2.00000,-0.08000
,,,-0.26363998652,2.00000,0.00
,,,-0.26359999180,2.00000,0.00
,,,-0.26355999708,2.00000,0.00
,,,-0.26352000237,2.00000,0.00
,,,-0.26348000765,2.00000,0.00
,,,-0.26343998313,2.00000,0.00
,,,-0.26339998841,2.00000,0.00
,,,-0.26335999370,2.00000,0.00
,,,-0.26331999898,2.00000,0.00
,,,-0.26328000426,2.00000,0.00
,,,-0.26323997974,2.00000,0.00
,,,-0.26319998503,2.00000,0.00
,,,-0.26315999031,2.00000,0.00
,,,-0.26311999559,2.00000,0.00
,,,-0.26308000088,2.00000,0.00
,,,-0.26304000616,2.00000,0.00
,,,-0.26299998164,2.00000,0.00
,,,-0.26295998693,2.00000,0.00
,,,-0.26291999221,2.00000,0.00
,,,-0.26287999749,2.00000,0.00
,,,-0.26284000278,2.00000,0.00
,,,-0.26280000806,1.92000,0.00
,,,-0.26275998354,2.00000,0.00
,,,-0.26271998882,2.00000,0.00
,,,-0.26267999411,2.00000,0.00
,,,-0.26263999939,2.00000,0.00
,,,-0.26260000467,2.00000,0.00
,,,-0.26255998015,2.00000,0.00
,,,-0.26251998544,2.00000,0.00
,,,-0.26247999072,2.00000,0.00
,,,-0.26243999600,2.00000,0.00
,,,-0.26240000129,2.00000,0.00
,,,-0.26236000657,2.00000,0.00
,,,-0.26231998205,2.00000,0.00
,,,-0.26227998734,2.00000,0.00
,,,-0.26223999262,2.00000,0.00
,,,-0.26219999790,2.00000,0.00
,,,-0.26216000319,2.00000,0.00
,,,-0.26211997867,2.00000,0.00
,,,-0.26207998395,1.92000,0.08000
,,,-0.26203998923,2.00000,0.00
,,,-0.26199999452,2.00000,0.00
,,,-0.26195999980,1.92000,0.00
,,,-0.26192000508,2.00000,0.00
,,,-0.26187998056,2.00000,0.00
,,,-0.26183998585,2.00000,0.00
,,,-0.26179999113,2.00000,0.00
,,,-0.26175999641,1.92000,0.00
,,,-0.26172000170,2.00000,0.00
,,,-0.26168000698,2.00000,0.00
,,,-0.26163998246,2.00000,0.00
,,,-0.26159998775,2.00000,0.00
,,,-0.26155999303,2.00000,0.00
,,,-0.26151999831,2.00000,0.00
,,,-0.26148000360,1.92000,0.00
,,,-0.26143997908,1.92000,0.00
,,,-0.26139998436,2.00000,0.00
,,,-0.26135998964,2.00000,0.00
,,,-0.26131999493,2.00000,0.00
,,,-0.26128000021,2.00000,0.00
,,,-0.26124000549,2.00000,0.00
,,,-0.26119998097,2.00000,0.00
,,,-0.26115998626,2.00000,0.00
,,,-0.26111999154,2.00000,0.00
,,,-0.26107999682,2.00000,0.00
,,,-0.26104000211,2.00000,0.00
,,,-0.26100000739,2.00000,0.00
,,,-0.26095998287,1.92000,0.00
,,,-0.26091998816,2.00000,0.00
,,,-0.26087999344,2.00000,0.00
,,,-0.26083999872,2.00000,0.00
,,,-0.26080000401,2.00000,0.00
,,,-0.26075997949,2.00000,0.00
,,,-0.26071998477,1.92000,0.00
,,,-0.26067999005,2.00000,0.00
,,,-0.26063999534,2.00000,0.00
,,,-0.26060000062,2.00000,0.00
,,,-0.26056000590,2.00000,0.00
,,,-0.26051998138,2.00000,0.00
,,,-0.26047998667,2.00000,0.00
,,,-0.26043999195,2.00000,0.00
,,,-0.26039999723,2.00000,0.00
,,,-0.26036000252,2.00000,0.00
,,,-0.26032000780,2.00000,0.00
,,,-0.26027998328,2.00000,0.00
,,,-0.26023998857,2.00000,0.00
,,,-0.26019999385,2.00000,0.00
,,,-0.26015999913,2.00000,0.00
,,,-0.26012000442,2.00000,0.00
,,,-0.26007997990,2.00000,0.00
,,,-0.26003998518,2.00000,0.00
,,,-0.25999999046,2.00000,0.00
,,,-0.25995999575,2.00000,0.00
,,,-0.25992000103,1.92000,0.00
,,,-0.25988000631,2.00000,0.00
,,,-0.25983998179,2.00000,0.00
,,,-0.25979998708,2.00000,0.00
,,,-0.25975999236,2.00000,0.00
,,,-0.25971999764,2.00000,0.00
,,,-0.25968000293,2.00000,0.00
,,,-0.25964000821,2.00000,0.00
,,,-0.25959998369,1.92000,0.00
,,,-0.25955998898,1.92000,0.00
,,,-0.25951999426,1.92000,0.00
,,,-0.25947999954,2.00000,0.00
,,,-0.25944000483,2.00000,0.00
,,,-0.25939998031,2.00000,0.00
,,,-0.25935998559,2.00000,0.00
,,,-0.25931999087,2.00000,0.00
,,,-0.25927999616,2.00000,0.00
,,,-0.25924000144,2.00000,0.00
,,,-0.25920000672,2.00000,0.00
,,,-0.25915998220,2.00000,0.00
,,,-0.25911998749,1.92000,0.00
,,,-0.25907999277,2.00000,-0.08000
,,,-0.25903999805,2.00000,0.00
,,,-0.25900000334,2.00000,0.00
,,,-0.25895997882,2.00000,0.00
,,,-0.25891998410,2.00000,0.00
,,,-0.25887998939,2.00000,0.00
,,,-0.25883999467,2.00000,0.00
,,,-0.25879999995,1.92000,0.00
,,,-0.25876000524,2.00000,0.00
,,,-0.25871998072,2.00000,0.00
,,,-0.25867998600,1.92000,0.00
,,,-0.25863999128,2.00000,0.00
,,,-0.25859999657,2.00000,0.00
,,,-0.25856000185,2.00000,0.00
,,,-0.25852000713,2.00000,0.00
,,,-0.25847998261,2.00000,0.00
,,,-0.25843998790,2.00000,0.00
,,,-0.25839999318,2.00000,0.00
,,,-0.25835999846,2.00000,0.00
,,,-0.25832000375,2.00000,0.00
,,,-0.25827997923,2.00000,0.00
,,,-0.25823998451,2.00000,0.00
,,,-0.25819998980,2.00000,0.00
,,,-0.25815999508,2.00000,0.00
,,,-0.25812000036,2.00000,0.00
,,,-0.25808000565,2.00000,0.00
,,,-0.25803998113,2.00000,0.00
,,,-0.25799998641,2.00000,0.00
,,,-0.25795999169,2.00000,0.00
,,,-0.25791999698,2.00000,0.00
,,,-0.25788000226,2.00000,0.00
,,,-0.25784000754,2.00000,0.00
,,,-0.25779998302,2.00000,0.00
,,,-0.25775998831,2.00000,0.00
,,,-0.25771999359,2.08000,0.00
,,,-0.25767999887,2.00000,0.00
,,,-0.25764000416,2.00000,0.00
,,,-0.25759997964,2.00000,0.00
,,,-0.25755998492,2.00000,0.00
,,,-0.25751999021,2.00000,0.00
,,,-0.25747999549,2.00000,0.00
,,,-0.25744000077,2.00000,0.00
,,,-0.25740000606,2.00000,0.00
,,,-0.25735998154,2.00000,0.00
,,,-0.25731998682,2.00000,0.00
,,,-0.25727999210,2.00000,0.00
,,,-0.25723999739,2.00000,0.00
,,,-0.25720000267,2.00000,0.00
,,,-0.25716000795,2.00000,0.00
,,,-0.25711998343,2.00000,0.00
,,,-0.25707998872,2.00000,-0.08000
,,,-0.25703999400,2.00000,0.00
,,,-0.25699999928,2.00000,0.00
,,,-0.25696000457,2.00000,0.00
,,,-0.25691998005,2.00000,0.00
,,,-0.25687998533,1.92000,0.00
,,,-0.25683999062,2.00000,0.00
,,,-0.25679999590,2.00000,0.00
,,,-0.25676000118,2.00000,0.00
,,,-0.25672000647,2.00000,0.00
,,,-0.25667998195,2.00000,0.00
,,,-0.25663998723,2.00000,0.00
,,,-0.25659999251,1.92000,0.00
,,,-0.25655999780,2.00000,0.00
,,,-0.25652000308,2.00000,0.00
,,,-0.25648000836,2.00000,0.00
,,,-0.25643998384,2.00000,0.00
,,,-0.25639998913,2.00000,0.00
,,,-0.25635999441,2.00000,0.00
,,,-0.25631999969,2.00000,0.00
,,,-0.25628000498,2.00000,0.00
,,,-0.25623998046,2.08000,0.00
,,,-0.25619998574,2.00000,0.00
,,,-0.25615999103,2.00000,0.00
,,,-0.25611999631,2.00000,0.00
,,,-0.25608000159,2.00000,0.00
,,,-0.25604000688,2.00000,0.00
,,,-0.25599998236,2.00000,0.00
,,,-0.25595998764,2.00000,0.00
,,,-0.25591999292,2.00000,0.00
,,,-0.25587999821,2.00000,0.00
,,,-0.25584000349,2.00000,0.00
,,,-0.25579997897,2.00000,0.00
,,,-0.25575998425,2.00000,0.08000
,,,-0.25571998954,2.00000,0.00
,,,-0.25567999482,2.00000,0.00
,,,-0.25564000010,1.92000,0.00
,,,-0.25560000539,2.00000,0.00
,,,-0.25555998087,2.00000,0.00
,,,-0.25551998615,2.00000,0.00
,,,-0.25547999144,2.00000,0.00
,,,-0.25543999672,2.00000,0.00
,,,-0.25540000200,2.00000,0.00
,,,-0.25536000729,2.00000,0.00
,,,-0.25531998277,2.00000,0.00
,,,-0.25527998805,2.00000,0.00
,,,-0.25523999333,2.00000,0.00
,,,-0.25519999862,2.00000,0.00
,,,-0.25516000390,2.00000,0.00
,,,-0.25511997938,2.00000,0.00
,,,-0.25507998466,2.00000,0.00
,,,-0.25503998995,2.00000,0.00
,,,-0.25499999523,2.00000,0.00
,,,-0.25496000051,2.00000,0.00
,,,-0.25492000580,2.00000,0.00
,,,-0.25487998128,2.00000,0.00
,,,-0.25483998656,2.00000,0.00
,,,-0.25479999185,2.00000,0.00
,,,-0.25475999713,2.00000,0.00
,,,-0.25472000241,2.00000,0.00
,,,-0.25468000770,2.00000,0.00
,,,-0.25463998318,2.00000,0.00
,,,-0.25459998846,2.00000,0.00
,,,-0.25455999374,2.00000,0.00
,,,-0.25451999903,2.00000,0.00
,,,-0.25448000431,2.00000,0.00
,,,-0.25443997979,2.00000,0.00
,,,-0.25439998507,2.00000,0.00
,,,-0.25435999036,2.00000,0.00
,,,-0.25431999564,2.00000,0.00
,,,-0.25428000093,2.00000,0.00
,,,-0.25424000621,2.00000,0.00
,,,-0.25419998169,2.00000,0.00
,,,-0.25415998697,2.00000,0.00
,,,-0.25411999226,2.00000,0.00
,,,-0.25407999754,2.00000,0.00
,,,-0.25404000282,2.00000,0.00
,,,-0.25400000811,2.00000,0.00
,,,-0.25395998359,2.00000,0.00
,,,-0.25391998887,2.00000,0.00
,,,-0.25387999415,2.00000,0.00
,,,-0.25383999944,2.00000,0.00
,,,-0.25380000472,2.00000,0.00
,,,-0.25375998020,2.00000,0.00
,,,-0.25371998549,2.00000,0.00
,,,-0.25367999077,2.00000,0.00
,,,-0.25363999605,2.00000,0.00
,,,-0.25360000134,2.00000,0.00
,,,-0.25356000662,2.00000,0.00
,,,-0.25351998210,2.00000,0.00
,,,-0.25347998738,2.00000,0.00
,,,-0.25343999267,2.00000,0.00
,,,-0.25339999795,2.00000,0.00
,,,-0.25336000323,2.00000,0.00
,,,-0.25331997871,2.00000,0.00
,,,-0.25327998400,2.00000,0.00
,,,-0.25323998928,2.00000,0.00
,,,-0.25319999456,1.92000,0.00
,,,-0.25315999985,2.00000,0.00
,,,-0.25312000513,2.00000,0.00
,,,-0.25307998061,2.00000,0.00
,,,-0.25303998590,2.00000,0.00
,,,-0.25299999118,2.00000,0.00
,,,-0.25295999646,2.00000,0.00
,,,-0.25292000175,2.00000,0.00
,,,-0.25288000703,2.00000,0.00
,,,-0.25283998251,2.00000,0.00
,,,-0.25279998779,2.00000,0.00
,,,-0.25275999308,2.00000,0.00
,,,-0.25271999836,2.00000,0.00
,,,-0.25268000364,2.00000,0.00
,,,-0.25263997912,2.00000,0.00
,,,-0.25259998441,2.00000,0.00
,,,-0.25255998969,2.00000,0.00
,,,-0.25251999497,2.00000,0.00
,,,-0.25248000026,2.00000,0.00
,,,-0.25244000554,2.00000,0.00
,,,-0.25239998102,2.00000,0.00
,,,-0.25235998631,2.00000,0.00
,,,-0.25231999159,2.00000,0.00
,,,-0.25227999687,2.00000,0.00
,,,-0.25224000216,2.00000,0.00
,,,-0.25220000744,2.00000,0.00
,,,-0.25215998292,2.00000,0.00
,,,-0.25211998820,2.00000,0.00
,,,-0.25207999349,2.00000,0.00
,,,-0.25203999877,1.92000,0.00
,,,-0.25200000405,2.00000,0.00
,,,-0.25195997953,2.00000,0.00
,,,-0.25191998482,2.00000,0.00
,,,-0.25187999010,2.00000,0.00
,,,-0.25183999538,2.00000,0.00
,,,-0.25180000067,2.00000,0.00
,,,-0.25176000595,2.00000,0.00
,,,-0.25171998143,2.00000,0.00
,,,-0.25167998672,2.00000,0.00
,,,-0.25163999200,2.00000,0.00
,,,-0.25159999728,2.00000,0.00
,,,-0.25156000257,2.00000,0.00
,,,-0.25152000785,2.00000,0.00
,,,-0.25147998333,2.00000,0.00
,,,-0.25143998861,2.00000,0.00
,,,-0.25139999390,2.00000,0.00
,,,-0.25135999918,2.00000,0.00
,,,-0.25132000446,2.00000,0.00
,,,-0.25127997994,2.00000,0.00
,,,-0.25123998523,2.00000,0.00
,,,-0.25119999051,2.00000,0.00
,,,-0.25115999579,2.00000,0.00
,,,-0.25112000108,2.00000,0.00
,,,-0.25108000636,2.00000,0.00
,,,-0.25103998184,2.00000,0.00
,,,-0.25099998713,2.00000,0.00
,,,-0.25095999241,1.92000,0.00
,,,-0.25091999769,1.92000,0.00
,,,-0.25088000298,2.00000,0.00
,,,-0.25084000826,2.00000,0.00
,,,-0.25079998374,2.00000,0.00
,,,-0.25075998902,2.00000,0.00
,,,-0.25071999431,2.00000,0.00
,,,-0.25067999959,2.00000,0.00
,,,-0.25064000487,2.00000,0.00
,,,-0.25059998035,2.00000,0.00
,,,-0.25055998564,2.00000,0.00
,,,-0.25051999092,2.00000,0.00
,,,-0.25047999620,2.00000,0.00
,,,-0.25044000149,2.00000,0.00
,,,-0.25040000677,2.00000,0.00
,,,-0.25035998225,2.00000,0.00
,,,-0.25031998754,2.00000,0.00
,,,-0.25027999282,2.00000,0.00
,,,-0.25023999810,2.00000,0.00
,,,-0.25020000339,2.00000,0.00
,,,-0.25015997887,2.00000,0.00
,,,-0.25011998415,1.92000,0.00
,,,-0.25007998943,2.00000,0.00
,,,-0.25003999472,2.00000,0.00
,,,-0.25000000000,2.00000,0.00
,,,-0.24995999038,2.00000,0.00
,,,-0.24991999567,2.00000,0.00
,,,-0.24988000095,2.00000,0.00
,,,-0.24983999133,2.00000,0.00
,,,-0.24979999661,2.00000,0.00
,,,-0.24975998700,2.08000,0.00
,,,-0.24971999228,2.00000,0.00
,,,-0.24967999756,2.00000,0.00
,,,-0.24963998795,2.00000,0.00
,,,-0.24959999323,2.00000,0.00
,,,-0.24955999851,2.00000,0.00
,,,-0.24951998889,1.92000,0.00
,,,-0.24947999418,2.00000,-0.08000
,,,-0.24943999946,2.00000,0.00
,,,-0.24939998984,2.00000,0.00
,,,-0.24935999513,2.00000,0.00
,,,-0.24932000041,2.00000,0.00
,,,-0.24927999079,2.00000,0.00
,,,-0.24923999608,2.00000,0.00
,,,-0.24919998646,2.00000,0.00
,,,-0.24915999174,2.00000,0.00
,,,-0.24911999702,2.00000,0.00
,,,-0.24907998741,2.00000,0.00
,,,-0.24903999269,2.00000,0.00
,,,-0.24899999797,2.00000,0.00
,,,-0.24895998836,2.00000,0.00
,,,-0.24891999364,2.00000,0.00
,,,-0.24887999892,2.00000,0.00
,,,-0.24883998930,2.00000,0.00
,,,-0.24879999459,2.00000,0.00
,,,-0.24875999987,2.00000,0.00
,,,-0.24871999025,2.00000,0.00
,,,-0.24867999554,2.00000,0.00
,,,-0.24864000082,2.00000,0.00
,,,-0.24859999120,2.00000,0.00
,,,-0.24855999649,2.00000,0.00
,,,-0.24851998687,2.00000,0.00
,,,-0.24847999215,2.00000,0.00
,,,-0.24843999743,2.00000,-0.08000
,,,-0.24839998782,2.00000,0.00
,,,-0.24835999310,2.00000,0.00
,,,-0.24831999838,2.00000,0.00
,,,-0.24827998877,2.00000,0.00
,,,-0.24823999405,2.00000,0.00
,,,-0.24819999933,2.00000,0.00
,,,-0.24815998971,2.00000,0.00
,,,-0.24811999500,2.00000,0.00
,,,-0.24808000028,2.00000,0.00
,,,-0.24803999066,2.00000,0.00
,,,-0.24799999595,2.00000,0.00
,,,-0.24795998633,2.00000,0.00
,,,-0.24791999161,2.00000,0.00
,,,-0.24787999690,2.00000,0.00
,,,-0.24783998728,2.00000,0.00
,,,-0.24779999256,2.00000,0.00
,,,-0.24775999784,2.00000,0.00
,,,-0.24771998823,2.00000,0.00
,,,-0.24767999351,2.00000,0.00
,,,-0.24763999879,2.00000,0.00
,,,-0.24759998918,2.00000,0.00
,,,-0.24755999446,2.00000,0.00
,,,-0.24751999974,2.00000,0.00
,,,-0.24747999012,2.00000,0.00
,,,-0.24743999541,2.00000,0.00
,,,-0.24740000069,2.00000,0.00
,,,-0.24735999107,2.00000,0.00
,,,-0.24731999636,2.00000,0.00
,,,-0.24727998674,2.00000,0.00
,,,-0.24723999202,2.00000,0.00
,,,-0.24719999731,2.00000,0.00
,,,-0.24715998769,2.00000,0.00
,,,-0.24711999297,1.92000,0.00
,,,-0.24707999825,2.00000,0.00
,,,-0.24703998864,2.00000,0.00
,,,-0.24699999392,2.00000,0.00
,,,-0.24695999920,2.00000,0.00
,,,-0.24691998959,2.00000,0.00
,,,-0.24687999487,2.00000,0.00
,,,-0.24684000015,2.08000,0.00
,,,-0.24679999053,2.00000,0.00
,,,-0.24675999582,2.00000,0.00
,,,-0.24672000110,2.00000,0.00
,,,-0.24667999148,2.00000,0.00
,,,-0.24663999677,2.00000,0.00
,,,-0.24659998715,2.00000,0.00
,,,-0.24655999243,2.00000,0.00
,,,-0.24651999772,2.00000,0.00
,,,-0.24647998810,1.92000,0.00
,,,-0.24643999338,2.00000,0.00
,,,-0.24639999866,2.00000,0.00
,,,-0.24635998905,2.00000,0.00
,,,-0.24631999433,2.00000,0.00
,,,-0.24627999961,2.00000,0.00
,,,-0.24623999000,2.00000,0.00
,,,-0.24619999528,2.00000,0.00
,,,-0.24616000056,2.00000,0.00
,,,-0.24611999094,2.00000,0.00
,,,-0.24607999623,2.08000,0.00
,,,-0.24603998661,2.00000,0.00
,,,-0.24599999189,2.00000,0.00
,,,-0.24595999718,2.00000,0.00
,,,-0.24591998756,1.92000,0.00
,,,-0.24587999284,2.00000,0.00
,,,-0.24583999813,2.00000,0.00
,,,-0.24579998851,2.00000,0.00
,,,-0.24575999379,2.00000,0.00
,,,-0.24571999907,2.00000,0.00
,,,-0.24567998946,2.00000,0.00
,,,-0.24563999474,2.00000,0.00
,,,-0.24560000002,2.00000,0.00
,,,-0.24555999041,2.00000,0.00
,,,-0.24551999569,2.00000,0.00
,,,-0.24548000097,2.00000,0.00
,,,-0.24543999135,2.00000,0.00
,,,-0.24539999664,2.00000,0.00
,,,-0.24535998702,2.00000,0.00
,,,-0.24531999230,2.00000,0.00
,,,-0.24527999759,2.00000,0.00
,,,-0.24523998797,2.00000,0.00
,,,-0.24519999325,2.00000,0.00
,,,-0.24515999854,2.00000,0.00
,,,-0.24511998892,2.00000,0.00
,,,-0.24507999420,2.00000,0.00
,,,-0.24503999949,2.00000,0.00
,,,-0.24499998987,2.00000,0.00
,,,-0.24495999515,2.00000,0.00
,,,-0.24492000043,2.00000,0.00
,,,-0.24487999082,2.00000,0.00
,,,-0.24483999610,2.00000,0.00
,,,-0.24479998648,2.00000,0.00
,,,-0.24475999177,2.00000,0.00
,,,-0.24471999705,2.00000,0.00
,,,-0.24467998743,2.00000,0.00
,,,-0.24463999271,2.00000,0.00
,,,-0.24459999800,2.00000,0.00
,,,-0.24455998838,2.00000,0.00
,,,-0.24451999366,2.00000,0.00
,,,-0.24447999895,2.00000,0.00
,,,-0.24443998933,2.00000,0.00
,,,-0.24439999461,2.00000,0.00
,,,-0.24435999990,2.00000,0.00
,,,-0.24431999028,1.92000,0.00
,,,-0.24427999556,2.00000,0.00
,,,-0.24424000084,2.00000,0.00
,,,-0.24419999123,2.00000,0.00
,,,-0.24415999651,2.00000,0.00
,,,-0.24411998689,2.00000,0.00
,,,-0.24407999218,2.00000,0.00
,,,-0.24403999746,1.92000,0.00
,,,-0.24399998784,2.00000,0.00
,,,-0.24395999312,2.00000,0.00
,,,-0.24391999841,2.00000,0.00
,,,-0.24387998879,1.92000,0.00
,,,-0.24383999407,2.00000,0.00
,,,-0.24379999936,2.00000,0.00
,,,-0.24375998974,2.00000,0.00
,,,-0.24371999502,2.00000,0.00
,,,-0.24368000031,2.00000,0.00
,,,-0.24363999069,2.00000,0.00
,,,-0.24359999597,1.92000,0.00
,,,-0.24356000125,2.00000,0.00
,,,-0.24351999164,1.92000,0.00
,,,-0.24347999692,2.00000,0.00
,,,-0.24343998730,2.00000,0.00
,,,-0.24339999259,2.00000,0.00
,,,-0.24335999787,2.00000,0.00
,,,-0.24331998825,2.00000,0.00
,,,-0.24327999353,2.00000,0.00
,,,-0.24323999882,2.00000,0.00
,,,-0.24319998920,2.00000,0.00
,,,-0.24315999448,2.00000,0.00
,,,-0.24311999977,2.00000,0.00
,,,-0.24307999015,2.00000,0.00
,,,-0.24303999543,2.00000,0.00
,,,-0.24300000072,2.00000,0.00
,,,-0.24295999110,2.00000,0.00
,,,-0.24291999638,2.00000,0.00
,,,-0.24287998676,2.00000,0.00
,,,-0.24283999205,2.00000,0.00
,,,-0.24279999733,2.00000,0.00
,,,-0.24275998771,2.00000,0.00
,,,-0.24271999300,2.00000,0.00
,,,-0.24267999828,2.00000,0.00
,,,-0.24263998866,2.00000,0.00
,,,-0.24259999394,2.00000,0.00
,,,-0.24255999923,2.00000,0.00
,,,-0.24251998961,2.00000,0.00
,,,-0.24247999489,2.00000,0.00
,,,-0.24244000018,2.00000,0.00
,,,-0.24239999056,2.00000,0.00
,,,-0.24235999584,2.00000,0.00
,,,-0.24232000113,2.00000,0.00
,,,-0.24227999151,2.00000,0.00
,,,-0.24223999679,2.00000,0.00
,,,-0.24219998717,2.00000,0.00
,,,-0.24215999246,2.00000,0.00
,,,-0.24211999774,2.00000,0.00
,,,-0.24207998812,2.00000,0.00
,,,-0.24203999341,2.00000,0.00
,,,-0.24199999869,2.00000,0.00
,,,-0.24195998907,2.00000,0.00
,,,-0.24191999435,2.00000,0.00
,,,-0.24187999964,2.00000,0.00
,,,-0.24183999002,2.00000,0.00
,,,-0.24179999530,2.00000,0.00
,,,-0.24176000059,2.00000,0.00
,,,-0.24171999097,2.00000,0.00
,,,-0.24167999625,2.00000,0.00
,,,-0.24163998663,2.00000,0.00
,,,-0.24159999192,2.00000,0.00
,,,-0.24155999720,2.00000,0.00
,,,-0.24151998758,2.00000,0.00
,,,-0.24147999287,1.92000,0.00
,,,-0.24143999815,2.00000,0.00
,,,-0.24139998853,2.00000,0.00
,,,-0.24135999382,2.00000,0.00
,,,-0.24131999910,2.00000,0.00
,,,-0.24127998948,2.00000,0.00
,,,-0.24123999476,2.00000,0.00
,,,-0.24120000005,2.00000,0.00
,,,-0.24115999043,2.00000,0.00
,,,-0.24111999571,2.00000,0.00
,,,-0.24108000100,2.00000,0.00
,,,-0.24103999138,2.00000,0.00
,,,-0.24099999666,2.00000,0.00
,,,-0.24095998704,2.00000,0.00
,,,-0.24091999233,2.00000,0.00
,,,-0.24087999761,2.00000,0.00
,,,-0.24083998799,2.00000,0.00
,,,-0.24079999328,2.00000,0.00
,,,-0.24075999856,2.00000,0.00
,,,-0.24071998894,2.00000,0.00
,,,-0.24067999423,2.00000,0.00
,,,-0.24063999951,1.92000,0.00
,,,-0.24059998989,1.92000,0.00
,,,-0.24055999517,2.00000,0.00
,,,-0.24052000046,2.00000,0.00
,,,-0.24047999084,2.00000,0.00
,,,-0.24043999612,2.00000,0.00
,,,-0.24039998651,2.08000,0.00
,,,-0.24035999179,2.00000,0.00
,,,-0.24031999707,2.00000,0.00
,,,-0.24027998745,2.00000,0.00
,,,-0.24023999274,2.00000,0.00
,,,-0.24019999802,2.00000,0.00
,,,-0.24015998840,1.92000,0.00
,,,-0.24011999369,2.00000,0.00
,,,-0.24007999897,2.00000,0.08000
,,,-0.24003998935,2.00000,0.00
,,,-0.23999999464,2.00000,0.00
,,,-0.23995999992,2.00000,0.00
,,,-0.23991999030,2.00000,0.00
,,,-0.23987999558,2.00000,0.00
,,,-0.23984000087,2.00000,0.00
,,,-0.23979999125,1.92000,0.00
,,,-0.23975999653,2.00000,0.00
,,,-0.23971998692,2.00000,0.00
,,,-0.23967999220,2.00000,0.00
,,,-0.23963999748,2.00000,0.00
,,,-0.23959998786,2.00000,0.00
,,,-0.23955999315,2.00000,0.00
,,,-0.23951999843,2.00000,0.00
,,,-0.23947998881,2.00000,0.00
,,,-0.23943999410,2.00000,0.00
,,,-0.23939999938,2.00000,0.00
,,,-0.23935998976,2.00000,0.00
,,,-0.23931999505,2.00000,0.00
,,,-0.23928000033,2.00000,0.00
,,,-0.23923999071,1.92000,0.00
,,,-0.23919999599,2.00000,0.00
,,,-0.23916000128,2.00000,0.00
,,,-0.23911999166,2.00000,0.00
,,,-0.23907999694,2.00000,0.00
,,,-0.23903998733,1.92000,0.00
,,,-0.23899999261,2.00000,0.00
,,,-0.23895999789,2.00000,0.00
,,,-0.23891998827,2.00000,0.00
,,,-0.23887999356,2.00000,0.00
,,,-0.23883999884,2.00000,0.00
,,,-0.23879998922,2.00000,0.00
,,,-0.23875999451,2.00000,0.00
,,,-0.23871999979,2.00000,0.00
,,,-0.23867999017,2.00000,0.00
,,,-0.23863999546,2.00000,0.00
,,,-0.23860000074,2.00000,0.00
,,,-0.23855999112,2.00000,0.00
,,,-0.23851999640,2.00000,0.00
,,,-0.23847998679,2.00000,0.00
,,,-0.23843999207,2.00000,0.00
,,,-0.23839999735,2.00000,0.00
,,,-0.23835998774,2.00000,0.00
,,,-0.23831999302,1.92000,0.00
,,,-0.23827999830,2.00000,0.00
,,,-0.23823998868,2.00000,0.00
,,,-0.23819999397,2.00000,0.00
,,,-0.23815999925,2.00000,0.00
,,,-0.23811998963,2.00000,0.00
,,,-0.23807999492,2.00000,0.00
,,,-0.23804000020,2.00000,0.00
,,,-0.23799999058,2.00000,0.00
,,,-0.23795999587,2.00000,0.00
,,,-0.23792000115,2.00000,0.00
,,,-0.23787999153,1.92000,0.00
,,,-0.23783999681,2.00000,0.00
,,,-0.23779998720,2.00000,0.00
,,,-0.23775999248,2.00000,0.00
,,,-0.23771999776,2.00000,0.00
,,,-0.23767998815,2.00000,0.00
,,,-0.23763999343,2.00000,0.00
,,,-0.23759999871,2.00000,0.00
,,,-0.23755998909,2.00000,0.00
,,,-0.23751999438,2.00000,0.00
,,,-0.23747999966,2.00000,0.00
,,,-0.23743999004,2.00000,0.00
,,,-0.23739999533,2.00000,0.00
,,,-0.23736000061,2.00000,0.00
,,,-0.23731999099,2.00000,0.00
,,,-0.23727999628,2.00000,0.00
,,,-0.23723998666,2.00000,0.00
,,,-0.23719999194,2.00000,0.00
,,,-0.23715999722,2.00000,0.00
,,,-0.23711998761,2.00000,0.00
,,,-0.23707999289,2.00000,0.00
,,,-0.23703999817,2.00000,0.00
,,,-0.23699998856,2.00000,0.00
,,,-0.23695999384,1.92000,0.00
,,,-0.23691999912,2.00000,0.00
,,,-0.23687998950,1.92000,0.08000
,,,-0.23683999479,2.00000,0.00
,,,-0.23680000007,2.00000,0.00
,,,-0.23675999045,2.00000,0.00
,,,-0.23671999574,2.00000,0.00
,,,-0.23668000102,2.00000,0.00
,,,-0.23663999140,2.00000,0.00
,,,-0.23659999669,2.00000,0.00
,,,-0.23655998707,2.00000,0.00
,,,-0.23651999235,2.00000,0.00
,,,-0.23647999763,1.92000,0.00
,,,-0.23643998802,2.00000,0.00
,,,-0.23639999330,2.00000,0.00
,,,-0.23635999858,2.00000,0.00
,,,-0.23631998897,2.00000,0.00
,,,-0.23627999425,2.00000,0.00
,,,-0.23623999953,2.00000,0.00
,,,-0.23619998991,2.00000,0.00
,,,-0.23615999520,2.00000,0.00
,,,-0.23612000048,2.00000,0.00
,,,-0.23607999086,2.00000,0.00
,,,-0.23603999615,2.00000,0.00
,,,-0.23600000143,2.00000,0.00
,,,-0.23595999181,2.00000,0.00
,,,-0.23591999710,2.00000,0.00
,,,-0.23587998748,2.00000,0.00
,,,-0.23583999276,2.00000,0.00
,,,-0.23579999804,2.00000,0.00
,,,-0.23575998843,2.00000,0.00
,,,-0.23571999371,2.00000,0.00
,,,-0.23567999899,2.00000,0.00
,,,-0.23563998938,2.00000,0.00
,,,-0.23559999466,2.00000,0.00
,,,-0.23555999994,2.00000,0.00
,,,-0.23551999032,2.00000,0.00
,,,-0.23547999561,2.00000,0.00
,,,-0.23544000089,2.00000,0.00
,,,-0.23539999127,2.00000,0.00
,,,-0.23535999656,2.00000,0.00
,,,-0.23531998694,2.00000,0.00
,,,-0.23527999222,2.00000,0.00
,,,-0.23523999751,2.00000,0.00
,,,-0.23519998789,2.00000,0.00
,,,-0.23515999317,2.00000,0.00
,,,-0.23511999846,2.00000,0.00
,,,-0.23507998884,2.00000,0.00
,,,-0.23503999412,2.00000,0.00
,,,-0.23499999940,1.92000,0.00
,,,-0.23495998979,1.92000,0.00
,,,-0.23491999507,2.00000,0.00
,,,-0.23488000035,2.00000,0.00
,,,-0.23483999074,2.00000,0.00
,,,-0.23479999602,2.00000,0.00
,,,-0.23476000130,2.00000,0.00
,,,-0.23471999168,2.00000,0.00
,,,-0.23467999697,2.00000,0.00
,,,-0.23463998735,2.00000,0.00
,,,-0.23459999263,2.00000,0.00
,,,-0.23455999792,2.00000,0.00
,,,-0.23451998830,2.00000,0.00
,,,-0.23447999358,2.00000,0.00
,,,-0.23443999887,2.00000,0.00
,,,-0.23439998925,2.00000,0.00
,,,-0.23435999453,2.00000,0.00
,,,-0.23431999981,1.92000,0.00
,,,-0.23427999020,2.00000,0.00
,,,-0.23423999548,2.00000,0.00
,,,-0.23420000076,2.08000,0.00
,,,-0.23415999115,2.00000,0.00
,,,-0.23411999643,2.00000,0.00
,,,-0.23407998681,1.92000,0.00
,,,-0.23403999209,2.00000,0.00
,,,-0.23399999738,2.00000,0.00
,,,-0.23395998776,2.00000,0.00
,,,-0.23391999304,2.00000,0.00
,,,-0.23387999833,2.00000,0.00
,,,-0.23383998871,2.00000,0.00
,,,-0.23379999399,2.00000,0.00
,,,-0.23375999928,2.00000,0.00
,,,-0.23371998966,2.00000,0.00
,,,-0.23367999494,2.00000,0.00
,,,-0.23364000022,2.00000,0.00
,,,-0.23359999061,2.00000,0.00
,,,-0.23355999589,2.00000,0.00
,,,-0.23352000117,2.00000,0.00
,,,-0.23347999156,2.00000,0.00
,,,-0.23343999684,2.00000,0.00
,,,-0.23339998722,2.00000,0.00
,,,-0.23335999250,2.00000,0.00
,,,-0.23331999779,2.00000,0.00
,,,-0.23327998817,2.00000,0.00
,,,-0.23323999345,2.00000,0.00
,,,-0.23319999874,2.00000,0.00
,,,-0.23315998912,2.00000,0.00
,,,-0.23311999440,2.00000,0.00
,,,-0.23307999969,2.00000,0.00
,,,-0.23303999007,2.00000,0.00
,,,-0.23299999535,1.92000,0.00
,,,-0.23296000063,2.00000,0.00
,,,-0.23291999102,2.00000,0.00
,,,-0.23287999630,2.00000,0.00
,,,-0.23283998668,2.00000,0.00
,,,-0.23279999197,2.00000,0.00
,,,-0.23275999725,2.00000,0.00
,,,-0.23271998763,2.00000,0.00
,,,-0.23267999291,2.00000,0.00
,,,-0.23263999820,2.00000,0.00
,,,-0.23259998858,2.00000,0.00
,,,-0.23255999386,2.00000,0.00
,,,-0.23251999915,2.00000,0.00
,,,-0.23247998953,2.00000,0.00
,,,-0.23243999481,2.00000,0.00
,,,-0.23240000010,2.00000,0.00
,,,-0.23235999048,2.00000,0.00
,,,-0.23231999576,2.00000,0.00
,,,-0.23228000104,2.00000,0.00
,,,-0.23223999143,2.00000,0.00
,,,-0.23219999671,2.00000,0.00
,,,-0.23215998709,2.00000,0.00
,,,-0.23211999238,2.00000,0.00
,,,-0.23207999766,1.92000,0.00
,,,-0.23203998804,2.00000,0.00
,,,-0.23199999332,2.00000,0.00
,,,-0.23195999861,2.00000,0.00
,,,-0.23191998899,2.00000,0.00
,,,-0.23187999427,2.00000,0.00
,,,-0.23183999956,2.00000,0.00
,,,-0.23179998994,2.00000,0.00
,,,-0.23175999522,2.00000,0.00
,,,-0.23172000051,2.00000,0.00
,,,-0.23167999089,2.00000,0.00
,,,-0.23163999617,2.00000,0.00
,,,-0.23160000145,2.00000,0.00
,,,-0.23155999184,2.00000,0.00
,,,-0.23151999712,2.00000,0.00
,,,-0.23147998750,2.00000,0.00
,,,-0.23143999279,2.00000,0.00
,,,-0.23139999807,2.00000,0.00
,,,-0.23135998845,2.00000,-0.08000
,,,-0.23131999373,2.00000,0.00
,,,-0.23127999902,2.00000,0.00
,,,-0.23123998940,2.00000,0.00
,,,-0.23119999468,2.00000,0.00
,,,-0.23115999997,2.00000,0.00
,,,-0.23111999035,2.00000,0.00
,,,-0.23107999563,2.00000,0.00
,,,-0.23104000092,2.00000,0.00
,,,-0.23099999130,2.00000,0.00
,,,-0.23095999658,2.00000,0.00
,,,-0.23091998696,2.00000,0.00
,,,-0.23087999225,2.00000,0.00
,,,-0.23083999753,2.00000,0.00
,,,-0.23079998791,2.00000,0.00
,,,-0.23075999320,2.00000,0.00
,,,-0.23071999848,2.00000,0.00
,,,-0.23067998886,2.00000,0.00
,,,-0.23063999414,2.00000,0.00
,,,-0.23059999943,2.00000,0.00
,,,-0.23055998981,2.00000,0.00
,,,-0.23051999509,2.00000,0.00
,,,-0.23048000038,2.00000,0.00
,,,-0.23043999076,2.00000,0.00
,,,-0.23039999604,2.00000,0.00
,,,-0.23036000133,2.00000,0.00
,,,-0.23031999171,2.00000,0.00
,,,-0.23027999699,2.00000,0.00
,,,-0.23023998737,2.00000,0.00
,,,-0.23019999266,2.00000,0.00
,,,-0.23015999794,2.00000,0.00
,,,-0.23011998832,2.00000,0.00
,,,-0.23007999361,2.00000,0.00
,,,-0.23003999889,2.00000,0.00
,,,-0.22999998927,2.00000,0.00
,,,-0.22995999455,2.00000,0.00
,,,-0.22991999984,2.00000,0.00
,,,-0.22987999022,1.92000,0.00
,,,-0.22983999550,1.92000,0.00
,,,-0.22980000079,2.00000,0.00
,,,-0.22975999117,2.00000,0.00
,,,-0.22971999645,2.00000,0.00
,,,-0.22967998683,2.00000,0.00
,,,-0.22963999212,2.00000,0.00
,,,-0.22959999740,2.00000,0.00
,,,-0.22955998778,2.00000,0.00
,,,-0.22951999307,2.00000,0.00
,,,-0.22947999835,2.00000,0.00
,,,-0.22943998873,2.00000,0.00
,,,-0.22939999402,2.00000,0.00
,,,-0.22935999930,2.00000,0.00
,,,-0.22931998968,2.00000,0.00
,,,-0.22927999496,2.00000,0.00
,,,-0.22924000025,1.92000,0.00
,,,-0.22919999063,2.00000,0.00
,,,-0.22915999591,2.00000,0.00
,,,-0.22912000120,1.92000,0.00
,,,-0.22907999158,2.00000,0.00
,,,-0.22903999686,2.00000,0.00
,,,-0.22899998724,2.00000,0.00
,,,-0.22895999253,2.00000,0.00
,,,-0.22891999781,2.00000,0.00
,,,-0.22887998819,2.00000,0.00
,,,-0.22883999348,2.00000,0.00
,,,-0.22879999876,2.00000,0.00
,,,-0.22875998914,2.00000,0.00
,,,-0.22871999443,2.00000,0.00
,,,-0.22867999971,2.00000,0.00
,,,-0.22863999009,2.00000,0.00
,,,-0.22859999537,2.00000,0.00
,,,-0.22856000066,2.00000,0.00
,,,-0.22851999104,2.00000,0.00
,,,-0.22847999632,2.00000,0.00
,,,-0.22844000161,2.00000,0.00
,,,-0.22839999199,2.00000,0.00
,,,-0.22835999727,2.00000,0.00
,,,-0.22831998765,2.00000,0.00
,,,-0.22827999294,2.00000,0.00
,,,-0.22823999822,2.00000,0.00
,,,-0.22819998860,2.00000,0.00
,,,-0.22815999389,2.00000,0.00
,,,-0.22811999917,2.00000,0.00
,,,-0.22807998955,2.00000,0.00
,,,-0.22803999484,2.00000,0.00
,,,-0.22800000012,2.00000,0.00
,,,-0.22795999050,2.00000,0.00
,,,-0.22791999578,2.00000,0.00
,,,-0.22788000107,2.00000,0.00
,,,-0.22783999145,2.00000,0.00
,,,-0.22779999673,1.92000,0.00
,,,-0.22775998712,2.00000,0.00
,,,-0.22771999240,2.00000,0.00
,,,-0.22767999768,2.08000,0.00
,,,-0.22763998806,2.00000,0.00
,,,-0.22759999335,2.00000,0.00
,,,-0.22755999863,2.00000,0.00
,,,-0.22751998901,2.00000,0.00
,,,-0.22747999430,2.00000,0.00
,,,-0.22743999958,1.92000,0.00
,,,-0.22739998996,2.00000,0.00
,,,-0.22735999525,2.00000,0.00
,,,-0.22732000053,2.00000,0.00
,,,-0.22727999091,2.00000,0.00
,,,-0.22723999619,2.00000,0.00
,,,-0.22720000148,2.00000,0.00
,,,-0.22715999186,2.00000,0.00
,,,-0.22711999714,2.00000,0.00
,,,-0.22707998753,2.00000,0.00
,,,-0.22703999281,2.00000,0.00
,,,-0.22699999809,2.00000,0.00
,,,-0.22695998847,2.00000,0.00
,,,-0.22691999376,2.00000,0.00
,,,-0.22687999904,2.00000,0.00
,,,-0.22683998942,2.00000,0.00
,,,-0.22679999471,2.00000,0.00
,,,-0.22675999999,2.00000,0.00
,,,-0.22671999037,2.00000,0.00
,,,-0.22667999566,1.92000,0.00
,,,-0.22664000094,2.00000,0.00
,,,-0.22659999132,2.00000,0.00
,,,-0.22655999660,2.00000,0.00
,,,-0.22651998699,2.00000,0.00
,,,-0.22647999227,2.00000,0.00
,,,-0.22643999755,2.00000,0.00
,,,-0.22639998794,2.00000,0.00
,,,-0.22635999322,2.00000,0.00
,,,-0.22631999850,2.00000,0.00
,,,-0.22627998888,2.00000,0.00
,,,-0.22623999417,2.00000,0.00
,,,-0.22619999945,2.00000,0.00
,,,-0.22615998983,2.00000,0.00
,,,-0.22611999512,2.00000,0.00
,,,-0.22608000040,2.00000,0.00
,,,-0.22603999078,2.00000,0.00
,,,-0.22599999607,2.00000,0.00
,,,-0.22596000135,2.00000,0.00
,,,-0.22591999173,2.00000,0.00
,,,-0.22587999701,2.00000,0.00
,,,-0.22583998740,2.00000,0.00
,,,-0.22579999268,2.00000,0.00
,,,-0.22575999796,2.00000,0.00
,,,-0.22571998835,2.00000,0.00
,,,-0.22567999363,2.00000,0.00
,,,-0.22563999891,2.00000,0.00
,,,-0.22559998930,2.00000,0.00
,,,-0.22555999458,2.00000,0.00
,,,-0.22551999986,1.92000,0.00
,,,-0.22547999024,2.00000,0.00
,,,-0.22543999553,2.00000,0.00
,,,-0.22540000081,2.00000,0.00
,,,-0.22535999119,2.00000,-0.08000
,,,-0.22531999648,2.00000,0.00
,,,-0.22527998686,2.00000,0.00
,,,-0.22523999214,2.00000,0.00
,,,-0.22519999743,2.00000,0.00
,,,-0.22515998781,2.00000,0.00
,,,-0.22511999309,2.00000,0.00
,,,-0.22507999837,2.00000,0.00
,,,-0.22503998876,2.00000,0.00
,,,-0.22499999404,2.00000,0.00
,,,-0.22495999932,2.00000,0.00
,,,-0.22491998971,2.00000,0.00
,,,-0.22487999499,1.92000,0.00
,,,-0.22484000027,2.00000,0.00
,,,-0.22479999065,2.00000,0.00
,,,-0.22475999594,2.00000,0.00
,,,-0.22472000122,2.00000,0.00
,,,-0.22467999160,2.00000,0.00
,,,-0.22463999689,2.00000,0.00
,,,-0.22459998727,2.00000,0.00
,,,-0.22455999255,2.00000,0.00
,,,-0.22451999784,2.00000,0.00
,,,-0.22447998822,2.00000,0.00
,,,-0.22443999350,2.00000,0.00
,,,-0.22439999878,2.00000,0.00
,,,-0.22435998917,2.00000,0.00
,,,-0.22431999445,2.00000,0.00
,,,-0.22427999973,2.00000,0.00
,,,-0.22423999012,2.00000,0.00
,,,-0.22419999540,1.92000,0.00
,,,-0.22416000068,2.00000,0.00
,,,-0.22411999106,2.00000,0.00
,,,-0.22407999635,2.00000,0.00
,,,-0.22404000163,1.92000,0.00
,,,-0.22399999201,2.00000,0.00
,,,-0.22395999730,2.00000,0.00
,,,-0.22391998768,2.00000,0.00
,,,-0.22387999296,2.00000,0.00
,,,-0.22383999825,2.00000,0.00
,,,-0.22379998863,2.00000,0.00
,,,-0.22375999391,2.00000,0.00
,,,-0.22371999919,2.00000,0.00
,,,-0.22367998958,2.00000,0.00
,,,-0.22363999486,2.00000,0.00
,,,-0.22360000014,2.00000,0.00
,,,-0.22355999053,2.00000,0.00
,,,-0.22351999581,2.00000,0.00
,,,-0.22348000109,2.00000,0.00
,,,-0.22343999147,2.00000,0.00
,,,-0.22339999676,2.00000,0.00
,,,-0.22335998714,2.00000,0.00
,,,-0.22331999242,2.00000,0.00
,,,-0.22327999771,2.00000,0.00
,,,-0.22323998809,2.00000,0.00
,,,-0.22319999337,2.00000,0.00
,,,-0.22315999866,2.00000,0.00
,,,-0.22311998904,2.00000,0.00
,,,-0.22307999432,2.00000,0.00
,,,-0.22303999960,1.92000,0.00
,,,-0.22299998999,2.00000,0.00
,,,-0.22295999527,2.00000,0.00
,,,-0.22292000055,2.00000,0.00
,,,-0.22287999094,2.00000,0.00
,,,-0.22283999622,2.00000,0.00
,,,-0.22280000150,2.00000,0.00
,,,-0.22275999188,2.00000,0.00
,,,-0.22271999717,2.00000,0.00
,,,-0.22267998755,2.00000,0.00
,,,-0.22263999283,2.00000,0.00
,,,-0.22259999812,2.00000,0.00
,,,-0.22255998850,2.00000,0.00
,,,-0.22251999378,2.00000,0.00
,,,-0.22247999907,2.00000,0.00
,,,-0.22243998945,2.00000,0.00
,,,-0.22239999473,2.00000,0.00
,,,-0.22236000001,2.00000,0.00
,,,-0.22231999040,2.00000,0.00
,,,-0.22227999568,2.00000,0.00
,,,-0.22224000096,2.00000,0.00
,,,-0.22219999135,2.00000,0.00
,,,-0.22215999663,2.00000,0.00
,,,-0.22211998701,2.00000,0.00
,,,-0.22207999229,2.00000,0.00
,,,-0.22203999758,2.00000,0.00
,,,-0.22199998796,1.92000,0.00
,,,-0.22195999324,2.00000,0.00
,,,-0.22191999853,2.00000,0.00
,,,-0.22187998891,2.00000,0.00
,,,-0.22183999419,2.00000,0.00
,,,-0.22179999948,2.00000,0.00
,,,-0.22175998986,2.00000,0.00
,,,-0.22171999514,2.00000,0.00
,,,-0.22168000042,2.00000,0.00
,,,-0.22163999081,2.00000,0.00
,,,-0.22159999609,2.00000,0.00
,,,-0.22156000137,2.00000,0.00
,,,-0.22151999176,2.00000,0.00
,,,-0.22147999704,2.00000,0.00
,,,-0.22143998742,2.00000,0.00
,,,-0.22139999270,2.00000,0.00
,,,-0.22135999799,2.00000,0.00
,,,-0.22131998837,2.00000,0.00
,,,-0.22127999365,2.00000,0.00
,,,-0.22123999894,2.00000,0.00
,,,-0.22119998932,2.00000,0.00
,,,-0.22115999460,2.00000,0.00
,,,-0.22111999989,2.00000,0.00
,,,-0.22107999027,2.08000,0.00
,,,-0.22103999555,2.00000,0.00
,,,-0.22100000083,2.00000,0.00
,,,-0.22095999122,2.00000,0.00
,,,-0.22091999650,2.00000,0.00
,,,-0.22088000178,2.00000,0.00
,,,-0.22083999217,2.00000,0.00
,,,-0.22079999745,2.00000,0.00
,,,-0.22075998783,2.00000,0.00
,,,-0.22071999311,2.00000,0.00
,,,-0.22067999840,2.00000,0.00
,,,-0.22063998878,2.00000,0.00
,,,-0.22059999406,2.00000,0.00
,,,-0.22055999935,2.00000,0.00
,,,-0.22051998973,1.92000,0.00
,,,-0.22047999501,2.00000,0.00
,,,-0.22044000030,2.00000,0.00
,,,-0.22039999068,2.00000,0.00
,,,-0.22035999596,2.00000,0.00
,,,-0.22032000124,2.00000,0.00
,,,-0.22027999163,2.00000,0.00
,,,-0.22023999691,2.00000,0.00
,,,-0.22019998729,2.00000,0.00
,,,-0.22015999258,2.00000,0.00
,,,-0.22011999786,2.00000,0.00
,,,-0.22007998824,2.00000,0.00
,,,-0.22003999352,2.00000,0.00
,,,-0.21999999881,2.00000,0.00
,,,-0.21995998919,1.92000,0.00
,,,-0.21991999447,2.00000,0.00
,,,-0.21987999976,2.00000,0.00
,,,-0.21983999014,2.00000,0.00
,,,-0.21979999542,2.00000,0.00
,,,-0.21976000071,2.00000,0.00
,,,-0.21971999109,2.00000,0.00
,,,-0.21967999637,2.00000,0.00
,,,-0.21964000165,2.00000,0.00
,,,-0.21959999204,2.00000,0.00
,,,-0.21955999732,2.00000,0.00
,,,-0.21951998770,2.00000,0.00
,,,-0.21947999299,2.00000,0.00
,,,-0.21943999827,2.00000,0.00
,,,-0.21939998865,2.00000,0.00
,,,-0.21935999393,2.00000,0.00
,,,-0.21931999922,2.00000,0.00
,,,-0.21927998960,2.00000,0.00
,,,-0.21923999488,2.00000,0.00
,,,-0.21920000017,2.00000,0.00
,,,-0.21915999055,2.00000,0.00
,,,-0.21911999583,2.00000,0.00
,,,-0.21908000112,2.00000,0.00
,,,-0.21903999150,2.00000,0.00
,,,-0.21899999678,2.00000,0.00
,,,-0.21895998716,2.00000,0.00
,,,-0.21891999245,2.00000,0.00
,,,-0.21887999773,2.00000,0.00
,,,-0.21883998811,2.00000,0.00
,,,-0.21879999340,2.00000,0.00
,,,-0.21875999868,2.00000,0.00
,,,-0.21871998906,2.00000,0.00
,,,-0.21867999434,2.00000,0.00
,,,-0.21863999963,2.00000,0.00
,,,-0.21859999001,2.00000,0.00
,,,-0.21855999529,2.00000,0.00
,,,-0.21852000058,2.00000,0.00
,,,-0.21847999096,2.00000,0.00
,,,-0.21843999624,2.00000,0.00
,,,-0.21840000153,2.00000,0.00
,,,-0.21835999191,2.00000,0.00
,,,-0.21831999719,2.00000,0.00
,,,-0.21827998757,2.00000,0.00
,,,-0.21823999286,2.00000,0.00
,,,-0.21819999814,2.00000,0.00
,,,-0.21815998852,2.00000,0.00
,,,-0.21811999381,2.00000,0.00
,,,-0.21807999909,2.00000,0.00
,,,-0.21803998947,2.00000,0.00
,,,-0.21799999475,2.00000,0.00
,,,-0.21796000004,2.00000,0.00
,,,-0.21791999042,2.00000,0.00
,,,-0.21787999570,2.00000,0.00
,,,-0.21784000099,2.00000,0.00
,,,-0.21779999137,2.00000,0.00
,,,-0.21775999665,2.00000,0.00
,,,-0.21772000194,2.00000,0.00
,,,-0.21767999232,2.00000,0.00
,,,-0.21763999760,2.00000,0.00
,,,-0.21759998798,2.00000,0.00
,,,-0.21755999327,2.00000,0.00
,,,-0.21751999855,2.00000,0.00
,,,-0.21747998893,2.00000,0.00
,,,-0.21743999422,2.00000,0.00
,,,-0.21739999950,2.00000,0.00
,,,-0.21735998988,2.00000,0.00
,,,-0.21731999516,2.00000,0.00
,,,-0.21728000045,2.00000,0.00
,,,-0.21723999083,2.00000,0.00
,,,-0.21719999611,2.00000,0.00
,,,-0.21716000140,2.00000,0.00
,,,-0.21711999178,2.00000,0.00
,,,-0.21707999706,2.00000,0.00
,,,-0.21703998744,2.00000,0.00
,,,-0.21699999273,2.00000,0.00
,,,-0.21695999801,2.00000,0.00
,,,-0.21691998839,2.00000,0.00
,,,-0.21687999368,2.00000,0.08000
,,,-0.21683999896,2.00000,0.00
,,,-0.21679998934,2.00000,0.00
,,,-0.21675999463,2.00000,0.00
,,,-0.21671999991,2.00000,0.00
,,,-0.21667999029,2.00000,0.00
,,,-0.21663999557,2.00000,0.00
,,,-0.21660000086,2.00000,0.00
,,,-0.21655999124,2.00000,0.00
,,,-0.21651999652,2.00000,0.00
,,,-0.21648000181,1.92000,0.00
,,,-0.21643999219,2.00000,0.00
,,,-0.21639999747,2.00000,0.00
,,,-0.21635998785,2.00000,0.00
,,,-0.21631999314,2.00000,0.00
,,,-0.21627999842,2.00000,0.00
,,,-0.21623998880,2.00000,0.00
,,,-0.21619999409,2.00000,0.00
,,,-0.21615999937,1.92000,0.00
,,,-0.21611998975,2.00000,0.00
,,,-0.21607999504,2.00000,0.00
,,,-0.21604000032,1.92000,0.00
,,,-0.21599999070,2.00000,0.00
,,,-0.21595999599,2.00000,0.00
,,,-0.21592000127,1.92000,0.00
,,,-0.21587999165,2.00000,0.00
,,,-0.21583999693,2.00000,0.00
,,,-0.21579998732,2.00000,0.00
,,,-0.21575999260,2.00000,0.00
,,,-0.21571999788,2.00000,0.00
,,,-0.21567998827,2.00000,0.00
,,,-0.21563999355,2.00000,0.00
,,,-0.21559999883,2.00000,0.00
,,,-0.21555998921,2.00000,0.00
,,,-0.21551999450,2.00000,0.00
,,,-0.21547999978,2.00000,0.00
,,,-0.21543999016,2.00000,0.00
,,,-0.21539999545,2.00000,0.00
,,,-0.21536000073,2.00000,0.00
,,,-0.21531999111,2.00000,0.00
,,,-0.21527999640,2.00000,0.00
,,,-0.21524000168,2.00000,0.00
,,,-0.21519999206,2.00000,0.00
,,,-0.21515999734,2.00000,0.00
,,,-0.21511998773,2.00000,0.00
,,,-0.21507999301,2.00000,0.00
,,,-0.21503999829,2.00000,0.00
,,,-0.21499998868,2.00000,0.00
,,,-0.21495999396,2.00000,0.00
,,,-0.21491999924,2.00000,0.00
,,,-0.21487998962,2.00000,0.00
,,,-0.21483999491,2.00000,0.00
,,,-0.21480000019,2.00000,0.00
,,,-0.21475999057,2.00000,0.00
,,,-0.21471999586,2.00000,0.00
,,,-0.21468000114,2.00000,0.00
,,,-0.21463999152,2.00000,0.00
,,,-0.21459999681,2.00000,0.00
,,,-0.21455998719,2.00000,0.00
,,,-0.21451999247,2.00000,0.00
,,,-0.21447999775,2.00000,0.00
,,,-0.21443998814,2.00000,0.00
,,,-0.21439999342,2.00000,0.00
,,,-0.21435999870,2.00000,0.00
,,,-0.21431998909,2.00000,0.00
,,,-0.21427999437,2.00000,0.00
,,,-0.21423999965,2.00000,0.00
,,,-0.21419999003,2.00000,0.00
,,,-0.21415999532,2.00000,0.00
,,,-0.21412000060,2.00000,0.00
,,,-0.21407999098,1.92000,0.00
,,,-0.21403999627,2.00000,0.00
,,,-0.21400000155,2.00000,0.00
,,,-0.21395999193,2.00000,0.00
,,,-0.21391999722,2.00000,0.00
,,,-0.21387998760,2.00000,0.00
,,,-0.21383999288,2.00000,0.00
,,,-0.21379999816,2.00000,0.00
,,,-0.21375998855,1.92000,0.00
,,,-0.21371999383,2.00000,0.00
,,,-0.21367999911,1.92000,0.00
,,,-0.21363998950,2.00000,0.00
,,,-0.21359999478,2.00000,0.00
,,,-0.21356000006,2.00000,0.00
,,,-0.21351999044,2.00000,0.00
,,,-0.21347999573,2.00000,0.00
,,,-0.21344000101,2.00000,0.00
,,,-0.21339999139,2.00000,0.00
,,,-0.21335999668,2.00000,0.00
,,,-0.21332000196,2.00000,0.00
,,,-0.21327999234,2.00000,0.00
,,,-0.21323999763,2.00000,0.00
,,,-0.21319998801,2.00000,0.00
,,,-0.21315999329,2.00000,0.00
,,,-0.21311999857,2.00000,0.00
,,,-0.21307998896,2.00000,0.00
,,,-0.21303999424,2.00000,0.00
,,,-0.21299999952,2.00000,0.00
,,,-0.21295998991,2.00000,0.00
,,,-0.21291999519,2.00000,0.00
,,,-0.21288000047,1.92000,0.00
,,,-0.21283999085,2.00000,0.00
,,,-0.21279999614,2.00000,0.00
,,,-0.21276000142,2.00000,0.00
,,,-0.21271999180,2.00000,0.00
,,,-0.21267999709,2.00000,0.00
,,,-0.21263998747,2.00000,0.00
,,,-0.21259999275,2.00000,0.00
,,,-0.21255999804,2.00000,0.00
,,,-0.21251998842,2.00000,0.00
,,,-0.21247999370,2.00000,0.00
,,,-0.21243999898,2.00000,0.00
,,,-0.21239998937,2.00000,0.00
,,,-0.21235999465,2.00000,0.00
,,,-0.21231999993,2.00000,0.00
,,,-0.21227999032,2.00000,0.00
,,,-0.21223999560,2.00000,0.00
,,,-0.21220000088,2.00000,0.00
,,,-0.21215999126,1.92000,0.00
,,,-0.21211999655,2.00000,0.00
,,,-0.21208000183,2.00000,0.00
,,,-0.21203999221,2.00000,0.00
,,,-0.21199999750,2.00000,0.00
,,,-0.21195998788,1.92000,0.00
,,,-0.21191999316,2.00000,0.00
,,,-0.21187999845,2.08000,0.00
,,,-0.21183998883,2.00000,0.00
,,,-0.21179999411,2.00000,0.00
,,,-0.21175999939,2.00000,0.00
,,,-0.21171998978,2.00000,0.00
,,,-0.21167999506,2.00000,0.00
,,,-0.21164000034,2.00000,0.00
,,,-0.21159999073,2.00000,0.00
,,,-0.21155999601,2.00000,0.00
,,,-0.21152000129,2.00000,0.00
,,,-0.21147999167,2.00000,0.00
,,,-0.21143999696,2.00000,0.00
,,,-0.21139998734,2.00000,0.00
,,,-0.21135999262,2.00000,0.00
,,,-0.21131999791,2.00000,0.00
,,,-0.21127998829,2.00000,0.00
,,,-0.21123999357,2.00000,0.00
,,,-0.21119999886,2.00000,0.00
,,,-0.21115998924,2.00000,0.00
,,,-0.21111999452,2.00000,0.00
,,,-0.21107999980,2.00000,-0.08000
,,,-0.21103999019,2.00000,0.00
,,,-0.21099999547,2.00000,0.00
,,,-0.21096000075,2.00000,0.00
,,,-0.21091999114,2.00000,0.00
,,,-0.21087999642,2.00000,0.00
,,,-0.21084000170,2.00000,0.00
,,,-0.21079999208,2.00000,0.00
,,,-0.21075999737,2.00000,0.00
,,,-0.21071998775,2.00000,0.00
,,,-0.21067999303,2.00000,0.00
,,,-0.21063999832,2.00000,0.00
,,,-0.21059998870,2.00000,0.00
,,,-0.21055999398,2.00000,0.00
,,,-0.21051999927,2.00000,0.00
,,,-0.21047998965,2.00000,0.00
,,,-0.21043999493,2.00000,0.00
,,,-0.21040000021,2.00000,0.00
,,,-0.21035999060,2.00000,0.00
,,,-0.21031999588,1.92000,0.00
,,,-0.21028000116,2.00000,0.00
,,,-0.21023999155,2.00000,0.00
,,,-0.21019999683,2.00000,0.00
,,,-0.21016000211,2.00000,0.00
,,,-0.21011999249,2.00000,0.00
,,,-0.21007999778,2.00000,0.00
,,,-0.21003998816,2.00000,0.00
,,,-0.20999999344,2.00000,0.00
,,,-0.20995999873,2.00000,0.00
,,,-0.20991998911,2.00000,0.00
,,,-0.20987999439,2.00000,0.00
,,,-0.20983999968,2.00000,0.00
,,,-0.20979999006,2.00000,0.00
,,,-0.20975999534,2.00000,0.00
,,,-0.20972000062,2.00000,0.00
,,,-0.20967999101,2.00000,0.00
,,,-0.20963999629,2.00000,0.00
,,,-0.20960000157,2.00000,0.00
,,,-0.20955999196,2.00000,0.00
,,,-0.20951999724,2.00000,0.00
,,,-0.20947998762,2.00000,0.00
,,,-0.20943999290,2.00000,0.00
,,,-0.20939999819,1.92000,0.00
,,,-0.20935998857,2.00000,0.00
,,,-0.20931999385,2.00000,0.00
,,,-0.20927999914,2.00000,0.00
,,,-0.20923998952,2.00000,0.00
,,,-0.20919999480,2.00000,0.00
,,,-0.20916000009,2.00000,0.00
,,,-0.20911999047,2.00000,0.00
,,,-0.20907999575,2.00000,0.00
,,,-0.20904000103,2.00000,0.00
,,,-0.20899999142,2.00000,0.00
,,,-0.20895999670,2.00000,0.00
,,,-0.20892000198,2.00000,0.00
,,,-0.20887999237,2.00000,0.00
,,,-0.20883999765,2.00000,0.00
,,,-0.20879998803,2.00000,0.00
,,,-0.20875999331,2.00000,0.00
,,,-0.20871999860,1.92000,0.00
,,,-0.20867998898,2.00000,0.00
,,,-0.20863999426,2.00000,0.00
,,,-0.20859999955,2.00000,0.00
,,,-0.20855998993,2.00000,0.00
,,,-0.20851999521,2.00000,0.00
,,,-0.20848000050,2.00000,0.00
,,,-0.20843999088,2.00000,0.00
,,,-0.20839999616,2.00000,0.00
,,,-0.20836000144,2.00000,0.00
,,,-0.20831999183,2.00000,0.00
,,,-0.20827999711,2.00000,0.00
,,,-0.20823998749,2.00000,0.00
,,,-0.20819999278,2.00000,0.00
,,,-0.20815999806,2.00000,0.00
,,,-0.20811998844,2.00000,0.00
,,,-0.20807999372,2.00000,0.00
,,,-0.20803999901,2.00000,0.00
,,,-0.20799998939,2.00000,0.00
,,,-0.20795999467,2.00000,-0.08000
,,,-0.20791999996,1.92000,0.00
,,,-0.20787999034,2.00000,0.00
,,,-0.20783999562,2.00000,0.00
,,,-0.20780000091,2.00000,0.00
,,,-0.20775999129,2.00000,0.00
,,,-0.20771999657,2.00000,0.00
,,,-0.20768000185,2.00000,0.00
,,,-0.20763999224,2.00000,0.00
,,,-0.20759999752,2.00000,0.00
,,,-0.20755998790,2.00000,0.00
,,,-0.20751999319,2.00000,0.00
,,,-0.20747999847,2.00000,0.00
,,,-0.20743998885,2.00000,0.00
,,,-0.20739999413,2.00000,0.00
,,,-0.20735999942,2.00000,0.00
,,,-0.20731998980,2.00000,0.00
,,,-0.20727999508,2.00000,0.00
,,,-0.20724000037,2.00000,0.00
,,,-0.20719999075,2.00000,0.00
,,,-0.20715999603,2.00000,0.00
,,,-0.20712000132,2.00000,0.00
,,,-0.20707999170,2.00000,0.00
,,,-0.20703999698,1.92000,0.00
,,,-0.20699998736,2.00000,0.00
,,,-0.20695999265,2.00000,0.00
,,,-0.20691999793,2.00000,-0.08000
,,,-0.20687998831,2.00000,0.00
,,,-0.20683999360,2.00000,0.00
,,,-0.20679999888,2.00000,0.00
,,,-0.20675998926,2.00000,0.00
,,,-0.20671999454,2.00000,0.00
,,,-0.20667999983,2.00000,0.00
,,,-0.20663999021,2.00000,0.00
,,,-0.20659999549,2.00000,0.00
,,,-0.20656000078,2.00000,0.00
,,,-0.20651999116,2.00000,0.00
,,,-0.20647999644,2.00000,0.00
,,,-0.20644000173,2.00000,0.00
,,,-0.20639999211,2.00000,0.00
,,,-0.20635999739,2.00000,0.00
,,,-0.20631998777,2.00000,0.00
,,,-0.20627999306,2.00000,0.00
,,,-0.20623999834,2.00000,-0.08000
,,,-0.20619998872,2.00000,0.00
,,,-0.20615999401,2.00000,0.00
,,,-0.20611999929,2.00000,0.00
,,,-0.20607998967,2.00000,0.00
,,,-0.20603999496,2.00000,0.00
,,,-0.20600000024,2.00000,0.00
,,,-0.20595999062,2.00000,0.00
,,,-0.20591999590,1.92000,0.00
,,,-0.20588000119,2.00000,0.00
,,,-0.20583999157,2.00000,0.00
,,,-0.20579999685,2.00000,0.00
,,,-0.20576000214,2.00000,0.00
,,,-0.20571999252,2.00000,0.00
,,,-0.20567999780,2.00000,0.00
,,,-0.20563998818,2.00000,0.00
,,,-0.20559999347,2.00000,0.00
,,,-0.20555999875,2.00000,0.00
,,,-0.20551998913,2.00000,0.00
,,,-0.20547999442,2.00000,0.00
,,,-0.20543999970,2.00000,0.00
,,,-0.20539999008,2.00000,0.00
,,,-0.20535999537,2.00000,0.00
,,,-0.20532000065,2.00000,0.00
,,,-0.20527999103,2.00000,0.00
,,,-0.20523999631,2.00000,0.00
,,,-0.20520000160,2.00000,0.00
,,,-0.20515999198,2.00000,0.00
,,,-0.20511999726,2.00000,0.00
,,,-0.20507998765,2.00000,0.00
,,,-0.20503999293,2.00000,0.00
,,,-0.20499999821,2.00000,0.00
,,,-0.20495998859,2.00000,0.00
,,,-0.20491999388,2.00000,0.00
,,,-0.20487999916,2.00000,0.00
,,,-0.20483998954,2.00000,0.00
,,,-0.20479999483,2.00000,0.00
,,,-0.20476000011,2.00000,0.00
,,,-0.20471999049,2.00000,0.00
,,,-0.20467999578,2.00000,0.00
,,,-0.20464000106,2.00000,0.00
,,,-0.20459999144,2.00000,0.00
,,,-0.20455999672,2.00000,0.00
,,,-0.20452000201,2.00000,0.00
,,,-0.20447999239,2.00000,0.00
,,,-0.20443999767,2.00000,0.00
,,,-0.20439998806,2.00000,0.00
,,,-0.20435999334,2.00000,0.00
,,,-0.20431999862,2.00000,0.00
,,,-0.20427998900,2.00000,0.00
,,,-0.20423999429,2.00000,0.00
,,,-0.20419999957,2.00000,0.00
,,,-0.20415998995,2.00000,0.00
,,,-0.20411999524,2.00000,0.00
,,,-0.20408000052,2.00000,0.00
,,,-0.20403999090,2.00000,0.00
,,,-0.20399999619,2.00000,0.00
,,,-0.20396000147,2.00000,0.00
,,,-0.20391999185,2.00000,0.00
,,,-0.20387999713,2.00000,0.00
,,,-0.20383998752,2.00000,0.00
,,,-0.20379999280,2.00000,0.00
,,,-0.20375999808,2.00000,0.00
,,,-0.20371998847,2.00000,0.00
,,,-0.20367999375,2.00000,0.00
,,,-0.20363999903,2.00000,0.00
,,,-0.20359998941,2.00000,0.00
,,,-0.20355999470,2.00000,0.00
,,,-0.20351999998,2.00000,0.00
,,,-0.20347999036,2.00000,0.08000
,,,-0.20343999565,2.00000,0.00
,,,-0.20340000093,2.00000,0.00
,,,-0.20335999131,2.00000,0.00
,,,-0.20331999660,2.00000,0.00
,,,-0.20328000188,2.00000,0.00
,,,-0.20323999226,2.00000,0.00
,,,-0.20319999754,2.00000,0.00
,,,-0.20315998793,2.00000,0.00
,,,-0.20311999321,2.00000,0.00
,,,-0.20307999849,2.00000,0.00
,,,-0.20303998888,1.92000,0.00
,,,-0.20299999416,2.00000,0.00
,,,-0.20295999944,2.00000,0.00
,,,-0.20291998982,2.00000,0.00
,,,-0.20287999511,2.00000,0.00
,,,-0.20284000039,2.00000,0.00
,,,-0.20279999077,2.00000,0.00
,,,-0.20275999606,2.00000,0.00
,,,-0.20272000134,2.00000,0.00
,,,-0.20267999172,2.00000,0.00
,,,-0.20263999701,2.00000,0.00
,,,-0.20260000229,2.00000,0.00
,,,-0.20255999267,2.00000,0.00
,,,-0.20251999795,2.00000,0.00
,,,-0.20247998834,2.00000,0.00
,,,-0.20243999362,2.00000,0.00
,,,-0.20239999890,2.00000,0.00
,,,-0.20235998929,1.92000,0.00
,,,-0.20231999457,2.00000,0.00
,,,-0.20227999985,2.00000,0.00
,,,-0.20223999023,2.00000,0.00
,,,-0.20219999552,2.00000,0.00
,,,-0.20216000080,2.00000,0.00
,,,-0.20211999118,2.00000,0.00
,,,-0.20207999647,2.00000,0.00
,,,-0.20204000175,2.00000,0.00
,,,-0.20199999213,2.00000,0.00
,,,-0.20195999742,1.92000,0.00
,,,-0.20191998780,2.00000,0.00
,,,-0.20187999308,2.00000,0.00
,,,-0.20183999836,2.00000,0.00
,,,-0.20179998875,2.00000,0.00
,,,-0.20175999403,1.92000,0.00
,,,-0.20171999931,2.00000,0.00
,,,-0.20167998970,1.92000,0.00
,,,-0.20163999498,2.00000,0.00
,,,-0.20160000026,2.00000,0.00
,,,-0.20155999064,2.00000,0.00
,,,-0.20151999593,2.00000,0.00
,,,-0.20148000121,2.00000,0.00
,,,-0.20143999159,2.00000,0.00
,,,-0.20139999688,2.00000,0.00
,,,-0.20136000216,1.92000,0.00
,,,-0.20131999254,2.00000,0.00
,,,-0.20127999783,2.00000,0.00
,,,-0.20123998821,1.92000,0.00
,,,-0.20119999349,2.00000,0.00
,,,-0.20115999877,2.00000,0.00
,,,-0.20111998916,2.00000,0.00
,,,-0.20107999444,2.08000,0.00
,,,-0.20103999972,1.92000,0.00
,,,-0.20099999011,2.00000,0.00
,,,-0.20095999539,2.00000,0.00
,,,-0.20092000067,2.00000,0.00
,,,-0.20087999105,2.00000,0.00
,,,-0.20083999634,2.00000,0.00
,,,-0.20080000162,2.00000,0.00
,,,-0.20075999200,2.00000,0.00
,,,-0.20071999729,1.92000,0.00
,,,-0.20067998767,2.00000,0.00
,,,-0.20063999295,2.00000,0.00
,,,-0.20059999824,2.00000,0.00
,,,-0.20055998862,2.00000,0.00
,,,-0.20051999390,2.00000,0.00
,,,-0.20047999918,2.00000,0.00
,,,-0.20043998957,2.00000,0.00
,,,-0.20039999485,1.92000,0.00
,,,-0.20036000013,2.00000,0.00
,,,-0.20031999052,2.00000,0.00
,,,-0.20027999580,2.00000,0.00
,,,-0.20024000108,1.92000,0.00
,,,-0.20019999146,2.00000,0.00
,,,-0.20015999675,2.00000,0.00
,,,-0.20012000203,2.00000,0.00
,,,-0.20007999241,2.00000,0.00
,,,-0.20003999770,2.00000,0.00
,,,-0.19999998808,2.00000,0.00
,,,-0.19995999336,2.00000,0.00
,,,-0.19991999865,2.00000,0.00
,,,-0.19987998903,2.00000,0.00
,,,-0.19983999431,2.00000,0.00
,,,-0.19979999959,2.00000,0.00
,,,-0.19975998998,2.00000,0.00
,,,-0.19971999526,2.00000,0.00
,,,-0.19968000054,2.00000,0.00
,,,-0.19963999093,2.00000,0.00
,,,-0.19959999621,2.00000,0.00
,,,-0.19956000149,2.00000,0.00
,,,-0.19951999187,2.00000,0.00
,,,-0.19947999716,2.00000,0.00
,,,-0.19943998754,2.00000,0.00
,,,-0.19939999282,2.00000,0.00
,,,-0.19935999811,2.00000,0.00
,,,-0.19931998849,2.00000,0.00
,,,-0.19927999377,2.00000,0.00
,,,-0.19923999906,2.00000,0.00
,,,-0.19919998944,2.00000,0.00
,,,-0.19915999472,2.00000,0.00
,,,-0.19912000000,2.00000,0.00
,,,-0.19907999039,2.00000,0.00
,,,-0.19903999567,2.00000,0.00
,,,-0.19900000095,2.00000,0.00
,,,-0.19895999134,2.00000,0.00
,,,-0.19891999662,2.00000,0.00
,,,-0.19888000190,2.00000,0.00
,,,-0.19883999228,2.00000,0.00
,,,-0.19879999757,2.00000,0.00
,,,-0.19875998795,2.00000,0.00
,,,-0.19871999323,2.00000,0.00
,,,-0.19867999852,2.00000,0.00
,,,-0.19863998890,2.00000,0.00
,,,-0.19859999418,2.00000,0.00
,,,-0.19855999947,2.00000,0.00
,,,-0.19851998985,2.00000,0.00
,,,-0.19847999513,2.00000,0.00
,,,-0.19844000041,2.00000,0.00
,,,-0.19839999080,2.00000,0.00
,,,-0.19835999608,2.00000,0.00
,,,-0.19832000136,2.00000,0.00
,,,-0.19827999175,2.00000,0.00
,,,-0.19823999703,2.00000,0.00
,,,-0.19820000231,2.00000,0.00
,,,-0.19815999269,2.00000,0.00
,,,-0.19811999798,2.00000,0.00
,,,-0.19807998836,2.00000,0.00
,,,-0.19803999364,2.00000,0.00
,,,-0.19799999893,2.00000,0.00
,,,-0.19795998931,2.00000,0.00
,,,-0.19791999459,2.00000,0.00
,,,-0.19787999988,2.08000,0.00
,,,-0.19783999026,2.00000,0.00
,,,-0.19779999554,2.00000,0.00
,,,-0.19776000082,2.00000,0.00
,,,-0.19771999121,2.00000,0.00
,,,-0.19767999649,2.00000,0.00
,,,-0.19764000177,2.00000,0.00
,,,-0.19759999216,2.00000,0.00
,,,-0.19755999744,2.00000,0.00
,,,-0.19751998782,2.00000,0.00
,,,-0.19747999310,2.00000,0.00
,,,-0.19743999839,2.00000,0.00
,,,-0.19739998877,2.00000,0.00
,,,-0.19735999405,2.00000,0.00
,,,-0.19731999934,2.00000,0.00
,,,-0.19727998972,2.00000,0.00
,,,-0.19723999500,2.00000,0.00
,,,-0.19720000029,2.00000,0.00
,,,-0.19715999067,2.00000,0.00
,,,-0.19711999595,2.00000,0.00
,,,-0.19708000124,1.92000,0.00
,,,-0.19703999162,2.00000,0.00
,,,-0.19699999690,2.00000,0.00
,,,-0.19696000218,2.00000,0.00
,,,-0.19691999257,2.00000,0.00
,,,-0.19687999785,2.00000,0.00
,,,-0.19683998823,2.00000,0.00
,,,-0.19679999352,2.00000,0.00
,,,-0.19675999880,2.00000,0.00
,,,-0.19671998918,1.92000,0.00
,,,-0.19667999446,2.00000,0.00
,,,-0.19663999975,1.92000,0.08000
,,,-0.19659999013,2.00000,0.00
,,,-0.19655999541,2.00000,0.00
,,,-0.19652000070,2.00000,0.00
,,,-0.19647999108,2.00000,0.00
,,,-0.19643999636,2.00000,0.00
,,,-0.19640000165,2.00000,0.00
,,,-0.19635999203,2.00000,0.00
,,,-0.19631999731,2.00000,0.00
,,,-0.19627998769,2.00000,0.00
,,,-0.19623999298,2.00000,0.00
,,,-0.19619999826,2.00000,0.00
,,,-0.19615998864,2.00000,0.00
,,,-0.19611999393,2.00000,0.00
,,,-0.19607999921,2.00000,0.00
,,,-0.19603998959,2.00000,0.00
,,,-0.19599999487,2.00000,0.00
,,,-0.19596000016,2.00000,0.00
,,,-0.19591999054,2.00000,0.00
,,,-0.19587999582,1.92000,0.00
,,,-0.19584000111,2.00000,0.00
,,,-0.19579999149,2.00000,0.00
,,,-0.19575999677,2.00000,0.00
,,,-0.19572000206,2.00000,0.00
,,,-0.19567999244,2.00000,0.00
,,,-0.19563999772,2.00000,0.00
,,,-0.19559998810,2.00000,0.00
,,,-0.19555999339,2.00000,0.00
,,,-0.19551999867,2.00000,0.00
,,,-0.19547998905,2.00000,0.00
,,,-0.19543999434,2.00000,0.00
,,,-0.19539999962,2.00000,0.00
,,,-0.19535999000,2.00000,0.00
,,,-0.19531999528,2.00000,0.00
,,,-0.19528000057,2.00000,0.00
,,,-0.19523999095,2.00000,0.00
,,,-0.19519999623,2.00000,0.00
,,,-0.19516000152,2.00000,0.00
,,,-0.19511999190,2.00000,0.00
,,,-0.19507999718,2.00000,0.00
,,,-0.19504000247,2.00000,0.00
,,,-0.19499999285,2.00000,0.00
,,,-0.19495999813,2.00000,0.00
,,,-0.19491998851,2.00000,0.00
,,,-0.19487999380,2.00000,0.00
,,,-0.19483999908,2.00000,0.00
,,,-0.19479998946,2.00000,0.00
,,,-0.19475999475,1.92000,0.00
,,,-0.19472000003,2.00000,0.00
,,,-0.19467999041,2.00000,0.00
,,,-0.19463999569,2.00000,0.00
,,,-0.19460000098,2.00000,0.00
,,,-0.19455999136,1.92000,0.00
,,,-0.19451999664,2.00000,0.00
,,,-0.19448000193,2.00000,0.00
,,,-0.19443999231,2.00000,0.00
,,,-0.19439999759,2.00000,0.00
,,,-0.19435998797,1.92000,0.00
,,,-0.19431999326,2.00000,0.00
,,,-0.19427999854,2.00000,0.00
,,,-0.19423998892,2.00000,0.00
,,,-0.19419999421,2.00000,0.00
,,,-0.19415999949,2.00000,0.00
,,,-0.19411998987,2.00000,0.00
,,,-0.19407999516,2.00000,0.00
,,,-0.19404000044,2.00000,0.00
,,,-0.19399999082,2.00000,0.00
,,,-0.19395999610,2.00000,0.00
,,,-0.19392000139,2.00000,0.00
,,,-0.19387999177,2.00000,0.00
,,,-0.19383999705,2.00000,0.00
,,,-0.19380000234,2.00000,0.00
,,,-0.19375999272,2.00000,0.00
,,,-0.19371999800,2.00000,0.00
,,,-0.19367998838,2.00000,0.00
,,,-0.19363999367,2.00000,0.00
,,,-0.19359999895,2.00000,0.00
,,,-0.19355998933,2.00000,0.00
,,,-0.19351999462,2.00000,0.00
,,,-0.19347999990,2.00000,0.00
,,,-0.19343999028,2.00000,0.00
,,,-0.19339999557,2.00000,0.00
,,,-0.19336000085,2.00000,0.00
,,,-0.19331999123,2.00000,0.00
,,,-0.19327999651,2.00000,0.00
,,,-0.19324000180,2.00000,0.00
,,,-0.19319999218,2.00000,0.00
,,,-0.19315999746,2.00000,0.00
,,,-0.19311998785,2.00000,0.00
,,,-0.19307999313,2.00000,0.00
,,,-0.19303999841,2.00000,0.00
,,,-0.19299998879,2.00000,0.00
,,,-0.19295999408,2.00000,0.00
,,,-0.19291999936,2.00000,0.00
,,,-0.19287998974,2.00000,0.00
,,,-0.19283999503,2.00000,0.00
,,,-0.19280000031,2.00000,0.00
,,,-0.19275999069,2.00000,0.00
,,,-0.19271999598,2.00000,0.00
,,,-0.19268000126,2.00000,0.00
,,,-0.19263999164,2.00000,0.00
,,,-0.19259999692,2.00000,0.00
,,,-0.19256000221,2.00000,0.00
,,,-0.19251999259,2.00000,0.00
,,,-0.19247999787,2.00000,0.00
,,,-0.19243998826,2.00000,0.00
,,,-0.19239999354,2.00000,0.00
,,,-0.19235999882,2.00000,0.00
,,,-0.19231998920,2.00000,0.00
,,,-0.19227999449,2.00000,0.00
,,,-0.19223999977,2.00000,0.00
,,,-0.19219999015,2.00000,0.00
,,,-0.19215999544,2.00000,0.00
,,,-0.19212000072,2.00000,0.00
,,,-0.19207999110,2.00000,0.00
,,,-0.19203999639,2.00000,0.00
,,,-0.19200000167,2.00000,0.00
,,,-0.19195999205,2.00000,0.00
,,,-0.19191999733,2.00000,0.00
,,,-0.19187998772,2.00000,0.00
,,,-0.19183999300,2.00000,0.00
,,,-0.19179999828,2.00000,0.00
,,,-0.19175998867,2.00000,0.00
,,,-0.19171999395,2.00000,0.00
,,,-0.19167999923,2.00000,0.00
,,,-0.19163998961,2.00000,0.00
,,,-0.19159999490,2.00000,0.00
,,,-0.19156000018,2.00000,-0.08000
,,,-0.19151999056,2.00000,0.00
,,,-0.19147999585,2.00000,0.00
,,,-0.19144000113,2.00000,0.00
,,,-0.19139999151,2.00000,0.00
,,,-0.19135999680,2.00000,0.00
,,,-0.19132000208,2.00000,0.00
,,,-0.19127999246,2.00000,0.00
,,,-0.19123999774,2.00000,0.00
,,,-0.19119998813,1.92000,0.00
,,,-0.19115999341,2.00000,0.08000
,,,-0.19111999869,2.00000,0.00
,,,-0.19107998908,2.00000,0.00
,,,-0.19103999436,2.00000,0.00
,,,-0.19099999964,2.00000,0.00
,,,-0.19095999002,2.00000,0.00
,,,-0.19091999531,2.00000,0.00
,,,-0.19088000059,2.00000,0.00
,,,-0.19083999097,1.92000,0.00
,,,-0.19079999626,2.00000,0.00
,,,-0.19076000154,2.00000,0.00
,,,-0.19071999192,2.00000,0.00
,,,-0.19067999721,2.00000,0.00
,,,-0.19064000249,2.00000,0.00
,,,-0.19059999287,2.00000,0.00
,,,-0.19055999815,2.00000,0.00
,,,-0.19051998854,2.00000,0.00
,,,-0.19047999382,2.00000,0.00
,,,-0.19043999910,2.00000,0.00
,,,-0.19039998949,2.00000,0.00
,,,-0.19035999477,2.00000,0.00
,,,-0.19032000005,2.00000,0.00
,,,-0.19027999043,2.00000,0.00
,,,-0.19023999572,2.00000,0.00
,,,-0.19020000100,2.00000,0.00
,,,-0.19015999138,2.00000,0.00
,,,-0.19011999667,2.00000,0.00
,,,-0.19008000195,2.00000,0.00
,,,-0.19003999233,1.92000,0.00
,,,-0.18999999762,2.00000,0.00
,,,-0.18995998800,2.00000,0.00
,,,-0.18991999328,2.00000,0.00
,,,-0.18987999856,2.00000,0.00
,,,-0.18983998895,2.00000,0.00
,,,-0.18979999423,1.92000,0.00
,,,-0.18975999951,2.00000,0.00
,,,-0.18971998990,2.00000,0.00
,,,-0.18967999518,2.00000,0.00
,,,-0.18964000046,2.00000,0.00
,,,-0.18959999084,2.00000,0.00
,,,-0.18955999613,2.00000,0.00
,,,-0.18952000141,2.00000,0.00
,,,-0.18947999179,2.08000,0.00
,,,-0.18943999708,2.00000,0.00
,,,-0.18940000236,2.00000,0.00
,,,-0.18935999274,2.00000,0.00
,,,-0.18931999803,2.00000,0.00
,,,-0.18927998841,1.92000,0.00
,,,-0.18923999369,2.00000,0.00
,,,-0.18919999897,2.00000,0.00
,,,-0.18915998936,2.00000,0.00
,,,-0.18911999464,2.00000,0.00
,,,-0.18907999992,2.00000,0.00
,,,-0.18903999031,2.00000,0.00
,,,-0.18899999559,2.00000,0.00
,,,-0.18896000087,2.00000,0.00
,,,-0.18891999125,2.00000,0.00
,,,-0.18887999654,2.00000,0.00
,,,-0.18884000182,2.00000,0.00
,,,-0.18879999220,2.00000,0.00
,,,-0.18875999749,2.00000,0.00
,,,-0.18871998787,2.08000,0.00
,,,-0.18867999315,2.00000,0.00
,,,-0.18863999844,2.00000,0.00
,,,-0.18859998882,2.00000,0.00
,,,-0.18855999410,1.92000,0.00
,,,-0.18851999938,2.00000,0.00
,,,-0.18847998977,2.00000,0.00
,,,-0.18843999505,2.00000,0.00
,,,-0.18840000033,2.00000,0.00
,,,-0.18835999072,2.00000,0.00
,,,-0.18831999600,2.00000,0.00
,,,-0.18828000128,2.00000,0.00
,,,-0.18823999166,2.00000,0.00
,,,-0.18819999695,2.00000,0.00
,,,-0.18816000223,2.00000,0.00
,,,-0.18811999261,2.00000,0.00
,,,-0.18807999790,2.00000,0.00
,,,-0.18803998828,2.00000,0.00
,,,-0.18799999356,2.00000,0.00
,,,-0.18795999885,2.00000,0.00
,,,-0.18791998923,2.00000,0.00
,,,-0.18787999451,2.00000,0.00
,,,-0.18783999979,2.00000,0.00
,,,-0.18779999018,2.00000,0.00
,,,-0.18775999546,2.00000,0.00
,,,-0.18772000074,2.00000,0.00
,,,-0.18767999113,2.00000,0.00
,,,-0.18763999641,2.00000,0.00
,,,-0.18760000169,2.00000,0.00
,,,-0.18755999207,2.00000,0.00
,,,-0.18751999736,2.00000,0.00
,,,-0.18748000264,2.00000,0.00
,,,-0.18743999302,2.00000,-0.08000
,,,-0.18739999831,2.00000,0.00
,,,-0.18735998869,2.00000,0.00
,,,-0.18731999397,2.00000,0.00
,,,-0.18727999926,2.00000,0.00
,,,-0.18723998964,2.00000,0.00
,,,-0.18719999492,2.00000,0.00
,,,-0.18716000021,2.00000,0.00
,,,-0.18711999059,2.00000,0.00
,,,-0.18707999587,2.00000,0.00
,,,-0.18704000115,2.00000,0.00
,,,-0.18699999154,2.00000,0.00
,,,-0.18695999682,1.92000,0.00
,,,-0.18692000210,2.00000,0.00
,,,-0.18687999249,2.00000,0.00
,,,-0.18683999777,2.00000,0.00
,,,-0.18679998815,2.00000,0.00
,,,-0.18675999343,1.92000,0.00
,,,-0.18671999872,2.00000,0.00
,,,-0.18667998910,2.00000,0.00
,,,-0.18663999438,2.00000,0.00
,,,-0.18659999967,2.00000,0.00
,,,-0.18655999005,1.92000,0.00
,,,-0.18651999533,2.00000,0.00
,,,-0.18648000062,2.00000,0.00
,,,-0.18643999100,2.00000,0.00
,,,-0.18639999628,2.00000,0.00
,,,-0.18636000156,2.00000,0.00
,,,-0.18631999195,2.00000,0.00
,,,-0.18627999723,2.00000,0.00
,,,-0.18624000251,2.00000,0.00
,,,-0.18619999290,2.00000,0.00
,,,-0.18615999818,2.00000,0.00
,,,-0.18611998856,2.00000,0.00
,,,-0.18607999384,2.00000,0.00
,,,-0.18603999913,2.00000,0.00
,,,-0.18599998951,2.00000,0.00
,,,-0.18595999479,2.00000,0.00
,,,-0.18592000008,2.00000,0.00
,,,-0.18587999046,2.00000,0.00
,,,-0.18583999574,2.00000,0.00
,,,-0.18580000103,2.00000,0.00
,,,-0.18575999141,2.00000,0.00
,,,-0.18571999669,1.92000,0.00
,,,-0.18568000197,2.00000,0.00
,,,-0.18563999236,2.00000,0.00
,,,-0.18559999764,2.00000,0.00
,,,-0.18555998802,2.00000,0.00
,,,-0.18551999331,2.00000,0.00
,,,-0.18547999859,2.00000,0.00
,,,-0.18543998897,2.00000,0.00
,,,-0.18539999425,2.00000,0.00
,,,-0.18535999954,2.00000,0.00
,,,-0.18531998992,2.00000,0.00
,,,-0.18527999520,2.00000,0.00
,,,-0.18524000049,2.00000,0.00
,,,-0.18519999087,2.00000,0.00
,,,-0.18515999615,2.00000,0.00
,,,-0.18512000144,2.00000,0.00
,,,-0.18507999182,2.00000,0.00
,,,-0.18503999710,2.00000,0.00
,,,-0.18500000238,2.00000,0.00
,,,-0.18495999277,2.08000,0.00
,,,-0.18491999805,2.00000,-0.08000
,,,-0.18487998843,2.00000,0.00
,,,-0.18483999372,2.00000,0.00
,,,-0.18479999900,2.00000,0.00
,,,-0.18475998938,2.08000,-0.08000
,,,-0.18471999466,1.92000,0.00
,,,-0.18467999995,2.00000,0.00
,,,-0.18463999033,1.92000,0.00
,,,-0.18459999561,2.00000,0.00
,,,-0.18456000090,2.00000,0.00
,,,-0.18451999128,2.00000,0.00
,,,-0.18447999656,2.00000,0.00
,,,-0.18444000185,2.00000,0.00
,,,-0.18439999223,2.00000,0.00
,,,-0.18435999751,2.00000,0.00
,,,-0.18432000279,2.00000,0.00
,,,-0.18427999318,2.00000,0.00
,,,-0.18423999846,2.00000,0.00
,,,-0.18419998884,2.00000,0.00
,,,-0.18415999413,2.00000,0.00
,,,-0.18411999941,2.00000,0.00
,,,-0.18407998979,2.00000,0.00
,,,-0.18403999507,2.00000,0.00
,,,-0.18400000036,2.00000,0.00
,,,-0.18395999074,2.00000,0.00
,,,-0.18391999602,2.00000,0.00
,,,-0.18388000131,2.00000,0.00
,,,-0.18383999169,2.00000,-0.08000
,,,-0.18379999697,2.00000,0.00
,,,-0.18376000226,2.00000,0.00
,,,-0.18371999264,2.00000,0.00
,,,-0.18367999792,2.00000,0.00
,,,-0.18363998830,2.00000,0.00
,,,-0.18359999359,2.08000,0.00
,,,-0.18355999887,2.00000,0.00
,,,-0.18351998925,2.00000,0.00
,,,-0.18347999454,2.00000,0.00
,,,-0.18343999982,2.00000,0.00
,,,-0.18339999020,2.00000,0.00
,,,-0.18335999548,2.00000,0.00
,,,-0.18332000077,2.00000,0.00
,,,-0.18327999115,2.00000,0.00
,,,-0.18323999643,2.00000,0.00
,,,-0.18320000172,2.00000,0.00
,,,-0.18315999210,2.00000,0.00
,,,-0.18311999738,2.00000,0.00
,,,-0.18308000267,2.00000,0.00
,,,-0.18303999305,2.00000,0.00
,,,-0.18299999833,1.92000,0.00
,,,-0.18295998871,2.00000,0.00
,,,-0.18291999400,1.92000,0.00
,,,-0.18287999928,2.00000,0.00
,,,-0.18283998966,2.00000,0.00
,,,-0.18279999495,2.00000,0.00
,,,-0.18276000023,2.00000,0.00
,,,-0.18271999061,2.00000,0.00
,,,-0.18267999589,2.00000,0.00
,,,-0.18264000118,2.00000,0.00
,,,-0.18259999156,1.92000,0.00
,,,-0.18255999684,2.00000,0.00
,,,-0.18252000213,2.00000,0.00
,,,-0.18247999251,2.00000,0.00
,,,-0.18243999779,2.00000,0.00
,,,-0.18239998817,2.00000,-0.08000
,,,-0.18235999346,2.00000,0.00
,,,-0.18231999874,2.00000,0.00
,,,-0.18227998912,2.00000,0.00
,,,-0.18223999441,2.00000,0.00
,,,-0.18219999969,2.00000,0.00
,,,-0.18215999007,2.00000,0.00
,,,-0.18211999536,2.00000,0.00
,,,-0.18208000064,2.00000,0.00
,,,-0.18203999102,2.00000,0.00
,,,-0.18199999630,2.00000,0.00
,,,-0.18196000159,2.00000,0.00
,,,-0.18191999197,2.00000,0.00
,,,-0.18187999725,2.00000,0.00
,,,-0.18184000254,2.00000,0.00
,,,-0.18179999292,2.00000,0.00
,,,-0.18175999820,2.00000,0.00
,,,-0.18171998858,2.00000,0.00
,,,-0.18167999387,2.00000,0.00
,,,-0.18163999915,2.00000,0.00
,,,-0.18159998953,2.00000,0.00
,,,-0.18155999482,2.00000,0.00
,,,-0.18152000010,2.00000,0.00
,,,-0.18147999048,2.00000,0.00
,,,-0.18143999577,2.00000,0.00
,,,-0.18140000105,2.00000,0.00
,,,-0.18135999143,2.08000,0.00
,,,-0.18131999671,2.00000,0.00
,,,-0.18128000200,2.00000,0.00
,,,-0.18123999238,2.00000,0.00
,,,-0.18119999766,2.00000,0.00
,,,-0.18115998805,2.00000,0.00
,,,-0.18111999333,2.00000,0.00
,,,-0.18107999861,2.00000,0.00
,,,-0.18103998899,2.00000,0.00
,,,-0.18099999428,2.00000,0.00
,,,-0.18095999956,2.00000,0.00
,,,-0.18091998994,2.00000,0.00
,,,-0.18087999523,2.00000,0.00
,,,-0.18084000051,2.00000,0.00
,,,-0.18079999089,2.00000,0.00
,,,-0.18075999618,2.00000,0.00
,,,-0.18072000146,2.00000,0.00
,,,-0.18067999184,2.00000,0.00
,,,-0.18063999712,2.00000,0.00
,,,-0.18060000241,2.00000,0.00
,,,-0.18055999279,2.00000,0.00
,,,-0.18051999807,2.00000,0.00
,,,-0.18047998846,2.00000,0.00
,,,-0.18043999374,2.00000,0.00
,,,-0.18039999902,2.00000,0.00
,,,-0.18035998940,2.00000,0.00
,,,-0.18031999469,2.00000,0.00
,,,-0.18027999997,2.00000,0.00
,,,-0.18023999035,2.00000,0.00
,,,-0.18019999564,2.00000,0.00
,,,-0.18016000092,2.00000,0.00
,,,-0.18011999130,2.00000,0.00
,,,-0.18007999659,1.92000,0.00
,,,-0.18004000187,2.00000,0.00
,,,-0.17999999225,2.00000,0.00
,,,-0.17995999753,2.00000,0.00
,,,-0.17992000282,2.00000,0.00
,,,-0.17987999320,2.00000,0.00
,,,-0.17983999848,2.00000,0.00
,,,-0.17979998887,2.00000,0.00
,,,-0.17975999415,2.00000,0.00
,,,-0.17971999943,2.00000,0.00
,,,-0.17967998981,2.00000,0.00
,,,-0.17963999510,2.00000,0.00
,,,-0.17960000038,2.00000,0.00
,,,-0.17955999076,2.08000,0.00
,,,-0.17951999605,2.00000,0.00
,,,-0.17948000133,2.00000,0.00
,,,-0.17943999171,2.00000,0.00
,,,-0.17939999700,2.00000,0.00
,,,-0.17936000228,2.00000,0.00
,,,-0.17931999266,2.00000,0.00
,,,-0.17927999794,2.00000,0.00
,,,-0.17923998833,2.00000,0.00
,,,-0.17919999361,2.00000,0.00
,,,-0.17915999889,2.00000,0.00
,,,-0.17911998928,2.00000,0.00
,,,-0.17907999456,2.00000,0.00
,,,-0.17903999984,2.00000,0.00
,,,-0.17899999022,2.00000,0.00
,,,-0.17895999551,2.00000,0.00
,,,-0.17892000079,2.00000,0.00
,,,-0.17887999117,2.00000,0.00
,,,-0.17883999646,2.00000,0.00
,,,-0.17880000174,2.00000,0.00
,,,-0.17875999212,2.00000,0.00
,,,-0.17871999741,2.00000,0.00
,,,-0.17868000269,2.00000,0.00
,,,-0.17863999307,2.00000,0.00
,,,-0.17859999835,2.00000,0.00
,,,-0.17855998874,2.00000,0.00
,,,-0.17851999402,2.00000,0.00
,,,-0.17847999930,2.00000,0.00
,,,-0.17843998969,2.00000,0.00
,,,-0.17839999497,2.00000,0.00
,,,-0.17836000025,2.00000,0.00
,,,-0.17831999063,2.00000,0.00
,,,-0.17827999592,2.00000,0.00
,,,-0.17824000120,2.00000,0.00
,,,-0.17819999158,2.00000,0.00
,,,-0.17815999687,2.00000,0.00
,,,-0.17812000215,2.00000,0.00
,,,-0.17807999253,2.00000,0.00
,,,-0.17803999782,2.00000,0.00
,,,-0.17799998820,2.00000,0.00
,,,-0.17795999348,2.00000,0.00
,,,-0.17791999876,1.92000,0.00
,,,-0.17787998915,2.00000,-0.08000
,,,-0.17783999443,2.00000,0.00
,,,-0.17779999971,1.92000,0.00
,,,-0.17775999010,2.00000,0.00
,,,-0.17771999538,2.00000,0.00
,,,-0.17768000066,2.00000,0.00
,,,-0.17763999104,2.00000,0.00
,,,-0.17759999633,2.00000,0.00
,,,-0.17756000161,2.00000,0.00
,,,-0.17751999199,2.00000,0.00
,,,-0.17747999728,2.00000,0.00
,,,-0.17744000256,2.00000,0.00
,,,-0.17739999294,2.00000,0.00
,,,-0.17735999823,2.00000,0.00
,,,-0.17731998861,2.00000,0.00
,,,-0.17727999389,2.00000,0.00
,,,-0.17723999918,2.00000,0.00
,,,-0.17719998956,2.00000,0.00
,,,-0.17715999484,2.00000,0.00
,,,-0.17712000012,2.00000,0.00
,,,-0.17707999051,2.00000,0.00
,,,-0.17703999579,2.00000,0.00
,,,-0.17700000107,2.00000,0.00
,,,-0.17695999146,2.00000,0.00
,,,-0.17691999674,2.00000,0.00
,,,-0.17688000202,2.00000,0.00
,,,-0.17683999240,2.00000,0.00
,,,-0.17679999769,2.00000,0.00
,,,-0.17676000297,2.00000,0.00
,,,-0.17671999335,2.00000,0.00
,,,-0.17667999864,2.00000,0.00
,,,-0.17663998902,2.00000,0.00
,,,-0.17659999430,2.00000,0.00
,,,-0.17655999959,2.00000,0.00
,,,-0.17651998997,2.00000,0.00
,,,-0.17647999525,2.00000,0.00
,,,-0.17644000053,2.00000,0.00
,,,-0.17639999092,2.00000,0.00
,,,-0.17635999620,2.00000,0.00
,,,-0.17632000148,2.00000,0.00
,,,-0.17627999187,2.00000,0.00
,,,-0.17623999715,2.00000,0.00
,,,-0.17620000243,1.92000,0.00
,,,-0.17615999281,2.00000,0.00
,,,-0.17611999810,2.00000,0.00
,,,-0.17607998848,2.00000,0.00
,,,-0.17603999376,2.00000,0.00
,,,-0.17599999905,2.00000,0.00
,,,-0.17595998943,2.00000,0.00
,,,-0.17591999471,2.00000,0.00
,,,-0.17588000000,2.00000,0.00
,,,-0.17583999038,2.00000,0.00
,,,-0.17579999566,2.00000,0.00
,,,-0.17576000094,2.00000,0.00
,,,-0.17571999133,2.00000,0.00
,,,-0.17567999661,2.00000,0.00
,,,-0.17564000189,1.92000,0.00
,,,-0.17559999228,2.00000,0.00
,,,-0.17555999756,1.92000,0.00
,,,-0.17552000284,2.00000,0.00
,,,-0.17547999322,2.00000,0.00
,,,-0.17543999851,2.00000,0.00
,,,-0.17539998889,2.00000,0.00
,,,-0.17535999417,2.00000,0.00
,,,-0.17531999946,2.00000,0.00
,,,-0.17527998984,2.00000,0.00
,,,-0.17523999512,2.00000,0.00
,,,-0.17520000041,2.00000,0.00
,,,-0.17515999079,2.00000,0.00
,,,-0.17511999607,2.00000,0.00
,,,-0.17508000135,2.00000,0.00
,,,-0.17503999174,2.00000,0.00
,,,-0.17499999702,2.00000,0.00
,,,-0.17496000230,2.00000,0.00
,,,-0.17491999269,2.00000,0.00
,,,-0.17487999797,2.00000,0.00
,,,-0.17483998835,2.00000,0.00
,,,-0.17479999363,2.00000,0.00
,,,-0.17475999892,2.00000,0.00
,,,-0.17471998930,2.00000,0.00
,,,-0.17467999458,1.92000,0.00
,,,-0.17463999987,2.00000,0.00
,,,-0.17459999025,2.00000,0.00
,,,-0.17455999553,2.00000,0.00
,,,-0.17452000082,2.00000,0.00
,,,-0.17447999120,2.00000,0.00
,,,-0.17443999648,2.00000,0.00
,,,-0.17440000176,2.00000,0.00
,,,-0.17435999215,2.00000,0.00
,,,-0.17431999743,2.00000,0.00
,,,-0.17428000271,2.00000,0.00
,,,-0.17423999310,2.00000,0.00
,,,-0.17419999838,2.00000,0.00
,,,-0.17415998876,2.00000,0.00
,,,-0.17411999404,2.00000,0.00
,,,-0.17407999933,2.00000,0.00
,,,-0.17403998971,2.00000,0.00
,,,-0.17399999499,1.92000,0.00
,,,-0.17396000028,2.00000,0.00
,,,-0.17391999066,2.00000,0.00
,,,-0.17387999594,2.00000,0.00
,,,-0.17384000123,2.00000,0.00
,,,-0.17379999161,2.00000,0.00
,,,-0.17375999689,2.00000,0.00
,,,-0.17372000217,2.00000,0.00
,,,-0.17367999256,2.00000,0.00
,,,-0.17363999784,2.00000,0.00
,,,-0.17359998822,2.00000,0.00
,,,-0.17355999351,2.00000,0.00
,,,-0.17351999879,2.00000,0.00
,,,-0.17347998917,2.00000,0.00
,,,-0.17343999445,2.00000,0.00
,,,-0.17339999974,2.00000,0.00
,,,-0.17335999012,2.00000,0.00
,,,-0.17331999540,2.00000,0.00
,,,-0.17328000069,2.00000,0.00
,,,-0.17323999107,2.00000,0.00
,,,-0.17319999635,2.00000,0.00
,,,-0.17316000164,2.00000,0.00
,,,-0.17311999202,2.00000,0.00
,,,-0.17307999730,2.00000,0.00
,,,-0.17304000258,2.00000,0.00
,,,-0.17299999297,2.00000,0.00
,,,-0.17295999825,2.00000,0.00
,,,-0.17291998863,2.00000,0.00
,,,-0.17287999392,2.00000,0.00
,,,-0.17283999920,2.00000,0.00
,,,-0.17279998958,2.00000,0.00
,,,-0.17275999486,2.00000,0.00
,,,-0.17272000015,2.00000,0.00
,,,-0.17267999053,2.00000,0.00
,,,-0.17263999581,2.00000,0.00
,,,-0.17260000110,2.00000,0.00
,,,-0.17255999148,2.00000,0.00
,,,-0.17251999676,2.00000,0.00
,,,-0.17248000205,2.00000,0.00
,,,-0.17243999243,2.00000,0.00
,,,-0.17239999771,2.00000,0.00
,,,-0.17236000299,2.00000,0.00
,,,-0.17231999338,2.00000,0.00
,,,-0.17227999866,2.00000,0.00
,,,-0.17223998904,2.00000,0.00
,,,-0.17219999433,2.00000,0.00
,,,-0.17215999961,2.00000,0.00
,,,-0.17211998999,2.00000,0.00
,,,-0.17207999527,2.00000,0.00
,,,-0.17204000056,2.00000,0.00
,,,-0.17199999094,2.00000,0.00
,,,-0.17195999622,2.00000,0.00
,,,-0.17192000151,2.00000,0.00
,,,-0.17187999189,2.00000,0.00
,,,-0.17183999717,2.00000,0.00
,,,-0.17180000246,2.00000,0.00
,,,-0.17175999284,2.00000,0.00
,,,-0.17171999812,2.00000,0.00
,,,-0.17167998850,2.00000,0.00
,,,-0.17163999379,2.00000,0.00
,,,-0.17159999907,2.00000,0.00
,,,-0.17155998945,2.00000,0.00
,,,-0.17151999474,2.00000,0.00
,,,-0.17148000002,2.00000,0.00
,,,-0.17143999040,2.00000,0.00
,,,-0.17139999568,1.92000,0.00
,,,-0.17136000097,2.00000,0.00
,,,-0.17131999135,2.00000,0.00
,,,-0.17127999663,2.00000,0.00
,,,-0.17124000192,2.00000,0.00
,,,-0.17119999230,1.92000,0.00
,,,-0.17115999758,1.92000,0.00
,,,-0.17112000287,2.00000,0.00
,,,-0.17107999325,2.00000,0.00
,,,-0.17103999853,2.00000,0.00
,,,-0.17099998891,2.00000,0.00
,,,-0.17095999420,2.00000,0.00
,,,-0.17091999948,2.00000,-0.08000
,,,-0.17087998986,2.00000,0.00
,,,-0.17083999515,2.00000,0.00
,,,-0.17080000043,2.00000,0.00
,,,-0.17075999081,2.00000,0.00
,,,-0.17071999609,2.00000,0.00
,,,-0.17068000138,2.00000,0.00
,,,-0.17063999176,2.00000,0.00
,,,-0.17059999704,2.00000,0.00
,,,-0.17056000233,2.00000,0.00
,,,-0.17051999271,2.00000,0.00
,,,-0.17047999799,2.00000,0.00
,,,-0.17043998837,2.00000,0.00
,,,-0.17039999366,2.00000,0.00
,,,-0.17035999894,2.00000,0.00
,,,-0.17031998932,2.00000,0.00
,,,-0.17027999461,2.00000,0.00
,,,-0.17023999989,2.00000,0.00
,,,-0.17019999027,2.00000,0.00
,,,-0.17015999556,1.92000,0.00
,,,-0.17012000084,2.00000,0.00
,,,-0.17007999122,2.00000,0.00
,,,-0.17003999650,1.92000,0.00
,,,-0.17000000179,1.92000,0.00
,,,-0.16995999217,2.00000,0.00
,,,-0.16991999745,2.00000,0.00
,,,-0.16988000274,2.00000,0.00
,,,-0.16983999312,2.00000,0.00
,,,-0.16979999840,2.00000,0.00
,,,-0.16975998878,2.00000,0.00
,,,-0.16971999407,2.00000,0.00
,,,-0.16967999935,2.00000,0.00
,,,-0.16963998973,2.00000,0.00
,,,-0.16959999502,2.00000,0.00
,,,-0.16956000030,2.00000,0.00
,,,-0.16951999068,2.00000,0.00
,,,-0.16947999597,2.00000,0.00
,,,-0.16944000125,2.00000,0.00
,,,-0.16939999163,1.92000,0.00
,,,-0.16935999691,2.08000,0.00
,,,-0.16932000220,2.00000,0.00
,,,-0.16927999258,2.00000,0.00
,,,-0.16923999786,2.00000,0.00
,,,-0.16920000315,2.00000,0.00
,,,-0.16915999353,2.00000,0.00
,,,-0.16911999881,2.00000,0.00
,,,-0.16907998919,2.00000,0.00
,,,-0.16903999448,2.00000,0.00
,,,-0.16899999976,2.00000,0.00
,,,-0.16895999014,2.00000,0.00
,,,-0.16891999543,2.00000,0.00
,,,-0.16888000071,2.00000,0.00
,,,-0.16883999109,2.00000,0.00
,,,-0.16879999638,2.00000,0.00
,,,-0.16876000166,2.00000,0.00
,,,-0.16871999204,2.00000,0.00
,,,-0.16867999732,2.00000,0.00
,,,-0.16864000261,2.00000,0.00
,,,-0.16859999299,2.00000,0.00
,,,-0.16855999827,2.00000,0.00
,,,-0.16851998866,2.00000,0.00
,,,-0.16847999394,2.00000,0.00
,,,-0.16843999922,2.00000,0.00
,,,-0.16839998960,2.00000,0.00
,,,-0.16835999489,2.00000,0.00
,,,-0.16832000017,2.00000,0.00
,,,-0.16827999055,2.00000,0.00
,,,-0.16823999584,2.00000,0.00
,,,-0.16820000112,2.00000,0.00
,,,-0.16815999150,2.00000,0.00
,,,-0.16811999679,2.00000,0.00
,,,-0.16808000207,2.00000,0.00
,,,-0.16803999245,2.00000,0.00
,,,-0.16799999774,2.00000,0.00
,,,-0.16796000302,2.00000,0.00
,,,-0.16791999340,2.00000,0.00
,,,-0.16787999868,2.00000,0.00
,,,-0.16783998907,2.00000,0.00
,,,-0.16779999435,2.00000,0.00
,,,-0.16775999963,2.00000,0.00
,,,-0.16771999002,1.92000,0.00
,,,-0.16767999530,2.00000,0.00
,,,-0.16764000058,2.00000,0.00
,,,-0.16759999096,2.00000,0.00
,,,-0.16755999625,2.00000,0.00
,,,-0.16752000153,2.00000,0.00
,,,-0.16747999191,2.00000,0.00
,,,-0.16743999720,2.00000,0.00
,,,-0.16740000248,2.00000,0.00
,,,-0.16735999286,1.92000,0.00
,,,-0.16731999815,2.00000,0.00
,,,-0.16727998853,2.00000,0.00
,,,-0.16723999381,2.00000,0.00
,,,-0.16719999909,2.00000,0.00
,,,-0.16715998948,2.00000,0.00
,,,-0.16711999476,2.00000,0.00
,,,-0.16708000004,2.00000,0.00
,,,-0.16703999043,2.00000,0.00
,,,-0.16699999571,2.00000,0.00
,,,-0.16696000099,1.92000,0.00
,,,-0.16691999137,2.00000,0.00
,,,-0.16687999666,2.00000,0.00
,,,-0.16684000194,2.00000,0.00
,,,-0.16679999232,2.00000,0.00
,,,-0.16675999761,2.00000,0.00
,,,-0.16672000289,2.00000,0.00
,,,-0.16667999327,2.00000,0.00
,,,-0.16663999856,2.00000,0.00
,,,-0.16659998894,2.00000,0.00
,,,-0.16655999422,2.00000,0.00
,,,-0.16651999950,2.00000,0.00
,,,-0.16647998989,2.00000,0.00
,,,-0.16643999517,2.00000,0.00
,,,-0.16640000045,2.00000,0.00
,,,-0.16635999084,2.00000,0.00
,,,-0.16631999612,2.00000,0.00
,,,-0.16628000140,2.00000,0.00
,,,-0.16623999178,2.00000,0.00
,,,-0.16619999707,1.92000,0.00
,,,-0.16616000235,2.00000,0.00
,,,-0.16611999273,2.00000,0.00
,,,-0.16607999802,2.00000,0.00
,,,-0.16603998840,1.92000,0.00
,,,-0.16599999368,2.00000,0.00
,,,-0.16595999897,2.00000,0.00
,,,-0.16591998935,2.00000,0.00
,,,-0.16587999463,2.00000,0.00
,,,-0.16583999991,2.00000,0.00
,,,-0.16579999030,2.00000,0.00
,,,-0.16575999558,2.00000,0.00
,,,-0.16572000086,2.00000,0.00
,,,-0.16567999125,2.00000,0.00
,,,-0.16563999653,2.00000,0.00
,,,-0.16560000181,2.00000,0.00
,,,-0.16555999219,2.00000,0.00
,,,-0.16551999748,2.00000,0.00
,,,-0.16548000276,2.00000,0.00
,,,-0.16543999314,2.00000,0.00
,,,-0.16539999843,1.92000,0.00
,,,-0.16535998881,2.00000,0.00
,,,-0.16531999409,2.00000,0.00
,,,-0.16527999938,2.00000,0.00
,,,-0.16523998976,2.00000,0.00
,,,-0.16519999504,2.00000,0.00
,,,-0.16516000032,2.00000,0.00
,,,-0.16511999071,2.00000,0.00
,,,-0.16507999599,2.00000,0.00
,,,-0.16504000127,2.00000,0.00
,,,-0.16499999166,2.00000,0.00
,,,-0.16495999694,2.00000,0.00
,,,-0.16492000222,2.00000,0.00
,,,-0.16487999260,2.00000,0.00
,,,-0.16483999789,2.00000,0.00
,,,-0.16480000317,2.00000,0.00
,,,-0.16475999355,2.00000,0.00
,,,-0.16471999884,2.00000,0.00
,,,-0.16467998922,2.00000,-0.08000
,,,-0.16463999450,2.00000,0.00
,,,-0.16459999979,2.00000,0.00
,,,-0.16455999017,1.92000,0.00
,,,-0.16451999545,2.00000,0.00
,,,-0.16448000073,2.00000,0.00
,,,-0.16443999112,2.00000,0.00
,,,-0.16439999640,2.00000,0.00
,,,-0.16436000168,2.00000,0.00
,,,-0.16431999207,2.00000,0.00
,,,-0.16427999735,2.00000,0.00
,,,-0.16424000263,2.00000,0.00
,,,-0.16419999301,2.00000,0.00
,,,-0.16415999830,2.00000,0.00
,,,-0.16411998868,2.00000,0.00
,,,-0.16407999396,2.00000,0.00
,,,-0.16403999925,2.00000,0.00
,,,-0.16399998963,2.00000,0.00
,,,-0.16395999491,2.00000,0.00
,,,-0.16392000020,2.00000,0.00
,,,-0.16387999058,2.00000,0.00
,,,-0.16383999586,2.00000,0.00
,,,-0.16380000114,1.92000,0.00
,,,-0.16375999153,2.00000,0.00
,,,-0.16371999681,2.00000,0.00
,,,-0.16368000209,2.00000,0.00
,,,-0.16363999248,2.00000,0.00
,,,-0.16359999776,2.00000,0.00
,,,-0.16356000304,2.00000,0.00
,,,-0.16351999342,2.00000,0.00
,,,-0.16347999871,2.00000,0.00
,,,-0.16343998909,2.00000,0.00
,,,-0.16339999437,2.00000,0.00
,,,-0.16335999966,1.92000,0.00
,,,-0.16331999004,2.00000,0.00
,,,-0.16327999532,2.00000,0.00
,,,-0.16324000061,2.00000,0.00
,,,-0.16319999099,2.00000,0.00
,,,-0.16315999627,2.00000,0.00
,,,-0.16312000155,2.00000,0.00
,,,-0.16307999194,1.92000,0.00
,,,-0.16303999722,2.00000,0.00
,,,-0.16300000250,2.00000,0.00
,,,-0.16295999289,2.00000,0.00
,,,-0.16291999817,2.00000,0.00
,,,-0.16287998855,1.92000,0.00
,,,-0.16283999383,2.00000,0.00
,,,-0.16279999912,2.00000,0.00
,,,-0.16275998950,2.00000,0.00
,,,-0.16271999478,2.00000,0.00
,,,-0.16268000007,2.00000,0.00
,,,-0.16263999045,2.00000,0.00
,,,-0.16259999573,2.00000,0.00
,,,-0.16256000102,1.92000,0.00
,,,-0.16251999140,2.00000,0.00
,,,-0.16247999668,2.00000,0.00
,,,-0.16244000196,2.00000,0.00
,,,-0.16239999235,2.00000,0.00
,,,-0.16235999763,2.00000,0.00
,,,-0.16232000291,2.00000,0.00
,,,-0.16227999330,2.00000,0.00
,,,-0.16223999858,2.00000,0.00
,,,-0.16219998896,2.00000,0.00
,,,-0.16215999424,2.00000,0.00
,,,-0.16211999953,2.08000,0.00
,,,-0.16207998991,2.00000,0.00
,,,-0.16203999519,2.00000,0.00
,,,-0.16200000048,2.00000,0.00
,,,-0.16195999086,1.92000,0.00
,,,-0.16191999614,2.00000,0.00
,,,-0.16188000143,2.00000,0.00
,,,-0.16183999181,2.00000,0.00
,,,-0.16179999709,2.00000,0.00
,,,-0.16176000237,1.92000,0.00
,,,-0.16171999276,2.00000,0.00
,,,-0.16167999804,2.00000,0.00
,,,-0.16164000332,2.00000,0.00
,,,-0.16159999371,2.00000,0.00
,,,-0.16155999899,2.00000,0.00
,,,-0.16151998937,2.00000,0.00
,,,-0.16147999465,2.00000,0.00
,,,-0.16143999994,2.00000,0.00
,,,-0.16139999032,2.00000,0.00
,,,-0.16135999560,2.00000,0.00
,,,-0.16132000089,2.00000,0.00
,,,-0.16127999127,2.00000,0.00
,,,-0.16123999655,2.00000,0.00
,,,-0.16120000184,2.00000,0.00
,,,-0.16115999222,2.00000,0.00
,,,-0.16111999750,2.00000,0.00
,,,-0.16108000278,2.00000,0.00
,,,-0.16103999317,2.00000,0.00
,,,-0.16099999845,2.00000,0.00
,,,-0.16095998883,2.00000,0.00
,,,-0.16091999412,2.00000,0.00
,,,-0.16087999940,2.00000,0.00
,,,-0.16083998978,2.00000,0.00
,,,-0.16079999506,2.00000,0.00
,,,-0.16076000035,2.00000,0.00
,,,-0.16071999073,2.00000,0.00
,,,-0.16067999601,2.00000,0.00
,,,-0.16064000130,2.00000,0.00
,,,-0.16059999168,2.00000,0.00
,,,-0.16055999696,1.92000,0.00
,,,-0.16052000225,2.00000,0.00
,,,-0.16047999263,2.00000,0.00
,,,-0.16043999791,2.00000,0.00
,,,-0.16040000319,2.00000,0.00
,,,-0.16035999358,2.00000,0.00
,,,-0.16031999886,2.00000,0.00
,,,-0.16027998924,2.00000,0.00
,,,-0.16023999453,2.00000,0.00
,,,-0.16019999981,2.00000,0.00
,,,-0.16015999019,2.00000,0.00
,,,-0.16011999547,2.00000,0.00
,,,-0.16008000076,2.00000,0.00
,,,-0.16003999114,2.00000,0.00
,,,-0.15999999642,2.00000,0.00
,,,-0.15996000171,2.00000,0.00
,,,-0.15991999209,2.00000,0.00
,,,-0.15987999737,1.92000,0.00
,,,-0.15984000266,2.00000,0.00
,,,-0.15979999304,2.00000,0.00
,,,-0.15975999832,2.00000,0.00
,,,-0.15971998870,2.00000,0.00
,,,-0.15967999399,2.00000,0.00
,,,-0.15963999927,2.00000,0.00
,,,-0.15959998965,2.00000,0.00
,,,-0.15955999494,2.00000,0.00
,,,-0.15952000022,2.00000,0.00
,,,-0.15947999060,2.00000,0.00
,,,-0.15943999588,2.00000,0.00
,,,-0.15940000117,2.00000,0.00
,,,-0.15935999155,2.00000,0.00
,,,-0.15931999683,2.00000,0.00
,,,-0.15928000212,2.00000,0.00
,,,-0.15923999250,2.00000,0.00
,,,-0.15919999778,2.00000,0.00
,,,-0.15916000307,2.00000,0.00
,,,-0.15911999345,2.00000,0.00
,,,-0.15907999873,2.00000,0.00
,,,-0.15903998911,2.00000,0.00
,,,-0.15899999440,2.00000,0.00
,,,-0.15895999968,2.00000,0.00
,,,-0.15891999006,2.00000,0.00
,,,-0.15887999535,2.00000,0.00
,,,-0.15884000063,2.00000,0.00
,,,-0.15879999101,2.00000,0.00
,,,-0.15875999629,2.00000,0.00
,,,-0.15872000158,2.00000,0.00
,,,-0.15867999196,2.00000,0.00
,,,-0.15863999724,2.00000,0.00
,,,-0.15860000253,2.00000,0.00
,,,-0.15855999291,2.00000,0.00
,,,-0.15851999819,2.00000,0.00
,,,-0.15847998857,2.00000,0.00
,,,-0.15843999386,2.00000,0.00
,,,-0.15839999914,2.00000,0.00
,,,-0.15835998952,2.00000,0.00
,,,-0.15831999481,2.00000,0.00
,,,-0.15828000009,2.00000,0.00
,,,-0.15823999047,2.00000,0.00
,,,-0.15819999576,2.00000,0.00
,,,-0.15816000104,2.00000,0.00
,,,-0.15811999142,2.00000,0.00
,,,-0.15807999671,2.00000,0.00
,,,-0.15804000199,2.00000,0.00
,,,-0.15799999237,2.00000,0.00
,,,-0.15795999765,2.00000,0.00
,,,-0.15792000294,2.00000,0.00
,,,-0.15787999332,2.00000,0.00
,,,-0.15783999860,2.00000,0.00
,,,-0.15779998899,2.00000,0.00
,,,-0.15775999427,2.00000,0.00
,,,-0.15771999955,2.00000,0.00
,,,-0.15767998993,2.00000,0.00
,,,-0.15763999522,2.00000,0.00
,,,-0.15760000050,2.00000,0.00
,,,-0.15755999088,2.00000,0.00
,,,-0.15751999617,2.00000,0.00
,,,-0.15748000145,2.00000,0.00
,,,-0.15743999183,1.92000,0.00
,,,-0.15739999712,1.92000,0.00
,,,-0.15736000240,2.00000,0.00
,,,-0.15731999278,2.00000,0.00
,,,-0.15727999806,2.00000,0.00
,,,-0.15724000335,2.00000,0.00
,,,-0.15719999373,2.00000,0.00
,,,-0.15715999901,2.00000,0.00
,,,-0.15711998940,2.00000,0.00
,,,-0.15707999468,2.00000,0.00
,,,-0.15703999996,2.00000,0.00
,,,-0.15699999034,1.92000,0.00
,,,-0.15695999563,2.00000,0.00
,,,-0.15692000091,2.00000,0.00
,,,-0.15687999129,2.00000,0.00
,,,-0.15683999658,2.00000,0.00
,,,-0.15680000186,2.00000,0.00
,,,-0.15675999224,2.00000,0.00
,,,-0.15671999753,2.00000,0.00
,,,-0.15668000281,2.00000,0.00
,,,-0.15663999319,2.00000,0.00
,,,-0.15659999847,2.00000,0.08000
,,,-0.15655998886,2.00000,0.00
,,,-0.15651999414,2.00000,0.00
,,,-0.15647999942,2.00000,0.00
,,,-0.15643998981,2.00000,0.00
,,,-0.15639999509,2.00000,0.00
,,,-0.15636000037,2.00000,0.00
,,,-0.15631999075,2.00000,0.00
,,,-0.15627999604,2.00000,0.00
,,,-0.15624000132,1.92000,0.00
,,,-0.15619999170,2.00000,-0.08000
,,,-0.15615999699,2.00000,0.00
,,,-0.15612000227,2.00000,0.00
,,,-0.15607999265,2.00000,0.00
,,,-0.15603999794,2.00000,0.00
,,,-0.15600000322,1.92000,0.00
,,,-0.15595999360,2.00000,0.00
,,,-0.15591999888,2.00000,0.00
,,,-0.15587998927,2.00000,0.00
,,,-0.15583999455,2.00000,0.00
,,,-0.15579999983,2.00000,0.00
,,,-0.15575999022,2.00000,0.00
,,,-0.15571999550,2.00000,0.00
,,,-0.15568000078,1.92000,0.00
,,,-0.15563999116,2.00000,0.00
,,,-0.15559999645,2.00000,0.00
,,,-0.15556000173,2.00000,0.00
,,,-0.15551999211,2.00000,0.00
,,,-0.15547999740,2.00000,0.00
,,,-0.15544000268,2.00000,0.00
,,,-0.15539999306,2.00000,0.00
,,,-0.15535999835,2.00000,0.00
,,,-0.15531998873,2.00000,0.00
,,,-0.15527999401,2.00000,0.08000
,,,-0.15523999929,2.00000,0.00
,,,-0.15519998968,2.00000,0.00
,,,-0.15515999496,2.00000,0.00
,,,-0.15512000024,2.00000,0.00
,,,-0.15507999063,2.00000,0.08000
,,,-0.15503999591,2.00000,0.00
,,,-0.15500000119,2.08000,0.00
,,,-0.15495999157,2.00000,0.00
,,,-0.15491999686,2.00000,0.00
,,,-0.15488000214,2.00000,0.00
,,,-0.15483999252,2.00000,0.00
,,,-0.15479999781,2.00000,0.00
,,,-0.15476000309,2.00000,0.00
,,,-0.15471999347,2.00000,0.00
,,,-0.15467999876,2.00000,0.00
,,,-0.15463998914,2.00000,0.00
,,,-0.15459999442,1.92000,0.00
,,,-0.15455999970,2.00000,0.00
,,,-0.15451999009,2.00000,0.00
,,,-0.15447999537,2.00000,0.00
,,,-0.15444000065,2.00000,0.00
,,,-0.15439999104,2.00000,0.00
,,,-0.15435999632,2.00000,0.00
,,,-0.15432000160,2.00000,0.00
,,,-0.15427999198,2.00000,0.00
,,,-0.15423999727,2.00000,0.00
,,,-0.15420000255,2.00000,0.00
,,,-0.15415999293,2.00000,0.00
,,,-0.15411999822,2.00000,0.00
,,,-0.15408000350,2.00000,0.00
,,,-0.15403999388,2.00000,0.00
,,,-0.15399999917,2.00000,0.00
,,,-0.15395998955,2.00000,0.00
,,,-0.15391999483,2.00000,0.00
,,,-0.15388000011,2.00000,0.00
,,,-0.15383999050,2.00000,0.00
,,,-0.15379999578,1.92000,0.00
,,,-0.15376000106,2.00000,0.00
,,,-0.15371999145,2.00000,0.00
,,,-0.15367999673,2.00000,0.00
,,,-0.15364000201,1.92000,0.00
,,,-0.15359999239,2.00000,0.00
,,,-0.15355999768,2.00000,0.00
,,,-0.15352000296,2.00000,0.00
,,,-0.15347999334,2.00000,0.00
,,,-0.15343999863,2.00000,0.00
,,,-0.15339998901,2.00000,0.00
,,,-0.15335999429,2.00000,0.00
,,,-0.15331999958,2.00000,0.00
,,,-0.15327998996,2.00000,0.00
,,,-0.15323999524,1.92000,0.00
,,,-0.15320000052,2.00000,0.00
,,,-0.15315999091,2.00000,0.00
,,,-0.15311999619,2.00000,0.00
,,,-0.15308000147,2.00000,0.00
,,,-0.15303999186,2.00000,0.00
,,,-0.15299999714,2.00000,0.00
,,,-0.15296000242,2.00000,0.00
,,,-0.15291999280,2.00000,0.00
,,,-0.15287999809,2.00000,0.00
,,,-0.15284000337,1.92000,0.00
,,,-0.15279999375,2.00000,0.00
,,,-0.15275999904,2.00000,0.00
,,,-0.15271998942,2.00000,0.00
,,,-0.15267999470,2.00000,0.00
,,,-0.15263999999,2.00000,0.00
,,,-0.15259999037,2.00000,0.00
,,,-0.15255999565,2.00000,0.00
,,,-0.15252000093,1.92000,0.00
,,,-0.15247999132,2.00000,0.00
,,,-0.15243999660,2.00000,0.00
,,,-0.15240000188,2.00000,0.00
,,,-0.15235999227,2.00000,0.00
,,,-0.15231999755,1.92000,0.00
,,,-0.15228000283,2.00000,0.00
,,,-0.15223999321,2.00000,0.00
,,,-0.15219999850,2.00000,0.00
,,,-0.15215998888,2.00000,0.00
,,,-0.15211999416,2.00000,0.00
,,,-0.15207999945,2.00000,0.00
,,,-0.15203998983,2.00000,0.00
,,,-0.15199999511,1.92000,0.00
,,,-0.15196000040,2.00000,0.00
,,,-0.15191999078,2.00000,0.00
,,,-0.15187999606,2.00000,0.00
,,,-0.15184000134,2.00000,0.00
,,,-0.15179999173,2.00000,0.00
,,,-0.15175999701,2.00000,0.00
,,,-0.15172000229,2.00000,0.00
,,,-0.15167999268,2.00000,0.00
,,,-0.15163999796,2.00000,0.00
,,,-0.15160000324,2.00000,0.00
,,,-0.15155999362,2.00000,0.00
,,,-0.15151999891,2.00000,0.00
,,,-0.15147998929,1.92000,0.00
,,,-0.15143999457,2.00000,0.00
,,,-0.15139999986,2.00000,0.00
,,,-0.15135999024,2.00000,0.00
,,,-0.15131999552,2.00000,0.00
,,,-0.15128000081,2.00000,0.00
,,,-0.15123999119,2.00000,0.00
,,,-0.15119999647,2.00000,0.00
,,,-0.15116000175,2.00000,0.00
,,,-0.15111999214,2.00000,0.00
,,,-0.15107999742,2.00000,0.00
,,,-0.15104000270,2.00000,0.00
,,,-0.15099999309,2.00000,0.00
,,,-0.15095999837,2.00000,0.00
,,,-0.15091998875,2.00000,0.00
,,,-0.15087999403,2.00000,0.00
,,,-0.15083999932,2.00000,0.00
,,,-0.15079998970,2.00000,0.00
,,,-0.15075999498,1.92000,0.00
,,,-0.15072000027,2.00000,0.00
,,,-0.15067999065,2.00000,0.00
,,,-0.15063999593,2.00000,0.00
,,,-0.15060000122,2.00000,0.00
,,,-0.15055999160,2.00000,0.00
,,,-0.15051999688,2.00000,0.00
,,,-0.15048000216,2.00000,0.00
,,,-0.15043999255,1.92000,0.00
,,,-0.15039999783,2.00000,0.00
,,,-0.15036000311,1.92000,0.00
,,,-0.15031999350,2.00000,0.00
,,,-0.15027999878,2.00000,0.00
,,,-0.15023998916,2.00000,0.00
,,,-0.15019999444,2.00000,0.00
,,,-0.15015999973,2.00000,0.00
,,,-0.15011999011,2.00000,0.00
,,,-0.15007999539,2.00000,0.00
,,,-0.15004000068,2.00000,0.00
,,,-0.14999999106,2.00000,0.00
,,,-0.14995999634,2.00000,0.00
,,,-0.14992000163,2.00000,0.00
,,,-0.14987999201,2.00000,0.00
,,,-0.14983999729,2.00000,0.00
,,,-0.14980000257,2.00000,0.00
,,,-0.14975999296,2.00000,0.00
,,,-0.14971999824,2.00000,0.00
,,,-0.14968000352,2.00000,0.00
,,,-0.14963999391,2.00000,0.00
,,,-0.14959999919,2.00000,0.00
,,,-0.14955998957,2.00000,0.00
,,,-0.14951999485,2.00000,0.00
,,,-0.14948000014,2.00000,0.00
,,,-0.14943999052,2.00000,0.00
,,,-0.14939999580,2.00000,0.00
,,,-0.14936000109,2.00000,0.00
,,,-0.14931999147,2.00000,0.00
,,,-0.14927999675,2.00000,0.00
,,,-0.14924000204,1.92000,0.00
,,,-0.14919999242,2.00000,0.00
,,,-0.14915999770,2.00000,0.00
,,,-0.14912000299,2.00000,0.00
,,,-0.14907999337,2.00000,0.00
,,,-0.14903999865,2.00000,0.00
,,,-0.14899998903,2.00000,0.00
,,,-0.14895999432,2.00000,0.00
,,,-0.14891999960,1.92000,0.00
,,,-0.14887998998,2.00000,0.00
,,,-0.14883999527,2.00000,0.00
,,,-0.14880000055,2.00000,0.00
,,,-0.14875999093,2.00000,0.00
,,,-0.14871999621,2.00000,0.00
,,,-0.14868000150,2.00000,0.00
,,,-0.14863999188,2.00000,0.00
,,,-0.14859999716,2.00000,0.00
,,,-0.14856000245,2.00000,0.00
,,,-0.14851999283,2.00000,0.00
,,,-0.14847999811,2.00000,0.00
,,,-0.14844000340,2.00000,0.00
,,,-0.14839999378,2.00000,0.00
,,,-0.14835999906,2.00000,0.00
,,,-0.14831998944,2.00000,0.00
,,,-0.14827999473,2.00000,0.00
,,,-0.14824000001,2.00000,0.00
,,,-0.14819999039,2.00000,0.00
,,,-0.14815999568,2.00000,0.00
,,,-0.14812000096,2.00000,0.00
,,,-0.14807999134,2.00000,0.00
,,,-0.14803999662,2.00000,0.00
,,,-0.14800000191,1.92000,0.00
,,,-0.14795999229,2.00000,0.00
,,,-0.14791999757,2.00000,0.00
,,,-0.14788000286,2.00000,0.00
,,,-0.14783999324,2.00000,0.00
,,,-0.14779999852,2.00000,0.00
,,,-0.14775998890,2.00000,0.00
,,,-0.14771999419,2.00000,0.00
,,,-0.14767999947,2.00000,0.00
,,,-0.14763998985,1.92000,0.00
,,,-0.14759999514,2.00000,0.00
,,,-0.14756000042,2.00000,0.00
,,,-0.14751999080,2.00000,0.00
,,,-0.14747999609,2.00000,0.00
,,,-0.14744000137,2.00000,0.00
,,,-0.14739999175,2.00000,0.00
,,,-0.14735999703,2.00000,0.00
,,,-0.14732000232,2.00000,0.00
,,,-0.14727999270,2.00000,0.00
,,,-0.14723999798,2.00000,0.00
,,,-0.14720000327,2.00000,0.00
,,,-0.14715999365,2.00000,0.00
,,,-0.14711999893,2.00000,0.00
,,,-0.14707998931,2.00000,0.00
,,,-0.14703999460,1.92000,0.00
,,,-0.14699999988,2.00000,0.00
,,,-0.14695999026,2.00000,0.00
,,,-0.14691999555,2.00000,0.00
,,,-0.14688000083,2.00000,0.00
,,,-0.14683999121,2.00000,0.00
,,,-0.14679999650,2.00000,0.00
,,,-0.14676000178,2.00000,0.00
,,,-0.14671999216,2.00000,0.00
,,,-0.14667999744,2.00000,0.00
,,,-0.14664000273,2.00000,0.00
,,,-0.14659999311,2.00000,0.00
,,,-0.14655999839,2.00000,0.00
,,,-0.14652000368,2.00000,0.00
,,,-0.14647999406,2.00000,0.00
,,,-0.14643999934,2.00000,0.00
,,,-0.14639998972,1.92000,0.00
,,,-0.14635999501,2.00000,0.00
,,,-0.14632000029,2.00000,0.00
,,,-0.14627999067,2.00000,0.00
,,,-0.14623999596,2.00000,0.00
,,,-0.14620000124,2.00000,0.00
,,,-0.14615999162,2.00000,0.00
,,,-0.14611999691,2.00000,0.00
,,,-0.14608000219,2.00000,0.00
,,,-0.14603999257,2.00000,0.00
,,,-0.14599999785,2.00000,0.00
,,,-0.14596000314,2.00000,0.00
,,,-0.14591999352,2.00000,0.00
,,,-0.14587999880,2.00000,0.00
,,,-0.14583998919,2.00000,0.00
,,,-0.14579999447,2.00000,0.00
,,,-0.14575999975,2.00000,0.00
,,,-0.14571999013,1.92000,0.00
,,,-0.14567999542,2.00000,0.00
,,,-0.14564000070,1.92000,0.00
,,,-0.14559999108,2.00000,0.00
,,,-0.14555999637,2.00000,0.00
,,,-0.14552000165,2.00000,0.00
,,,-0.14547999203,1.92000,0.00
,,,-0.14543999732,2.00000,0.00
,,,-0.14540000260,2.00000,0.00
,,,-0.14535999298,2.00000,0.00
,,,-0.14531999826,2.00000,0.00
,,,-0.14528000355,2.00000,0.00
,,,-0.14523999393,2.00000,0.00
,,,-0.14519999921,2.00000,0.00
,,,-0.14515998960,2.00000,0.00
,,,-0.14511999488,1.92000,0.00
,,,-0.14508000016,2.00000,0.00
,,,-0.14503999054,2.00000,0.00
,,,-0.14499999583,2.00000,0.00
,,,-0.14496000111,2.00000,0.00
,,,-0.14491999149,2.00000,0.00
,,,-0.14487999678,2.00000,0.00
,,,-0.14484000206,2.00000,0.00
,,,-0.14479999244,2.00000,0.00
,,,-0.14475999773,2.00000,0.00
,,,-0.14472000301,2.08000,0.00
,,,-0.14467999339,2.00000,0.00
,,,-0.14463999867,2.00000,0.00
,,,-0.14459998906,2.00000,0.00
,,,-0.14455999434,2.00000,0.00
,,,-0.14451999962,2.00000,0.00
,,,-0.14447999001,2.00000,0.00
,,,-0.14443999529,2.00000,0.00
,,,-0.14440000057,2.00000,0.00
,,,-0.14435999095,2.00000,0.00
,,,-0.14431999624,2.00000,0.00
,,,-0.14428000152,2.00000,0.00
,,,-0.14423999190,2.00000,0.00
,,,-0.14419999719,2.00000,0.00
,,,-0.14416000247,2.00000,0.00
,,,-0.14411999285,2.00000,0.00
,,,-0.14407999814,2.00000,0.00
,,,-0.14404000342,2.00000,0.00
,,,-0.14399999380,2.00000,0.00
,,,-0.14395999908,2.00000,0.00
,,,-0.14391998947,2.00000,0.00
,,,-0.14387999475,2.00000,0.00
,,,-0.14384000003,2.00000,0.00
,,,-0.14379999042,2.00000,0.00
,,,-0.14375999570,2.00000,0.00
,,,-0.14372000098,2.00000,0.00
,,,-0.14367999136,2.00000,0.00
,,,-0.14363999665,2.00000,0.00
,,,-0.14360000193,2.00000,0.00
,,,-0.14355999231,2.00000,0.00
,,,-0.14351999760,2.00000,0.00
,,,-0.14348000288,2.00000,0.00
,,,-0.14343999326,2.00000,0.00
,,,-0.14339999855,2.00000,0.00
,,,-0.14335998893,2.00000,0.00
,,,-0.14331999421,2.00000,0.00
,,,-0.14327999949,2.00000,0.00
,,,-0.14323998988,2.00000,0.00
,,,-0.14319999516,2.00000,0.00
,,,-0.14316000044,2.00000,0.00
,,,-0.14311999083,2.00000,0.00
,,,-0.14307999611,1.92000,0.00
,,,-0.14304000139,2.00000,0.00
,,,-0.14299999177,2.00000,0.00
,,,-0.14295999706,1.92000,0.00
,,,-0.14292000234,2.00000,0.00
,,,-0.14287999272,2.00000,0.00
,,,-0.14283999801,2.00000,0.00
,,,-0.14280000329,2.00000,0.00
,,,-0.14275999367,2.00000,0.00
,,,-0.14271999896,2.00000,0.00
,,,-0.14267998934,2.00000,0.00
,,,-0.14263999462,2.00000,0.00
,,,-0.14259999990,2.00000,0.00
,,,-0.14255999029,2.00000,0.00
,,,-0.14251999557,2.00000,0.00
,,,-0.14248000085,2.00000,0.00
,,,-0.14243999124,2.00000,0.00
,,,-0.14239999652,2.00000,0.00
,,,-0.14236000180,2.00000,0.00
,,,-0.14231999218,2.00000,0.00
,,,-0.14227999747,1.92000,0.00
,,,-0.14224000275,1.92000,0.00
,,,-0.14219999313,2.00000,0.00
,,,-0.14215999842,2.00000,0.00
,,,-0.14212000370,2.00000,0.00
,,,-0.14207999408,2.00000,0.00
,,,-0.14203999937,2.00000,0.00
,,,-0.14199998975,2.00000,0.00
,,,-0.14195999503,2.00000,0.00
,,,-0.14192000031,2.00000,0.00
,,,-0.14187999070,2.00000,0.00
,,,-0.14183999598,2.00000,0.00
,,,-0.14180000126,2.00000,0.00
,,,-0.14175999165,2.00000,0.00
,,,-0.14171999693,2.00000,0.00
,,,-0.14168000221,2.00000,0.00
,,,-0.14163999259,2.00000,0.00
,,,-0.14159999788,2.00000,0.00
,,,-0.14156000316,2.00000,0.00
,,,-0.14151999354,1.92000,0.00
,,,-0.14147999883,2.00000,0.00
,,,-0.14143998921,2.00000,0.00
,,,-0.14139999449,2.00000,0.00
,,,-0.14135999978,2.00000,0.00
,,,-0.14131999016,2.00000,0.00
,,,-0.14127999544,2.00000,0.00
,,,-0.14124000072,2.00000,0.00
,,,-0.14119999111,2.00000,0.00
,,,-0.14115999639,2.00000,0.00
,,,-0.14112000167,2.00000,0.00
,,,-0.14107999206,2.00000,0.00
,,,-0.14103999734,2.00000,0.00
,,,-0.14100000262,2.00000,0.00
,,,-0.14095999300,2.00000,0.00
,,,-0.14091999829,2.00000,0.00
,,,-0.14088000357,2.00000,0.00
,,,-0.14083999395,2.00000,0.00
,,,-0.14079999924,2.00000,0.00
,,,-0.14075998962,2.00000,0.00
,,,-0.14071999490,2.00000,0.00
,,,-0.14068000019,2.00000,0.00
,,,-0.14063999057,2.00000,0.00
,,,-0.14059999585,2.00000,0.00
,,,-0.14056000113,2.00000,0.00
,,,-0.14051999152,2.00000,0.00
,,,-0.14047999680,2.00000,0.00
,,,-0.14044000208,2.00000,0.00
,,,-0.14039999247,2.00000,0.00
,,,-0.14035999775,2.00000,0.00
,,,-0.14032000303,2.00000,0.00
,,,-0.14027999341,2.08000,0.00
,,,-0.14023999870,2.00000,0.00
,,,-0.14019998908,2.00000,0.00
,,,-0.14015999436,2.00000,0.00
,,,-0.14011999965,2.00000,0.00
,,,-0.14007999003,2.00000,0.00
,,,-0.14003999531,2.00000,0.00
,,,-0.14000000060,1.92000,0.00
,,,-0.13995999098,2.00000,0.00
,,,-0.13991999626,2.00000,0.00
,,,-0.13988000154,2.00000,0.00
,,,-0.13983999193,2.00000,0.00
,,,-0.13979999721,2.00000,0.00
,,,-0.13976000249,2.00000,0.00
,,,-0.13971999288,2.00000,0.00
,,,-0.13967999816,2.00000,0.00
,,,-0.13964000344,2.00000,0.00
,,,-0.13959999382,2.00000,0.00
,,,-0.13955999911,2.00000,0.00
,,,-0.13951998949,2.00000,0.00
,,,-0.13947999477,2.00000,0.00
,,,-0.13944000006,2.00000,0.00
,,,-0.13939999044,2.00000,0.00
,,,-0.13935999572,2.00000,0.00
,,,-0.13932000101,2.00000,0.00
,,,-0.13927999139,2.00000,0.00
,,,-0.13923999667,2.00000,0.00
,,,-0.13920000196,2.00000,0.00
,,,-0.13915999234,2.00000,0.00
,,,-0.13911999762,2.00000,0.00
,,,-0.13908000290,2.00000,0.00
,,,-0.13903999329,2.00000,0.00
,,,-0.13899999857,2.00000,0.00
,,,-0.13896000385,2.00000,0.00
,,,-0.13891999424,2.00000,0.00
,,,-0.13887999952,2.00000,0.00
,,,-0.13883998990,1.92000,0.00
,,,-0.13879999518,2.00000,0.00
,,,-0.13876000047,2.00000,0.00
,,,-0.13871999085,2.00000,0.00
,,,-0.13867999613,2.00000,0.00
,,,-0.13864000142,2.00000,0.00
,,,-0.13859999180,2.00000,0.00
,,,-0.13855999708,2.00000,0.00
,,,-0.13852000237,2.00000,0.00
,,,-0.13847999275,2.00000,0.00
,,,-0.13843999803,2.00000,0.00
,,,-0.13840000331,2.00000,0.00
,,,-0.13835999370,2.00000,0.00
,,,-0.13831999898,2.00000,0.00
,,,-0.13827998936,1.92000,0.00
,,,-0.13823999465,2.00000,0.00
,,,-0.13819999993,2.00000,0.00
,,,-0.13815999031,2.00000,0.00
,,,-0.13811999559,2.00000,0.00
,,,-0.13808000088,2.00000,0.00
,,,-0.13803999126,2.00000,0.00
,,,-0.13799999654,2.00000,0.00
,,,-0.13796000183,2.00000,0.00
,,,-0.13791999221,2.00000,0.00
,,,-0.13787999749,2.00000,0.00
,,,-0.13784000278,2.00000,0.00
,,,-0.13779999316,2.00000,0.00
,,,-0.13775999844,1.92000,0.00
,,,-0.13772000372,2.00000,0.00
,,,-0.13767999411,2.00000,0.00
,,,-0.13763999939,2.00000,0.00
,,,-0.13759998977,2.00000,0.00
,,,-0.13755999506,2.00000,0.00
,,,-0.13752000034,2.00000,0.00
,,,-0.13747999072,2.00000,0.00
,,,-0.13743999600,2.00000,0.00
,,,-0.13740000129,2.00000,0.00
,,,-0.13735999167,2.00000,0.00
,,,-0.13731999695,2.00000,0.00
,,,-0.13728000224,2.00000,0.00
,,,-0.13723999262,2.00000,0.00
,,,-0.13719999790,2.00000,0.00
,,,-0.13716000319,2.00000,0.00
,,,-0.13711999357,1.92000,0.00
,,,-0.13707999885,2.00000,-0.08000
,,,-0.13703998923,2.00000,0.00
,,,-0.13699999452,1.92000,0.00
,,,-0.13695999980,2.00000,0.00
,,,-0.13691999018,2.00000,0.00
,,,-0.13687999547,2.00000,0.00
,,,-0.13684000075,2.00000,0.00
,,,-0.13679999113,2.00000,0.00
,,,-0.13675999641,2.00000,0.00
,,,-0.13672000170,2.00000,0.00
,,,-0.13667999208,1.92000,0.00
,,,-0.13663999736,2.00000,0.00
,,,-0.13660000265,2.00000,0.00
,,,-0.13655999303,2.00000,0.00
,,,-0.13651999831,2.00000,0.00
,,,-0.13648000360,2.00000,0.00
,,,-0.13643999398,2.00000,0.00
,,,-0.13639999926,2.00000,0.00
,,,-0.13635998964,2.00000,0.00
,,,-0.13631999493,1.92000,0.00
,,,-0.13628000021,2.00000,0.00
,,,-0.13623999059,2.00000,0.00
,,,-0.13619999588,2.00000,0.00
,,,-0.13616000116,2.00000,0.00
,,,-0.13611999154,2.00000,0.00
,,,-0.13607999682,2.00000,0.00
,,,-0.13604000211,2.00000,0.00
,,,-0.13599999249,2.00000,0.00
,,,-0.13595999777,2.00000,0.00
,,,-0.13592000306,2.00000,0.00
,,,-0.13587999344,2.00000,0.00
,,,-0.13583999872,2.00000,0.00
,,,-0.13580000401,2.00000,0.00
,,,-0.13575999439,2.00000,0.00
,,,-0.13571999967,1.92000,0.00
,,,-0.13567999005,2.00000,0.00
,,,-0.13563999534,2.00000,0.00
,,,-0.13560000062,2.00000,0.00
,,,-0.13555999100,1.92000,0.00
,,,-0.13551999629,2.00000,0.00
,,,-0.13548000157,2.00000,0.00
,,,-0.13543999195,2.00000,0.00
,,,-0.13539999723,1.92000,0.00
,,,-0.13536000252,2.00000,0.00
,,,-0.13531999290,2.00000,0.00
,,,-0.13527999818,2.00000,0.00
,,,-0.13524000347,2.00000,0.00
,,,-0.13519999385,2.00000,0.00
,,,-0.13515999913,1.92000,0.00
,,,-0.13511998951,2.00000,0.00
,,,-0.13507999480,2.00000,0.00
,,,-0.13504000008,2.00000,0.00
,,,-0.13499999046,2.00000,0.00
,,,-0.13495999575,2.00000,0.00
,,,-0.13492000103,2.00000,0.00
,,,-0.13487999141,2.00000,0.00
,,,-0.13483999670,2.00000,0.00
,,,-0.13480000198,2.00000,0.00
,,,-0.13475999236,1.92000,0.00
,,,-0.13471999764,2.00000,0.00
,,,-0.13468000293,2.00000,0.00
,,,-0.13463999331,2.00000,0.00
,,,-0.13459999859,2.00000,0.00
,,,-0.13456000388,1.92000,0.00
,,,-0.13451999426,2.00000,0.00
,,,-0.13447999954,2.00000,0.00
,,,-0.13443998992,2.00000,0.00
,,,-0.13439999521,1.92000,0.00
,,,-0.13436000049,2.00000,0.00
,,,-0.13431999087,2.00000,0.00
,,,-0.13427999616,2.00000,0.00
,,,-0.13424000144,2.00000,0.00
,,,-0.13419999182,2.00000,0.00
,,,-0.13415999711,2.00000,0.00
,,,-0.13412000239,2.00000,0.00
,,,-0.13407999277,2.00000,0.00
,,,-0.13403999805,2.00000,0.00
,,,-0.13400000334,2.00000,0.00
,,,-0.13395999372,2.00000,0.00
,,,-0.13391999900,2.00000,0.00
,,,-0.13387998939,2.00000,0.00
,,,-0.13383999467,2.00000,0.00
,,,-0.13379999995,2.00000,0.00
,,,-0.13375999033,2.00000,0.00
,,,-0.13371999562,2.00000,0.00
,,,-0.13368000090,2.00000,0.00
,,,-0.13363999128,2.00000,0.00
,,,-0.13359999657,2.00000,0.00
,,,-0.13356000185,2.00000,0.00
,,,-0.13351999223,2.00000,0.00
,,,-0.13347999752,2.00000,0.00
,,,-0.13344000280,2.00000,0.00
,,,-0.13339999318,2.00000,0.00
,,,-0.13335999846,2.00000,0.00
,,,-0.13332000375,2.00000,0.00
,,,-0.13327999413,2.00000,0.00
,,,-0.13323999941,2.00000,0.00
,,,-0.13319998980,2.00000,0.00
,,,-0.13315999508,2.00000,0.00
,,,-0.13312000036,2.00000,0.00
,,,-0.13307999074,2.00000,0.00
,,,-0.13303999603,2.00000,0.00
,,,-0.13300000131,2.00000,0.00
,,,-0.13295999169,1.92000,0.00
,,,-0.13291999698,2.00000,0.00
,,,-0.13288000226,2.00000,0.00
,,,-0.13283999264,1.92000,0.00
,,,-0.13279999793,2.00000,0.00
,,,-0.13276000321,2.00000,0.00
,,,-0.13271999359,2.00000,0.00
,,,-0.13267999887,2.00000,0.00
,,,-0.13263998926,2.00000,0.00
,,,-0.13259999454,2.00000,0.00
,,,-0.13255999982,2.00000,0.00
,,,-0.13251999021,2.00000,0.00
,,,-0.13247999549,2.00000,0.00
,,,-0.13244000077,2.00000,0.00
,,,-0.13239999115,2.00000,0.00
,,,-0.13235999644,2.00000,0.00
,,,-0.13232000172,2.00000,0.00
,,,-0.13227999210,2.00000,0.00
,,,-0.13223999739,1.92000,0.00
,,,-0.13220000267,2.00000,0.00
,,,-0.13215999305,2.00000,0.00
,,,-0.13211999834,2.00000,0.00
,,,-0.13208000362,2.00000,0.00
,,,-0.13203999400,2.00000,0.00
,,,-0.13199999928,2.00000,0.00
,,,-0.13195998967,1.92000,0.00
,,,-0.13191999495,2.00000,0.00
,,,-0.13188000023,2.00000,0.00
,,,-0.13183999062,2.00000,0.00
,,,-0.13179999590,2.00000,0.00
,,,-0.13176000118,2.00000,0.00
,,,-0.13171999156,2.00000,0.00
,,,-0.13167999685,2.00000,0.00
,,,-0.13164000213,2.00000,0.00
,,,-0.13159999251,2.00000,0.00
,,,-0.13155999780,2.00000,0.00
,,,-0.13152000308,2.00000,0.00
,,,-0.13147999346,2.00000,0.00
,,,-0.13143999875,2.00000,0.00
,,,-0.13140000403,2.00000,0.00
,,,-0.13135999441,2.00000,0.00
,,,-0.13131999969,2.00000,0.00
,,,-0.13127999008,2.00000,0.00
,,,-0.13123999536,1.92000,0.00
,,,-0.13120000064,2.00000,0.00
,,,-0.13115999103,2.00000,0.00
,,,-0.13111999631,2.00000,0.00
,,,-0.13108000159,2.00000,0.00
,,,-0.13103999197,2.08000,0.00
,,,-0.13099999726,2.00000,0.00
,,,-0.13096000254,1.92000,0.00
,,,-0.13091999292,2.00000,0.00
,,,-0.13087999821,2.00000,0.00
,,,-0.13084000349,2.00000,0.00
,,,-0.13079999387,2.00000,0.00
,,,-0.13075999916,2.00000,0.00
,,,-0.13071998954,2.00000,0.00
,,,-0.13067999482,2.00000,0.00
,,,-0.13064000010,2.00000,0.00
,,,-0.13059999049,2.00000,0.00
,,,-0.13055999577,2.00000,0.00
,,,-0.13052000105,2.00000,0.00
,,,-0.13047999144,2.00000,-0.08000
,,,-0.13043999672,2.00000,0.00
,,,-0.13040000200,2.00000,0.00
,,,-0.13035999238,2.00000,0.00
,,,-0.13031999767,2.00000,0.00
,,,-0.13028000295,2.00000,0.00
,,,-0.13023999333,1.92000,0.00
,,,-0.13019999862,2.00000,0.00
,,,-0.13016000390,2.00000,0.00
,,,-0.13011999428,2.00000,0.00
,,,-0.13007999957,2.00000,0.00
,,,-0.13003998995,2.00000,0.00
,,,-0.12999999523,2.00000,0.00
,,,-0.12996000051,2.00000,0.00
,,,-0.12991999090,1.92000,0.00
,,,-0.12987999618,2.00000,0.00
,,,-0.12984000146,2.00000,0.00
,,,-0.12979999185,2.00000,0.00
,,,-0.12975999713,2.00000,0.00
,,,-0.12972000241,2.00000,0.00
,,,-0.12967999279,2.00000,0.00
,,,-0.12963999808,2.00000,0.00
,,,-0.12960000336,1.92000,0.00
,,,-0.12955999374,2.00000,0.00
,,,-0.12951999903,2.00000,0.00
,,,-0.12947998941,2.00000,0.00
,,,-0.12943999469,2.00000,0.00
,,,-0.12939999998,2.00000,0.00
,,,-0.12935999036,2.00000,0.00
,,,-0.12931999564,2.00000,0.00
,,,-0.12928000093,2.00000,0.00
,,,-0.12923999131,2.00000,0.00
,,,-0.12919999659,2.00000,0.00
,,,-0.12916000187,2.00000,0.00
,,,-0.12911999226,2.00000,0.00
,,,-0.12907999754,1.92000,0.00
,,,-0.12904000282,1.92000,0.00
,,,-0.12899999321,2.00000,0.00
,,,-0.12895999849,2.00000,0.00
,,,-0.12892000377,2.00000,0.00
,,,-0.12887999415,2.00000,0.00
,,,-0.12883999944,2.00000,0.00
,,,-0.12879998982,2.00000,0.00
,,,-0.12875999510,2.00000,0.00
,,,-0.12872000039,2.00000,0.00
,,,-0.12867999077,2.00000,-0.08000
,,,-0.12863999605,1.92000,0.00
,,,-0.12860000134,2.00000,0.00
,,,-0.12855999172,2.00000,0.00
,,,-0.12851999700,2.00000,0.00
,,,-0.12848000228,2.00000,0.00
,,,-0.12843999267,1.92000,0.00
,,,-0.12839999795,2.00000,0.00
,,,-0.12836000323,2.00000,0.00
,,,-0.12831999362,2.00000,0.00
,,,-0.12827999890,2.00000,0.00
,,,-0.12824000418,2.00000,0.00
,,,-0.12819999456,2.00000,0.00
,,,-0.12815999985,2.00000,0.00
,,,-0.12811999023,2.00000,0.00
,,,-0.12807999551,2.00000,0.00
,,,-0.12804000080,2.00000,0.00
,,,-0.12799999118,2.00000,0.00
,,,-0.12795999646,2.00000,0.00
,,,-0.12792000175,2.00000,0.00
,,,-0.12787999213,2.00000,0.00
,,,-0.12783999741,2.00000,0.00
,,,-0.12780000269,2.00000,0.00
,,,-0.12775999308,2.00000,0.00
,,,-0.12771999836,2.00000,0.00
,,,-0.12768000364,2.00000,0.00
,,,-0.12763999403,2.00000,0.00
,,,-0.12759999931,2.00000,0.00
,,,-0.12755998969,2.00000,0.00
,,,-0.12751999497,2.00000,0.00
,,,-0.12748000026,2.00000,0.00
,,,-0.12743999064,2.00000,0.00
,,,-0.12739999592,2.00000,0.00
,,,-0.12736000121,2.00000,0.00
,,,-0.12731999159,2.00000,0.00
,,,-0.12727999687,2.00000,0.00
,,,-0.12724000216,2.00000,0.00
,,,-0.12719999254,2.00000,0.00
,,,-0.12715999782,2.00000,0.00
,,,-0.12712000310,2.00000,0.00
,,,-0.12707999349,2.00000,0.00
,,,-0.12703999877,2.00000,0.00
,,,-0.12700000405,1.92000,0.00
,,,-0.12695999444,2.00000,0.00
,,,-0.12691999972,2.00000,0.00
,,,-0.12687999010,2.00000,0.00
,,,-0.12683999538,2.00000,0.00
,,,-0.12680000067,2.00000,0.00
,,,-0.12675999105,2.00000,0.00
,,,-0.12671999633,2.00000,0.00
,,,-0.12668000162,2.00000,0.00
,,,-0.12663999200,1.92000,0.00
,,,-0.12659999728,2.00000,0.00
,,,-0.12656000257,2.00000,0.00
,,,-0.12651999295,2.00000,0.00
,,,-0.12647999823,1.92000,0.00
,,,-0.12644000351,2.00000,0.00
,,,-0.12639999390,2.00000,0.00
,,,-0.12635999918,2.00000,0.00
,,,-0.12631998956,2.00000,0.00
,,,-0.12627999485,2.00000,0.00
,,,-0.12624000013,2.00000,0.00
,,,-0.12619999051,2.00000,0.00
,,,-0.12615999579,2.00000,0.00
,,,-0.12612000108,2.00000,0.00
,,,-0.12607999146,2.00000,0.00
,,,-0.12603999674,2.00000,0.00
,,,-0.12600000203,2.00000,0.00
,,,-0.12595999241,2.00000,0.00
,,,-0.12591999769,2.00000,0.00
,,,-0.12588000298,2.00000,0.00
,,,-0.12583999336,2.00000,0.00
,,,-0.12579999864,2.00000,0.00
,,,-0.12576000392,2.00000,0.00
,,,-0.12571999431,2.00000,0.00
,,,-0.12567999959,2.00000,0.00
,,,-0.12563998997,2.00000,0.00
,,,-0.12559999526,2.00000,0.00
,,,-0.12556000054,2.00000,0.00
,,,-0.12551999092,2.00000,0.00
,,,-0.12547999620,2.00000,0.00
,,,-0.12544000149,2.00000,0.00
,,,-0.12539999187,2.00000,0.00
,,,-0.12535999715,2.00000,0.00
,,,-0.12532000244,2.00000,0.00
,,,-0.12527999282,2.00000,0.00
,,,-0.12523999810,2.00000,0.00
,,,-0.12520000339,2.00000,0.00
,,,-0.12515999377,2.00000,0.00
,,,-0.12511999905,2.00000,0.00
,,,-0.12507998943,2.00000,0.00
,,,-0.12503999472,2.00000,0.00
,,,-0.12500000000,2.00000,0.00
,,,-0.12495999783,2.00000,0.00
,,,-0.12491999567,2.00000,0.00
,,,-0.12487999350,1.92000,0.00
,,,-0.12483999878,2.00000,0.00
,,,-0.12479999661,2.00000,0.00
,,,-0.12475999445,2.00000,0.00
,,,-0.12471999973,2.00000,0.00
,,,-0.12467999756,2.00000,0.00
,,,-0.12463999540,2.00000,0.00
,,,-0.12459999323,2.00000,0.00
,,,-0.12455999851,2.00000,0.00
,,,-0.12451999635,2.00000,0.00
,,,-0.12447999418,2.00000,0.00
,,,-0.12443999946,1.92000,0.00
,,,-0.12439999729,2.00000,0.00
,,,-0.12435999513,2.00000,0.00
,,,-0.12432000041,2.00000,0.00
,,,-0.12427999824,2.00000,0.00
,,,-0.12423999608,2.00000,0.00
,,,-0.12419999391,1.92000,0.00
,,,-0.12415999919,2.00000,0.00
,,,-0.12411999702,2.00000,0.00
,,,-0.12407999486,2.00000,0.00
,,,-0.12404000014,2.00000,0.00
,,,-0.12399999797,2.00000,0.00
,,,-0.12395999581,2.00000,0.00
,,,-0.12391999364,2.00000,0.00
,,,-0.12387999892,2.00000,0.00
,,,-0.12383999676,1.92000,0.00
,,,-0.12379999459,2.00000,0.00
,,,-0.12375999987,2.00000,0.00
,,,-0.12371999770,2.00000,0.00
,,,-0.12367999554,2.00000,0.00
,,,-0.12363999337,2.00000,0.00
,,,-0.12359999865,2.00000,0.00
,,,-0.12355999649,2.00000,0.00
,,,-0.12351999432,2.00000,0.00
,,,-0.12347999960,2.00000,0.00
,,,-0.12343999743,2.00000,0.00
,,,-0.12339999527,2.00000,0.00
,,,-0.12336000055,2.00000,0.00
,,,-0.12331999838,2.00000,0.00
,,,-0.12327999622,2.00000,0.00
,,,-0.12323999405,2.00000,0.00
,,,-0.12319999933,2.00000,0.00
,,,-0.12315999717,2.00000,0.00
,,,-0.12311999500,1.92000,0.00
,,,-0.12308000028,2.00000,0.00
,,,-0.12303999811,2.00000,0.00
,,,-0.12299999595,2.00000,0.00
,,,-0.12295999378,2.00000,0.00
,,,-0.12291999906,2.00000,0.00
,,,-0.12287999690,2.00000,0.00
,,,-0.12283999473,2.00000,0.00
,,,-0.12280000001,2.00000,0.00
,,,-0.12275999784,1.92000,0.00
,,,-0.12271999568,2.00000,0.00
,,,-0.12267999351,2.00000,0.00
,,,-0.12263999879,2.00000,0.00
,,,-0.12259999663,2.00000,0.00
,,,-0.12255999446,2.00000,0.00
,,,-0.12251999974,2.00000,0.00
,,,-0.12247999758,2.00000,0.00
,,,-0.12243999541,2.00000,0.00
,,,-0.12239999324,2.00000,0.00
,,,-0.12235999852,2.00000,0.00
,,,-0.12231999636,2.00000,0.00
,,,-0.12227999419,2.00000,0.00
,,,-0.12223999947,2.00000,0.00
,,,-0.12219999731,2.00000,0.00
,,,-0.12215999514,1.92000,0.00
,,,-0.12212000042,2.00000,0.00
,,,-0.12207999825,2.00000,0.00
,,,-0.12203999609,2.00000,0.00
,,,-0.12199999392,2.00000,0.00
,,,-0.12195999920,2.00000,0.00
,,,-0.12191999704,2.00000,0.00
,,,-0.12187999487,2.00000,0.00
,,,-0.12184000015,2.00000,0.00
,,,-0.12179999799,2.00000,0.00
,,,-0.12175999582,2.00000,0.00
,,,-0.12171999365,2.00000,0.00
,,,-0.12167999893,2.00000,0.00
,,,-0.12163999677,2.00000,0.00
,,,-0.12159999460,2.00000,0.00
,,,-0.12155999988,2.00000,0.00
,,,-0.12151999772,2.00000,0.00
,,,-0.12147999555,2.00000,-0.08000
,,,-0.12143999338,2.00000,0.00
,,,-0.12139999866,2.00000,0.00
,,,-0.12135999650,2.00000,0.00
,,,-0.12131999433,1.92000,0.00
,,,-0.12127999961,2.00000,0.00
,,,-0.12123999745,2.00000,0.00
,,,-0.12119999528,1.92000,0.00
,,,-0.12116000056,2.00000,0.00
,,,-0.12111999840,2.00000,0.00
,,,-0.12107999623,2.00000,0.00
,,,-0.12103999406,2.00000,0.00
,,,-0.12099999934,2.00000,0.00
,,,-0.12095999718,2.00000,0.00
,,,-0.12091999501,2.00000,0.00
,,,-0.12088000029,2.00000,0.00
,,,-0.12083999813,2.00000,0.00
,,,-0.12079999596,2.00000,0.00
,,,-0.12075999379,2.00000,0.00
,,,-0.12071999907,2.00000,0.00
,,,-0.12067999691,1.92000,0.00
,,,-0.12063999474,2.00000,0.00
,,,-0.12060000002,2.00000,-0.08000
,,,-0.12055999786,2.00000,0.00
,,,-0.12051999569,2.00000,0.00
,,,-0.12047999352,2.00000,0.00
,,,-0.12043999881,2.00000,0.00
,,,-0.12039999664,2.00000,0.00
,,,-0.12035999447,2.00000,0.00
,,,-0.12031999975,2.00000,0.00
,,,-0.12027999759,2.00000,0.00
,,,-0.12023999542,2.00000,0.00
,,,-0.12019999325,2.00000,0.00
,,,-0.12015999854,2.00000,0.00
,,,-0.12011999637,2.00000,0.00
,,,-0.12007999420,2.00000,0.00
,,,-0.12003999949,2.00000,0.00
,,,-0.11999999732,2.00000,0.00
,,,-0.11995999515,2.00000,0.00
,,,-0.11992000043,2.00000,0.00
,,,-0.11987999827,2.00000,0.00
,,,-0.11983999610,2.00000,0.00
,,,-0.11979999393,2.00000,0.00
,,,-0.11975999922,2.00000,0.00
,,,-0.11971999705,2.00000,0.00
,,,-0.11967999488,2.00000,0.00
,,,-0.11964000016,2.00000,0.00
,,,-0.11959999800,2.00000,0.00
,,,-0.11955999583,2.00000,0.00
,,,-0.11951999366,2.00000,0.00
,,,-0.11947999895,2.00000,0.00
,,,-0.11943999678,1.92000,0.00
,,,-0.11939999461,2.00000,0.00
,,,-0.11935999990,2.00000,0.00
,,,-0.11931999773,2.00000,0.00
,,,-0.11927999556,2.00000,0.00
,,,-0.11923999339,2.00000,0.00
,,,-0.11919999868,2.00000,0.00
,,,-0.11915999651,2.00000,0.00
,,,-0.11911999434,2.00000,0.00
,,,-0.11907999963,2.00000,0.00
,,,-0.11903999746,2.00000,0.00
,,,-0.11899999529,2.00000,0.00
,,,-0.11896000057,2.00000,0.00
,,,-0.11891999841,2.00000,0.00
,,,-0.11887999624,2.00000,0.00
,,,-0.11883999407,2.00000,0.00
,,,-0.11879999936,2.00000,0.00
,,,-0.11875999719,2.00000,0.00
,,,-0.11871999502,2.00000,0.00
,,,-0.11868000031,1.92000,0.00
,,,-0.11863999814,2.00000,0.00
,,,-0.11859999597,2.00000,0.00
,,,-0.11855999380,2.00000,0.00
,,,-0.11851999909,2.00000,0.00
,,,-0.11847999692,2.00000,0.00
,,,-0.11843999475,2.00000,0.00
,,,-0.11840000004,2.00000,0.00
,,,-0.11835999787,2.00000,0.00
,,,-0.11831999570,2.00000,0.00
,,,-0.11827999353,2.00000,0.00
,,,-0.11823999882,1.92000,0.00
,,,-0.11819999665,2.00000,0.00
,,,-0.11815999448,2.00000,0.00
,,,-0.11811999977,2.00000,0.00
,,,-0.11807999760,2.00000,0.00
,,,-0.11803999543,2.00000,0.00
,,,-0.11800000072,2.00000,0.00
,,,-0.11795999855,2.00000,0.00
,,,-0.11791999638,2.00000,0.00
,,,-0.11787999421,2.00000,0.00
,,,-0.11783999950,2.00000,0.00
,,,-0.11779999733,2.00000,0.00
,,,-0.11775999516,1.92000,0.00
,,,-0.11772000045,2.00000,0.00
,,,-0.11767999828,2.00000,0.00
,,,-0.11763999611,2.00000,0.00
,,,-0.11759999394,2.00000,0.00
,,,-0.11755999923,2.00000,0.00
,,,-0.11751999706,2.00000,0.00
,,,-0.11747999489,2.00000,0.00
,,,-0.11744000018,2.00000,0.00
,,,-0.11739999801,1.92000,0.00
,,,-0.11735999584,2.00000,0.00
,,,-0.11731999367,2.00000,0.00
,,,-0.11727999896,2.00000,0.00
,,,-0.11723999679,2.00000,0.00
,,,-0.11719999462,2.00000,0.00
,,,-0.11715999991,2.00000,0.00
,,,-0.11711999774,2.00000,0.00
,,,-0.11707999557,2.00000,0.00
,,,-0.11703999341,2.00000,0.00
,,,-0.11699999869,2.00000,0.00
,,,-0.11695999652,2.00000,0.00
,,,-0.11691999435,2.00000,0.00
,,,-0.11687999964,2.00000,0.00
,,,-0.11683999747,2.00000,0.00
,,,-0.11679999530,2.00000,0.00
,,,-0.11676000059,2.00000,0.00
,,,-0.11671999842,2.00000,0.00
,,,-0.11667999625,2.00000,0.00
,,,-0.11663999408,2.00000,0.00
,,,-0.11659999937,2.00000,0.00
,,,-0.11655999720,2.00000,0.00
,,,-0.11651999503,2.00000,0.00
,,,-0.11648000032,2.00000,0.00
,,,-0.11643999815,2.00000,0.00
,,,-0.11639999598,2.00000,0.00
,,,-0.11635999382,2.00000,0.00
,,,-0.11631999910,2.00000,0.00
,,,-0.11627999693,2.00000,0.00
,,,-0.11623999476,2.00000,0.00
,,,-0.11620000005,2.00000,0.00
,,,-0.11615999788,2.00000,0.00
,,,-0.11611999571,2.00000,0.00
,,,-0.11607999355,2.00000,0.00
,,,-0.11603999883,2.00000,0.00
,,,-0.11599999666,2.00000,0.00
,,,-0.11595999449,2.00000,0.00
,,,-0.11591999978,2.00000,0.00
,,,-0.11587999761,2.00000,0.00
,,,-0.11583999544,2.00000,0.00
,,,-0.11580000073,2.00000,0.00
,,,-0.11575999856,2.00000,0.00
,,,-0.11571999639,2.00000,0.00
,,,-0.11567999423,2.00000,0.00
,,,-0.11563999951,2.00000,0.00
,,,-0.11559999734,2.00000,0.00
,,,-0.11555999517,2.00000,0.00
,,,-0.11552000046,2.00000,0.00
,,,-0.11547999829,2.00000,0.00
,,,-0.11543999612,2.00000,0.00
,,,-0.11539999396,2.00000,0.00
,,,-0.11535999924,2.00000,0.00
,,,-0.11531999707,2.00000,0.00
,,,-0.11527999490,2.00000,0.00
,,,-0.11524000019,2.00000,0.00
,,,-0.11519999802,2.00000,0.00
,,,-0.11515999585,2.00000,0.00
,,,-0.11511999369,2.00000,0.00
,,,-0.11507999897,2.00000,0.00
,,,-0.11503999680,1.92000,0.00
,,,-0.11499999464,2.00000,0.00
,,,-0.11495999992,2.00000,0.00
,,,-0.11491999775,2.00000,0.00
,,,-0.11487999558,2.00000,0.00
,,,-0.11483999342,2.00000,0.00
,,,-0.11479999870,2.00000,0.00
,,,-0.11475999653,2.00000,0.00
,,,-0.11471999437,2.00000,0.00
,,,-0.11467999965,2.00000,0.00
,,,-0.11463999748,2.00000,0.00
,,,-0.11459999532,2.00000,0.00
,,,-0.11456000060,1.92000,0.00
,,,-0.11451999843,2.00000,0.00
,,,-0.11447999626,2.00000,0.00
,,,-0.11443999410,2.00000,0.00
,,,-0.11439999938,2.00000,0.00
,,,-0.11435999721,2.00000,0.00
,,,-0.11431999505,2.00000,0.00
,,,-0.11428000033,2.00000,0.00
,,,-0.11423999816,2.00000,0.00
,,,-0.11419999599,2.00000,0.00
,,,-0.11415999383,2.00000,0.00
,,,-0.11411999911,2.00000,0.00
,,,-0.11407999694,2.00000,0.00
,,,-0.11403999478,2.00000,0.00
,,,-0.11400000006,2.00000,0.00
,,,-0.11395999789,2.00000,0.00
,,,-0.11391999573,2.00000,0.00
,,,-0.11387999356,2.00000,0.00
,,,-0.11383999884,2.00000,0.00
,,,-0.11379999667,2.00000,0.00
,,,-0.11375999451,1.92000,0.00
,,,-0.11371999979,2.00000,0.00
,,,-0.11367999762,2.00000,0.00
,,,-0.11363999546,2.00000,0.00
,,,-0.11360000074,2.00000,0.00
,,,-0.11355999857,2.00000,0.00
,,,-0.11351999640,2.00000,0.00
,,,-0.11347999424,2.00000,0.00
,,,-0.11343999952,2.00000,0.00
,,,-0.11339999735,2.00000,0.00
,,,-0.11335999519,2.00000,0.00
,,,-0.11332000047,1.92000,0.00
,,,-0.11327999830,2.00000,0.00
,,,-0.11323999614,2.00000,0.00
,,,-0.11319999397,2.00000,0.00
,,,-0.11315999925,1.92000,0.00
,,,-0.11311999708,2.00000,0.00
,,,-0.11307999492,2.00000,0.00
,,,-0.11304000020,2.00000,0.00
,,,-0.11299999803,2.00000,0.00
,,,-0.11295999587,2.00000,0.00
,,,-0.11291999370,2.00000,0.00
,,,-0.11287999898,2.00000,0.00
,,,-0.11283999681,2.00000,0.00
,,,-0.11279999465,2.00000,0.00
,,,-0.11275999993,2.00000,0.00
,,,-0.11271999776,2.00000,0.00
,,,-0.11267999560,2.00000,0.00
,,,-0.11263999343,2.00000,0.00
,,,-0.11259999871,2.00000,0.00
,,,-0.11255999655,2.00000,0.00
,,,-0.11251999438,2.00000,0.00
,,,-0.11247999966,2.00000,0.00
,,,-0.11243999749,2.00000,0.00
,,,-0.11239999533,2.00000,0.00
,,,-0.11236000061,2.00000,0.00
,,,-0.11231999844,2.08000,0.00
,,,-0.11227999628,2.00000,0.00
,,,-0.11223999411,2.00000,0.00
,,,-0.11219999939,2.00000,0.00
,,,-0.11215999722,1.92000,0.00
,,,-0.11211999506,2.00000,0.00
,,,-0.11208000034,2.00000,0.00
,,,-0.11203999817,2.00000,0.00
,,,-0.11199999601,2.00000,0.00
,,,-0.11195999384,2.00000,0.00
,,,-0.11191999912,2.00000,0.00
,,,-0.11187999696,2.00000,0.00
,,,-0.11183999479,2.00000,0.00
,,,-0.11180000007,2.00000,0.00
,,,-0.11175999790,2.00000,0.00
,,,-0.11171999574,2.00000,0.00
,,,-0.11167999357,2.00000,0.00
,,,-0.11163999885,2.00000,0.00
,,,-0.11159999669,2.00000,0.00
,,,-0.11155999452,2.00000,0.00
,,,-0.11151999980,2.00000,0.00
,,,-0.11147999763,1.92000,0.00
,,,-0.11143999547,2.00000,0.00
,,,-0.11140000075,2.00000,0.00
,,,-0.11135999858,2.00000,0.00
,,,-0.11131999642,2.00000,0.00
,,,-0.11127999425,2.00000,0.00
,,,-0.11123999953,2.00000,0.00
,,,-0.11119999737,2.00000,0.00
,,,-0.11115999520,2.00000,0.00
,,,-0.11112000048,2.00000,0.00
,,,-0.11107999831,2.00000,0.00
,,,-0.11103999615,2.00000,0.00
,,,-0.11099999398,2.00000,0.00
,,,-0.11095999926,2.00000,0.00
,,,-0.11091999710,1.92000,0.00
,,,-0.11087999493,2.00000,0.00
,,,-0.11084000021,2.00000,0.00
,,,-0.11079999804,2.00000,0.00
,,,-0.11075999588,2.00000,0.00
,,,-0.11071999371,2.00000,0.00
,,,-0.11067999899,2.00000,0.00
,,,-0.11063999683,2.00000,0.00
,,,-0.11059999466,2.00000,0.00
,,,-0.11055999994,2.00000,0.00
,,,-0.11051999778,2.00000,0.00
,,,-0.11047999561,2.00000,0.00
,,,-0.11044000089,2.00000,0.00
,,,-0.11039999872,2.00000,0.00
,,,-0.11035999656,2.00000,0.00
,,,-0.11031999439,2.00000,0.00
,,,-0.11027999967,1.92000,0.00
,,,-0.11023999751,2.00000,0.00
,,,-0.11019999534,2.00000,0.00
,,,-0.11016000062,2.00000,0.00
,,,-0.11011999846,2.00000,0.00
,,,-0.11007999629,2.00000,0.00
,,,-0.11003999412,2.00000,0.00
,,,-0.10999999940,2.00000,0.00
,,,-0.10995999724,2.00000,0.00
,,,-0.10991999507,2.00000,0.00
,,,-0.10988000035,2.00000,0.00
,,,-0.10983999819,2.00000,0.00
,,,-0.10979999602,2.00000,0.00
,,,-0.10975999385,2.00000,0.00
,,,-0.10971999913,2.00000,0.00
,,,-0.10967999697,2.00000,0.00
,,,-0.10963999480,2.00000,0.00
,,,-0.10960000008,2.00000,0.00
,,,-0.10955999792,2.00000,0.00
,,,-0.10951999575,2.00000,0.00
,,,-0.10947999358,2.00000,0.00
,,,-0.10943999887,2.00000,0.00
,,,-0.10939999670,2.00000,0.00
,,,-0.10935999453,2.00000,0.00
,,,-0.10931999981,2.00000,0.00
,,,-0.10927999765,2.00000,0.00
,,,-0.10923999548,2.00000,0.00
,,,-0.10920000076,2.00000,0.00
,,,-0.10915999860,2.00000,0.00
,,,-0.10911999643,2.00000,0.00
,,,-0.10907999426,2.00000,0.00
,,,-0.10903999954,2.00000,0.00
,,,-0.10899999738,2.00000,0.00
,,,-0.10895999521,2.00000,0.00
,,,-0.10892000049,2.00000,0.00
,,,-0.10887999833,1.92000,0.00
,,,-0.10883999616,2.00000,0.00
,,,-0.10879999399,2.00000,-0.08000
,,,-0.10875999928,1.92000,0.00
,,,-0.10871999711,2.00000,0.00
,,,-0.10867999494,2.00000,0.00
,,,-0.10864000022,2.00000,0.00
,,,-0.10859999806,1.92000,0.00
,,,-0.10855999589,2.00000,0.00
,,,-0.10851999372,2.00000,0.00
,,,-0.10847999901,1.92000,0.00
,,,-0.10843999684,2.00000,0.00
,,,-0.10839999467,2.00000,0.00
,,,-0.10835999995,2.00000,0.00
,,,-0.10831999779,2.00000,0.00
,,,-0.10827999562,2.00000,0.00
,,,-0.10824000090,2.00000,0.00
,,,-0.10819999874,2.00000,0.00
,,,-0.10815999657,2.00000,0.00
,,,-0.10811999440,2.00000,0.00
,,,-0.10807999969,2.00000,0.00
,,,-0.10803999752,2.00000,0.00
,,,-0.10799999535,2.00000,0.00
,,,-0.10796000063,1.92000,0.00
,,,-0.10791999847,2.00000,0.00
,,,-0.10787999630,2.00000,0.00
,,,-0.10783999413,2.00000,0.00
,,,-0.10779999942,2.00000,0.00
,,,-0.10775999725,2.00000,0.00
,,,-0.10771999508,2.00000,0.00
,,,-0.10768000036,2.00000,0.00
,,,-0.10763999820,2.00000,0.00
,,,-0.10759999603,2.00000,0.00
,,,-0.10755999386,2.00000,0.00
,,,-0.10751999915,2.00000,0.00
,,,-0.10747999698,1.92000,0.00
,,,-0.10743999481,2.00000,0.00
,,,-0.10740000010,2.00000,0.00
,,,-0.10735999793,2.00000,0.00
,,,-0.10731999576,2.00000,0.00
,,,-0.10727999359,2.00000,0.00
,,,-0.10723999888,2.00000,0.00
,,,-0.10719999671,2.00000,0.00
,,,-0.10715999454,2.00000,0.00
,,,-0.10711999983,2.00000,0.00
,,,-0.10707999766,2.00000,0.00
,,,-0.10703999549,2.00000,0.00
,,,-0.10700000077,1.92000,0.00
,,,-0.10695999861,2.00000,0.00
,,,-0.10691999644,2.00000,0.00
,,,-0.10687999427,2.00000,0.00
,,,-0.10683999956,2.00000,0.00
,,,-0.10679999739,2.00000,0.00
,,,-0.10675999522,2.00000,-0.08000
,,,-0.10672000051,2.00000,0.00
,,,-0.10667999834,2.00000,0.00
,,,-0.10663999617,2.00000,0.00
,,,-0.10659999400,2.00000,0.00
,,,-0.10655999929,2.00000,0.00
,,,-0.10651999712,2.00000,0.00
,,,-0.10647999495,2.00000,0.00
,,,-0.10644000024,2.00000,0.00
,,,-0.10639999807,2.00000,0.00
,,,-0.10635999590,2.00000,0.00
,,,-0.10631999373,2.00000,0.00
,,,-0.10627999902,2.00000,0.00
,,,-0.10623999685,2.00000,0.00
,,,-0.10619999468,2.00000,0.00
,,,-0.10615999997,2.00000,0.00
,,,-0.10611999780,2.00000,0.00
,,,-0.10607999563,1.92000,0.00
,,,-0.10604000092,2.00000,0.00
,,,-0.10599999875,2.00000,0.00
,,,-0.10595999658,2.00000,0.00
,,,-0.10591999441,2.00000,0.00
,,,-0.10587999970,2.00000,0.00
,,,-0.10583999753,2.00000,0.00
,,,-0.10579999536,2.00000,0.00
,,,-0.10576000065,2.00000,0.00
,,,-0.10571999848,2.00000,0.00
,,,-0.10567999631,2.00000,0.00
,,,-0.10563999414,2.00000,0.00
,,,-0.10559999943,2.00000,0.00
,,,-0.10555999726,2.00000,0.00
,,,-0.10551999509,2.00000,0.00
,,,-0.10548000038,2.00000,0.00
,,,-0.10543999821,2.00000,0.00
,,,-0.10539999604,2.00000,0.00
,,,-0.10535999388,2.00000,0.00
,,,-0.10531999916,2.00000,0.00
,,,-0.10527999699,2.00000,0.00
,,,-0.10523999482,1.92000,0.00
,,,-0.10520000011,2.00000,0.00
,,,-0.10515999794,2.08000,-0.08000
,,,-0.10511999577,2.00000,0.00
,,,-0.10508000106,2.00000,0.00
,,,-0.10503999889,2.00000,0.00
,,,-0.10499999672,2.00000,0.00
,,,-0.10495999455,2.00000,0.00
,,,-0.10491999984,2.00000,0.00
,,,-0.10487999767,2.00000,0.00
,,,-0.10483999550,2.00000,0.00
,,,-0.10480000079,2.00000,0.00
,,,-0.10475999862,1.92000,0.00
,,,-0.10471999645,2.00000,0.00
,,,-0.10467999429,2.00000,0.00
,,,-0.10463999957,2.00000,0.00
,,,-0.10459999740,2.00000,0.00
,,,-0.10455999523,1.92000,0.00
,,,-0.10452000052,2.00000,0.00
,,,-0.10447999835,2.00000,0.00
,,,-0.10443999618,2.00000,0.00
,,,-0.10439999402,2.00000,0.00
,,,-0.10435999930,2.00000,0.00
,,,-0.10431999713,2.00000,0.00
,,,-0.10427999496,2.00000,0.00
,,,-0.10424000025,2.00000,0.00
,,,-0.10419999808,1.92000,0.00
,,,-0.10415999591,2.00000,0.00
,,,-0.10411999375,2.00000,0.00
,,,-0.10407999903,2.00000,0.00
,,,-0.10403999686,2.00000,0.00
,,,-0.10399999470,2.00000,0.00
,,,-0.10395999998,2.00000,0.00
,,,-0.10391999781,2.00000,0.00
,,,-0.10387999564,2.00000,0.00
,,,-0.10384000093,1.92000,0.00
,,,-0.10379999876,1.92000,0.00
,,,-0.10375999659,2.00000,0.00
,,,-0.10371999443,2.00000,0.00
,,,-0.10367999971,2.00000,0.00
,,,-0.10363999754,2.00000,0.00
,,,-0.10359999537,2.00000,0.00
,,,-0.10356000066,2.00000,0.00
,,,-0.10351999849,2.00000,0.00
,,,-0.10347999632,2.00000,0.00
,,,-0.10343999416,2.00000,0.00
,,,-0.10339999944,2.00000,0.00
,,,-0.10335999727,2.00000,0.00
,,,-0.10331999511,2.00000,0.00
,,,-0.10328000039,2.00000,0.00
,,,-0.10323999822,2.00000,0.00
,,,-0.10319999605,2.00000,0.00
,,,-0.10315999389,2.00000,0.00
,,,-0.10311999917,2.00000,0.00
,,,-0.10307999700,2.00000,0.00
,,,-0.10303999484,2.00000,0.00
,,,-0.10300000012,2.00000,0.00
,,,-0.10295999795,2.00000,0.00
,,,-0.10291999578,2.00000,0.00
,,,-0.10288000107,2.00000,0.00
,,,-0.10283999890,2.00000,0.00
,,,-0.10279999673,2.00000,0.00
,,,-0.10275999457,2.00000,0.00
,,,-0.10271999985,2.00000,0.00
,,,-0.10267999768,2.00000,0.00
,,,-0.10263999552,2.00000,0.00
,,,-0.10260000080,2.00000,0.00
,,,-0.10255999863,2.00000,0.00
,,,-0.10251999646,2.00000,0.00
,,,-0.10247999430,2.00000,0.00
,,,-0.10243999958,2.00000,0.00
,,,-0.10239999741,2.00000,0.00
,,,-0.10235999525,2.00000,0.00
,,,-0.10232000053,2.00000,0.00
,,,-0.10227999836,2.00000,0.00
,,,-0.10223999619,2.00000,0.00
,,,-0.10219999403,2.00000,0.00
,,,-0.10215999931,2.00000,0.00
,,,-0.10211999714,2.00000,0.00
,,,-0.10207999498,2.00000,0.00
,,,-0.10204000026,2.00000,0.00
,,,-0.10199999809,2.00000,0.00
,,,-0.10195999593,2.00000,0.00
,,,-0.10191999376,2.00000,0.00
,,,-0.10187999904,2.00000,0.00
,,,-0.10183999687,1.92000,0.00
,,,-0.10179999471,2.00000,0.00
,,,-0.10175999999,2.00000,0.00
,,,-0.10171999782,2.00000,0.00
,,,-0.10167999566,2.00000,0.00
,,,-0.10164000094,2.00000,0.00
,,,-0.10159999877,2.00000,0.00
,,,-0.10155999660,2.00000,0.00
,,,-0.10151999444,2.00000,0.00
,,,-0.10147999972,2.00000,0.00
,,,-0.10143999755,2.00000,0.00
,,,-0.10139999539,2.00000,0.00
,,,-0.10136000067,2.00000,0.00
,,,-0.10131999850,2.00000,0.00
,,,-0.10127999634,2.00000,0.00
,,,-0.10123999417,1.92000,0.00
,,,-0.10119999945,2.00000,0.00
,,,-0.10115999728,2.00000,0.00
,,,-0.10111999512,2.00000,0.00
,,,-0.10108000040,2.00000,0.00
,,,-0.10103999823,2.00000,0.00
,,,-0.10099999607,2.00000,0.00
,,,-0.10095999390,2.00000,0.00
,,,-0.10091999918,2.00000,0.00
,,,-0.10087999701,2.00000,0.00
,,,-0.10083999485,2.00000,0.00
,,,-0.10080000013,2.00000,0.00
,,,-0.10075999796,2.00000,0.00
,,,-0.10071999580,2.00000,0.00
,,,-0.10068000108,2.00000,0.00
,,,-0.10063999891,1.92000,0.00
,,,-0.10059999675,2.00000,0.00
,,,-0.10055999458,2.00000,0.00
,,,-0.10051999986,2.00000,0.00
,,,-0.10047999769,2.00000,0.00
,,,-0.10043999553,2.00000,0.00
,,,-0.10040000081,2.00000,0.00
,,,-0.10035999864,2.00000,0.00
,,,-0.10031999648,2.00000,0.00
,,,-0.10027999431,2.00000,0.00
,,,-0.10023999959,2.00000,0.00
,,,-0.10019999743,1.92000,0.00
,,,-0.10015999526,2.00000,0.00
,,,-0.10012000054,2.00000,0.00
,,,-0.10007999837,2.00000,0.00
,,,-0.10003999621,2.00000,0.00
,,,-0.09999999404,1.92000,0.00
,,,-0.09995999932,2.00000,0.00
,,,-0.09991999716,2.00000,0.00
,,,-0.09987999499,2.00000,0.00
,,,-0.09984000027,2.00000,0.00
,,,-0.09979999810,2.00000,0.00
,,,-0.09975999594,2.00000,0.00
,,,-0.09971999377,2.00000,0.00
,,,-0.09967999905,2.00000,0.00
,,,-0.09963999689,2.00000,0.00
,,,-0.09959999472,2.00000,0.00
,,,-0.09956000000,2.00000,0.00
,,,-0.09951999784,2.00000,0.00
,,,-0.09947999567,2.00000,0.00
,,,-0.09944000095,2.00000,0.00
,,,-0.09939999878,2.00000,0.00
,,,-0.09935999662,2.00000,0.00
,,,-0.09931999445,2.00000,0.00
,,,-0.09927999973,2.00000,0.00
,,,-0.09923999757,2.00000,0.00
,,,-0.09919999540,2.00000,0.00
,,,-0.09916000068,1.92000,0.00
,,,-0.09911999851,2.00000,0.00
,,,-0.09907999635,2.00000,0.00
,,,-0.09903999418,2.00000,0.00
,,,-0.09899999946,1.92000,0.00
,,,-0.09895999730,2.00000,0.00
,,,-0.09891999513,2.00000,0.00
,,,-0.09888000041,2.00000,0.00
,,,-0.09883999825,2.00000,0.00
,,,-0.09879999608,2.00000,0.00
,,,-0.09875999391,2.00000,0.00
,,,-0.09871999919,1.92000,0.00
,,,-0.09867999703,2.00000,0.00
,,,-0.09863999486,2.00000,0.00
,,,-0.09860000014,1.92000,0.00
,,,-0.09855999798,2.00000,0.00
,,,-0.09851999581,2.00000,0.00
,,,-0.09848000109,1.92000,0.00
,,,-0.09843999892,2.00000,0.00
,,,-0.09839999676,2.00000,0.00
,,,-0.09835999459,2.00000,0.00
,,,-0.09831999987,2.00000,0.00
,,,-0.09827999771,2.00000,0.00
,,,-0.09823999554,1.92000,0.00
,,,-0.09820000082,2.00000,0.00
,,,-0.09815999866,2.00000,0.00
,,,-0.09811999649,1.92000,0.00
,,,-0.09807999432,2.00000,0.00
,,,-0.09803999960,2.00000,0.00
,,,-0.09799999744,2.00000,0.00
,,,-0.09795999527,2.00000,0.00
,,,-0.09792000055,2.00000,0.00
,,,-0.09787999839,2.00000,0.00
,,,-0.09783999622,2.00000,0.00
,,,-0.09779999405,2.00000,0.00
,,,-0.09775999933,2.00000,0.00
,,,-0.09771999717,2.00000,0.00
,,,-0.09767999500,2.00000,0.00
,,,-0.09764000028,2.00000,0.00
,,,-0.09759999812,2.08000,0.00
,,,-0.09755999595,2.00000,0.00
,,,-0.09752000123,2.00000,0.00
,,,-0.09747999907,2.00000,0.00
,,,-0.09743999690,2.00000,0.00
,,,-0.09739999473,2.00000,0.00
,,,-0.09736000001,2.00000,0.00
,,,-0.09731999785,2.00000,0.00
,,,-0.09727999568,2.00000,0.00
,,,-0.09724000096,2.00000,0.00
,,,-0.09719999880,2.00000,0.00
,,,-0.09715999663,2.00000,0.00
,,,-0.09711999446,2.00000,0.00
,,,-0.09707999974,2.00000,0.00
,,,-0.09703999758,2.00000,0.00
,,,-0.09699999541,1.92000,0.00
,,,-0.09696000069,2.00000,0.00
,,,-0.09691999853,2.00000,0.00
,,,-0.09687999636,2.00000,0.00
,,,-0.09683999419,2.00000,0.00
,,,-0.09679999948,2.00000,0.00
,,,-0.09675999731,2.00000,0.00
,,,-0.09671999514,2.00000,0.00
,,,-0.09668000042,2.00000,0.00
,,,-0.09663999826,2.00000,0.00
,,,-0.09659999609,2.00000,0.00
,,,-0.09655999392,2.00000,0.00
,,,-0.09651999921,2.00000,0.00
,,,-0.09647999704,2.00000,0.00
,,,-0.09643999487,2.00000,0.00
,,,-0.09640000015,2.00000,0.00
,,,-0.09635999799,2.00000,0.00
,,,-0.09631999582,2.00000,0.00
,,,-0.09628000110,2.00000,0.00
,,,-0.09623999894,2.00000,0.00
,,,-0.09619999677,2.00000,0.00
,,,-0.09615999460,2.00000,0.00
,,,-0.09611999989,2.00000,0.00
,,,-0.09607999772,2.00000,0.00
,,,-0.09603999555,2.00000,0.00
,,,-0.09600000083,2.00000,0.00
,,,-0.09595999867,2.00000,0.00
,,,-0.09591999650,2.00000,0.00
,,,-0.09587999433,1.92000,0.00
,,,-0.09583999962,2.00000,0.00
,,,-0.09579999745,2.08000,0.00
,,,-0.09575999528,2.00000,0.00
,,,-0.09572000057,2.00000,0.00
,,,-0.09567999840,2.00000,0.00
,,,-0.09563999623,2.00000,0.00
,,,-0.09559999406,2.00000,0.00
,,,-0.09555999935,2.00000,0.00
,,,-0.09551999718,2.00000,0.00
,,,-0.09547999501,2.00000,0.00
,,,-0.09544000030,2.00000,0.00
,,,-0.09539999813,2.00000,0.00
,,,-0.09535999596,1.92000,0.00
,,,-0.09532000124,2.00000,0.00
,,,-0.09527999908,1.92000,0.00
,,,-0.09523999691,2.00000,0.00
,,,-0.09519999474,2.00000,0.00
,,,-0.09516000003,2.00000,0.00
,,,-0.09511999786,2.00000,0.00
,,,-0.09507999569,2.00000,0.00
,,,-0.09504000098,2.00000,0.00
,,,-0.09499999881,2.00000,0.00
,,,-0.09495999664,2.00000,0.00
,,,-0.09491999447,2.00000,0.00
,,,-0.09487999976,2.00000,0.00
,,,-0.09483999759,1.92000,0.00
,,,-0.09479999542,2.00000,0.00
,,,-0.09476000071,2.08000,0.00
,,,-0.09471999854,2.00000,0.00
,,,-0.09467999637,2.00000,0.00
,,,-0.09463999420,2.00000,0.00
,,,-0.09459999949,2.00000,0.00
,,,-0.09455999732,2.00000,0.00
,,,-0.09451999515,2.00000,0.00
,,,-0.09448000044,2.00000,0.00
,,,-0.09443999827,2.00000,0.00
,,,-0.09439999610,2.00000,0.00
,,,-0.09435999393,2.00000,0.00
,,,-0.09431999922,2.00000,0.00
,,,-0.09427999705,2.00000,0.00
,,,-0.09423999488,2.00000,0.00
,,,-0.09420000017,1.92000,0.00
,,,-0.09415999800,2.00000,0.00
,,,-0.09411999583,2.00000,0.00
,,,-0.09408000112,2.00000,0.00
,,,-0.09403999895,2.00000,0.00
,,,-0.09399999678,2.00000,0.00
,,,-0.09395999461,2.00000,0.00
,,,-0.09391999990,2.00000,0.00
,,,-0.09387999773,2.00000,0.00
,,,-0.09383999556,2.00000,0.00
,,,-0.09380000085,2.00000,0.00
,,,-0.09375999868,2.00000,0.00
,,,-0.09371999651,2.00000,0.00
,,,-0.09367999434,2.00000,0.00
,,,-0.09363999963,2.00000,0.00
,,,-0.09359999746,2.00000,0.00
,,,-0.09355999529,2.00000,0.00
,,,-0.09352000058,2.00000,0.00
,,,-0.09347999841,2.00000,0.00
,,,-0.09343999624,2.00000,0.00
,,,-0.09339999408,2.00000,0.00
,,,-0.09335999936,2.00000,0.00
,,,-0.09331999719,2.00000,0.00
,,,-0.09327999502,2.00000,0.00
,,,-0.09324000031,2.00000,0.00
,,,-0.09319999814,2.00000,0.00
,,,-0.09315999597,2.00000,0.00
,,,-0.09312000126,1.92000,0.00
,,,-0.09307999909,2.00000,0.00
,,,-0.09303999692,2.00000,0.00
,,,-0.09299999475,2.00000,0.00
,,,-0.09296000004,1.92000,0.00
,,,-0.09291999787,2.00000,0.00
,,,-0.09287999570,2.00000,0.00
,,,-0.09284000099,2.00000,0.00
,,,-0.09279999882,2.00000,0.00
,,,-0.09275999665,2.00000,0.00
,,,-0.09271999449,2.00000,0.00
,,,-0.09267999977,1.92000,0.00
,,,-0.09263999760,2.00000,0.00
,,,-0.09259999543,2.00000,0.00
,,,-0.09256000072,2.00000,0.00
,,,-0.09251999855,2.00000,0.00
,,,-0.09247999638,2.00000,0.00
,,,-0.09243999422,2.00000,0.00
,,,-0.09239999950,2.00000,0.00
,,,-0.09235999733,2.00000,0.00
,,,-0.09231999516,2.00000,0.00
,,,-0.09228000045,1.92000,0.00
,,,-0.09223999828,2.00000,0.00
,,,-0.09219999611,2.00000,0.00
,,,-0.09216000140,2.00000,0.00
,,,-0.09211999923,2.00000,-0.08000
,,,-0.09207999706,2.00000,0.00
,,,-0.09203999490,2.00000,0.00
,,,-0.09200000018,2.00000,0.00
,,,-0.09195999801,2.00000,0.00
,,,-0.09191999584,2.00000,0.00
,,,-0.09188000113,2.00000,0.00
,,,-0.09183999896,2.00000,0.00
,,,-0.09179999679,2.00000,0.00
,,,-0.09175999463,2.00000,0.00
,,,-0.09171999991,2.00000,0.00
,,,-0.09167999774,2.00000,0.00
,,,-0.09163999557,2.00000,0.00
,,,-0.09160000086,2.00000,0.00
,,,-0.09155999869,2.00000,0.00
,,,-0.09151999652,2.00000,0.00
,,,-0.09147999436,2.00000,0.00
,,,-0.09143999964,2.00000,0.00
,,,-0.09139999747,2.00000,0.00
,,,-0.09135999531,2.00000,0.00
,,,-0.09132000059,2.00000,0.00
,,,-0.09127999842,2.00000,0.00
,,,-0.09123999625,2.00000,0.00
,,,-0.09119999409,2.00000,0.00
,,,-0.09115999937,1.92000,0.00
,,,-0.09111999720,2.00000,0.00
,,,-0.09107999504,2.00000,0.00
,,,-0.09104000032,2.00000,0.00
,,,-0.09099999815,2.00000,0.00
,,,-0.09095999599,2.00000,0.00
,,,-0.09092000127,2.00000,0.00
,,,-0.09087999910,2.00000,0.00
,,,-0.09083999693,2.00000,-0.08000
,,,-0.09079999477,2.00000,0.00
,,,-0.09076000005,2.00000,0.00
,,,-0.09071999788,2.00000,0.00
,,,-0.09067999572,2.00000,0.00
,,,-0.09064000100,2.00000,0.00
,,,-0.09059999883,2.00000,0.00
,,,-0.09055999666,2.08000,0.00
,,,-0.09051999450,2.00000,0.00
,,,-0.09047999978,2.00000,0.00
,,,-0.09043999761,2.00000,0.00
,,,-0.09039999545,2.00000,0.00
,,,-0.09036000073,2.00000,0.00
,,,-0.09031999856,2.00000,0.00
,,,-0.09027999640,2.00000,0.00
,,,-0.09023999423,2.00000,0.00
,,,-0.09019999951,2.00000,0.00
,,,-0.09015999734,2.00000,0.00
,,,-0.09011999518,2.00000,0.00
,,,-0.09008000046,2.00000,0.00
,,,-0.09003999829,2.00000,0.00
,,,-0.08999999613,2.00000,0.00
,,,-0.08996000141,2.00000,0.00
,,,-0.08991999924,2.00000,0.00
,,,-0.08987999707,2.08000,0.00
,,,-0.08983999491,2.00000,0.00
,,,-0.08980000019,2.00000,0.00
,,,-0.08975999802,2.00000,0.00
,,,-0.08971999586,1.92000,0.00
,,,-0.08968000114,2.00000,0.00
,,,-0.08963999897,2.00000,0.00
,,,-0.08959999681,2.00000,0.00
,,,-0.08955999464,2.00000,0.00
,,,-0.08951999992,2.00000,0.00
,,,-0.08947999775,2.00000,0.00
,,,-0.08943999559,2.00000,0.00
,,,-0.08940000087,1.92000,0.00
,,,-0.08935999870,2.00000,0.00
,,,-0.08931999654,2.00000,0.00
,,,-0.08927999437,1.92000,0.00
,,,-0.08923999965,2.00000,0.00
,,,-0.08919999748,2.00000,0.00
,,,-0.08915999532,2.00000,0.00
,,,-0.08912000060,2.00000,0.00
,,,-0.08907999843,2.00000,0.00
,,,-0.08903999627,2.00000,0.00
,,,-0.08899999410,2.00000,0.00
,,,-0.08895999938,2.00000,0.00
,,,-0.08891999722,2.00000,0.00
,,,-0.08887999505,2.00000,0.00
,,,-0.08884000033,2.00000,0.00
,,,-0.08879999816,2.00000,0.00
,,,-0.08875999600,2.00000,0.00
,,,-0.08872000128,2.00000,0.00
,,,-0.08867999911,2.00000,0.00
,,,-0.08863999695,2.00000,0.00
,,,-0.08859999478,2.00000,0.00
,,,-0.08856000006,2.00000,-0.08000
,,,-0.08851999789,1.92000,0.00
,,,-0.08847999573,2.00000,0.00
,,,-0.08844000101,2.00000,0.00
,,,-0.08839999884,2.00000,0.00
,,,-0.08835999668,2.00000,0.00
,,,-0.08831999451,2.00000,0.00
,,,-0.08827999979,2.00000,0.00
,,,-0.08823999763,1.92000,0.00
,,,-0.08819999546,2.00000,0.00
,,,-0.08816000074,1.92000,0.00
,,,-0.08811999857,2.00000,0.00
,,,-0.08807999641,2.00000,0.00
,,,-0.08803999424,2.00000,0.00
,,,-0.08799999952,2.00000,0.00
,,,-0.08795999736,2.00000,0.00
,,,-0.08791999519,2.00000,0.00
,,,-0.08788000047,2.00000,0.00
,,,-0.08783999830,2.00000,0.00
,,,-0.08779999614,2.00000,0.00
,,,-0.08776000142,2.00000,-0.08000
,,,-0.08771999925,2.00000,0.00
,,,-0.08767999709,2.00000,0.00
,,,-0.08763999492,2.00000,0.00
,,,-0.08760000020,2.00000,0.00
,,,-0.08755999804,2.00000,0.00
,,,-0.08751999587,2.00000,0.00
,,,-0.08748000115,2.00000,0.00
,,,-0.08743999898,2.00000,0.00
,,,-0.08739999682,2.00000,0.00
,,,-0.08735999465,2.00000,0.00
,,,-0.08731999993,1.92000,0.00
,,,-0.08727999777,2.00000,0.00
,,,-0.08723999560,2.00000,0.00
,,,-0.08720000088,2.00000,0.00
,,,-0.08715999871,2.00000,0.00
,,,-0.08711999655,2.00000,0.00
,,,-0.08707999438,2.00000,0.00
,,,-0.08703999966,2.00000,0.00
,,,-0.08699999750,2.00000,0.00
,,,-0.08695999533,2.00000,0.00
,,,-0.08692000061,2.00000,0.00
,,,-0.08687999845,2.00000,0.00
,,,-0.08683999628,2.00000,0.00
,,,-0.08679999411,2.00000,0.00
,,,-0.08675999939,2.00000,0.00
,,,-0.08671999723,1.92000,0.00
,,,-0.08667999506,2.00000,0.00
,,,-0.08664000034,2.00000,0.00
,,,-0.08659999818,2.00000,0.00
,,,-0.08655999601,2.00000,0.00
,,,-0.08652000129,2.00000,0.00
,,,-0.08647999913,2.00000,0.00
,,,-0.08643999696,2.00000,0.00
,,,-0.08639999479,2.00000,0.00
,,,-0.08636000007,2.00000,0.00
,,,-0.08631999791,2.00000,0.00
,,,-0.08627999574,2.00000,0.00
,,,-0.08624000102,2.00000,0.00
,,,-0.08619999886,2.00000,0.00
,,,-0.08615999669,2.00000,0.00
,,,-0.08611999452,2.00000,0.00
,,,-0.08607999980,2.00000,0.00
,,,-0.08603999764,2.00000,0.00
,,,-0.08599999547,2.00000,0.00
,,,-0.08596000075,2.00000,0.00
,,,-0.08591999859,2.00000,0.00
,,,-0.08587999642,2.00000,0.00
,,,-0.08583999425,2.00000,0.00
,,,-0.08579999954,2.00000,0.00
,,,-0.08575999737,2.00000,0.00
,,,-0.08571999520,2.00000,0.00
,,,-0.08568000048,2.00000,0.00
,,,-0.08563999832,2.00000,0.00
,,,-0.08559999615,2.00000,0.00
,,,-0.08556000143,2.00000,0.00
,,,-0.08551999927,2.08000,0.00
,,,-0.08547999710,2.00000,0.00
,,,-0.08543999493,2.00000,0.00
,,,-0.08540000021,2.00000,0.00
,,,-0.08535999805,2.00000,0.00
,,,-0.08531999588,1.92000,0.00
,,,-0.08528000116,2.00000,0.00
,,,-0.08523999900,2.00000,0.00
,,,-0.08519999683,2.00000,0.00
,,,-0.08515999466,2.00000,0.00
,,,-0.08511999995,2.00000,0.00
,,,-0.08507999778,2.00000,0.00
,,,-0.08503999561,1.92000,0.00
,,,-0.08500000089,2.00000,0.00
,,,-0.08495999873,2.00000,0.00
,,,-0.08491999656,1.92000,0.00
,,,-0.08487999439,2.00000,0.00
,,,-0.08483999968,2.00000,0.00
,,,-0.08479999751,2.00000,0.00
,,,-0.08475999534,2.00000,0.00
,,,-0.08472000062,2.00000,0.00
,,,-0.08467999846,2.00000,0.00
,,,-0.08463999629,2.00000,0.00
,,,-0.08460000157,2.00000,0.00
,,,-0.08455999941,2.00000,0.00
,,,-0.08451999724,2.00000,0.00
,,,-0.08447999507,2.00000,0.00
,,,-0.08444000036,2.00000,0.00
,,,-0.08439999819,2.00000,0.00
,,,-0.08435999602,2.00000,0.00
,,,-0.08432000130,2.00000,0.00
,,,-0.08427999914,2.00000,0.00
,,,-0.08423999697,2.00000,0.00
,,,-0.08419999480,2.00000,0.00
,,,-0.08416000009,2.00000,0.00
,,,-0.08411999792,2.00000,0.00
,,,-0.08407999575,2.00000,0.00
,,,-0.08404000103,2.00000,0.00
,,,-0.08399999887,2.00000,0.00
,,,-0.08395999670,2.00000,0.00
,,,-0.08391999453,2.00000,0.00
,,,-0.08387999982,2.00000,0.00
,,,-0.08383999765,2.00000,0.00
,,,-0.08379999548,2.00000,0.00
,,,-0.08376000077,2.00000,0.00
,,,-0.08371999860,2.00000,0.00
,,,-0.08367999643,2.00000,0.00
,,,-0.08363999426,2.00000,0.00
,,,-0.08359999955,2.00000,0.00
,,,-0.08355999738,2.00000,0.00
,,,-0.08351999521,2.00000,0.00
,,,-0.08348000050,2.08000,0.00
,,,-0.08343999833,2.00000,0.00
,,,-0.08339999616,2.00000,0.00
,,,-0.08336000144,2.00000,0.00
,,,-0.08331999928,2.00000,0.00
,,,-0.08327999711,2.00000,0.00
,,,-0.08323999494,2.00000,0.00
,,,-0.08320000023,2.00000,0.00
,,,-0.08315999806,1.92000,0.00
,,,-0.08311999589,1.92000,0.00
,,,-0.08308000118,2.00000,0.00
,,,-0.08303999901,2.00000,0.00
,,,-0.08299999684,2.00000,0.00
,,,-0.08295999467,2.00000,0.00
,,,-0.08291999996,2.00000,0.00
,,,-0.08287999779,2.00000,0.00
,,,-0.08283999562,2.00000,0.00
,,,-0.08280000091,1.92000,0.00
,,,-0.08275999874,2.00000,0.00
,,,-0.08271999657,2.00000,0.00
,,,-0.08267999440,2.00000,0.00
,,,-0.08263999969,2.00000,0.00
,,,-0.08259999752,1.92000,0.00
,,,-0.08255999535,2.00000,0.00
,,,-0.08252000064,2.00000,0.00
,,,-0.08247999847,2.00000,0.00
,,,-0.08243999630,2.00000,0.00
,,,-0.08240000159,2.00000,0.00
,,,-0.08235999942,2.00000,0.00
,,,-0.08231999725,2.00000,0.00
,,,-0.08227999508,2.00000,0.00
,,,-0.08224000037,2.00000,0.00
,,,-0.08219999820,2.00000,0.00
,,,-0.08215999603,2.00000,0.00
,,,-0.08212000132,2.00000,0.00
,,,-0.08207999915,2.00000,0.00
,,,-0.08203999698,2.00000,0.00
,,,-0.08199999481,2.00000,0.00
,,,-0.08196000010,2.00000,0.00
,,,-0.08191999793,2.00000,0.00
,,,-0.08187999576,2.00000,0.00
,,,-0.08184000105,1.92000,0.00
,,,-0.08179999888,2.00000,0.00
,,,-0.08175999671,2.00000,0.00
,,,-0.08171999454,2.00000,0.00
,,,-0.08167999983,2.00000,0.00
,,,-0.08163999766,1.92000,0.00
,,,-0.08159999549,2.00000,0.00
,,,-0.08156000078,2.00000,0.00
,,,-0.08151999861,2.08000,0.00
,,,-0.08147999644,2.00000,0.00
,,,-0.08143999428,2.00000,0.00
,,,-0.08139999956,2.00000,0.00
,,,-0.08135999739,2.00000,0.00
,,,-0.08131999522,1.92000,0.00
,,,-0.08128000051,2.00000,0.00
,,,-0.08123999834,2.00000,0.00
,,,-0.08119999617,2.00000,0.00
,,,-0.08116000146,1.92000,0.00
,,,-0.08111999929,2.00000,0.00
,,,-0.08107999712,2.00000,0.00
,,,-0.08103999496,2.00000,0.00
,,,-0.08100000024,2.00000,-0.08000
,,,-0.08095999807,2.00000,0.00
,,,-0.08091999590,2.00000,0.00
,,,-0.08088000119,2.00000,0.00
,,,-0.08083999902,2.00000,0.00
,,,-0.08079999685,2.00000,0.00
,,,-0.08075999469,2.00000,0.00
,,,-0.08071999997,2.00000,0.00
,,,-0.08067999780,2.00000,0.00
,,,-0.08063999563,2.00000,0.00
,,,-0.08060000092,2.00000,0.00
,,,-0.08055999875,2.00000,0.00
,,,-0.08051999658,2.00000,0.00
,,,-0.08047999442,2.00000,0.00
,,,-0.08043999970,2.00000,0.00
,,,-0.08039999753,2.00000,0.00
,,,-0.08035999537,1.92000,0.00
,,,-0.08032000065,2.00000,0.00
,,,-0.08027999848,2.00000,0.00
,,,-0.08023999631,2.00000,0.00
,,,-0.08020000160,2.00000,0.00
,,,-0.08015999943,2.00000,0.00
,,,-0.08011999726,2.00000,0.00
,,,-0.08007999510,2.00000,0.00
,,,-0.08004000038,2.00000,0.00
,,,-0.07999999821,2.00000,0.00
,,,-0.07995999604,2.00000,0.00
,,,-0.07992000133,2.00000,0.00
,,,-0.07987999916,2.00000,0.00
,,,-0.07983999699,2.00000,0.00
,,,-0.07979999483,2.00000,0.00
,,,-0.07976000011,2.00000,0.00
,,,-0.07971999794,2.00000,0.00
,,,-0.07967999578,2.00000,0.00
,,,-0.07964000106,2.00000,0.00
,,,-0.07959999889,2.00000,0.00
,,,-0.07955999672,1.92000,0.00
,,,-0.07951999456,2.00000,0.00
,,,-0.07947999984,2.00000,0.00
,,,-0.07943999767,2.00000,0.00
,,,-0.07939999551,2.00000,0.00
,,,-0.07936000079,2.00000,0.00
,,,-0.07931999862,2.00000,0.00
,,,-0.07927999645,2.08000,0.00
,,,-0.07923999429,1.92000,0.00
,,,-0.07919999957,1.92000,0.00
,,,-0.07915999740,2.00000,0.00
,,,-0.07911999524,2.00000,0.00
,,,-0.07908000052,2.00000,0.00
,,,-0.07903999835,1.92000,0.00
,,,-0.07899999619,2.00000,0.00
,,,-0.07896000147,2.00000,0.00
,,,-0.07891999930,1.92000,0.00
,,,-0.07887999713,2.00000,0.00
,,,-0.07883999497,2.00000,0.00
,,,-0.07880000025,2.00000,0.00
,,,-0.07875999808,2.00000,0.00
,,,-0.07871999592,2.00000,0.00
,,,-0.07868000120,2.00000,0.00
,,,-0.07863999903,2.00000,0.00
,,,-0.07859999686,2.00000,0.00
,,,-0.07855999470,2.00000,0.00
,,,-0.07851999998,2.00000,0.00
,,,-0.07847999781,1.92000,0.00
,,,-0.07843999565,2.00000,0.00
,,,-0.07840000093,2.00000,0.00
,,,-0.07835999876,2.00000,0.00
,,,-0.07831999660,2.00000,0.00
,,,-0.07827999443,2.00000,0.00
,,,-0.07823999971,2.00000,0.00
,,,-0.07819999754,2.00000,0.00
,,,-0.07815999538,2.00000,0.00
,,,-0.07812000066,2.00000,0.00
,,,-0.07807999849,2.00000,0.00
,,,-0.07803999633,2.00000,0.00
,,,-0.07800000161,2.00000,0.00
,,,-0.07795999944,2.00000,0.00
,,,-0.07791999727,2.00000,0.00
,,,-0.07787999511,2.00000,0.00
,,,-0.07784000039,2.00000,0.00
,,,-0.07779999822,2.00000,0.00
,,,-0.07775999606,2.00000,0.00
,,,-0.07772000134,2.00000,0.00
,,,-0.07767999917,2.00000,0.00
,,,-0.07763999701,2.00000,0.00
,,,-0.07759999484,2.00000,0.00
,,,-0.07756000012,2.00000,0.00
,,,-0.07751999795,1.92000,0.00
,,,-0.07747999579,2.00000,0.00
,,,-0.07744000107,2.00000,0.00
,,,-0.07739999890,2.00000,0.00
,,,-0.07735999674,2.00000,0.00
,,,-0.07731999457,2.00000,0.00
,,,-0.07727999985,2.00000,0.00
,,,-0.07723999768,2.00000,0.00
,,,-0.07719999552,2.00000,0.00
,,,-0.07716000080,2.00000,0.00
,,,-0.07711999863,2.00000,0.00
,,,-0.07707999647,2.00000,0.00
,,,-0.07704000175,2.00000,0.00
,,,-0.07699999958,2.00000,0.00
,,,-0.07695999742,2.00000,0.00
,,,-0.07691999525,2.00000,0.00
,,,-0.07688000053,2.00000,0.00
,,,-0.07683999836,2.00000,0.00
,,,-0.07679999620,2.00000,0.00
,,,-0.07676000148,2.00000,0.00
,,,-0.07671999931,2.00000,0.00
,,,-0.07667999715,2.00000,0.00
,,,-0.07663999498,2.00000,0.00
,,,-0.07660000026,2.00000,0.00
,,,-0.07655999810,2.00000,0.00
,,,-0.07651999593,2.00000,0.00
,,,-0.07648000121,2.00000,0.00
,,,-0.07643999904,1.92000,0.00
,,,-0.07639999688,2.00000,0.00
,,,-0.07635999471,2.00000,0.00
,,,-0.07631999999,2.00000,0.00
,,,-0.07627999783,2.00000,0.00
,,,-0.07623999566,2.00000,0.00
,,,-0.07620000094,2.00000,0.00
,,,-0.07615999877,2.00000,0.00
,,,-0.07611999661,2.00000,0.00
,,,-0.07607999444,2.00000,0.00
,,,-0.07603999972,2.00000,0.00
,,,-0.07599999756,2.00000,0.00
,,,-0.07595999539,2.00000,0.00
,,,-0.07592000067,2.00000,0.00
,,,-0.07587999851,2.00000,0.00
,,,-0.07583999634,2.00000,0.00
,,,-0.07580000162,2.00000,0.00
,,,-0.07575999945,2.00000,0.00
,,,-0.07571999729,2.00000,0.00
,,,-0.07567999512,2.00000,0.00
,,,-0.07564000040,2.00000,0.00
,,,-0.07559999824,2.00000,0.00
,,,-0.07555999607,2.00000,0.00
,,,-0.07552000135,2.00000,0.00
,,,-0.07547999918,2.00000,0.00
,,,-0.07543999702,2.00000,0.00
,,,-0.07539999485,2.00000,0.00
,,,-0.07536000013,2.00000,0.00
,,,-0.07531999797,2.00000,0.00
,,,-0.07527999580,2.00000,0.00
,,,-0.07524000108,2.00000,0.00
,,,-0.07519999892,2.00000,0.00
,,,-0.07515999675,2.00000,0.00
,,,-0.07511999458,2.00000,0.00
,,,-0.07507999986,2.00000,0.00
,,,-0.07503999770,2.00000,0.00
,,,-0.07499999553,2.00000,0.00
,,,-0.07496000081,2.00000,0.00
,,,-0.07491999865,2.00000,0.00
,,,-0.07487999648,2.00000,0.00
,,,-0.07484000176,2.00000,0.00
,,,-0.07479999959,2.00000,0.00
,,,-0.07475999743,2.00000,0.00
,,,-0.07471999526,2.00000,0.00
,,,-0.07468000054,2.00000,0.00
,,,-0.07463999838,2.00000,0.00
,,,-0.07459999621,2.00000,0.00
,,,-0.07456000149,2.00000,0.00
,,,-0.07451999933,2.00000,0.00
,,,-0.07447999716,2.00000,0.00
,,,-0.07443999499,2.00000,0.00
,,,-0.07440000027,2.00000,0.00
,,,-0.07435999811,2.00000,0.00
,,,-0.07431999594,2.00000,0.00
,,,-0.07428000122,2.00000,0.00
,,,-0.07423999906,2.00000,0.00
,,,-0.07419999689,2.00000,-0.08000
,,,-0.07415999472,2.00000,0.00
,,,-0.07412000000,2.00000,0.00
,,,-0.07407999784,2.00000,0.00
,,,-0.07403999567,2.00000,0.00
,,,-0.07400000095,2.00000,0.00
,,,-0.07395999879,2.00000,0.00
,,,-0.07391999662,2.00000,0.00
,,,-0.07387999445,2.00000,0.00
,,,-0.07383999974,2.00000,0.00
,,,-0.07379999757,2.00000,0.00
,,,-0.07375999540,2.00000,0.00
,,,-0.07372000068,2.00000,0.00
,,,-0.07367999852,2.00000,0.00
,,,-0.07363999635,2.00000,0.00
,,,-0.07360000163,2.00000,0.00
,,,-0.07355999947,2.00000,0.00
,,,-0.07351999730,2.00000,0.00
,,,-0.07347999513,2.00000,0.00
,,,-0.07344000041,2.00000,0.00
,,,-0.07339999825,2.00000,0.00
,,,-0.07335999608,2.00000,0.00
,,,-0.07332000136,2.00000,0.00
,,,-0.07327999920,2.00000,0.00
,,,-0.07323999703,2.00000,0.00
,,,-0.07319999486,2.00000,0.00
,,,-0.07316000015,2.00000,0.00
,,,-0.07311999798,2.00000,0.00
,,,-0.07307999581,1.92000,0.00
,,,-0.07304000109,2.00000,0.00
,,,-0.07299999893,2.00000,0.00
,,,-0.07295999676,2.00000,0.00
,,,-0.07291999459,2.00000,0.00
,,,-0.07287999988,2.00000,0.00
,,,-0.07283999771,2.00000,0.00
,,,-0.07279999554,2.00000,0.00
,,,-0.07276000082,1.92000,0.00
,,,-0.07271999866,2.00000,0.00
,,,-0.07267999649,2.00000,0.00
,,,-0.07264000177,2.00000,0.00
,,,-0.07259999961,2.00000,0.00
,,,-0.07255999744,2.00000,0.00
,,,-0.07251999527,2.00000,0.00
,,,-0.07248000056,2.00000,0.00
,,,-0.07243999839,2.00000,0.00
,,,-0.07239999622,2.00000,0.00
,,,-0.07236000150,2.00000,0.00
,,,-0.07231999934,2.00000,0.00
,,,-0.07227999717,2.00000,0.00
,,,-0.07223999500,1.92000,0.00
,,,-0.07220000029,2.00000,0.00
,,,-0.07215999812,2.00000,0.00
,,,-0.07211999595,2.00000,-0.08000
,,,-0.07208000124,2.00000,0.00
,,,-0.07203999907,2.00000,0.00
,,,-0.07199999690,2.00000,0.00
,,,-0.07195999473,2.00000,0.00
,,,-0.07192000002,2.00000,0.00
,,,-0.07187999785,2.00000,0.00
,,,-0.07183999568,2.00000,0.00
,,,-0.07180000097,2.00000,0.00
,,,-0.07175999880,1.92000,0.00
,,,-0.07171999663,2.00000,0.00
,,,-0.07167999446,2.00000,0.00
,,,-0.07163999975,2.00000,0.00
,,,-0.07159999758,2.00000,0.00
,,,-0.07155999541,2.00000,0.00
,,,-0.07152000070,1.92000,0.00
,,,-0.07147999853,2.00000,0.00
,,,-0.07143999636,2.00000,0.00
,,,-0.07140000165,2.00000,0.00
,,,-0.07135999948,2.00000,0.00
,,,-0.07131999731,2.00000,0.00
,,,-0.07127999514,2.00000,0.00
,,,-0.07124000043,2.00000,0.00
,,,-0.07119999826,1.92000,0.00
,,,-0.07115999609,2.00000,0.00
,,,-0.07112000138,2.00000,0.00
,,,-0.07107999921,2.00000,0.00
,,,-0.07103999704,1.92000,0.00
,,,-0.07099999487,2.00000,0.00
,,,-0.07096000016,2.00000,0.00
,,,-0.07091999799,2.00000,0.00
,,,-0.07087999582,2.00000,0.00
,,,-0.07084000111,2.00000,0.00
,,,-0.07079999894,2.00000,0.00
,,,-0.07075999677,2.00000,0.00
,,,-0.07071999460,2.00000,0.00
,,,-0.07067999989,2.00000,0.00
,,,-0.07063999772,2.00000,0.00
,,,-0.07059999555,2.00000,0.00
,,,-0.07056000084,2.00000,0.00
,,,-0.07051999867,2.00000,0.00
,,,-0.07047999650,2.00000,0.00
,,,-0.07044000179,2.00000,0.00
,,,-0.07039999962,1.92000,0.00
,,,-0.07035999745,2.00000,0.00
,,,-0.07031999528,2.00000,0.00
,,,-0.07028000057,2.00000,0.00
,,,-0.07023999840,2.00000,0.00
,,,-0.07019999623,2.00000,0.00
,,,-0.07016000152,1.92000,0.00
,,,-0.07011999935,2.00000,0.00
,,,-0.07007999718,2.00000,0.00
,,,-0.07003999501,2.00000,0.00
,,,-0.07000000030,2.00000,0.00
,,,-0.06995999813,2.00000,0.00
,,,-0.06991999596,2.00000,0.00
,,,-0.06988000125,2.00000,-0.08000
,,,-0.06983999908,1.92000,0.00
,,,-0.06979999691,2.00000,0.00
,,,-0.06975999475,2.00000,0.00
,,,-0.06972000003,2.00000,0.00
,,,-0.06967999786,2.00000,0.00
,,,-0.06963999569,2.00000,0.00
,,,-0.06960000098,2.00000,0.00
,,,-0.06955999881,2.00000,0.00
,,,-0.06951999664,2.00000,0.00
,,,-0.06948000193,2.00000,0.00
,,,-0.06943999976,2.00000,0.00
,,,-0.06939999759,2.00000,0.00
,,,-0.06935999542,2.00000,0.00
,,,-0.06932000071,2.00000,0.00
,,,-0.06927999854,2.00000,0.00
,,,-0.06923999637,2.00000,0.00
,,,-0.06920000166,2.00000,0.00
,,,-0.06915999949,2.00000,0.00
,,,-0.06911999732,2.00000,0.00
,,,-0.06907999516,2.00000,-0.08000
,,,-0.06904000044,2.00000,0.00
,,,-0.06899999827,2.00000,0.00
,,,-0.06895999610,2.00000,0.00
,,,-0.06892000139,2.00000,0.00
,,,-0.06887999922,2.00000,0.00
,,,-0.06883999705,2.00000,0.00
,,,-0.06879999489,2.00000,0.00
,,,-0.06876000017,1.92000,0.00
,,,-0.06871999800,2.00000,0.00
,,,-0.06867999583,2.00000,0.00
,,,-0.06864000112,2.00000,0.00
,,,-0.06859999895,2.00000,0.00
,,,-0.06855999678,2.00000,0.00
,,,-0.06851999462,2.00000,0.00
,,,-0.06847999990,2.00000,0.00
,,,-0.06843999773,2.00000,0.00
,,,-0.06839999557,2.00000,0.00
,,,-0.06836000085,2.00000,0.00
,,,-0.06831999868,2.00000,0.00
,,,-0.06827999651,2.00000,0.00
,,,-0.06824000180,2.00000,0.00
,,,-0.06819999963,2.00000,0.00
,,,-0.06815999746,2.00000,0.00
,,,-0.06811999530,2.00000,0.00
,,,-0.06808000058,2.00000,0.00
,,,-0.06803999841,2.00000,0.00
,,,-0.06799999624,2.00000,0.00
,,,-0.06796000153,2.00000,0.00
,,,-0.06791999936,1.92000,0.00
,,,-0.06787999719,2.00000,0.00
,,,-0.06783999503,2.00000,0.00
,,,-0.06780000031,2.00000,0.00
,,,-0.06775999814,2.00000,0.00
,,,-0.06771999598,2.00000,0.00
,,,-0.06768000126,2.00000,0.00
,,,-0.06763999909,2.00000,0.00
,,,-0.06759999692,1.92000,0.00
,,,-0.06755999476,2.00000,0.00
,,,-0.06752000004,2.00000,0.00
,,,-0.06747999787,2.00000,0.00
,,,-0.06743999571,2.00000,0.00
,,,-0.06740000099,2.00000,0.00
,,,-0.06735999882,2.00000,0.00
,,,-0.06731999665,1.92000,0.00
,,,-0.06728000194,2.00000,0.00
,,,-0.06723999977,2.00000,0.00
,,,-0.06719999760,2.08000,0.00
,,,-0.06715999544,2.00000,0.00
,,,-0.06712000072,2.00000,0.00
,,,-0.06707999855,2.00000,0.00
,,,-0.06703999639,2.00000,0.00
,,,-0.06700000167,2.00000,0.00
,,,-0.06695999950,2.00000,0.00
,,,-0.06691999733,1.92000,0.00
,,,-0.06687999517,2.00000,0.00
,,,-0.06684000045,2.00000,0.00
,,,-0.06679999828,2.00000,0.00
,,,-0.06675999612,2.00000,0.00
,,,-0.06672000140,2.00000,0.00
,,,-0.06667999923,2.00000,0.00
,,,-0.06663999707,2.00000,0.00
,,,-0.06659999490,2.00000,0.00
,,,-0.06656000018,2.00000,0.00
,,,-0.06651999801,2.00000,0.00
,,,-0.06647999585,2.00000,0.00
,,,-0.06644000113,2.00000,0.00
,,,-0.06639999896,1.92000,0.00
,,,-0.06635999680,2.00000,0.00
,,,-0.06631999463,2.00000,0.00
,,,-0.06627999991,2.00000,0.00
,,,-0.06623999774,2.00000,0.00
,,,-0.06619999558,2.00000,0.00
,,,-0.06616000086,2.00000,0.00
,,,-0.06611999869,2.00000,0.00
,,,-0.06607999653,2.00000,0.00
,,,-0.06604000181,2.00000,0.00
,,,-0.06599999964,2.00000,0.00
,,,-0.06595999748,2.00000,0.00
,,,-0.06591999531,2.00000,0.00
,,,-0.06588000059,2.00000,0.00
,,,-0.06583999842,2.00000,0.00
,,,-0.06579999626,2.00000,0.00
,,,-0.06576000154,2.00000,0.00
,,,-0.06571999937,2.00000,0.00
,,,-0.06567999721,2.00000,0.00
,,,-0.06563999504,2.00000,0.00
,,,-0.06560000032,2.00000,0.00
,,,-0.06555999815,2.00000,0.00
,,,-0.06551999599,2.00000,0.00
,,,-0.06548000127,2.00000,0.00
,,,-0.06543999910,2.00000,0.00
,,,-0.06539999694,1.92000,0.00
,,,-0.06535999477,2.00000,0.00
,,,-0.06532000005,2.00000,0.00
,,,-0.06527999789,2.00000,0.00
,,,-0.06523999572,2.00000,0.00
,,,-0.06520000100,1.92000,0.00
,,,-0.06515999883,2.00000,0.00
,,,-0.06511999667,1.92000,0.00
,,,-0.06508000195,2.00000,0.00
,,,-0.06503999978,2.00000,0.00
,,,-0.06499999762,2.00000,0.00
,,,-0.06495999545,2.00000,0.00
,,,-0.06492000073,2.00000,0.00
,,,-0.06487999856,2.00000,0.00
,,,-0.06483999640,2.00000,0.00
,,,-0.06480000168,2.00000,0.00
,,,-0.06475999951,2.00000,0.00
,,,-0.06471999735,2.00000,0.00
,,,-0.06467999518,2.00000,0.00
,,,-0.06464000046,2.00000,0.00
,,,-0.06459999830,2.00000,0.00
,,,-0.06455999613,2.00000,0.00
,,,-0.06452000141,2.00000,0.00
,,,-0.06447999924,2.00000,0.00
,,,-0.06443999708,2.00000,0.00
,,,-0.06439999491,2.00000,0.00
,,,-0.06436000019,2.00000,0.00
,,,-0.06431999803,2.00000,0.00
,,,-0.06427999586,2.00000,0.00
,,,-0.06424000114,2.00000,0.00
,,,-0.06419999897,2.00000,0.00
,,,-0.06415999681,2.00000,0.00
,,,-0.06412000209,2.00000,0.00
,,,-0.06407999992,2.00000,0.00
,,,-0.06403999776,2.00000,0.00
,,,-0.06399999559,2.00000,0.00
,,,-0.06396000087,1.92000,0.00
,,,-0.06391999871,2.00000,0.00
,,,-0.06387999654,1.92000,0.00
,,,-0.06384000182,2.00000,0.00
,,,-0.06379999965,2.00000,0.00
,,,-0.06375999749,2.00000,0.00
,,,-0.06371999532,1.92000,0.00
,,,-0.06368000060,1.92000,0.00
,,,-0.06363999844,2.00000,0.00
,,,-0.06359999627,2.00000,0.00
,,,-0.06356000155,2.00000,0.00
,,,-0.06351999938,1.92000,0.00
,,,-0.06347999722,2.00000,0.00
,,,-0.06343999505,2.00000,0.00
,,,-0.06340000033,2.00000,0.00
,,,-0.06335999817,2.00000,0.00
,,,-0.06331999600,2.00000,0.00
,,,-0.06328000128,2.00000,0.00
,,,-0.06323999912,2.00000,0.00
,,,-0.06319999695,2.00000,0.00
,,,-0.06315999478,2.00000,0.00
,,,-0.06312000006,2.00000,0.00
,,,-0.06307999790,2.00000,0.00
,,,-0.06303999573,2.00000,0.00
,,,-0.06300000101,2.00000,0.00
,,,-0.06295999885,2.00000,0.00
,,,-0.06291999668,2.00000,0.00
,,,-0.06288000196,2.00000,0.00
,,,-0.06283999979,2.00000,0.00
,,,-0.06279999763,2.00000,0.00
,,,-0.06275999546,2.00000,0.00
,,,-0.06272000074,2.00000,0.00
,,,-0.06267999858,2.00000,0.00
,,,-0.06263999641,1.92000,0.00
,,,-0.06260000169,2.00000,0.00
,,,-0.06255999953,2.00000,0.00
,,,-0.06251999736,1.92000,0.00
,,,-0.06247999892,2.00000,0.00
,,,-0.06243999675,2.00000,0.00
,,,-0.06239999831,2.00000,0.00
,,,-0.06235999987,2.00000,0.00
,,,-0.06231999770,2.00000,0.00
,,,-0.06227999926,2.00000,0.00
,,,-0.06223999709,2.00000,0.00
,,,-0.06219999865,2.00000,0.00
,,,-0.06216000021,2.00000,0.00
,,,-0.06211999804,2.00000,0.00
,,,-0.06207999960,2.00000,0.00
,,,-0.06203999743,2.00000,0.00
,,,-0.06199999899,2.00000,0.00
,,,-0.06195999682,2.00000,0.00
,,,-0.06191999838,2.00000,0.00
,,,-0.06187999994,2.00000,0.00
,,,-0.06183999777,2.00000,0.00
,,,-0.06179999933,2.00000,0.00
,,,-0.06175999716,2.00000,0.00
,,,-0.06171999872,2.00000,0.00
,,,-0.06168000028,2.00000,0.00
,,,-0.06163999811,2.00000,0.00
,,,-0.06159999967,2.00000,0.00
,,,-0.06155999750,2.00000,0.00
,,,-0.06151999906,2.00000,0.00
,,,-0.06147999689,2.00000,0.00
,,,-0.06143999845,1.92000,0.00
,,,-0.06140000001,2.00000,0.00
,,,-0.06135999784,2.00000,0.00
,,,-0.06131999940,1.92000,0.00
,,,-0.06127999723,2.00000,0.00
,,,-0.06123999879,2.00000,0.00
,,,-0.06119999662,2.00000,0.00
,,,-0.06115999818,2.00000,0.00
,,,-0.06111999974,2.00000,0.00
,,,-0.06107999757,2.00000,0.00
,,,-0.06103999913,2.00000,0.00
,,,-0.06099999696,2.08000,0.00
,,,-0.06095999852,2.00000,0.00
,,,-0.06092000008,2.00000,0.00
,,,-0.06087999791,2.00000,0.00
,,,-0.06083999947,2.00000,0.00
,,,-0.06079999730,2.00000,0.00
,,,-0.06075999886,2.00000,0.00
,,,-0.06071999669,2.00000,0.00
,,,-0.06067999825,2.00000,0.00
,,,-0.06063999981,2.00000,0.00
,,,-0.06059999764,2.00000,0.00
,,,-0.06055999920,2.00000,0.00
,,,-0.06051999703,2.00000,0.00
,,,-0.06047999859,2.00000,0.00
,,,-0.06044000015,2.00000,0.00
,,,-0.06039999798,2.00000,0.00
,,,-0.06035999954,2.00000,0.00
,,,-0.06031999737,2.00000,0.00
,,,-0.06027999893,2.00000,0.00
,,,-0.06023999676,2.00000,0.00
,,,-0.06019999832,2.00000,0.00
,,,-0.06015999988,2.00000,0.00
,,,-0.06011999771,2.00000,0.00
,,,-0.06007999927,2.00000,0.00
,,,-0.06003999710,2.00000,0.00
,,,-0.05999999866,2.00000,0.00
,,,-0.05996000022,1.92000,0.00
,,,-0.05991999805,2.00000,0.00
,,,-0.05987999961,2.00000,0.00
,,,-0.05983999744,2.00000,0.00
,,,-0.05979999900,1.92000,0.00
,,,-0.05975999683,2.00000,0.00
,,,-0.05971999839,2.00000,0.00
,,,-0.05967999995,2.00000,0.00
,,,-0.05963999778,2.00000,0.00
,,,-0.05959999934,2.00000,0.00
,,,-0.05955999717,2.00000,0.00
,,,-0.05951999873,2.00000,0.00
,,,-0.05948000029,2.00000,0.00
,,,-0.05943999812,2.00000,0.00
,,,-0.05939999968,1.92000,0.00
,,,-0.05935999751,2.00000,0.00
,,,-0.05931999907,1.92000,0.00
,,,-0.05927999690,2.00000,0.00
,,,-0.05923999846,2.00000,0.00
,,,-0.05920000002,2.00000,0.00
,,,-0.05915999785,2.00000,0.00
,,,-0.05911999941,2.00000,0.00
,,,-0.05907999724,2.00000,0.00
,,,-0.05903999880,2.00000,0.00
,,,-0.05900000036,1.92000,0.00
,,,-0.05895999819,2.00000,0.00
,,,-0.05891999975,2.00000,0.00
,,,-0.05887999758,2.00000,0.00
,,,-0.05883999914,2.00000,0.00
,,,-0.05879999697,2.00000,0.00
,,,-0.05875999853,2.00000,0.00
,,,-0.05872000009,2.00000,0.00
,,,-0.05867999792,2.00000,0.00
,,,-0.05863999948,2.00000,0.00
,,,-0.05859999731,2.00000,0.00
,,,-0.05855999887,2.00000,0.00
,,,-0.05851999670,1.92000,0.00
,,,-0.05847999826,2.00000,0.00
,,,-0.05843999982,2.00000,0.00
,,,-0.05839999765,2.00000,0.00
,,,-0.05835999921,2.00000,0.00
,,,-0.05831999704,1.92000,0.00
,,,-0.05827999860,2.00000,0.00
,,,-0.05824000016,2.00000,0.00
,,,-0.05819999799,2.00000,0.00
,,,-0.05815999955,2.00000,0.00
,,,-0.05811999738,2.00000,0.00
,,,-0.05807999894,2.00000,0.00
,,,-0.05803999677,2.00000,0.00
,,,-0.05799999833,2.00000,0.00
,,,-0.05795999989,2.00000,0.00
,,,-0.05791999772,2.00000,0.00
,,,-0.05787999928,2.00000,0.00
,,,-0.05783999711,1.92000,0.00
,,,-0.05779999867,1.92000,0.00
,,,-0.05776000023,2.00000,0.00
,,,-0.05771999806,2.00000,0.00
,,,-0.05767999962,1.92000,0.00
,,,-0.05763999745,2.00000,0.00
,,,-0.05759999901,2.00000,0.00
,,,-0.05755999684,2.00000,0.00
,,,-0.05751999840,2.00000,0.00
,,,-0.05747999996,2.00000,0.00
,,,-0.05743999779,2.00000,0.00
,,,-0.05739999935,2.00000,0.00
,,,-0.05735999718,2.00000,0.00
,,,-0.05731999874,2.00000,0.00
,,,-0.05728000030,2.00000,0.00
,,,-0.05723999813,2.00000,0.00
,,,-0.05719999969,2.00000,0.00
,,,-0.05715999752,2.00000,0.00
,,,-0.05711999908,2.00000,0.00
,,,-0.05707999691,2.00000,0.00
,,,-0.05703999847,2.00000,0.00
,,,-0.05700000003,2.00000,0.00
,,,-0.05695999786,2.00000,0.00
,,,-0.05691999942,2.00000,0.00
,,,-0.05687999725,2.00000,0.00
,,,-0.05683999881,2.00000,0.00
,,,-0.05680000037,2.00000,0.00
,,,-0.05675999820,2.00000,0.00
,,,-0.05671999976,2.00000,0.00
,,,-0.05667999759,2.00000,0.00
,,,-0.05663999915,2.00000,0.00
,,,-0.05659999698,2.00000,0.00
,,,-0.05655999854,2.00000,0.00
,,,-0.05652000010,2.00000,0.00
,,,-0.05647999793,2.00000,0.00
,,,-0.05643999949,2.00000,0.00
,,,-0.05639999732,2.00000,0.00
,,,-0.05635999888,2.00000,0.00
,,,-0.05631999671,2.00000,0.00
,,,-0.05627999827,2.00000,0.00
,,,-0.05623999983,2.00000,0.00
,,,-0.05619999766,2.00000,0.00
,,,-0.05615999922,2.00000,0.00
,,,-0.05611999705,2.00000,0.00
,,,-0.05607999861,1.92000,0.00
,,,-0.05604000017,2.00000,0.00
,,,-0.05599999800,2.00000,0.00
,,,-0.05595999956,2.00000,0.00
,,,-0.05591999739,2.00000,0.00
,,,-0.05587999895,2.00000,0.00
,,,-0.05583999678,2.00000,0.00
,,,-0.05579999834,2.00000,0.00
,,,-0.05575999990,2.00000,0.00
,,,-0.05571999773,2.00000,0.00
,,,-0.05567999929,1.92000,0.00
,,,-0.05563999712,2.00000,0.00
,,,-0.05559999868,2.00000,0.00
,,,-0.05556000024,2.00000,0.00
,,,-0.05551999807,2.00000,0.00
,,,-0.05547999963,2.00000,0.00
,,,-0.05543999746,2.00000,0.00
,,,-0.05539999902,2.00000,0.00
,,,-0.05535999686,2.00000,0.00
,,,-0.05531999841,2.00000,0.00
,,,-0.05527999997,2.00000,0.00
,,,-0.05523999780,1.92000,0.00
,,,-0.05519999936,2.00000,0.00
,,,-0.05515999720,2.00000,0.00
,,,-0.05511999875,1.92000,0.00
,,,-0.05508000031,2.00000,0.00
,,,-0.05503999814,2.00000,0.00
,,,-0.05499999970,2.00000,0.00
,,,-0.05495999753,2.00000,0.00
,,,-0.05491999909,2.00000,0.00
,,,-0.05487999693,2.00000,0.00
,,,-0.05483999848,2.00000,0.00
,,,-0.05480000004,2.00000,0.00
,,,-0.05475999787,2.00000,0.00
,,,-0.05471999943,2.00000,0.00
,,,-0.05467999727,1.92000,0.00
,,,-0.05463999882,2.00000,0.00
,,,-0.05460000038,2.00000,0.00
,,,-0.05455999821,2.00000,0.00
,,,-0.05451999977,2.00000,0.00
,,,-0.05447999761,2.00000,0.00
,,,-0.05443999916,2.00000,0.00
,,,-0.05439999700,2.00000,0.00
,,,-0.05435999855,2.00000,0.00
,,,-0.05432000011,2.00000,0.00
,,,-0.05427999794,2.00000,0.00
,,,-0.05423999950,2.00000,0.00
,,,-0.05419999734,2.00000,0.00
,,,-0.05415999889,2.00000,0.00
,,,-0.05412000045,2.00000,0.00
,,,-0.05407999828,2.00000,0.00
,,,-0.05403999984,2.00000,0.00
,,,-0.05399999768,2.00000,0.00
,,,-0.05395999923,2.00000,0.00
,,,-0.05391999707,2.00000,0.00
,,,-0.05387999862,2.00000,0.00
,,,-0.05384000018,2.00000,0.00
,,,-0.05379999802,2.00000,0.00
,,,-0.05375999957,2.00000,0.00
,,,-0.05371999741,1.92000,0.00
,,,-0.05367999896,2.00000,0.00
,,,-0.05363999680,2.00000,0.00
,,,-0.05359999835,2.00000,0.00
,,,-0.05355999991,2.00000,0.00
,,,-0.05351999775,1.92000,0.00
,,,-0.05347999930,2.00000,0.00
,,,-0.05343999714,2.00000,0.00
,,,-0.05339999869,2.00000,0.00
,,,-0.05336000025,1.92000,0.00
,,,-0.05331999809,1.92000,0.00
,,,-0.05327999964,2.00000,0.00
,,,-0.05323999748,2.00000,0.00
,,,-0.05319999903,2.00000,0.00
,,,-0.05315999687,2.00000,0.00
,,,-0.05311999843,2.00000,0.00
,,,-0.05307999998,2.00000,0.00
,,,-0.05303999782,2.00000,0.00
,,,-0.05299999937,2.00000,0.00
,,,-0.05295999721,2.00000,0.00
,,,-0.05291999876,2.00000,0.00
,,,-0.05288000032,2.00000,0.00
,,,-0.05283999816,1.92000,0.00
,,,-0.05279999971,2.00000,0.00
,,,-0.05275999755,1.92000,0.00
,,,-0.05271999910,2.00000,0.00
,,,-0.05267999694,2.00000,0.00
,,,-0.05263999850,2.00000,0.00
,,,-0.05260000005,2.00000,0.00
,,,-0.05255999789,2.00000,0.00
,,,-0.05251999944,2.00000,0.00
,,,-0.05247999728,2.00000,0.00
,,,-0.05243999884,2.00000,0.00
,,,-0.05240000039,2.00000,0.00
,,,-0.05235999823,2.00000,0.00
,,,-0.05231999978,2.00000,0.00
,,,-0.05227999762,2.00000,0.00
,,,-0.05223999918,2.00000,0.00
,,,-0.05219999701,1.92000,0.00
,,,-0.05215999857,2.00000,0.00
,,,-0.05212000012,2.00000,0.00
,,,-0.05207999796,2.00000,0.00
,,,-0.05203999951,2.00000,0.00
,,,-0.05199999735,2.00000,0.00
,,,-0.05195999891,2.00000,0.00
,,,-0.05192000046,2.00000,0.00
,,,-0.05187999830,2.00000,0.00
,,,-0.05183999985,2.00000,0.00
,,,-0.05179999769,1.92000,0.00
,,,-0.05175999925,2.00000,0.00
,,,-0.05171999708,2.00000,0.00
,,,-0.05167999864,2.00000,0.00
,,,-0.05164000019,2.00000,-0.08000
,,,-0.05159999803,2.00000,0.00
,,,-0.05155999959,2.00000,0.00
,,,-0.05151999742,2.00000,0.00
,,,-0.05147999898,2.00000,0.00
,,,-0.05144000053,2.00000,0.00
,,,-0.05139999837,2.08000,0.00
,,,-0.05135999992,2.00000,0.00
,,,-0.05131999776,2.00000,0.00
,,,-0.05127999932,2.00000,0.00
,,,-0.05123999715,2.00000,0.00
,,,-0.05119999871,2.00000,0.00
,,,-0.05116000026,2.00000,0.00
,,,-0.05111999810,2.00000,0.00
,,,-0.05107999966,2.00000,0.00
,,,-0.05103999749,2.00000,0.00
,,,-0.05099999905,2.00000,0.00
,,,-0.05095999688,2.00000,0.00
,,,-0.05091999844,2.00000,0.00
,,,-0.05088000000,2.00000,0.00
,,,-0.05083999783,2.00000,0.00
,,,-0.05079999939,1.92000,0.00
,,,-0.05075999722,2.00000,0.00
,,,-0.05071999878,2.00000,0.00
,,,-0.05068000033,2.00000,0.00
,,,-0.05063999817,2.00000,0.00
,,,-0.05059999973,2.00000,0.00
,,,-0.05055999756,2.00000,0.00
,,,-0.05051999912,2.00000,0.00
,,,-0.05047999695,1.92000,0.00
,,,-0.05043999851,2.00000,0.00
,,,-0.05040000007,2.00000,0.00
,,,-0.05035999790,2.00000,0.00
,,,-0.05031999946,2.00000,0.00
,,,-0.05027999729,2.00000,0.00
,,,-0.05023999885,2.00000,0.00
,,,-0.05020000041,2.00000,0.00
,,,-0.05015999824,2.00000,0.00
,,,-0.05011999980,2.00000,0.00
,,,-0.05007999763,2.00000,0.00
,,,-0.05003999919,2.00000,0.00
,,,-0.04999999702,2.00000,0.00
,,,-0.04995999858,2.00000,0.00
,,,-0.04992000014,2.00000,0.00
,,,-0.04987999797,2.00000,0.00
,,,-0.04983999953,1.92000,0.00
,,,-0.04979999736,2.00000,0.00
,,,-0.04975999892,2.00000,0.00
,,,-0.04972000048,2.00000,0.00
,,,-0.04967999831,2.00000,0.00
,,,-0.04963999987,2.00000,-0.08000
,,,-0.04959999770,2.00000,0.00
,,,-0.04955999926,2.00000,0.00
,,,-0.04951999709,2.00000,0.00
,,,-0.04947999865,2.00000,0.00
,,,-0.04944000021,2.00000,0.00
,,,-0.04939999804,1.92000,0.00
,,,-0.04935999960,2.00000,0.00
,,,-0.04931999743,2.00000,0.00
,,,-0.04927999899,2.00000,0.00
,,,-0.04924000055,2.00000,0.00
,,,-0.04919999838,2.00000,0.00
,,,-0.04915999994,2.00000,0.00
,,,-0.04911999777,2.00000,0.00
,,,-0.04907999933,2.00000,0.00
,,,-0.04903999716,2.00000,0.00
,,,-0.04899999872,2.00000,0.00
,,,-0.04896000028,2.00000,0.00
,,,-0.04891999811,2.00000,0.00
,,,-0.04887999967,2.00000,0.00
,,,-0.04883999750,2.00000,0.00
,,,-0.04879999906,2.00000,0.00
,,,-0.04876000062,2.00000,0.00
,,,-0.04871999845,2.00000,0.00
,,,-0.04868000001,1.92000,0.00
,,,-0.04863999784,2.00000,0.00
,,,-0.04859999940,2.00000,0.00
,,,-0.04855999723,2.00000,0.00
,,,-0.04851999879,2.00000,0.00
,,,-0.04848000035,2.00000,0.00
,,,-0.04843999818,2.00000,0.00
,,,-0.04839999974,2.00000,0.00
,,,-0.04835999757,1.92000,0.00
,,,-0.04831999913,2.00000,0.00
,,,-0.04827999696,1.92000,0.00
,,,-0.04823999852,2.00000,0.00
,,,-0.04820000008,2.00000,0.00
,,,-0.04815999791,2.00000,0.00
,,,-0.04811999947,2.00000,0.00
,,,-0.04807999730,2.00000,0.00
,,,-0.04803999886,2.00000,0.00
,,,-0.04800000042,2.00000,0.00
,,,-0.04795999825,2.00000,0.00
,,,-0.04791999981,2.00000,0.00
,,,-0.04787999764,2.00000,0.00
,,,-0.04783999920,2.00000,0.00
,,,-0.04779999703,2.00000,0.00
,,,-0.04775999859,2.00000,0.00
,,,-0.04772000015,2.00000,0.00
,,,-0.04767999798,2.00000,0.00
,,,-0.04763999954,2.00000,0.00
,,,-0.04759999737,2.00000,0.00
,,,-0.04755999893,2.00000,0.00
,,,-0.04752000049,2.00000,0.00
,,,-0.04747999832,2.00000,0.00
,,,-0.04743999988,1.92000,0.00
,,,-0.04739999771,2.00000,0.00
,,,-0.04735999927,2.00000,0.00
,,,-0.04731999710,2.00000,0.00
,,,-0.04727999866,2.00000,0.00
,,,-0.04724000022,2.00000,0.00
,,,-0.04719999805,2.00000,0.00
,,,-0.04715999961,2.00000,0.00
,,,-0.04711999744,2.00000,0.00
,,,-0.04707999900,2.00000,0.00
,,,-0.04704000056,2.00000,0.00
,,,-0.04699999839,2.00000,0.00
,,,-0.04695999995,2.00000,0.00
,,,-0.04691999778,2.00000,0.00
,,,-0.04687999934,2.00000,0.00
,,,-0.04683999717,2.00000,0.00
,,,-0.04679999873,2.00000,0.00
,,,-0.04676000029,2.00000,0.00
,,,-0.04671999812,2.00000,0.00
,,,-0.04667999968,2.00000,0.00
,,,-0.04663999751,2.00000,0.00
,,,-0.04659999907,2.00000,0.00
,,,-0.04656000063,2.00000,0.00
,,,-0.04651999846,2.00000,0.00
,,,-0.04648000002,2.00000,0.00
,,,-0.04643999785,1.92000,0.00
,,,-0.04639999941,2.00000,0.00
,,,-0.04635999724,2.00000,0.00
,,,-0.04631999880,1.92000,0.00
,,,-0.04628000036,2.00000,0.00
,,,-0.04623999819,2.00000,0.00
,,,-0.04619999975,2.00000,0.00
,,,-0.04615999758,2.00000,0.00
,,,-0.04611999914,2.00000,0.00
,,,-0.04608000070,2.00000,0.00
,,,-0.04603999853,2.00000,0.00
,,,-0.04600000009,2.00000,0.00
,,,-0.04595999792,2.00000,0.00
,,,-0.04591999948,1.92000,0.00
,,,-0.04587999731,2.00000,0.00
,,,-0.04583999887,2.00000,0.00
,,,-0.04580000043,1.92000,0.00
,,,-0.04575999826,2.00000,0.00
,,,-0.04571999982,2.00000,0.00
,,,-0.04567999765,2.00000,0.00
,,,-0.04563999921,1.92000,0.00
,,,-0.04559999704,2.00000,0.00
,,,-0.04555999860,2.00000,0.00
,,,-0.04552000016,2.00000,0.00
,,,-0.04547999799,2.00000,0.00
,,,-0.04543999955,2.00000,0.00
,,,-0.04539999738,2.00000,0.00
,,,-0.04535999894,2.00000,0.00
,,,-0.04532000050,2.00000,0.00
,,,-0.04527999833,2.00000,0.00
,,,-0.04523999989,2.00000,0.00
,,,-0.04519999772,2.00000,0.00
,,,-0.04515999928,2.00000,0.00
,,,-0.04511999711,2.00000,0.00
,,,-0.04507999867,2.00000,0.00
,,,-0.04504000023,2.00000,0.00
,,,-0.04499999806,2.00000,0.00
,,,-0.04495999962,2.00000,0.00
,,,-0.04491999745,2.00000,0.00
,,,-0.04487999901,2.00000,0.00
,,,-0.04484000057,1.92000,0.00
,,,-0.04479999840,2.00000,0.00
,,,-0.04475999996,2.00000,0.00
,,,-0.04471999779,1.92000,0.00
,,,-0.04467999935,2.00000,0.00
,,,-0.04463999718,2.00000,0.00
,,,-0.04459999874,2.00000,0.00
,,,-0.04456000030,2.00000,0.00
,,,-0.04451999813,2.00000,0.00
,,,-0.04447999969,2.00000,0.00
,,,-0.04443999752,2.00000,0.00
,,,-0.04439999908,2.00000,0.00
,,,-0.04436000064,2.00000,0.00
,,,-0.04431999847,2.00000,0.00
,,,-0.04428000003,2.00000,0.00
,,,-0.04423999786,2.00000,0.00
,,,-0.04419999942,2.00000,0.00
,,,-0.04415999725,2.00000,0.00
,,,-0.04411999881,2.00000,0.00
,,,-0.04408000037,2.00000,0.00
,,,-0.04403999820,2.00000,0.00
,,,-0.04399999976,2.00000,0.00
,,,-0.04395999759,2.00000,0.00
,,,-0.04391999915,2.00000,0.00
,,,-0.04388000071,2.00000,0.00
,,,-0.04383999854,2.00000,0.00
,,,-0.04380000010,2.00000,0.00
,,,-0.04375999793,1.92000,0.00
,,,-0.04371999949,2.00000,0.00
,,,-0.04367999732,2.00000,0.00
,,,-0.04363999888,2.00000,0.00
,,,-0.04360000044,2.00000,0.00
,,,-0.04355999827,2.00000,0.00
,,,-0.04351999983,2.00000,0.00
,,,-0.04347999766,2.00000,0.00
,,,-0.04343999922,2.00000,0.00
,,,-0.04339999706,2.00000,0.00
,,,-0.04335999861,2.00000,0.00
,,,-0.04332000017,2.00000,0.00
,,,-0.04327999800,2.00000,0.00
,,,-0.04323999956,1.92000,0.00
,,,-0.04319999740,2.00000,0.00
,,,-0.04315999895,2.00000,0.00
,,,-0.04312000051,2.00000,0.00
,,,-0.04307999834,1.92000,0.00
,,,-0.04303999990,2.00000,0.00
,,,-0.04299999774,2.00000,0.00
,,,-0.04295999929,2.00000,0.00
,,,-0.04291999713,2.00000,0.00
,,,-0.04287999868,1.92000,0.00
,,,-0.04284000024,2.00000,0.00
,,,-0.04279999807,2.00000,0.00
,,,-0.04275999963,2.00000,0.00
,,,-0.04271999747,2.00000,0.00
,,,-0.04267999902,1.92000,0.00
,,,-0.04264000058,1.92000,0.00
,,,-0.04259999841,2.00000,0.00
,,,-0.04255999997,2.00000,0.00
,,,-0.04251999781,2.00000,0.00
,,,-0.04247999936,2.00000,0.00
,,,-0.04243999720,2.00000,0.00
,,,-0.04239999875,1.92000,0.00
,,,-0.04236000031,2.00000,0.00
,,,-0.04231999815,2.00000,0.00
,,,-0.04227999970,2.00000,0.00
,,,-0.04223999754,2.00000,0.00
,,,-0.04219999909,2.00000,0.00
,,,-0.04216000065,2.00000,0.00
,,,-0.04211999848,2.00000,0.00
,,,-0.04208000004,2.00000,0.00
,,,-0.04203999788,1.92000,0.00
,,,-0.04199999943,2.00000,0.00
,,,-0.04195999727,2.00000,0.00
,,,-0.04191999882,2.00000,0.00
,,,-0.04188000038,2.00000,0.00
,,,-0.04183999822,2.00000,0.00
,,,-0.04179999977,2.00000,0.00
,,,-0.04175999761,2.00000,0.00
,,,-0.04171999916,2.00000,0.00
,,,-0.04168000072,2.00000,0.00
,,,-0.04163999856,2.00000,0.00
,,,-0.04160000011,2.00000,-0.08000
,,,-0.04155999795,2.00000,0.00
,,,-0.04151999950,2.00000,0.00
,,,-0.04147999734,2.00000,0.00
,,,-0.04143999889,1.92000,0.00
,,,-0.04140000045,2.00000,0.00
,,,-0.04135999829,2.00000,0.00
,,,-0.04131999984,1.92000,0.00
,,,-0.04127999768,2.00000,0.00
,,,-0.04123999923,2.00000,0.00
,,,-0.04120000079,2.00000,0.00
,,,-0.04115999863,2.00000,0.00
,,,-0.04112000018,2.00000,0.00
,,,-0.04107999802,2.00000,0.00
,,,-0.04103999957,2.00000,0.00
,,,-0.04099999741,2.00000,0.00
,,,-0.04095999897,2.00000,0.00
,,,-0.04092000052,2.00000,0.00
,,,-0.04087999836,2.00000,0.00
,,,-0.04083999991,2.00000,0.00
,,,-0.04079999775,1.92000,0.00
,,,-0.04075999931,2.00000,0.00
,,,-0.04071999714,2.00000,0.00
,,,-0.04067999870,2.00000,0.00
,,,-0.04064000025,2.00000,0.00
,,,-0.04059999809,2.00000,0.00
,,,-0.04055999964,2.00000,0.00
,,,-0.04051999748,2.00000,0.00
,,,-0.04047999904,2.00000,0.00
,,,-0.04044000059,2.00000,0.00
,,,-0.04039999843,2.00000,0.00
,,,-0.04035999998,2.00000,0.00
,,,-0.04031999782,2.00000,0.00
,,,-0.04027999938,2.00000,0.00
,,,-0.04023999721,2.00000,0.00
,,,-0.04019999877,2.00000,0.00
,,,-0.04016000032,2.00000,0.00
,,,-0.04011999816,1.92000,0.00
,,,-0.04007999972,2.00000,0.00
,,,-0.04003999755,2.00000,0.00
,,,-0.03999999911,2.00000,0.00
,,,-0.03996000066,2.00000,0.00
,,,-0.03991999850,2.00000,0.00
,,,-0.03988000005,2.00000,0.00
,,,-0.03983999789,2.00000,0.00
,,,-0.03979999945,2.00000,0.00
,,,-0.03975999728,2.00000,0.00
,,,-0.03971999884,2.00000,0.00
,,,-0.03968000039,2.00000,0.00
,,,-0.03963999823,1.92000,0.00
,,,-0.03959999979,2.00000,0.00
,,,-0.03955999762,2.00000,0.00
,,,-0.03951999918,2.00000,0.00
,,,-0.03948000073,2.00000,0.00
,,,-0.03943999857,1.92000,0.00
,,,-0.03940000013,2.00000,0.00
,,,-0.03935999796,2.00000,0.00
,,,-0.03931999952,2.00000,0.00
,,,-0.03927999735,2.00000,0.00
,,,-0.03923999891,2.00000,0.00
,,,-0.03920000046,2.00000,0.00
,,,-0.03915999830,2.00000,0.00
,,,-0.03911999986,2.00000,0.00
,,,-0.03907999769,2.00000,0.00
,,,-0.03903999925,2.00000,0.00
,,,-0.03900000080,2.00000,0.00
,,,-0.03895999864,2.00000,0.00
,,,-0.03892000020,2.00000,0.00
,,,-0.03887999803,2.00000,0.00
,,,-0.03883999959,2.00000,0.00
,,,-0.03879999742,2.00000,0.00
,,,-0.03875999898,2.00000,0.00
,,,-0.03872000054,2.00000,0.00
,,,-0.03867999837,1.92000,0.00
,,,-0.03863999993,2.00000,0.00
,,,-0.03859999776,2.00000,0.00
,,,-0.03855999932,2.00000,0.00
,,,-0.03852000087,2.00000,0.00
,,,-0.03847999871,2.00000,0.00
,,,-0.03844000027,2.00000,0.00
,,,-0.03839999810,2.00000,0.00
,,,-0.03835999966,2.00000,0.00
,,,-0.03831999749,1.92000,0.00
,,,-0.03827999905,2.00000,0.00
,,,-0.03824000061,2.00000,0.00
,,,-0.03819999844,2.00000,0.00
,,,-0.03816000000,2.00000,0.00
,,,-0.03811999783,2.00000,0.00
,,,-0.03807999939,2.00000,0.00
,,,-0.03803999722,2.00000,0.00
,,,-0.03799999878,2.00000,0.00
,,,-0.03796000034,2.00000,0.00
,,,-0.03791999817,2.00000,0.00
,,,-0.03787999973,2.00000,0.00
,,,-0.03783999756,2.00000,0.08000
,,,-0.03779999912,2.00000,0.00
,,,-0.03776000068,2.00000,0.00
,,,-0.03771999851,2.00000,0.00
,,,-0.03768000007,1.92000,0.00
,,,-0.03763999790,2.00000,0.00
,,,-0.03759999946,2.00000,0.00
,,,-0.03755999729,2.00000,0.00
,,,-0.03751999885,2.00000,0.00
,,,-0.03748000041,2.00000,0.00
,,,-0.03743999824,2.00000,0.00
,,,-0.03739999980,2.00000,0.00
,,,-0.03735999763,2.00000,0.00
,,,-0.03731999919,2.00000,0.00
,,,-0.03728000075,2.00000,0.00
,,,-0.03723999858,2.00000,0.00
,,,-0.03720000014,2.00000,0.00
,,,-0.03715999797,2.00000,0.00
,,,-0.03711999953,1.92000,0.00
,,,-0.03707999736,2.00000,0.00
,,,-0.03703999892,2.00000,0.00
,,,-0.03700000048,2.00000,0.00
,,,-0.03695999831,2.00000,0.00
,,,-0.03691999987,2.00000,0.00
,,,-0.03687999770,2.00000,0.00
,,,-0.03683999926,2.00000,0.00
,,,-0.03680000082,2.00000,0.00
,,,-0.03675999865,1.92000,0.00
,,,-0.03672000021,2.00000,0.00
,,,-0.03667999804,2.00000,0.00
,,,-0.03663999960,2.00000,0.00
,,,-0.03659999743,2.00000,0.00
,,,-0.03655999899,2.00000,0.00
,,,-0.03652000055,2.00000,0.00
,,,-0.03647999838,2.00000,0.00
,,,-0.03643999994,2.00000,0.00
,,,-0.03639999777,2.00000,0.00
,,,-0.03635999933,2.00000,0.00
,,,-0.03632000089,2.00000,0.00
,,,-0.03627999872,2.00000,0.00
,,,-0.03624000028,2.00000,0.00
,,,-0.03619999811,2.00000,0.00
,,,-0.03615999967,1.92000,0.00
,,,-0.03611999750,2.00000,0.00
,,,-0.03607999906,2.00000,0.00
,,,-0.03604000062,2.00000,0.00
,,,-0.03599999845,1.92000,0.00
,,,-0.03596000001,2.00000,0.00
,,,-0.03591999784,2.00000,0.00
,,,-0.03587999940,2.00000,0.00
,,,-0.03583999723,2.00000,0.00
,,,-0.03579999879,2.00000,0.00
,,,-0.03576000035,2.00000,0.00
,,,-0.03571999818,2.00000,0.00
,,,-0.03567999974,2.00000,0.00
,,,-0.03563999757,2.00000,0.00
,,,-0.03559999913,2.00000,0.00
,,,-0.03556000069,2.00000,0.00
,,,-0.03551999852,2.00000,0.00
,,,-0.03548000008,2.00000,0.00
,,,-0.03543999791,2.00000,0.00
,,,-0.03539999947,2.00000,0.00
,,,-0.03535999730,2.00000,0.00
,,,-0.03531999886,2.00000,0.00
,,,-0.03528000042,2.00000,0.00
,,,-0.03523999825,2.00000,0.00
,,,-0.03519999981,2.00000,0.00
,,,-0.03515999764,2.00000,0.00
,,,-0.03511999920,2.00000,0.00
,,,-0.03508000076,2.00000,0.00
,,,-0.03503999859,2.00000,0.00
,,,-0.03500000015,2.00000,0.00
,,,-0.03495999798,2.00000,0.00
,,,-0.03491999954,2.00000,0.00
,,,-0.03487999737,2.00000,0.00
,,,-0.03483999893,2.00000,0.00
,,,-0.03480000049,2.00000,0.00
,,,-0.03475999832,2.00000,0.00
,,,-0.03471999988,2.00000,0.00
,,,-0.03467999771,2.00000,0.00
,,,-0.03463999927,2.00000,0.00
,,,-0.03460000083,1.92000,0.00
,,,-0.03455999866,2.00000,0.00
,,,-0.03452000022,2.00000,0.00
,,,-0.03447999805,2.00000,0.00
,,,-0.03443999961,2.00000,0.00
,,,-0.03439999744,2.00000,0.00
,,,-0.03435999900,2.00000,0.00
,,,-0.03432000056,2.00000,0.00
,,,-0.03427999839,2.00000,0.00
,,,-0.03423999995,2.00000,0.00
,,,-0.03419999778,2.00000,0.00
,,,-0.03415999934,2.00000,0.00
,,,-0.03412000090,2.00000,0.00
,,,-0.03407999873,2.00000,0.00
,,,-0.03404000029,1.92000,0.00
,,,-0.03399999812,2.00000,0.00
,,,-0.03395999968,2.00000,0.00
,,,-0.03391999751,2.00000,0.00
,,,-0.03387999907,2.00000,0.00
,,,-0.03384000063,1.92000,0.00
,,,-0.03379999846,2.00000,0.00
,,,-0.03376000002,2.00000,0.00
,,,-0.03371999785,1.92000,0.00
,,,-0.03367999941,2.00000,0.00
,,,-0.03364000097,2.00000,0.00
,,,-0.03359999880,2.00000,0.00
,,,-0.03356000036,2.00000,0.00
,,,-0.03351999819,2.00000,0.00
,,,-0.03347999975,2.00000,0.00
,,,-0.03343999758,2.00000,0.00
,,,-0.03339999914,2.00000,0.00
,,,-0.03336000070,2.00000,0.00
,,,-0.03331999853,2.00000,0.00
,,,-0.03328000009,2.00000,0.00
,,,-0.03323999792,2.00000,0.00
,,,-0.03319999948,2.00000,0.00
,,,-0.03315999731,2.00000,0.00
,,,-0.03311999887,1.92000,0.00
,,,-0.03308000043,2.00000,0.00
,,,-0.03303999826,2.00000,0.00
,,,-0.03299999982,2.00000,0.00
,,,-0.03295999765,2.00000,0.00
,,,-0.03291999921,2.00000,0.00
,,,-0.03288000077,2.00000,0.00
,,,-0.03283999860,1.92000,0.00
,,,-0.03280000016,2.00000,0.00
,,,-0.03275999799,2.00000,0.00
,,,-0.03271999955,2.00000,0.00
,,,-0.03267999738,2.00000,0.00
,,,-0.03263999894,2.00000,0.00
,,,-0.03260000050,2.00000,0.00
,,,-0.03255999833,2.00000,0.00
,,,-0.03251999989,2.00000,0.00
,,,-0.03247999772,2.00000,0.00
,,,-0.03243999928,2.00000,0.00
,,,-0.03240000084,2.00000,0.00
,,,-0.03235999867,2.00000,0.00
,,,-0.03232000023,2.00000,0.00
,,,-0.03227999806,2.00000,0.00
,,,-0.03223999962,2.00000,0.00
,,,-0.03219999745,2.00000,0.00
,,,-0.03215999901,2.00000,0.00
,,,-0.03212000057,2.00000,0.00
,,,-0.03207999840,2.00000,0.00
,,,-0.03203999996,2.00000,0.00
,,,-0.03199999779,2.00000,0.00
,,,-0.03195999935,2.00000,0.00
,,,-0.03192000091,2.00000,0.00
,,,-0.03187999874,2.00000,0.00
,,,-0.03184000030,2.00000,0.00
,,,-0.03179999813,2.00000,0.00
,,,-0.03175999969,2.00000,0.00
,,,-0.03171999753,2.00000,0.00
,,,-0.03167999908,2.00000,0.00
,,,-0.03164000064,2.00000,0.00
,,,-0.03159999847,2.00000,0.00
,,,-0.03156000003,2.00000,0.00
,,,-0.03151999786,2.00000,0.00
,,,-0.03147999942,2.00000,0.00
,,,-0.03144000098,2.00000,0.00
,,,-0.03139999881,2.00000,0.00
,,,-0.03136000037,2.00000,0.00
,,,-0.03131999820,2.00000,0.00
,,,-0.03127999976,1.92000,0.00
,,,-0.03123999946,2.00000,0.00
,,,-0.03119999915,2.00000,0.00
,,,-0.03115999885,2.00000,0.00
,,,-0.03111999854,2.00000,0.00
,,,-0.03108000010,2.00000,0.00
,,,-0.03103999980,2.00000,0.00
,,,-0.03099999949,2.00000,0.00
,,,-0.03095999919,2.00000,0.00
,,,-0.03091999888,2.00000,0.00
,,,-0.03087999858,2.00000,0.00
,,,-0.03084000014,2.00000,0.00
,,,-0.03079999983,1.92000,0.00
,,,-0.03075999953,2.00000,0.00
,,,-0.03071999922,2.00000,-0.08000
,,,-0.03067999892,2.00000,0.00
,,,-0.03063999861,2.00000,0.00
,,,-0.03059999831,2.00000,0.00
,,,-0.03055999987,2.00000,0.00
,,,-0.03051999956,2.00000,0.00
,,,-0.03047999926,2.00000,0.00
,,,-0.03043999895,2.00000,0.00
,,,-0.03039999865,2.00000,0.00
,,,-0.03035999835,2.00000,0.00
,,,-0.03031999990,2.00000,0.00
,,,-0.03027999960,2.00000,0.00
,,,-0.03023999929,2.00000,0.00
,,,-0.03019999899,2.00000,0.00
,,,-0.03015999869,2.00000,0.00
,,,-0.03011999838,1.92000,0.00
,,,-0.03007999994,1.92000,0.00
,,,-0.03003999963,2.00000,0.00
,,,-0.02999999933,2.00000,0.00
,,,-0.02995999902,2.00000,0.00
,,,-0.02991999872,1.92000,0.00
,,,-0.02987999842,2.00000,0.00
,,,-0.02983999997,2.00000,0.00
,,,-0.02979999967,2.00000,0.00
,,,-0.02975999936,2.00000,0.00
,,,-0.02971999906,2.00000,0.00
,,,-0.02967999876,2.00000,0.00
,,,-0.02963999845,2.00000,0.00
,,,-0.02960000001,2.00000,0.00
,,,-0.02955999970,2.00000,0.00
,,,-0.02951999940,2.00000,0.00
,,,-0.02947999910,2.00000,0.00
,,,-0.02943999879,2.00000,0.00
,,,-0.02939999849,2.00000,0.00
,,,-0.02936000004,1.92000,0.00
,,,-0.02931999974,2.00000,0.00
,,,-0.02927999943,2.00000,0.00
,,,-0.02923999913,2.00000,0.00
,,,-0.02919999883,2.00000,0.00
,,,-0.02915999852,2.00000,0.00
,,,-0.02912000008,2.00000,0.00
,,,-0.02907999977,1.92000,0.00
,,,-0.02903999947,2.00000,0.00
,,,-0.02899999917,2.00000,0.00
,,,-0.02895999886,2.00000,0.00
,,,-0.02891999856,2.00000,0.00
,,,-0.02888000011,2.00000,0.00
,,,-0.02883999981,2.00000,0.00
,,,-0.02879999951,2.00000,0.00
,,,-0.02875999920,2.00000,0.00
,,,-0.02871999890,2.00000,0.00
,,,-0.02867999859,2.00000,0.00
,,,-0.02864000015,2.00000,0.00
,,,-0.02859999985,2.00000,0.00
,,,-0.02855999954,2.00000,0.00
,,,-0.02851999924,1.92000,0.00
,,,-0.02847999893,1.92000,0.00
,,,-0.02843999863,2.00000,0.00
,,,-0.02840000018,2.00000,0.00
,,,-0.02835999988,2.00000,0.00
,,,-0.02831999958,2.00000,0.00
,,,-0.02827999927,2.00000,0.00
,,,-0.02823999897,2.00000,0.00
,,,-0.02819999866,1.92000,0.00
,,,-0.02815999836,2.00000,0.00
,,,-0.02811999992,2.00000,0.00
,,,-0.02807999961,2.00000,0.00
,,,-0.02803999931,2.00000,0.00
,,,-0.02799999900,2.00000,0.00
,,,-0.02795999870,2.00000,0.00
,,,-0.02791999839,2.00000,0.00
,,,-0.02787999995,2.00000,0.00
,,,-0.02783999965,2.00000,0.00
,,,-0.02779999934,2.00000,0.00
,,,-0.02775999904,2.00000,0.00
,,,-0.02771999873,2.00000,0.00
,,,-0.02767999843,2.00000,0.00
,,,-0.02763999999,2.00000,0.00
,,,-0.02759999968,1.92000,0.00
,,,-0.02755999938,2.00000,0.00
,,,-0.02751999907,2.00000,0.00
,,,-0.02747999877,2.00000,0.00
,,,-0.02743999846,2.00000,0.00
,,,-0.02740000002,2.00000,0.00
,,,-0.02735999972,2.00000,0.00
,,,-0.02731999941,2.00000,0.00
,,,-0.02727999911,2.00000,0.00
,,,-0.02723999880,1.92000,0.00
,,,-0.02719999850,2.00000,0.00
,,,-0.02716000006,2.00000,0.00
,,,-0.02711999975,2.00000,0.00
,,,-0.02707999945,2.00000,0.00
,,,-0.02703999914,2.00000,0.00
,,,-0.02699999884,2.00000,0.00
,,,-0.02695999853,2.00000,0.00
,,,-0.02692000009,1.92000,0.00
,,,-0.02687999979,1.92000,0.00
,,,-0.02683999948,2.00000,0.00
,,,-0.02679999918,2.00000,0.00
,,,-0.02675999887,2.00000,0.00
,,,-0.02671999857,2.00000,0.00
,,,-0.02668000013,2.00000,0.00
,,,-0.02663999982,2.00000,0.00
,,,-0.02659999952,1.92000,0.00
,,,-0.02655999921,2.00000,0.00
,,,-0.02651999891,2.00000,0.00
,,,-0.02647999860,2.00000,0.00
,,,-0.02644000016,2.00000,0.00
,,,-0.02639999986,2.00000,0.00
,,,-0.02635999955,2.00000,0.00
,,,-0.02631999925,1.92000,0.00
,,,-0.02627999894,2.00000,0.00
,,,-0.02623999864,2.00000,0.00
,,,-0.02620000020,2.00000,0.00
,,,-0.02615999989,2.00000,0.00
,,,-0.02611999959,2.00000,0.00
,,,-0.02607999928,2.00000,0.00
,,,-0.02603999898,2.00000,0.00
,,,-0.02599999867,2.00000,0.00
,,,-0.02596000023,2.00000,0.00
,,,-0.02591999993,2.00000,0.00
,,,-0.02587999962,2.00000,0.00
,,,-0.02583999932,1.92000,0.00
,,,-0.02579999901,2.00000,0.00
,,,-0.02575999871,1.92000,0.00
,,,-0.02572000027,2.00000,0.00
,,,-0.02567999996,2.00000,0.00
,,,-0.02563999966,2.00000,0.00
,,,-0.02559999935,2.00000,0.00
,,,-0.02555999905,2.00000,0.00
,,,-0.02551999874,2.00000,0.00
,,,-0.02547999844,2.00000,0.00
,,,-0.02544000000,2.00000,0.00
,,,-0.02539999969,2.00000,0.00
,,,-0.02535999939,2.00000,0.00
,,,-0.02531999908,2.00000,0.00
,,,-0.02527999878,2.00000,0.00
,,,-0.02523999847,2.00000,0.00
,,,-0.02520000003,2.00000,0.00
,,,-0.02515999973,2.00000,0.00
,,,-0.02511999942,2.00000,0.00
,,,-0.02507999912,2.00000,0.00
,,,-0.02503999881,1.92000,0.00
,,,-0.02499999851,2.00000,0.00
,,,-0.02496000007,2.00000,-0.08000
,,,-0.02491999976,2.00000,0.00
,,,-0.02487999946,2.00000,0.00
,,,-0.02483999915,2.00000,0.00
,,,-0.02479999885,1.92000,0.00
,,,-0.02475999855,2.00000,0.00
,,,-0.02472000010,2.00000,0.00
,,,-0.02467999980,2.00000,0.00
,,,-0.02463999949,2.00000,0.00
,,,-0.02459999919,2.00000,0.00
,,,-0.02455999888,2.00000,0.00
,,,-0.02451999858,2.00000,0.00
,,,-0.02448000014,2.00000,0.00
,,,-0.02443999983,2.00000,0.00
,,,-0.02439999953,2.00000,0.00
,,,-0.02435999922,2.00000,0.00
,,,-0.02431999892,2.00000,0.00
,,,-0.02427999862,2.00000,0.00
,,,-0.02424000017,2.00000,0.00
,,,-0.02419999987,2.00000,0.00
,,,-0.02415999956,2.00000,0.08000
,,,-0.02411999926,2.00000,0.00
,,,-0.02407999896,2.00000,0.00
,,,-0.02403999865,2.00000,0.00
,,,-0.02400000021,2.00000,0.00
,,,-0.02395999990,2.00000,-0.08000
,,,-0.02391999960,2.00000,0.00
,,,-0.02387999929,2.00000,0.00
,,,-0.02383999899,2.00000,0.00
,,,-0.02379999869,2.00000,0.00
,,,-0.02376000024,2.00000,0.00
,,,-0.02371999994,2.00000,0.00
,,,-0.02367999963,2.00000,0.00
,,,-0.02363999933,2.00000,0.00
,,,-0.02359999903,2.00000,0.00
,,,-0.02355999872,2.00000,0.00
,,,-0.02352000028,2.00000,0.00
,,,-0.02347999997,2.00000,0.00
,,,-0.02343999967,2.00000,0.00
,,,-0.02339999937,2.00000,0.00
,,,-0.02335999906,2.00000,0.00
,,,-0.02331999876,2.00000,0.00
,,,-0.02328000031,2.00000,0.00
,,,-0.02324000001,2.00000,0.00
,,,-0.02319999970,2.00000,0.00
,,,-0.02315999940,2.00000,0.00
,,,-0.02311999910,2.00000,0.00
,,,-0.02307999879,2.00000,0.00
,,,-0.02304000035,2.00000,0.00
,,,-0.02300000004,1.92000,0.00
,,,-0.02295999974,2.00000,0.00
,,,-0.02291999944,2.00000,0.00
,,,-0.02287999913,2.00000,0.00
,,,-0.02283999883,2.00000,0.00
,,,-0.02279999852,2.00000,0.00
,,,-0.02276000008,2.00000,0.00
,,,-0.02271999978,2.00000,0.00
,,,-0.02267999947,2.00000,0.00
,,,-0.02263999917,2.00000,0.00
,,,-0.02259999886,2.00000,0.00
,,,-0.02255999856,2.00000,0.00
,,,-0.02252000012,2.00000,0.00
,,,-0.02247999981,2.00000,0.00
,,,-0.02243999951,2.00000,0.00
,,,-0.02239999920,2.00000,0.00
,,,-0.02235999890,2.00000,0.00
,,,-0.02231999859,2.00000,0.00
,,,-0.02228000015,2.00000,0.00
,,,-0.02223999985,2.00000,0.00
,,,-0.02219999954,2.00000,0.00
,,,-0.02215999924,1.92000,0.00
,,,-0.02211999893,2.00000,0.00
,,,-0.02207999863,1.92000,0.00
,,,-0.02204000019,2.00000,0.00
,,,-0.02199999988,2.00000,0.00
,,,-0.02195999958,2.00000,0.00
,,,-0.02191999927,2.00000,0.00
,,,-0.02187999897,1.92000,0.08000
,,,-0.02183999866,2.00000,0.00
,,,-0.02180000022,2.00000,0.00
,,,-0.02175999992,2.00000,0.00
,,,-0.02171999961,2.00000,0.00
,,,-0.02167999931,2.00000,0.00
,,,-0.02163999900,1.92000,0.00
,,,-0.02159999870,2.00000,0.00
,,,-0.02156000026,2.00000,0.00
,,,-0.02151999995,2.00000,0.00
,,,-0.02147999965,2.00000,0.00
,,,-0.02143999934,2.00000,0.00
,,,-0.02139999904,2.00000,0.00
,,,-0.02135999873,1.92000,0.00
,,,-0.02132000029,2.00000,0.00
,,,-0.02127999999,2.00000,0.00
,,,-0.02123999968,2.00000,0.00
,,,-0.02119999938,2.00000,0.00
,,,-0.02115999907,2.00000,0.00
,,,-0.02111999877,2.00000,0.00
,,,-0.02108000033,2.00000,0.00
,,,-0.02104000002,2.00000,0.00
,,,-0.02099999972,2.00000,0.00
,,,-0.02095999941,2.00000,0.00
,,,-0.02091999911,2.00000,0.00
,,,-0.02087999880,2.00000,0.00
,,,-0.02084000036,2.00000,0.00
,,,-0.02080000006,2.00000,0.00
,,,-0.02075999975,2.00000,0.00
,,,-0.02071999945,2.00000,0.00
,,,-0.02067999914,1.92000,0.00
,,,-0.02063999884,2.00000,0.00
,,,-0.02060000040,2.00000,0.00
,,,-0.02056000009,2.00000,0.00
,,,-0.02051999979,2.00000,0.00
,,,-0.02047999948,2.00000,0.00
,,,-0.02043999918,2.00000,0.00
,,,-0.02039999887,2.00000,0.00
,,,-0.02035999857,2.00000,0.00
,,,-0.02032000013,2.00000,0.00
,,,-0.02027999982,2.00000,0.00
,,,-0.02023999952,2.00000,0.00
,,,-0.02019999921,2.00000,0.00
,,,-0.02015999891,2.00000,0.00
,,,-0.02011999860,2.00000,0.00
,,,-0.02008000016,2.00000,0.00
,,,-0.02003999986,2.00000,0.00
,,,-0.01999999955,2.00000,0.00
,,,-0.01995999925,2.00000,0.00
,,,-0.01991999894,1.92000,0.00
,,,-0.01987999864,2.00000,0.00
,,,-0.01984000020,2.00000,0.00
,,,-0.01979999989,2.00000,0.00
,,,-0.01975999959,2.00000,0.00
,,,-0.01971999928,2.00000,0.00
,,,-0.01967999898,2.00000,0.00
,,,-0.01963999867,2.00000,0.00
,,,-0.01960000023,2.00000,0.00
,,,-0.01955999993,2.00000,0.00
,,,-0.01951999962,1.92000,0.00
,,,-0.01947999932,2.00000,0.00
,,,-0.01943999901,2.00000,0.00
,,,-0.01939999871,2.00000,0.00
,,,-0.01936000027,2.00000,0.00
,,,-0.01931999996,2.00000,0.00
,,,-0.01927999966,2.00000,0.00
,,,-0.01923999935,1.92000,0.00
,,,-0.01919999905,2.00000,0.00
,,,-0.01915999874,2.00000,0.00
,,,-0.01912000030,2.00000,0.00
,,,-0.01908000000,2.00000,0.00
,,,-0.01903999969,2.00000,0.00
,,,-0.01899999939,2.00000,0.00
,,,-0.01895999908,2.00000,0.00
,,,-0.01891999878,2.00000,0.00
,,,-0.01888000034,2.00000,0.00
,,,-0.01884000003,2.00000,0.00
,,,-0.01879999973,2.00000,0.00
,,,-0.01875999942,2.00000,0.00
,,,-0.01871999912,2.00000,0.00
,,,-0.01867999882,2.00000,0.00
,,,-0.01864000037,2.00000,0.00
,,,-0.01860000007,2.00000,0.00
,,,-0.01855999976,2.00000,0.00
,,,-0.01851999946,2.00000,0.00
,,,-0.01847999915,2.00000,0.00
,,,-0.01843999885,2.00000,0.00
,,,-0.01840000041,1.92000,0.00
,,,-0.01836000010,2.00000,0.00
,,,-0.01831999980,2.00000,0.00
,,,-0.01827999949,2.00000,0.00
,,,-0.01823999919,2.00000,0.00
,,,-0.01819999889,2.00000,0.00
,,,-0.01816000044,2.00000,0.00
,,,-0.01812000014,2.00000,0.00
,,,-0.01807999983,2.00000,0.00
,,,-0.01803999953,2.00000,0.00
,,,-0.01799999923,2.00000,0.00
,,,-0.01795999892,2.00000,0.00
,,,-0.01791999862,2.00000,0.00
,,,-0.01788000017,2.00000,0.00
,,,-0.01783999987,2.00000,0.00
,,,-0.01779999956,2.00000,0.00
,,,-0.01775999926,2.00000,0.00
,,,-0.01771999896,2.00000,0.00
,,,-0.01767999865,1.92000,0.00
,,,-0.01764000021,2.00000,0.00
,,,-0.01759999990,2.00000,0.00
,,,-0.01755999960,2.00000,0.00
,,,-0.01751999930,2.00000,0.00
,,,-0.01747999899,2.00000,0.00
,,,-0.01743999869,2.00000,0.00
,,,-0.01740000024,1.92000,0.00
,,,-0.01735999994,2.00000,0.00
,,,-0.01731999964,2.00000,0.00
,,,-0.01727999933,2.00000,0.00
,,,-0.01723999903,2.00000,0.00
,,,-0.01719999872,1.92000,0.00
,,,-0.01716000028,2.00000,0.00
,,,-0.01711999997,2.00000,0.00
,,,-0.01707999967,2.00000,0.00
,,,-0.01703999937,2.00000,0.00
,,,-0.01699999906,2.00000,0.00
,,,-0.01695999876,1.92000,0.00
,,,-0.01692000031,2.00000,0.00
,,,-0.01688000001,2.00000,0.00
,,,-0.01683999971,2.00000,0.00
,,,-0.01679999940,2.00000,0.00
,,,-0.01675999910,1.92000,0.00
,,,-0.01671999879,2.00000,0.00
,,,-0.01668000035,2.00000,0.00
,,,-0.01664000005,1.92000,0.00
,,,-0.01659999974,2.00000,0.00
,,,-0.01655999944,2.00000,0.00
,,,-0.01651999913,2.00000,0.00
,,,-0.01647999883,2.00000,0.00
,,,-0.01644000039,2.00000,0.00
,,,-0.01640000008,2.00000,0.00
,,,-0.01635999978,2.00000,0.00
,,,-0.01631999947,2.00000,0.00
,,,-0.01627999917,2.00000,0.00
,,,-0.01623999886,2.00000,0.00
,,,-0.01620000042,2.00000,0.00
,,,-0.01616000012,2.00000,0.00
,,,-0.01611999981,2.00000,0.00
,,,-0.01607999951,2.00000,0.00
,,,-0.01603999920,2.00000,0.00
,,,-0.01599999890,2.00000,0.08000
,,,-0.01596000046,1.92000,0.00
,,,-0.01592000015,2.00000,0.00
,,,-0.01587999985,2.00000,0.00
,,,-0.01583999954,2.00000,0.00
,,,-0.01579999924,2.00000,0.00
,,,-0.01575999893,2.00000,0.00
,,,-0.01572000049,2.00000,0.00
,,,-0.01568000019,1.92000,0.00
,,,-0.01563999988,1.92000,0.00
,,,-0.01559999958,1.92000,0.00
,,,-0.01555999927,2.00000,0.00
,,,-0.01551999990,2.00000,0.00
,,,-0.01547999959,2.00000,0.00
,,,-0.01543999929,2.00000,0.00
,,,-0.01539999992,2.00000,0.00
,,,-0.01535999961,2.00000,0.00
,,,-0.01531999931,2.00000,0.00
,,,-0.01527999993,2.00000,0.00
,,,-0.01523999963,2.00000,0.00
,,,-0.01519999932,2.00000,0.00
,,,-0.01515999995,2.00000,0.00
,,,-0.01511999965,1.92000,0.00
,,,-0.01507999934,2.00000,0.00
,,,-0.01503999997,2.00000,0.00
,,,-0.01499999966,2.00000,0.00
,,,-0.01495999936,2.00000,0.00
,,,-0.01491999999,2.00000,0.00
,,,-0.01487999968,2.00000,0.00
,,,-0.01483999938,2.00000,0.08000
,,,-0.01480000000,2.00000,0.00
,,,-0.01475999970,2.00000,0.00
,,,-0.01471999940,2.00000,0.00
,,,-0.01468000002,2.00000,0.00
,,,-0.01463999972,1.92000,0.00
,,,-0.01459999941,2.00000,0.00
,,,-0.01456000004,2.00000,0.00
,,,-0.01451999974,2.00000,0.00
,,,-0.01447999943,2.00000,0.00
,,,-0.01444000006,2.00000,0.00
,,,-0.01439999975,2.00000,0.00
,,,-0.01435999945,2.00000,0.00
,,,-0.01432000007,1.92000,0.00
,,,-0.01427999977,2.00000,0.00
,,,-0.01423999947,2.00000,0.00
,,,-0.01420000009,2.00000,0.00
,,,-0.01415999979,2.00000,0.00
,,,-0.01411999948,2.00000,0.00
,,,-0.01407999918,2.00000,0.00
,,,-0.01403999981,2.00000,0.00
,,,-0.01399999950,2.00000,0.00
,,,-0.01395999920,2.00000,0.00
,,,-0.01391999982,1.92000,0.00
,,,-0.01387999952,2.00000,0.00
,,,-0.01383999921,2.00000,0.00
,,,-0.01379999984,2.00000,0.00
,,,-0.01375999954,2.00000,0.00
,,,-0.01371999923,1.92000,0.00
,,,-0.01367999986,2.00000,0.00
,,,-0.01363999955,1.92000,0.00
,,,-0.01359999925,2.00000,0.00
,,,-0.01355999988,2.00000,0.00
,,,-0.01351999957,2.00000,0.00
,,,-0.01347999927,2.00000,0.00
,,,-0.01343999989,2.00000,0.00
,,,-0.01339999959,2.00000,0.00
,,,-0.01335999928,2.00000,0.00
,,,-0.01331999991,2.00000,0.00
,,,-0.01327999961,2.00000,0.00
,,,-0.01323999930,2.00000,0.00
,,,-0.01319999993,1.92000,0.00
,,,-0.01315999962,2.00000,0.00
,,,-0.01311999932,2.00000,0.00
,,,-0.01307999995,2.00000,0.00
,,,-0.01303999964,2.00000,0.00
,,,-0.01299999934,2.00000,0.00
,,,-0.01295999996,2.00000,0.00
,,,-0.01291999966,2.00000,0.00
,,,-0.01287999935,2.00000,0.00
,,,-0.01283999998,2.00000,0.00
,,,-0.01279999968,2.00000,0.00
,,,-0.01275999937,2.00000,0.00
,,,-0.01272000000,2.00000,0.00
,,,-0.01267999969,2.00000,0.00
,,,-0.01263999939,2.00000,0.00
,,,-0.01260000002,2.00000,0.00
,,,-0.01255999971,2.00000,0.00
,,,-0.01251999941,2.00000,0.00
,,,-0.01248000003,2.00000,0.00
,,,-0.01243999973,2.00000,0.00
,,,-0.01239999942,2.00000,0.00
,,,-0.01236000005,2.00000,0.00
,,,-0.01231999975,2.00000,0.00
,,,-0.01227999944,2.00000,0.00
,,,-0.01224000007,2.00000,0.00
,,,-0.01219999976,2.00000,0.00
,,,-0.01215999946,2.00000,0.00
,,,-0.01212000009,2.00000,0.00
,,,-0.01207999978,2.00000,0.00
,,,-0.01203999948,2.00000,0.00
,,,-0.01200000010,2.00000,0.00
,,,-0.01195999980,2.00000,0.00
,,,-0.01191999950,1.92000,0.00
,,,-0.01188000012,2.00000,0.00
,,,-0.01183999982,2.00000,0.00
,,,-0.01179999951,2.00000,0.00
,,,-0.01176000014,1.92000,0.00
,,,-0.01171999983,2.00000,0.00
,,,-0.01167999953,2.00000,0.00
,,,-0.01164000016,2.00000,0.00
,,,-0.01159999985,2.00000,0.00
,,,-0.01155999955,1.92000,0.00
,,,-0.01152000017,2.00000,0.00
,,,-0.01147999987,2.00000,0.00
,,,-0.01143999957,2.00000,0.00
,,,-0.01139999926,2.00000,0.00
,,,-0.01135999989,2.00000,0.00
,,,-0.01131999958,2.00000,0.00
,,,-0.01127999928,2.00000,0.00
,,,-0.01123999991,1.92000,0.00
,,,-0.01119999960,2.00000,0.00
,,,-0.01115999930,2.00000,0.00
,,,-0.01111999992,2.00000,0.00
,,,-0.01107999962,2.00000,0.00
,,,-0.01103999931,2.00000,0.00
,,,-0.01099999994,2.00000,0.00
,,,-0.01095999964,2.00000,0.00
,,,-0.01091999933,2.00000,0.00
,,,-0.01087999996,2.00000,0.00
,,,-0.01083999965,2.00000,0.00
,,,-0.01079999935,2.00000,0.00
,,,-0.01075999998,2.00000,0.00
,,,-0.01071999967,2.00000,0.00
,,,-0.01067999937,2.00000,0.00
,,,-0.01063999999,2.00000,0.00
,,,-0.01059999969,2.00000,0.00
,,,-0.01055999938,2.00000,0.00
,,,-0.01052000001,2.00000,0.00
,,,-0.01047999971,1.92000,0.00
,,,-0.01043999940,2.00000,0.00
,,,-0.01040000003,2.00000,0.00
,,,-0.01035999972,2.00000,0.00
,,,-0.01031999942,2.00000,0.00
,,,-0.01028000005,2.00000,0.00
,,,-0.01023999974,2.00000,0.00
,,,-0.01019999944,2.00000,0.00
,,,-0.01016000006,2.00000,0.00
,,,-0.01011999976,2.00000,0.00
,,,-0.01007999945,2.00000,0.00
,,,-0.01004000008,2.00000,0.00
,,,-0.00999999978,2.00000,0.00
,,,-0.00995999947,2.00000,0.00
,,,-0.00992000010,2.00000,0.00
,,,-0.00987999979,2.00000,0.00
,,,-0.00983999949,2.00000,0.00
,,,-0.00980000012,2.00000,0.00
,,,-0.00975999981,2.00000,0.00
,,,-0.00971999951,2.00000,0.00
,,,-0.00968000013,2.00000,0.00
,,,-0.00963999983,2.00000,0.00
,,,-0.00959999952,1.92000,0.00
,,,-0.00956000015,2.00000,0.00
,,,-0.00951999985,2.00000,0.00
,,,-0.00947999954,2.00000,0.00
,,,-0.00944000017,2.00000,0.00
,,,-0.00939999986,2.00000,0.00
,,,-0.00935999956,2.00000,0.00
,,,-0.00932000019,2.00000,0.00
,,,-0.00927999988,2.00000,0.00
,,,-0.00923999958,2.00000,0.00
,,,-0.00920000020,2.00000,0.00
,,,-0.00915999990,2.00000,0.00
,,,-0.00911999959,2.00000,0.00
,,,-0.00908000022,2.00000,0.00
,,,-0.00903999992,2.00000,0.00
,,,-0.00899999961,2.00000,0.00
,,,-0.00895999931,1.92000,0.00
,,,-0.00891999993,2.00000,0.00
,,,-0.00887999963,2.00000,0.00
,,,-0.00883999933,2.00000,0.00
,,,-0.00879999995,2.00000,0.00
,,,-0.00875999965,1.92000,0.00
,,,-0.00871999934,2.00000,0.00
,,,-0.00867999997,2.00000,0.00
,,,-0.00863999967,2.00000,0.00
,,,-0.00859999936,2.00000,0.00
,,,-0.00855999999,2.00000,0.00
,,,-0.00851999968,2.00000,0.00
,,,-0.00847999938,2.00000,0.00
,,,-0.00844000001,2.00000,0.00
,,,-0.00839999970,2.00000,0.00
,,,-0.00835999940,2.00000,0.00
,,,-0.00832000002,1.92000,0.00
,,,-0.00827999972,2.00000,0.00
,,,-0.00823999941,2.00000,0.00
,,,-0.00820000004,2.00000,0.00
,,,-0.00815999974,2.00000,0.00
,,,-0.00811999943,2.00000,0.00
,,,-0.00808000006,2.00000,0.00
,,,-0.00803999975,2.00000,0.00
,,,-0.00799999945,2.00000,0.00
,,,-0.00796000008,2.00000,0.00
,,,-0.00791999977,2.00000,0.00
,,,-0.00787999947,2.00000,0.00
,,,-0.00784000009,2.00000,0.00
,,,-0.00779999979,2.00000,0.00
,,,-0.00775999995,2.00000,0.00
,,,-0.00771999964,2.00000,0.00
,,,-0.00767999981,2.00000,0.00
,,,-0.00763999997,2.00000,0.00
,,,-0.00759999966,2.00000,0.00
,,,-0.00755999982,2.00000,0.00
,,,-0.00751999998,2.00000,0.00
,,,-0.00747999968,2.00000,0.00
,,,-0.00743999984,2.00000,0.00
,,,-0.00740000000,2.00000,0.00
,,,-0.00735999970,2.00000,0.00
,,,-0.00731999986,2.00000,0.00
,,,-0.00728000002,2.08000,0.00
,,,-0.00723999972,2.00000,0.00
,,,-0.00719999988,1.92000,0.00
,,,-0.00716000004,2.00000,0.00
,,,-0.00711999973,2.00000,0.00
,,,-0.00707999989,2.00000,0.00
,,,-0.00703999959,2.00000,0.00
,,,-0.00699999975,2.00000,0.00
,,,-0.00695999991,2.00000,0.00
,,,-0.00691999961,2.00000,0.00
,,,-0.00687999977,2.00000,0.00
,,,-0.00683999993,2.00000,0.00
,,,-0.00679999962,2.00000,0.00
,,,-0.00675999979,1.92000,0.00
,,,-0.00671999995,2.00000,0.00
,,,-0.00667999964,2.00000,0.00
,,,-0.00663999980,2.00000,0.00
,,,-0.00659999996,2.00000,0.00
,,,-0.00655999966,2.00000,0.00
,,,-0.00651999982,2.00000,0.00
,,,-0.00647999998,1.92000,0.00
,,,-0.00643999968,1.92000,0.00
,,,-0.00639999984,2.00000,0.00
,,,-0.00636000000,2.00000,0.00
,,,-0.00631999969,2.00000,0.00
,,,-0.00627999986,2.00000,0.00
,,,-0.00624000002,2.00000,0.00
,,,-0.00619999971,2.00000,0.00
,,,-0.00615999987,2.00000,0.00
,,,-0.00612000003,2.00000,0.00
,,,-0.00607999973,2.00000,0.00
,,,-0.00603999989,2.00000,0.00
,,,-0.00600000005,2.00000,0.00
,,,-0.00595999975,2.00000,0.00
,,,-0.00591999991,2.00000,0.00
,,,-0.00588000007,2.00000,0.00
,,,-0.00583999977,2.00000,0.00
,,,-0.00579999993,2.00000,0.00
,,,-0.00576000009,2.00000,0.00
,,,-0.00571999978,2.00000,0.00
,,,-0.00567999994,2.00000,0.00
,,,-0.00563999964,2.00000,0.00
,,,-0.00559999980,2.00000,0.00
,,,-0.00555999996,2.00000,0.00
,,,-0.00551999966,2.00000,0.00
,,,-0.00547999982,2.00000,-0.08000
,,,-0.00543999998,2.00000,0.00
,,,-0.00539999967,2.00000,0.00
,,,-0.00535999984,2.00000,0.00
,,,-0.00532000000,2.00000,0.00
,,,-0.00527999969,2.00000,0.00
,,,-0.00523999985,2.00000,0.00
,,,-0.00520000001,2.00000,0.00
,,,-0.00515999971,2.00000,0.00
,,,-0.00511999987,2.00000,0.00
,,,-0.00508000003,2.00000,0.00
,,,-0.00503999973,2.00000,0.00
,,,-0.00499999989,2.00000,0.00
,,,-0.00496000005,2.00000,0.00
,,,-0.00491999974,2.00000,0.00
,,,-0.00487999991,2.00000,0.00
,,,-0.00484000007,2.00000,0.00
,,,-0.00479999976,2.00000,0.00
,,,-0.00475999992,2.00000,0.00
,,,-0.00472000008,2.00000,0.00
,,,-0.00467999978,2.00000,0.00
,,,-0.00463999994,2.00000,0.00
,,,-0.00460000010,2.00000,0.00
,,,-0.00455999980,2.00000,-0.08000
,,,-0.00451999996,2.00000,0.00
,,,-0.00447999965,2.00000,0.00
,,,-0.00443999982,2.00000,0.00
,,,-0.00439999998,1.92000,0.00
,,,-0.00435999967,2.00000,0.00
,,,-0.00431999983,2.00000,0.00
,,,-0.00427999999,2.00000,0.00
,,,-0.00423999969,2.00000,0.00
,,,-0.00419999985,2.00000,0.00
,,,-0.00416000001,2.00000,0.00
,,,-0.00411999971,2.00000,0.00
,,,-0.00407999987,2.00000,0.00
,,,-0.00404000003,2.00000,0.00
,,,-0.00399999972,2.00000,0.00
,,,-0.00395999989,2.00000,0.00
,,,-0.00392000005,1.92000,0.00
,,,-0.00387999997,2.00000,0.00
,,,-0.00383999990,2.00000,0.00
,,,-0.00379999983,2.00000,0.00
,,,-0.00375999999,2.00000,0.00
,,,-0.00371999992,2.00000,0.00
,,,-0.00367999985,2.00000,0.00
,,,-0.00364000001,1.92000,0.00
,,,-0.00359999994,2.00000,0.00
,,,-0.00355999987,2.00000,0.00
,,,-0.00351999979,2.00000,0.00
,,,-0.00347999996,2.00000,0.00
,,,-0.00343999988,2.00000,0.00
,,,-0.00339999981,2.00000,0.00
,,,-0.00335999997,2.00000,0.00
,,,-0.00331999990,2.00000,0.00
,,,-0.00327999983,2.00000,-0.08000
,,,-0.00323999999,2.00000,0.00
,,,-0.00319999992,2.00000,0.00
,,,-0.00315999985,2.00000,0.00
,,,-0.00312000001,2.00000,0.00
,,,-0.00307999994,2.00000,0.00
,,,-0.00303999986,2.00000,0.00
,,,-0.00300000003,2.00000,0.00
,,,-0.00295999995,2.00000,0.00
,,,-0.00291999988,2.00000,0.00
,,,-0.00288000004,2.00000,0.00
,,,-0.00283999997,1.92000,0.00
,,,-0.00279999990,2.00000,0.00
,,,-0.00275999983,2.00000,0.00
,,,-0.00271999999,2.00000,0.00
,,,-0.00267999992,2.00000,0.00
,,,-0.00263999985,2.00000,0.00
,,,-0.00260000001,2.00000,0.00
,,,-0.00255999994,2.00000,0.00
,,,-0.00251999986,2.00000,0.00
,,,-0.00248000002,2.00000,0.00
,,,-0.00243999995,2.00000,0.00
,,,-0.00239999988,2.00000,0.00
,,,-0.00236000004,2.00000,0.00
,,,-0.00231999997,2.00000,0.00
,,,-0.00227999990,2.00000,0.00
,,,-0.00223999983,2.00000,0.00
,,,-0.00219999999,2.00000,0.00
,,,-0.00215999992,2.00000,0.00
,,,-0.00211999984,2.00000,0.00
,,,-0.00208000001,2.00000,0.00
,,,-0.00203999993,2.00000,0.00
,,,-0.00199999986,2.00000,0.00
,,,-0.00196000002,2.00000,0.00
,,,-0.00191999995,2.00000,0.00
,,,-0.00188000000,2.00000,0.00
,,,-0.00183999992,1.92000,0.00
,,,-0.00179999997,2.00000,0.00
,,,-0.00175999990,2.00000,0.00
,,,-0.00171999994,2.00000,0.00
,,,-0.00167999999,1.92000,0.00
,,,-0.00163999991,2.00000,0.00
,,,-0.00159999996,2.00000,0.00
,,,-0.00156000000,2.00000,0.00
,,,-0.00151999993,2.00000,0.00
,,,-0.00147999998,2.00000,0.00
,,,-0.00144000002,2.00000,0.00
,,,-0.00139999995,2.00000,0.00
,,,-0.00135999999,2.00000,0.00
,,,-0.00131999992,1.92000,0.00
,,,-0.00127999997,2.00000,0.00
,,,-0.00124000001,2.00000,0.00
,,,-0.00119999994,2.00000,0.00
,,,-0.00115999999,2.00000,0.00
,,,-0.00111999991,2.00000,0.00
,,,-0.00107999996,2.00000,0.00
,,,-0.00104000000,2.00000,0.00
,,,-0.00099999993,1.92000,0.00
,,,-0.00095999998,2.00000,0.00
,,,-0.00091999996,2.00000,0.00
,,,-0.00087999995,2.00000,0.00
,,,-0.00083999999,2.00000,0.00
,,,-0.00079999998,2.00000,0.00
,,,-0.00075999997,2.00000,0.00
,,,-0.00072000001,2.00000,0.00
,,,-0.00068000000,2.00000,0.00
,,,-0.00063999998,2.00000,0.00
,,,-0.00059999997,2.00000,0.00
,,,-0.00055999996,2.00000,0.00
,,,-0.00052000000,2.00000,0.00
,,,-0.00047999999,2.00000,0.00
,,,-0.00043999997,1.92000,0.00
,,,-0.00039999999,1.92000,0.00
,,,-0.00036000001,2.00000,0.00
,,,-0.00031999999,2.00000,0.00
,,,-0.00027999998,2.00000,0.00
,,,-0.00023999999,2.08000,0.00
,,,-0.00019999999,2.00000,0.00
,,,-0.00016000000,2.00000,0.00
,,,-0.00012000000,2.00000,0.00
,,,-0.00008000000,1.92000,0.00
,,,-0.00004000000,2.00000,0.00
,,, 0.00000000000,2.00000,0.00
,,, 0.00004000000,2.00000,0.00
,,, 0.00008000000,2.00000,0.00
,,, 0.00012000000,2.00000,0.00
,,, 0.00016000000,1.92000,0.00
,,, 0.00019999999,2.00000,0.00
,,, 0.00023999999,2.00000,0.00
,,, 0.00027999998,2.00000,0.00
,,, 0.00031999999,2.00000,0.00
,,, 0.00036000001,2.00000,0.00
,,, 0.00039999999,2.00000,0.00
,,, 0.00043999997,1.92000,0.00
,,, 0.00047999999,1.92000,0.00
,,, 0.00052000000,2.00000,0.00
,,, 0.00055999996,2.00000,0.00
,,, 0.00059999997,2.00000,0.00
,,, 0.00063999998,2.00000,0.00
,,, 0.00068000000,1.92000,0.00
,,, 0.00072000001,2.00000,0.00
,,, 0.00075999997,2.00000,0.00
,,, 0.00079999998,2.00000,0.00
,,, 0.00083999999,2.00000,0.00
,,, 0.00087999995,2.00000,0.00
,,, 0.00091999996,2.00000,0.00
,,, 0.00095999998,2.00000,0.00
,,, 0.00099999993,2.00000,0.00
,,, 0.00104000000,2.00000,0.00
,,, 0.00107999996,2.00000,0.00
,,, 0.00111999991,2.00000,0.00
,,, 0.00115999999,2.00000,0.00
,,, 0.00119999994,2.00000,0.00
,,, 0.00124000001,2.00000,0.00
,,, 0.00127999997,2.00000,0.00
,,, 0.00131999992,2.00000,0.00
,,, 0.00135999999,2.00000,0.00
,,, 0.00139999995,2.00000,0.00
,,, 0.00144000002,2.00000,0.00
,,, 0.00147999998,2.00000,0.00
,,, 0.00151999993,2.00000,0.00
,,, 0.00156000000,2.00000,0.00
,,, 0.00159999996,1.92000,0.00
,,, 0.00163999991,2.00000,0.00
,,, 0.00167999999,2.00000,0.00
,,, 0.00171999994,2.00000,0.08000
,,, 0.00175999990,2.00000,0.00
,,, 0.00179999997,2.00000,0.00
,,, 0.00183999992,1.92000,0.00
,,, 0.00188000000,2.00000,0.00
,,, 0.00191999995,2.00000,0.00
,,, 0.00196000002,2.00000,0.00
,,, 0.00199999986,2.00000,0.00
,,, 0.00203999993,1.92000,0.00
,,, 0.00208000001,2.00000,0.00
,,, 0.00211999984,1.92000,0.00
,,, 0.00215999992,2.00000,0.00
,,, 0.00219999999,1.92000,0.00
,,, 0.00223999983,2.00000,0.00
,,, 0.00227999990,2.00000,0.00
,,, 0.00231999997,2.00000,0.00
,,, 0.00236000004,2.00000,0.00
,,, 0.00239999988,2.00000,0.00
,,, 0.00243999995,2.00000,0.00
,,, 0.00248000002,2.00000,0.00
,,, 0.00251999986,2.00000,0.00
,,, 0.00255999994,2.00000,0.00
,,, 0.00260000001,2.00000,0.00
,,, 0.00263999985,2.00000,0.00
,,, 0.00267999992,1.92000,0.00
,,, 0.00271999999,2.00000,0.00
,,, 0.00275999983,2.00000,0.00
,,, 0.00279999990,2.00000,0.00
,,, 0.00283999997,2.00000,0.00
,,, 0.00288000004,2.00000,0.00
,,, 0.00291999988,2.00000,0.00
,,, 0.00295999995,2.00000,0.00
,,, 0.00300000003,2.00000,0.00
,,, 0.00303999986,2.00000,0.00
,,, 0.00307999994,2.00000,0.00
,,, 0.00312000001,2.00000,0.00
,,, 0.00315999985,2.00000,0.00
,,, 0.00319999992,2.00000,0.00
,,, 0.00323999999,2.00000,0.00
,,, 0.00327999983,2.00000,0.00
,,, 0.00331999990,2.00000,0.00
,,, 0.00335999997,2.00000,0.00
,,, 0.00339999981,2.00000,0.00
,,, 0.00343999988,2.00000,0.00
,,, 0.00347999996,2.00000,0.00
,,, 0.00351999979,2.00000,0.00
,,, 0.00355999987,2.00000,0.00
,,, 0.00359999994,2.00000,0.00
,,, 0.00364000001,2.00000,0.00
,,, 0.00367999985,2.00000,0.00
,,, 0.00371999992,2.00000,0.00
,,, 0.00375999999,2.00000,0.00
,,, 0.00379999983,1.92000,0.00
,,, 0.00383999990,2.00000,0.00
,,, 0.00387999997,2.00000,0.00
,,, 0.00392000005,2.00000,0.00
,,, 0.00395999989,2.00000,0.00
,,, 0.00399999972,2.00000,0.00
,,, 0.00404000003,2.00000,0.00
,,, 0.00407999987,1.92000,0.00
,,, 0.00411999971,2.00000,0.00
,,, 0.00416000001,1.92000,0.00
,,, 0.00419999985,2.00000,0.00
,,, 0.00423999969,2.00000,0.00
,,, 0.00427999999,2.00000,0.00
,,, 0.00431999983,2.00000,0.00
,,, 0.00435999967,1.92000,0.00
,,, 0.00439999998,2.00000,0.00
,,, 0.00443999982,2.00000,0.00
,,, 0.00447999965,1.92000,0.00
,,, 0.00451999996,2.00000,0.00
,,, 0.00455999980,2.00000,0.00
,,, 0.00460000010,2.00000,0.00
,,, 0.00463999994,2.00000,0.00
,,, 0.00467999978,1.92000,0.00
,,, 0.00472000008,2.00000,0.00
,,, 0.00475999992,2.00000,0.00
,,, 0.00479999976,1.92000,0.00
,,, 0.00484000007,2.00000,0.00
,,, 0.00487999991,2.00000,0.00
,,, 0.00491999974,2.00000,0.00
,,, 0.00496000005,2.00000,0.00
,,, 0.00499999989,2.00000,0.00
,,, 0.00503999973,1.92000,0.00
,,, 0.00508000003,2.00000,0.00
,,, 0.00511999987,2.00000,0.00
,,, 0.00515999971,2.00000,0.00
,,, 0.00520000001,1.92000,0.00
,,, 0.00523999985,2.00000,0.00
,,, 0.00527999969,2.00000,0.00
,,, 0.00532000000,2.00000,0.00
,,, 0.00535999984,2.00000,0.00
,,, 0.00539999967,2.00000,0.00
,,, 0.00543999998,2.00000,0.00
,,, 0.00547999982,2.00000,0.00
,,, 0.00551999966,2.00000,0.00
,,, 0.00555999996,2.00000,0.00
,,, 0.00559999980,2.00000,0.00
,,, 0.00563999964,2.00000,0.00
,,, 0.00567999994,2.00000,0.00
,,, 0.00571999978,2.00000,0.00
,,, 0.00576000009,1.92000,0.00
,,, 0.00579999993,2.00000,0.00
,,, 0.00583999977,1.92000,0.00
,,, 0.00588000007,2.00000,0.00
,,, 0.00591999991,2.00000,0.00
,,, 0.00595999975,1.92000,0.00
,,, 0.00600000005,2.00000,0.00
,,, 0.00603999989,2.00000,0.00
,,, 0.00607999973,2.00000,0.00
,,, 0.00612000003,1.92000,0.00
,,, 0.00615999987,2.00000,0.00
,,, 0.00619999971,2.00000,0.00
,,, 0.00624000002,2.00000,0.00
,,, 0.00627999986,2.00000,0.00
,,, 0.00631999969,2.00000,0.00
,,, 0.00636000000,2.00000,-0.08000
,,, 0.00639999984,1.92000,0.00
,,, 0.00643999968,2.00000,0.00
,,, 0.00647999998,2.00000,0.00
,,, 0.00651999982,2.00000,0.00
,,, 0.00655999966,2.00000,0.00
,,, 0.00659999996,2.00000,0.00
,,, 0.00663999980,2.00000,0.00
,,, 0.00667999964,2.00000,0.00
,,, 0.00671999995,2.00000,0.00
,,, 0.00675999979,2.00000,0.00
,,, 0.00679999962,2.00000,0.00
,,, 0.00683999993,2.00000,0.00
,,, 0.00687999977,2.00000,0.00
,,, 0.00691999961,2.00000,0.00
,,, 0.00695999991,2.00000,0.00
,,, 0.00699999975,1.92000,0.00
,,, 0.00703999959,2.00000,0.00
,,, 0.00707999989,2.00000,0.00
,,, 0.00711999973,2.00000,0.00
,,, 0.00716000004,2.00000,0.00
,,, 0.00719999988,2.00000,0.00
,,, 0.00723999972,2.00000,0.00
,,, 0.00728000002,2.00000,0.00
,,, 0.00731999986,2.00000,0.00
,,, 0.00735999970,2.00000,0.00
,,, 0.00740000000,2.00000,0.00
,,, 0.00743999984,2.00000,0.00
,,, 0.00747999968,2.00000,0.00
,,, 0.00751999998,2.00000,0.00
,,, 0.00755999982,1.92000,0.00
,,, 0.00759999966,2.00000,0.00
,,, 0.00763999997,2.00000,0.00
,,, 0.00767999981,2.00000,0.00
,,, 0.00771999964,2.00000,0.00
,,, 0.00775999995,2.00000,0.00
,,, 0.00779999979,2.00000,0.00
,,, 0.00784000009,2.00000,0.00
,,, 0.00787999947,2.00000,0.00
,,, 0.00791999977,2.00000,0.00
,,, 0.00796000008,1.92000,0.00
,,, 0.00799999945,2.00000,0.00
,,, 0.00803999975,2.00000,0.00
,,, 0.00808000006,2.00000,0.00
,,, 0.00811999943,2.00000,0.00
,,, 0.00815999974,1.92000,0.00
,,, 0.00820000004,2.00000,0.00
,,, 0.00823999941,1.92000,0.00
,,, 0.00827999972,2.00000,0.00
,,, 0.00832000002,2.00000,0.00
,,, 0.00835999940,2.00000,0.00
,,, 0.00839999970,2.00000,0.00
,,, 0.00844000001,2.00000,0.00
,,, 0.00847999938,2.00000,0.00
,,, 0.00851999968,2.00000,0.00
,,, 0.00855999999,2.00000,0.00
,,, 0.00859999936,2.00000,0.00
,,, 0.00863999967,2.00000,0.00
,,, 0.00867999997,2.00000,0.00
,,, 0.00871999934,2.00000,0.00
,,, 0.00875999965,2.00000,0.00
,,, 0.00879999995,2.00000,0.00
,,, 0.00883999933,1.92000,0.00
,,, 0.00887999963,2.00000,0.00
,,, 0.00891999993,2.00000,0.00
,,, 0.00895999931,2.00000,0.00
,,, 0.00899999961,2.00000,0.00
,,, 0.00903999992,2.00000,0.00
,,, 0.00908000022,2.00000,0.00
,,, 0.00911999959,2.00000,0.00
,,, 0.00915999990,2.00000,0.00
,,, 0.00920000020,2.00000,0.00
,,, 0.00923999958,1.92000,0.00
,,, 0.00927999988,2.00000,0.00
,,, 0.00932000019,2.00000,0.00
,,, 0.00935999956,2.00000,0.00
,,, 0.00939999986,2.00000,0.00
,,, 0.00944000017,2.00000,0.00
,,, 0.00947999954,2.00000,0.00
,,, 0.00951999985,2.00000,0.00
,,, 0.00956000015,2.00000,0.00
,,, 0.00959999952,2.00000,0.00
,,, 0.00963999983,1.84000,0.00
,,, 0.00968000013,2.00000,0.00
,,, 0.00971999951,2.00000,0.00
,,, 0.00975999981,2.00000,0.00
,,, 0.00980000012,2.00000,0.00
,,, 0.00983999949,2.00000,0.00
,,, 0.00987999979,2.00000,0.00
,,, 0.00992000010,2.00000,0.00
,,, 0.00995999947,2.00000,0.00
,,, 0.00999999978,2.00000,0.00
,,, 0.01004000008,1.92000,0.00
,,, 0.01007999945,1.92000,0.00
,,, 0.01011999976,2.00000,0.00
,,, 0.01016000006,2.00000,0.00
,,, 0.01019999944,2.00000,0.00
,,, 0.01023999974,2.00000,0.00
,,, 0.01028000005,1.92000,0.00
,,, 0.01031999942,1.92000,0.00
,,, 0.01035999972,2.00000,0.00
,,, 0.01040000003,2.00000,0.00
,,, 0.01043999940,2.00000,0.00
,,, 0.01047999971,2.00000,0.00
,,, 0.01052000001,2.00000,0.00
,,, 0.01055999938,2.00000,0.00
,,, 0.01059999969,1.92000,0.00
,,, 0.01063999999,2.00000,0.00
,,, 0.01067999937,2.00000,0.00
,,, 0.01071999967,1.92000,0.00
,,, 0.01075999998,2.00000,0.00
,,, 0.01079999935,1.92000,0.00
,,, 0.01083999965,2.08000,0.00
,,, 0.01087999996,2.00000,0.00
,,, 0.01091999933,1.92000,0.00
,,, 0.01095999964,2.00000,0.00
,,, 0.01099999994,2.00000,0.00
,,, 0.01103999931,2.00000,0.00
,,, 0.01107999962,2.00000,0.00
,,, 0.01111999992,2.00000,0.00
,,, 0.01115999930,2.00000,0.00
,,, 0.01119999960,2.00000,0.00
,,, 0.01123999991,2.32000,0.00
,,, 0.01127999928,2.00000,0.00
,,, 0.01131999958,2.00000,0.00
,,, 0.01135999989,2.00000,0.00
,,, 0.01139999926,2.00000,0.00
,,, 0.01143999957,2.00000,0.00
,,, 0.01147999987,2.00000,0.00
,,, 0.01152000017,2.00000,0.00
,,, 0.01155999955,2.00000,0.00
,,, 0.01159999985,2.00000,0.00
,,, 0.01164000016,2.00000,0.00
,,, 0.01167999953,2.00000,0.00
,,, 0.01171999983,2.00000,0.00
,,, 0.01176000014,2.00000,0.00
,,, 0.01179999951,2.00000,0.00
,,, 0.01183999982,2.00000,0.00
,,, 0.01188000012,2.00000,0.00
,,, 0.01191999950,1.92000,0.00
,,, 0.01195999980,2.00000,0.00
,,, 0.01200000010,2.00000,0.00
,,, 0.01203999948,2.00000,0.00
,,, 0.01207999978,2.00000,0.00
,,, 0.01212000009,2.00000,0.00
,,, 0.01215999946,2.00000,0.00
,,, 0.01219999976,2.00000,0.00
,,, 0.01224000007,2.00000,0.00
,,, 0.01227999944,2.16000,0.00
,,, 0.01231999975,2.00000,0.00
,,, 0.01236000005,1.68000,-0.08000
,,, 0.01239999942,2.00000,-0.08000
,,, 0.01243999973,2.00000,0.00
,,, 0.01248000003,2.00000,0.00
,,, 0.01251999941,2.00000,0.00
,,, 0.01255999971,2.00000,0.00
,,, 0.01260000002,2.00000,0.00
,,, 0.01263999939,2.00000,0.00
,,, 0.01267999969,2.00000,0.00
,,, 0.01272000000,2.00000,0.00
,,, 0.01275999937,2.00000,0.00
,,, 0.01279999968,2.00000,0.00
,,, 0.01283999998,2.00000,0.00
,,, 0.01287999935,1.92000,0.00
,,, 0.01291999966,2.00000,0.00
,,, 0.01295999996,2.40000,0.00
,,, 0.01299999934,2.00000,0.00
,,, 0.01303999964,2.00000,0.00
,,, 0.01307999995,1.92000,0.00
,,, 0.01311999932,1.92000,0.00
,,, 0.01315999962,2.00000,0.00
,,, 0.01319999993,2.00000,0.00
,,, 0.01323999930,2.00000,0.00
,,, 0.01327999961,2.00000,0.00
,,, 0.01331999991,2.00000,0.00
,,, 0.01335999928,2.00000,0.00
,,, 0.01339999959,2.00000,0.00
,,, 0.01343999989,2.00000,0.00
,,, 0.01347999927,2.00000,0.00
,,, 0.01351999957,2.00000,0.00
,,, 0.01355999988,1.68000,0.00
,,, 0.01359999925,2.00000,0.00
,,, 0.01363999955,1.92000,0.00
,,, 0.01367999986,2.00000,0.00
,,, 0.01371999923,2.00000,0.00
,,, 0.01375999954,2.00000,0.00
,,, 0.01379999984,2.00000,0.00
,,, 0.01383999921,2.00000,0.00
,,, 0.01387999952,1.92000,0.00
,,, 0.01391999982,2.00000,0.00
,,, 0.01395999920,2.00000,0.00
,,, 0.01399999950,2.00000,0.00
,,, 0.01403999981,2.00000,-0.08000
,,, 0.01407999918,2.00000,0.00
,,, 0.01411999948,2.00000,0.00
,,, 0.01415999979,2.00000,0.00
,,, 0.01420000009,2.00000,0.00
,,, 0.01423999947,2.16000,0.00
,,, 0.01427999977,2.32000,0.08000
,,, 0.01432000007,1.92000,0.00
,,, 0.01435999945,2.00000,0.00
,,, 0.01439999975,1.92000,0.00
,,, 0.01444000006,1.92000,0.00
,,, 0.01447999943,2.00000,0.00
,,, 0.01451999974,2.00000,0.00
,,, 0.01456000004,2.00000,0.00
,,, 0.01459999941,2.00000,0.00
,,, 0.01463999972,2.00000,0.00
,,, 0.01468000002,2.00000,0.00
,,, 0.01471999940,2.00000,0.00
,,, 0.01475999970,1.92000,0.00
,,, 0.01480000000,2.00000,0.00
,,, 0.01483999938,2.00000,0.00
,,, 0.01487999968,2.00000,0.00
,,, 0.01491999999,2.00000,0.00
,,, 0.01495999936,2.32000,-0.08000
,,, 0.01499999966,2.00000,0.00
,,, 0.01503999997,2.16000,0.00
,,, 0.01507999934,2.00000,0.00
,,, 0.01511999965,1.92000,0.00
,,, 0.01515999995,2.00000,0.00
,,, 0.01519999932,2.00000,0.00
,,, 0.01523999963,2.00000,0.00
,,, 0.01527999993,2.00000,0.00
,,, 0.01531999931,2.00000,0.00
,,, 0.01535999961,2.00000,0.00
,,, 0.01539999992,2.00000,0.00
,,, 0.01543999929,2.00000,0.00
,,, 0.01547999959,2.00000,0.00
,,, 0.01551999990,2.00000,0.00
,,, 0.01555999927,2.00000,0.00
,,, 0.01559999958,2.00000,0.00
,,, 0.01563999988,2.00000,0.00
,,, 0.01568000019,2.00000,0.00
,,, 0.01572000049,2.00000,0.00
,,, 0.01575999893,2.00000,0.00
,,, 0.01579999924,2.00000,0.00
,,, 0.01583999954,2.00000,0.00
,,, 0.01587999985,2.00000,0.00
,,, 0.01592000015,2.00000,-0.08000
,,, 0.01596000046,2.00000,0.00
,,, 0.01599999890,2.00000,0.00
,,, 0.01603999920,2.00000,0.00
,,, 0.01607999951,1.92000,0.00
,,, 0.01611999981,1.92000,0.00
,,, 0.01616000012,2.00000,0.00
,,, 0.01620000042,2.00000,0.00
,,, 0.01623999886,2.00000,0.00
,,, 0.01627999917,1.92000,0.00
,,, 0.01631999947,2.00000,0.00
,,, 0.01635999978,2.00000,0.00
,,, 0.01640000008,2.00000,0.00
,,, 0.01644000039,2.00000,0.00
,,, 0.01647999883,2.00000,0.00
,,, 0.01651999913,2.00000,0.00
,,, 0.01655999944,1.92000,0.00
,,, 0.01659999974,2.00000,0.00
,,, 0.01664000005,1.92000,0.00
,,, 0.01668000035,2.00000,0.00
,,, 0.01671999879,2.00000,0.00
,,, 0.01675999910,2.00000,0.00
,,, 0.01679999940,1.92000,0.00
,,, 0.01683999971,1.92000,0.00
,,, 0.01688000001,2.00000,0.00
,,, 0.01692000031,2.00000,0.00
,,, 0.01695999876,2.00000,0.00
,,, 0.01699999906,1.92000,0.00
,,, 0.01703999937,1.92000,0.00
,,, 0.01707999967,1.92000,0.00
,,, 0.01711999997,2.00000,0.00
,,, 0.01716000028,2.00000,0.00
,,, 0.01719999872,2.00000,0.00
,,, 0.01723999903,2.00000,0.00
,,, 0.01727999933,2.00000,0.00
,,, 0.01731999964,2.00000,0.00
,,, 0.01735999994,2.00000,0.00
,,, 0.01740000024,2.00000,0.00
,,, 0.01743999869,2.00000,0.00
,,, 0.01747999899,2.00000,0.00
,,, 0.01751999930,2.00000,0.00
,,, 0.01755999960,1.92000,0.00
,,, 0.01759999990,1.92000,0.00
,,, 0.01764000021,2.00000,0.00
,,, 0.01767999865,2.00000,0.00
,,, 0.01771999896,2.00000,0.00
,,, 0.01775999926,2.00000,0.00
,,, 0.01779999956,2.00000,0.00
,,, 0.01783999987,2.00000,0.00
,,, 0.01788000017,1.92000,0.00
,,, 0.01791999862,2.00000,0.00
,,, 0.01795999892,2.00000,0.00
,,, 0.01799999923,2.00000,0.00
,,, 0.01803999953,2.00000,0.00
,,, 0.01807999983,2.00000,0.00
,,, 0.01812000014,2.00000,0.00
,,, 0.01816000044,2.00000,0.00
,,, 0.01819999889,2.00000,0.00
,,, 0.01823999919,2.00000,0.00
,,, 0.01827999949,2.00000,0.00
,,, 0.01831999980,2.00000,0.00
,,, 0.01836000010,2.00000,0.00
,,, 0.01840000041,2.00000,0.00
,,, 0.01843999885,1.92000,0.00
,,, 0.01847999915,1.92000,0.00
,,, 0.01851999946,1.92000,0.00
,,, 0.01855999976,2.00000,0.00
,,, 0.01860000007,2.00000,0.00
,,, 0.01864000037,2.00000,0.00
,,, 0.01867999882,2.00000,0.00
,,, 0.01871999912,2.00000,0.00
,,, 0.01875999942,2.00000,0.00
,,, 0.01879999973,2.00000,0.00
,,, 0.01884000003,2.00000,0.00
,,, 0.01888000034,2.00000,0.00
,,, 0.01891999878,1.92000,0.00
,,, 0.01895999908,1.92000,0.00
,,, 0.01899999939,1.92000,0.00
,,, 0.01903999969,1.92000,0.00
,,, 0.01908000000,2.00000,0.00
,,, 0.01912000030,2.00000,0.00
,,, 0.01915999874,2.00000,0.00
,,, 0.01919999905,1.92000,0.00
,,, 0.01923999935,2.00000,0.00
,,, 0.01927999966,2.00000,0.00
,,, 0.01931999996,2.00000,0.00
,,, 0.01936000027,2.00000,0.00
,,, 0.01939999871,2.00000,0.00
,,, 0.01943999901,2.00000,0.00
,,, 0.01947999932,2.00000,0.00
,,, 0.01951999962,2.00000,0.00
,,, 0.01955999993,2.00000,0.00
,,, 0.01960000023,2.00000,0.00
,,, 0.01963999867,2.00000,0.00
,,, 0.01967999898,2.00000,0.00
,,, 0.01971999928,1.92000,0.00
,,, 0.01975999959,1.92000,0.00
,,, 0.01979999989,2.00000,0.00
,,, 0.01984000020,2.00000,0.00
,,, 0.01987999864,2.00000,0.00
,,, 0.01991999894,2.08000,0.00
,,, 0.01995999925,2.00000,0.00
,,, 0.01999999955,1.92000,0.00
,,, 0.02003999986,1.92000,0.00
,,, 0.02008000016,2.00000,0.00
,,, 0.02011999860,2.00000,0.00
,,, 0.02015999891,2.00000,0.00
,,, 0.02019999921,1.92000,0.00
,,, 0.02023999952,1.92000,0.00
,,, 0.02027999982,1.92000,0.00
,,, 0.02032000013,1.92000,0.00
,,, 0.02035999857,1.92000,0.00
,,, 0.02039999887,1.92000,0.00
,,, 0.02043999918,2.00000,0.00
,,, 0.02047999948,2.00000,0.00
,,, 0.02051999979,2.00000,0.00
,,, 0.02056000009,1.92000,0.00
,,, 0.02060000040,2.00000,0.00
,,, 0.02063999884,2.24000,0.00
,,, 0.02067999914,2.08000,0.00
,,, 0.02071999945,2.00000,0.00
,,, 0.02075999975,1.60000,0.00
,,, 0.02080000006,1.92000,0.00
,,, 0.02084000036,1.92000,0.00
,,, 0.02087999880,2.16000,0.00
,,, 0.02091999911,2.00000,0.00
,,, 0.02095999941,2.00000,0.00
,,, 0.02099999972,1.92000,0.00
,,, 0.02104000002,1.92000,0.00
,,, 0.02108000033,1.84000,0.00
,,, 0.02111999877,2.00000,0.00
,,, 0.02115999907,2.00000,0.00
,,, 0.02119999938,2.32000,0.08000
,,, 0.02123999968,2.32000,0.08000
,,, 0.02127999999,2.16000,0.00
,,, 0.02132000029,1.68000,0.00
,,, 0.02135999873,1.60000,0.00
,,, 0.02139999904,1.84000,0.00
,,, 0.02143999934,2.24000,0.00
,,, 0.02147999965,1.92000,0.00
,,, 0.02151999995,2.00000,0.00
,,, 0.02156000026,1.84000,0.00
,,, 0.02159999870,2.24000,0.00
,,, 0.02163999900,2.16000,-0.08000
,,, 0.02167999931,2.00000,0.00
,,, 0.02171999961,1.92000,0.00
,,, 0.02175999992,1.92000,0.00
,,, 0.02180000022,2.00000,0.00
,,, 0.02183999866,1.92000,0.00
,,, 0.02187999897,1.68000,0.00
,,, 0.02191999927,2.32000,0.08000
,,, 0.02195999958,2.08000,0.00
,,, 0.02199999988,2.16000,0.00
,,, 0.02204000019,1.68000,0.00
,,, 0.02207999863,1.52000,0.00
,,, 0.02211999893,1.84000,0.00
,,, 0.02215999924,2.00000,0.00
,,, 0.02219999954,2.24000,0.00
,,, 0.02223999985,2.08000,0.00
,,, 0.02228000015,2.24000,0.00
,,, 0.02231999859,2.00000,0.00
,,, 0.02235999890,1.52000,0.00
,,, 0.02239999920,1.84000,0.00
,,, 0.02243999951,1.92000,0.00
,,, 0.02247999981,1.60000,-0.08000
,,, 0.02252000012,2.32000,0.00
,,, 0.02255999856,2.08000,0.00
,,, 0.02259999886,2.24000,0.08000
,,, 0.02263999917,1.60000,0.00
,,, 0.02267999947,1.92000,0.00
,,, 0.02271999978,2.00000,0.00
,,, 0.02276000008,2.24000,0.00
,,, 0.02279999852,2.32000,0.00
,,, 0.02283999883,2.08000,0.00
,,, 0.02287999913,1.92000,0.00
,,, 0.02291999944,1.92000,0.00
,,, 0.02295999974,2.08000,0.00
,,, 0.02300000004,2.00000,0.00
,,, 0.02304000035,1.60000,0.00
,,, 0.02307999879,2.08000,0.00
,,, 0.02311999910,2.00000,0.00
,,, 0.02315999940,1.68000,0.00
,,, 0.02319999970,1.60000,-0.08000
,,, 0.02324000001,1.92000,0.00
,,, 0.02328000031,2.00000,0.00
,,, 0.02331999876,2.24000,0.00
,,, 0.02335999906,2.00000,0.00
,,, 0.02339999937,1.84000,0.00
,,, 0.02343999967,1.60000,0.00
,,, 0.02347999997,2.24000,0.00
,,, 0.02352000028,2.00000,-0.08000
,,, 0.02355999872,1.92000,0.00
,,, 0.02359999903,2.32000,0.08000
,,, 0.02363999933,2.40000,-0.08000
,,, 0.02367999963,2.16000,0.00
,,, 0.02371999994,1.92000,0.00
,,, 0.02376000024,2.16000,0.00
,,, 0.02379999869,2.00000,0.08000
,,, 0.02383999899,1.68000,0.00
,,, 0.02387999929,1.60000,0.00
,,, 0.02391999960,1.84000,-0.08000
,,, 0.02395999990,1.92000,0.00
,,, 0.02400000021,1.68000,0.00
,,, 0.02403999865,2.16000,0.00
,,, 0.02407999896,2.08000,0.00
,,, 0.02411999926,2.16000,0.00
,,, 0.02415999956,2.24000,0.08000
,,, 0.02419999987,2.40000,0.08000
,,, 0.02424000017,2.16000,0.00
,,, 0.02427999862,1.68000,0.00
,,, 0.02431999892,2.16000,-0.08000
,,, 0.02435999922,2.00000,0.00
,,, 0.02439999953,2.08000,0.00
,,, 0.02443999983,1.84000,0.00
,,, 0.02448000014,2.00000,0.00
,,, 0.02451999858,1.92000,0.00
,,, 0.02455999888,1.92000,0.00
,,, 0.02459999919,1.60000,0.00
,,, 0.02463999949,2.00000,0.00
,,, 0.02467999980,2.16000,0.08000
,,, 0.02472000010,2.00000,0.00
,,, 0.02475999855,1.92000,0.00
,,, 0.02479999885,1.52000,0.00
,,, 0.02483999915,1.92000,0.00
,,, 0.02487999946,2.08000,0.00
,,, 0.02491999976,2.32000,0.08000
,,, 0.02496000007,2.16000,0.00
,,, 0.02499999851,2.00000,0.00
,,, 0.02503999881,1.44000,-0.08000
,,, 0.02507999912,2.00000,0.00
,,, 0.02511999942,2.00000,0.00
,,, 0.02515999973,2.00000,0.00
,,, 0.02520000003,2.00000,0.00
,,, 0.02523999847,2.00000,0.00
,,, 0.02527999878,2.00000,0.00
,,, 0.02531999908,2.00000,0.00
,,, 0.02535999939,2.00000,0.00
,,, 0.02539999969,2.00000,0.00
,,, 0.02544000000,2.00000,0.00
,,, 0.02547999844,1.92000,0.00
,,, 0.02551999874,1.92000,0.00
,,, 0.02555999905,1.92000,0.00
,,, 0.02559999935,1.92000,0.00
,,, 0.02563999966,2.00000,0.00
,,, 0.02567999996,2.00000,0.00
,,, 0.02572000027,2.00000,0.00
,,, 0.02575999871,2.00000,0.00
,,, 0.02579999901,2.00000,0.00
,,, 0.02583999932,2.00000,0.00
,,, 0.02587999962,2.00000,0.00
,,, 0.02591999993,2.00000,0.00
,,, 0.02596000023,2.00000,0.00
,,, 0.02599999867,2.00000,0.00
,,, 0.02603999898,2.00000,0.00
,,, 0.02607999928,1.92000,0.00
,,, 0.02611999959,2.00000,0.00
,,, 0.02615999989,2.00000,0.00
,,, 0.02620000020,2.00000,0.00
,,, 0.02623999864,2.00000,0.00
,,, 0.02627999894,2.00000,0.00
,,, 0.02631999925,2.00000,0.00
,,, 0.02635999955,2.00000,0.00
,,, 0.02639999986,2.00000,0.00
,,, 0.02644000016,2.00000,0.00
,,, 0.02647999860,2.00000,0.00
,,, 0.02651999891,2.00000,0.00
,,, 0.02655999921,2.00000,0.00
,,, 0.02659999952,2.00000,0.00
,,, 0.02663999982,2.00000,0.00
,,, 0.02668000013,2.00000,0.00
,,, 0.02671999857,2.00000,0.00
,,, 0.02675999887,2.00000,0.00
,,, 0.02679999918,1.92000,0.00
,,, 0.02683999948,2.00000,0.00
,,, 0.02687999979,2.00000,0.00
,,, 0.02692000009,2.00000,0.00
,,, 0.02695999853,2.00000,0.00
,,, 0.02699999884,2.00000,0.00
,,, 0.02703999914,2.00000,0.00
,,, 0.02707999945,2.00000,0.00
,,, 0.02711999975,2.00000,0.00
,,, 0.02716000006,2.00000,0.00
,,, 0.02719999850,2.00000,0.00
,,, 0.02723999880,2.00000,0.00
,,, 0.02727999911,1.92000,0.00
,,, 0.02731999941,2.00000,0.00
,,, 0.02735999972,1.92000,0.00
,,, 0.02740000002,2.00000,0.00
,,, 0.02743999846,2.00000,0.00
,,, 0.02747999877,2.00000,0.00
,,, 0.02751999907,2.00000,0.00
,,, 0.02755999938,2.00000,0.00
,,, 0.02759999968,2.00000,0.00
,,, 0.02763999999,2.00000,0.00
,,, 0.02767999843,2.00000,0.00
,,, 0.02771999873,2.00000,0.00
,,, 0.02775999904,2.00000,0.00
,,, 0.02779999934,2.00000,0.00
,,, 0.02783999965,2.00000,0.00
,,, 0.02787999995,2.00000,0.00
,,, 0.02791999839,2.00000,0.00
,,, 0.02795999870,2.00000,0.00
,,, 0.02799999900,2.00000,0.00
,,, 0.02803999931,2.00000,0.00
,,, 0.02807999961,2.00000,0.00
,,, 0.02811999992,1.92000,0.00
,,, 0.02815999836,2.00000,0.00
,,, 0.02819999866,2.00000,0.00
,,, 0.02823999897,2.00000,0.00
,,, 0.02827999927,1.92000,0.00
,,, 0.02831999958,1.92000,0.00
,,, 0.02835999988,1.92000,0.00
,,, 0.02840000018,2.00000,0.00
,,, 0.02843999863,1.92000,0.00
,,, 0.02847999893,2.00000,0.00
,,, 0.02851999924,2.00000,0.00
,,, 0.02855999954,2.00000,0.00
,,, 0.02859999985,1.92000,0.00
,,, 0.02864000015,2.00000,0.00
,,, 0.02867999859,1.92000,0.00
,,, 0.02871999890,2.00000,0.00
,,, 0.02875999920,2.00000,0.00
,,, 0.02879999951,2.00000,0.00
,,, 0.02883999981,2.00000,0.00
,,, 0.02888000011,2.00000,0.00
,,, 0.02891999856,2.00000,0.00
,,, 0.02895999886,2.00000,0.00
,,, 0.02899999917,1.92000,0.00
,,, 0.02903999947,2.00000,0.00
,,, 0.02907999977,2.00000,0.00
,,, 0.02912000008,1.92000,0.00
,,, 0.02915999852,2.00000,0.00
,,, 0.02919999883,2.00000,0.00
,,, 0.02923999913,2.00000,0.00
,,, 0.02927999943,2.00000,0.00
,,, 0.02931999974,2.00000,0.00
,,, 0.02936000004,2.00000,0.00
,,, 0.02939999849,1.92000,0.00
,,, 0.02943999879,2.00000,0.00
,,, 0.02947999910,2.00000,0.00
,,, 0.02951999940,2.00000,0.00
,,, 0.02955999970,2.00000,0.00
,,, 0.02960000001,2.00000,0.00
,,, 0.02963999845,2.00000,0.00
,,, 0.02967999876,1.92000,0.00
,,, 0.02971999906,2.00000,0.00
,,, 0.02975999936,2.00000,0.00
,,, 0.02979999967,2.00000,0.00
,,, 0.02983999997,1.92000,0.00
,,, 0.02987999842,2.00000,0.00
,,, 0.02991999872,2.00000,0.00
,,, 0.02995999902,2.00000,0.00
,,, 0.02999999933,2.00000,0.00
,,, 0.03003999963,2.00000,0.00
,,, 0.03007999994,1.92000,0.00
,,, 0.03011999838,2.00000,0.00
,,, 0.03015999869,2.00000,0.00
,,, 0.03019999899,2.00000,0.00
,,, 0.03023999929,1.92000,0.00
,,, 0.03027999960,2.00000,0.00
,,, 0.03031999990,2.00000,0.00
,,, 0.03035999835,2.00000,0.00
,,, 0.03039999865,2.00000,0.00
,,, 0.03043999895,2.00000,0.00
,,, 0.03047999926,2.08000,0.00
,,, 0.03051999956,2.00000,0.00
,,, 0.03055999987,2.00000,0.00
,,, 0.03059999831,2.00000,0.00
,,, 0.03063999861,2.00000,0.00
,,, 0.03067999892,2.00000,0.00
,,, 0.03071999922,2.00000,0.00
,,, 0.03075999953,2.00000,0.00
,,, 0.03079999983,2.00000,0.00
,,, 0.03084000014,2.00000,0.00
,,, 0.03087999858,2.00000,0.00
,,, 0.03091999888,2.00000,0.00
,,, 0.03095999919,2.00000,0.00
,,, 0.03099999949,2.00000,0.00
,,, 0.03103999980,2.00000,0.00
,,, 0.03108000010,2.00000,0.00
,,, 0.03111999854,1.92000,0.00
,,, 0.03115999885,2.00000,0.00
,,, 0.03119999915,2.00000,0.00
,,, 0.03123999946,2.00000,0.00
,,, 0.03127999976,1.92000,0.00
,,, 0.03131999820,2.00000,0.00
,,, 0.03136000037,2.00000,0.00
,,, 0.03139999881,2.00000,0.00
,,, 0.03144000098,2.00000,0.00
,,, 0.03147999942,2.00000,0.00
,,, 0.03151999786,2.00000,0.00
,,, 0.03156000003,2.00000,0.00
,,, 0.03159999847,2.00000,0.00
,,, 0.03164000064,2.00000,0.00
,,, 0.03167999908,2.00000,0.00
,,, 0.03171999753,2.00000,0.00
,,, 0.03175999969,2.00000,0.00
,,, 0.03179999813,1.92000,0.00
,,, 0.03184000030,2.00000,0.00
,,, 0.03187999874,2.00000,0.00
,,, 0.03192000091,2.00000,0.00
,,, 0.03195999935,2.00000,0.00
,,, 0.03199999779,2.00000,0.00
,,, 0.03203999996,2.08000,0.00
,,, 0.03207999840,2.00000,0.00
,,, 0.03212000057,2.00000,0.00
,,, 0.03215999901,2.00000,0.00
,,, 0.03219999745,2.00000,0.00
,,, 0.03223999962,2.00000,0.00
,,, 0.03227999806,2.00000,0.00
,,, 0.03232000023,2.00000,0.00
,,, 0.03235999867,2.00000,0.00
,,, 0.03240000084,2.00000,0.00
,,, 0.03243999928,2.00000,0.00
,,, 0.03247999772,2.00000,0.00
,,, 0.03251999989,2.00000,0.00
,,, 0.03255999833,2.00000,0.00
,,, 0.03260000050,2.00000,0.00
,,, 0.03263999894,2.00000,0.00
,,, 0.03267999738,2.00000,0.00
,,, 0.03271999955,2.00000,0.00
,,, 0.03275999799,2.00000,0.00
,,, 0.03280000016,1.92000,0.00
,,, 0.03283999860,2.00000,0.00
,,, 0.03288000077,2.00000,0.00
,,, 0.03291999921,2.00000,0.00
,,, 0.03295999765,2.00000,0.00
,,, 0.03299999982,2.00000,0.00
,,, 0.03303999826,2.00000,0.00
,,, 0.03308000043,2.00000,0.00
,,, 0.03311999887,2.00000,0.00
,,, 0.03315999731,1.92000,0.00
,,, 0.03319999948,2.00000,0.00
,,, 0.03323999792,1.92000,0.00
,,, 0.03328000009,2.00000,0.00
,,, 0.03331999853,2.00000,-0.08000
,,, 0.03336000070,2.00000,0.00
,,, 0.03339999914,2.00000,0.00
,,, 0.03343999758,2.00000,0.00
,,, 0.03347999975,2.00000,0.00
,,, 0.03351999819,2.00000,0.00
,,, 0.03356000036,2.00000,0.00
,,, 0.03359999880,2.00000,0.00
,,, 0.03364000097,2.00000,0.00
,,, 0.03367999941,2.00000,0.00
,,, 0.03371999785,2.00000,0.00
,,, 0.03376000002,2.00000,0.00
,,, 0.03379999846,2.00000,0.00
,,, 0.03384000063,2.00000,0.00
,,, 0.03387999907,2.00000,0.00
,,, 0.03391999751,2.00000,0.00
,,, 0.03395999968,2.00000,0.00
,,, 0.03399999812,2.00000,0.00
,,, 0.03404000029,2.00000,0.00
,,, 0.03407999873,2.00000,0.00
,,, 0.03412000090,2.00000,0.00
,,, 0.03415999934,2.00000,0.00
,,, 0.03419999778,2.00000,0.00
,,, 0.03423999995,1.92000,0.00
,,, 0.03427999839,2.00000,0.00
,,, 0.03432000056,1.92000,0.00
,,, 0.03435999900,2.00000,0.00
,,, 0.03439999744,2.00000,0.00
,,, 0.03443999961,2.00000,0.00
,,, 0.03447999805,2.00000,0.00
,,, 0.03452000022,2.00000,0.00
,,, 0.03455999866,2.00000,0.00
,,, 0.03460000083,2.00000,0.00
,,, 0.03463999927,2.00000,0.00
,,, 0.03467999771,2.00000,0.00
,,, 0.03471999988,2.00000,0.00
,,, 0.03475999832,2.00000,-0.08000
,,, 0.03480000049,1.92000,0.00
,,, 0.03483999893,2.00000,0.00
,,, 0.03487999737,2.00000,0.00
,,, 0.03491999954,2.00000,0.00
,,, 0.03495999798,2.00000,0.00
,,, 0.03500000015,2.00000,0.00
,,, 0.03503999859,1.92000,0.00
,,, 0.03508000076,2.00000,0.00
,,, 0.03511999920,1.92000,0.00
,,, 0.03515999764,2.00000,0.00
,,, 0.03519999981,2.00000,0.00
,,, 0.03523999825,2.00000,0.00
,,, 0.03528000042,1.92000,0.00
,,, 0.03531999886,1.92000,0.00
,,, 0.03535999730,2.00000,0.00
,,, 0.03539999947,2.00000,0.00
,,, 0.03543999791,2.00000,0.00
,,, 0.03548000008,1.92000,0.00
,,, 0.03551999852,2.00000,0.00
,,, 0.03556000069,2.00000,0.00
,,, 0.03559999913,2.00000,0.00
,,, 0.03563999757,2.00000,0.00
,,, 0.03567999974,2.00000,0.00
,,, 0.03571999818,2.00000,0.00
,,, 0.03576000035,2.00000,0.00
,,, 0.03579999879,2.00000,0.00
,,, 0.03583999723,2.00000,0.00
,,, 0.03587999940,2.00000,0.00
,,, 0.03591999784,2.00000,0.00
,,, 0.03596000001,1.92000,0.00
,,, 0.03599999845,1.92000,0.00
,,, 0.03604000062,2.00000,0.00
,,, 0.03607999906,2.00000,0.00
,,, 0.03611999750,2.00000,0.00
,,, 0.03615999967,2.00000,0.00
,,, 0.03619999811,2.00000,0.00
,,, 0.03624000028,2.00000,0.00
,,, 0.03627999872,2.00000,0.00
,,, 0.03632000089,2.00000,0.00
,,, 0.03635999933,2.00000,0.00
,,, 0.03639999777,2.00000,0.00
,,, 0.03643999994,2.00000,0.00
,,, 0.03647999838,2.00000,0.00
,,, 0.03652000055,2.00000,0.00
,,, 0.03655999899,2.00000,0.00
,,, 0.03659999743,2.00000,0.00
,,, 0.03663999960,2.00000,0.00
,,, 0.03667999804,2.00000,0.00
,,, 0.03672000021,2.00000,0.00
,,, 0.03675999865,2.00000,0.00
,,, 0.03680000082,2.00000,0.00
,,, 0.03683999926,2.00000,0.00
,,, 0.03687999770,2.00000,0.00
,,, 0.03691999987,2.00000,0.00
,,, 0.03695999831,2.00000,0.00
,,, 0.03700000048,2.00000,0.00
,,, 0.03703999892,2.00000,0.00
,,, 0.03707999736,2.00000,0.00
,,, 0.03711999953,2.00000,0.00
,,, 0.03715999797,2.00000,0.00
,,, 0.03720000014,2.00000,0.00
,,, 0.03723999858,2.00000,0.00
,,, 0.03728000075,2.00000,0.00
,,, 0.03731999919,2.00000,0.00
,,, 0.03735999763,2.00000,0.00
,,, 0.03739999980,2.00000,0.00
,,, 0.03743999824,2.00000,0.00
,,, 0.03748000041,2.00000,0.00
,,, 0.03751999885,1.92000,0.00
,,, 0.03755999729,2.00000,0.00
,,, 0.03759999946,2.00000,0.00
,,, 0.03763999790,2.00000,0.00
,,, 0.03768000007,2.00000,0.00
,,, 0.03771999851,2.00000,0.00
,,, 0.03776000068,2.00000,0.00
,,, 0.03779999912,2.00000,0.00
,,, 0.03783999756,2.00000,0.00
,,, 0.03787999973,2.00000,0.00
,,, 0.03791999817,2.00000,0.00
,,, 0.03796000034,2.00000,0.00
,,, 0.03799999878,2.00000,0.00
,,, 0.03803999722,2.00000,0.00
,,, 0.03807999939,1.92000,0.00
,,, 0.03811999783,1.92000,0.00
,,, 0.03816000000,1.92000,0.00
,,, 0.03819999844,2.00000,0.00
,,, 0.03824000061,2.00000,0.00
,,, 0.03827999905,2.00000,0.00
,,, 0.03831999749,2.00000,0.00
,,, 0.03835999966,2.00000,0.00
,,, 0.03839999810,2.00000,0.00
,,, 0.03844000027,2.00000,0.00
,,, 0.03847999871,1.92000,0.00
,,, 0.03852000087,1.92000,0.00
,,, 0.03855999932,2.00000,0.00
,,, 0.03859999776,2.00000,0.00
,,, 0.03863999993,2.00000,0.00
,,, 0.03867999837,2.00000,0.00
,,, 0.03872000054,2.00000,0.00
,,, 0.03875999898,2.00000,0.00
,,, 0.03879999742,2.00000,0.00
,,, 0.03883999959,2.00000,0.00
,,, 0.03887999803,1.92000,0.00
,,, 0.03892000020,2.00000,0.00
,,, 0.03895999864,1.92000,0.00
,,, 0.03900000080,2.00000,0.00
,,, 0.03903999925,2.00000,0.00
,,, 0.03907999769,2.00000,0.00
,,, 0.03911999986,2.00000,0.00
,,, 0.03915999830,2.00000,0.00
,,, 0.03920000046,2.00000,0.00
,,, 0.03923999891,2.00000,0.00
,,, 0.03927999735,1.92000,0.00
,,, 0.03931999952,2.00000,0.00
,,, 0.03935999796,1.92000,0.00
,,, 0.03940000013,2.00000,0.00
,,, 0.03943999857,2.00000,0.00
,,, 0.03948000073,2.00000,0.00
,,, 0.03951999918,1.92000,0.00
,,, 0.03955999762,2.00000,0.00
,,, 0.03959999979,2.08000,0.00
,,, 0.03963999823,2.00000,0.00
,,, 0.03968000039,2.00000,0.00
,,, 0.03971999884,2.00000,0.00
,,, 0.03975999728,2.00000,0.00
,,, 0.03979999945,2.00000,0.00
,,, 0.03983999789,1.92000,0.00
,,, 0.03988000005,2.00000,0.00
,,, 0.03991999850,1.92000,0.00
,,, 0.03996000066,1.92000,0.00
,,, 0.03999999911,2.00000,0.00
,,, 0.04003999755,1.92000,0.00
,,, 0.04007999972,2.00000,0.00
,,, 0.04011999816,2.00000,0.00
,,, 0.04016000032,2.00000,0.00
,,, 0.04019999877,2.00000,0.00
,,, 0.04023999721,2.00000,0.00
,,, 0.04027999938,2.08000,0.00
,,, 0.04031999782,2.00000,0.00
,,, 0.04035999998,2.00000,0.00
,,, 0.04039999843,1.92000,0.00
,,, 0.04044000059,1.92000,0.00
,,, 0.04047999904,1.92000,0.00
,,, 0.04051999748,1.84000,0.00
,,, 0.04055999964,2.00000,0.00
,,, 0.04059999809,2.00000,0.00
,,, 0.04064000025,1.92000,0.00
,,, 0.04067999870,2.00000,0.00
,,, 0.04071999714,2.00000,0.00
,,, 0.04075999931,2.00000,0.00
,,, 0.04079999775,2.00000,0.00
,,, 0.04083999991,2.00000,0.00
,,, 0.04087999836,2.08000,0.00
,,, 0.04092000052,2.08000,0.00
,,, 0.04095999897,2.16000,0.00
,,, 0.04099999741,2.08000,0.00
,,, 0.04103999957,2.08000,0.00
,,, 0.04107999802,1.92000,0.00
,,, 0.04112000018,1.92000,0.00
,,, 0.04115999863,2.00000,0.00
,,, 0.04120000079,1.60000,0.00
,,, 0.04123999923,1.92000,0.00
,,, 0.04127999768,2.00000,0.00
,,, 0.04131999984,2.00000,0.00
,,, 0.04135999829,2.00000,0.00
,,, 0.04140000045,2.00000,0.00
,,, 0.04143999889,2.08000,0.00
,,, 0.04147999734,2.00000,0.00
,,, 0.04151999950,2.00000,0.00
,,, 0.04155999795,2.24000,0.00
,,, 0.04160000011,2.08000,0.00
,,, 0.04163999856,2.24000,0.08000
,,, 0.04168000072,2.16000,0.00
,,, 0.04171999916,2.08000,0.00
,,, 0.04175999761,1.68000,0.00
,,, 0.04179999977,1.92000,0.00
,,, 0.04183999822,2.00000,0.00
,,, 0.04188000038,1.52000,0.00
,,, 0.04191999882,1.92000,0.00
,,, 0.04195999727,1.92000,0.00
,,, 0.04199999943,1.68000,0.00
,,, 0.04203999788,1.92000,0.00
,,, 0.04208000004,2.16000,0.00
,,, 0.04211999848,2.16000,0.00
,,, 0.04216000065,2.00000,0.00
,,, 0.04219999909,2.00000,0.00
,,, 0.04223999754,2.24000,0.08000
,,, 0.04227999970,2.00000,0.00
,,, 0.04231999815,2.24000,0.08000
,,, 0.04236000031,2.08000,0.00
,,, 0.04239999875,2.00000,0.00
,,, 0.04243999720,1.52000,0.00
,,, 0.04247999936,1.92000,0.00
,,, 0.04251999781,2.00000,0.00
,,, 0.04255999997,1.52000,-0.08000
,,, 0.04259999841,1.84000,0.00
,,, 0.04264000058,2.00000,0.00
,,, 0.04267999902,2.00000,-0.08000
,,, 0.04271999747,2.00000,0.00
,,, 0.04275999963,2.00000,0.00
,,, 0.04279999807,2.24000,0.00
,,, 0.04284000024,2.08000,0.00
,,, 0.04287999868,2.08000,0.00
,,, 0.04291999713,2.24000,0.00
,,, 0.04295999929,2.16000,0.00
,,, 0.04299999774,1.68000,0.00
,,, 0.04303999990,1.92000,0.00
,,, 0.04307999834,2.08000,0.00
,,, 0.04312000051,1.52000,0.00
,,, 0.04315999895,1.84000,0.00
,,, 0.04319999740,2.00000,0.00
,,, 0.04323999956,2.00000,-0.08000
,,, 0.04327999800,2.00000,0.00
,,, 0.04332000017,2.00000,0.00
,,, 0.04335999861,2.32000,0.00
,,, 0.04339999706,2.16000,0.00
,,, 0.04343999922,2.08000,0.00
,,, 0.04347999766,2.24000,0.00
,,, 0.04351999983,2.16000,0.00
,,, 0.04355999827,1.92000,0.00
,,, 0.04360000044,1.84000,0.00
,,, 0.04363999888,1.92000,0.00
,,, 0.04367999732,1.52000,-0.08000
,,, 0.04371999949,1.92000,0.00
,,, 0.04375999793,2.00000,0.00
,,, 0.04380000010,2.32000,0.00
,,, 0.04383999854,2.16000,0.00
,,, 0.04388000071,2.00000,0.00
,,, 0.04391999915,2.32000,0.00
,,, 0.04395999759,2.24000,0.00
,,, 0.04399999976,2.08000,0.00
,,, 0.04403999820,1.92000,0.00
,,, 0.04408000037,2.00000,0.00
,,, 0.04411999881,2.00000,0.00
,,, 0.04415999725,1.84000,0.00
,,, 0.04419999942,2.00000,0.00
,,, 0.04423999786,2.24000,0.00
,,, 0.04428000003,2.16000,0.00
,,, 0.04431999847,2.00000,0.00
,,, 0.04436000064,2.40000,0.00
,,, 0.04439999908,2.24000,0.00
,,, 0.04443999752,2.08000,0.00
,,, 0.04447999969,1.92000,0.00
,,, 0.04451999813,2.08000,0.00
,,, 0.04456000030,2.08000,0.00
,,, 0.04459999874,1.84000,0.00
,,, 0.04463999718,1.92000,0.00
,,, 0.04467999935,2.00000,0.00
,,, 0.04471999779,2.24000,0.00
,,, 0.04475999996,2.16000,0.00
,,, 0.04479999840,2.24000,0.00
,,, 0.04484000057,2.24000,0.00
,,, 0.04487999901,2.16000,0.00
,,, 0.04491999745,2.00000,0.00
,,, 0.04495999962,2.08000,0.00
,,, 0.04499999806,2.00000,0.00
,,, 0.04504000023,1.84000,0.00
,,, 0.04507999867,2.00000,0.00
,,, 0.04511999711,2.00000,0.00
,,, 0.04515999928,2.16000,0.00
,,, 0.04519999772,2.08000,0.00
,,, 0.04523999989,2.16000,0.00
,,, 0.04527999833,2.24000,0.00
,,, 0.04532000050,2.16000,0.00
,,, 0.04535999894,2.08000,0.00
,,, 0.04539999738,2.00000,0.00
,,, 0.04543999955,2.08000,0.00
,,, 0.04547999799,1.84000,0.00
,,, 0.04552000016,2.00000,0.00
,,, 0.04555999860,2.08000,0.00
,,, 0.04559999704,2.00000,0.00
,,, 0.04563999921,2.08000,0.00
,,, 0.04567999765,2.08000,0.00
,,, 0.04571999982,2.16000,0.00
,,, 0.04575999826,2.16000,0.00
,,, 0.04580000043,2.08000,0.00
,,, 0.04583999887,2.16000,0.08000
,,, 0.04587999731,2.08000,0.00
,,, 0.04591999948,2.16000,0.00
,,, 0.04595999792,2.08000,0.00
,,, 0.04600000009,2.00000,0.00
,,, 0.04603999853,1.92000,0.00
,,, 0.04608000070,2.00000,0.00
,,, 0.04611999914,2.08000,0.00
,,, 0.04615999758,2.08000,0.00
,,, 0.04619999975,2.16000,0.00
,,, 0.04623999819,2.08000,0.00
,,, 0.04628000036,2.32000,0.00
,,, 0.04631999880,2.16000,0.00
,,, 0.04635999724,2.16000,0.00
,,, 0.04639999941,2.08000,0.00
,,, 0.04643999785,2.16000,0.00
,,, 0.04648000002,2.16000,0.00
,,, 0.04651999846,2.08000,0.00
,,, 0.04656000063,2.16000,0.00
,,, 0.04659999907,2.08000,0.00
,,, 0.04663999751,2.16000,-0.08000
,,, 0.04667999968,2.16000,0.00
,,, 0.04671999812,2.24000,0.00
,,, 0.04676000029,2.16000,0.00
,,, 0.04679999873,2.16000,0.00
,,, 0.04683999717,2.16000,0.00
,,, 0.04687999934,2.16000,0.00
,,, 0.04691999778,2.16000,0.00
,,, 0.04695999995,2.08000,0.00
,,, 0.04699999839,2.16000,0.00
,,, 0.04704000056,2.16000,0.00
,,, 0.04707999900,2.16000,0.00
,,, 0.04711999744,2.16000,0.00
,,, 0.04715999961,2.16000,0.00
,,, 0.04719999805,2.16000,0.00
,,, 0.04724000022,2.16000,0.00
,,, 0.04727999866,2.16000,0.00
,,, 0.04731999710,2.24000,0.00
,,, 0.04735999927,2.16000,0.00
,,, 0.04739999771,2.16000,0.00
,,, 0.04743999988,2.16000,0.00
,,, 0.04747999832,2.16000,0.00
,,, 0.04752000049,2.16000,0.00
,,, 0.04755999893,2.16000,0.00
,,, 0.04759999737,2.16000,0.00
,,, 0.04763999954,2.16000,0.00
,,, 0.04767999798,2.16000,0.00
,,, 0.04772000015,2.16000,0.00
,,, 0.04775999859,2.24000,0.00
,,, 0.04779999703,2.16000,0.00
,,, 0.04783999920,2.16000,0.00
,,, 0.04787999764,2.24000,0.00
,,, 0.04791999981,2.24000,0.00
,,, 0.04795999825,2.24000,0.00
,,, 0.04800000042,2.16000,0.00
,,, 0.04803999886,2.16000,0.00
,,, 0.04807999730,2.16000,0.00
,,, 0.04811999947,2.24000,0.00
,,, 0.04815999791,2.16000,0.00
,,, 0.04820000008,2.16000,0.00
,,, 0.04823999852,2.24000,0.00
,,, 0.04827999696,2.24000,0.00
,,, 0.04831999913,2.16000,0.00
,,, 0.04835999757,2.24000,0.00
,,, 0.04839999974,2.24000,0.00
,,, 0.04843999818,2.24000,0.00
,,, 0.04848000035,2.16000,0.00
,,, 0.04851999879,2.24000,0.00
,,, 0.04855999723,2.32000,0.00
,,, 0.04859999940,2.24000,0.00
,,, 0.04863999784,2.16000,0.00
,,, 0.04868000001,2.16000,0.00
,,, 0.04871999845,2.24000,0.00
,,, 0.04876000062,2.16000,-0.08000
,,, 0.04879999906,2.24000,0.00
,,, 0.04883999750,2.16000,0.00
,,, 0.04887999967,2.24000,0.00
,,, 0.04891999811,2.24000,0.00
,,, 0.04896000028,2.24000,0.00
,,, 0.04899999872,2.32000,0.00
,,, 0.04903999716,2.24000,0.00
,,, 0.04907999933,2.24000,0.00
,,, 0.04911999777,2.24000,0.00
,,, 0.04915999994,2.24000,0.00
,,, 0.04919999838,2.16000,0.00
,,, 0.04924000055,2.16000,0.00
,,, 0.04927999899,2.32000,0.00
,,, 0.04931999743,2.16000,0.00
,,, 0.04935999960,2.24000,0.00
,,, 0.04939999804,2.24000,0.00
,,, 0.04944000021,2.32000,0.00
,,, 0.04947999865,2.32000,0.00
,,, 0.04951999709,2.32000,0.00
,,, 0.04955999926,2.24000,0.00
,,, 0.04959999770,2.32000,0.00
,,, 0.04963999987,2.24000,0.00
,,, 0.04967999831,2.32000,0.00
,,, 0.04972000048,2.32000,0.00
,,, 0.04975999892,2.24000,0.00
,,, 0.04979999736,2.24000,0.00
,,, 0.04983999953,2.32000,0.00
,,, 0.04987999797,2.24000,0.00
,,, 0.04992000014,2.24000,0.00
,,, 0.04995999858,2.24000,0.00
,,, 0.04999999702,2.32000,0.00
,,, 0.05003999919,2.24000,0.00
,,, 0.05007999763,2.32000,0.00
,,, 0.05011999980,2.48000,0.00
,,, 0.05015999824,2.32000,0.00
,,, 0.05020000041,2.32000,0.00
,,, 0.05023999885,2.32000,0.00
,,, 0.05027999729,2.32000,0.00
,,, 0.05031999946,2.32000,0.00
,,, 0.05035999790,2.16000,0.00
,,, 0.05040000007,2.24000,0.00
,,, 0.05043999851,2.32000,0.00
,,, 0.05047999695,2.24000,0.00
,,, 0.05051999912,2.24000,0.00
,,, 0.05055999756,2.40000,0.00
,,, 0.05059999973,2.32000,0.00
,,, 0.05063999817,2.32000,0.00
,,, 0.05068000033,2.56000,0.00
,,, 0.05071999878,2.32000,0.00
,,, 0.05075999722,2.32000,0.00
,,, 0.05079999939,2.40000,0.08000
,,, 0.05083999783,2.32000,0.00
,,, 0.05088000000,2.32000,0.00
,,, 0.05091999844,2.16000,0.00
,,, 0.05095999688,2.32000,0.00
,,, 0.05099999905,2.32000,0.00
,,, 0.05103999749,2.16000,0.00
,,, 0.05107999966,2.24000,0.00
,,, 0.05111999810,2.32000,0.00
,,, 0.05116000026,2.32000,0.00
,,, 0.05119999871,2.32000,0.00
,,, 0.05123999715,2.64000,0.08000
,,, 0.05127999932,2.40000,0.00
,,, 0.05131999776,2.32000,0.00
,,, 0.05135999992,2.56000,0.08000
,,, 0.05139999837,2.40000,0.00
,,, 0.05144000053,2.32000,0.00
,,, 0.05147999898,2.32000,0.00
,,, 0.05151999742,2.32000,0.00
,,, 0.05155999959,2.32000,0.00
,,, 0.05159999803,2.08000,0.00
,,, 0.05164000019,2.32000,0.00
,,, 0.05167999864,2.32000,0.00
,,, 0.05171999708,2.32000,0.00
,,, 0.05175999925,2.32000,0.00
,,, 0.05179999769,2.32000,0.00
,,, 0.05183999985,2.56000,0.00
,,, 0.05187999830,2.32000,0.00
,,, 0.05192000046,2.72000,0.08000
,,, 0.05195999891,2.56000,0.00
,,, 0.05199999735,2.40000,0.00
,,, 0.05203999951,2.40000,0.00
,,, 0.05207999796,2.40000,0.00
,,, 0.05212000012,2.40000,0.00
,,, 0.05215999857,2.00000,0.00
,,, 0.05219999701,2.32000,0.00
,,, 0.05223999918,2.32000,0.00
,,, 0.05227999762,2.16000,0.00
,,, 0.05231999978,2.24000,0.00
,,, 0.05235999823,2.32000,0.00
,,, 0.05240000039,2.48000,0.00
,,, 0.05243999884,2.32000,0.00
,,, 0.05247999728,2.56000,0.00
,,, 0.05251999944,2.64000,0.00
,,, 0.05255999789,2.40000,0.00
,,, 0.05260000005,2.64000,0.08000
,,, 0.05263999850,2.56000,0.08000
,,, 0.05267999694,2.40000,0.00
,,, 0.05271999910,2.24000,0.00
,,, 0.05275999755,2.40000,0.08000
,,, 0.05279999971,2.40000,0.00
,,, 0.05283999816,2.00000,0.00
,,, 0.05288000032,2.32000,0.00
,,, 0.05291999876,2.40000,0.00
,,, 0.05295999721,2.32000,0.00
,,, 0.05299999937,2.32000,0.00
,,, 0.05303999782,2.40000,0.00
,,, 0.05307999998,2.64000,0.00
,,, 0.05311999843,2.56000,0.00
,,, 0.05315999687,2.88000,0.08000
,,, 0.05319999903,2.64000,0.00
,,, 0.05323999748,2.56000,0.00
,,, 0.05327999964,2.32000,0.00
,,, 0.05331999809,2.40000,0.08000
,,, 0.05336000025,2.48000,0.00
,,, 0.05339999869,2.16000,0.00
,,, 0.05343999714,2.32000,0.00
,,, 0.05347999930,2.40000,0.00
,,, 0.05351999775,2.24000,0.00
,,, 0.05355999991,2.32000,0.00
,,, 0.05359999835,2.40000,0.00
,,, 0.05363999680,2.56000,0.00
,,, 0.05367999896,2.40000,0.00
,,, 0.05371999741,2.48000,0.00
,,, 0.05375999957,2.72000,0.00
,,, 0.05379999802,2.64000,0.00
,,, 0.05384000018,2.80000,0.08000
,,, 0.05387999862,2.56000,0.08000
,,, 0.05391999707,2.48000,0.00
,,, 0.05395999923,2.16000,0.00
,,, 0.05399999768,2.32000,0.00
,,, 0.05403999984,2.40000,0.08000
,,, 0.05407999828,2.24000,0.00
,,, 0.05412000045,2.40000,0.00
,,, 0.05415999889,2.40000,0.00
,,, 0.05419999734,2.64000,0.00
,,, 0.05423999950,2.56000,0.00
,,, 0.05427999794,2.56000,0.00
,,, 0.05432000011,2.72000,0.08000
,,, 0.05435999855,2.56000,0.00
,,, 0.05439999700,2.56000,0.00
,,, 0.05443999916,2.56000,0.08000
,,, 0.05447999761,2.64000,0.00
,,, 0.05451999977,2.16000,0.00
,,, 0.05455999821,2.40000,0.00
,,, 0.05460000038,2.48000,0.08000
,,, 0.05463999882,2.32000,0.00
,,, 0.05467999727,2.40000,0.00
,,, 0.05471999943,2.56000,0.00
,,, 0.05475999787,2.64000,0.00
,,, 0.05480000004,2.56000,0.00
,,, 0.05483999848,2.48000,0.00
,,, 0.05487999693,2.88000,0.08000
,,, 0.05491999909,2.64000,0.00
,,, 0.05495999753,2.64000,0.00
,,, 0.05499999970,2.64000,0.00
,,, 0.05503999814,2.56000,0.00
,,, 0.05508000031,2.56000,0.00
,,, 0.05511999875,2.32000,0.00
,,, 0.05515999720,2.56000,0.08000
,,, 0.05519999936,2.24000,0.00
,,, 0.05523999780,2.56000,0.00
,,, 0.05527999997,2.56000,0.00
,,, 0.05531999841,2.80000,0.00
,,, 0.05535999686,2.64000,0.00
,,, 0.05539999902,2.64000,0.00
,,, 0.05543999746,2.72000,0.08000
,,, 0.05547999963,2.64000,0.08000
,,, 0.05551999807,2.56000,0.08000
,,, 0.05556000024,2.56000,0.00
,,, 0.05559999868,2.56000,0.00
,,, 0.05563999712,2.64000,0.08000
,,, 0.05567999929,2.48000,0.00
,,, 0.05571999773,2.56000,0.00
,,, 0.05575999990,2.56000,0.00
,,, 0.05579999834,2.56000,0.00
,,, 0.05583999678,2.64000,0.00
,,, 0.05587999895,2.72000,0.00
,,, 0.05591999739,2.64000,0.00
,,, 0.05595999956,2.64000,0.00
,,, 0.05599999800,2.80000,0.08000
,,, 0.05604000017,2.64000,0.00
,,, 0.05607999861,2.64000,0.00
,,, 0.05611999705,2.56000,0.08000
,,, 0.05615999922,2.64000,0.00
,,, 0.05619999766,2.64000,0.00
,,, 0.05623999983,2.56000,0.00
,,, 0.05627999827,2.64000,0.00
,,, 0.05631999671,2.64000,0.08000
,,, 0.05635999888,2.64000,0.00
,,, 0.05639999732,2.64000,0.00
,,, 0.05643999949,2.80000,0.00
,,, 0.05647999793,2.64000,0.00
,,, 0.05652000010,2.64000,0.08000
,,, 0.05655999854,2.64000,0.08000
,,, 0.05659999698,2.72000,0.00
,,, 0.05663999915,2.72000,0.00
,,, 0.05667999759,2.64000,0.00
,,, 0.05671999976,2.64000,0.00
,,, 0.05675999820,2.64000,0.00
,,, 0.05680000037,2.64000,0.00
,,, 0.05683999881,2.64000,0.00
,,, 0.05687999725,2.64000,0.00
,,, 0.05691999942,2.64000,0.00
,,, 0.05695999786,2.72000,0.00
,,, 0.05700000003,2.64000,0.00
,,, 0.05703999847,2.72000,0.00
,,, 0.05707999691,2.64000,0.00
,,, 0.05711999908,2.72000,0.00
,,, 0.05715999752,2.64000,0.00
,,, 0.05719999969,2.64000,0.08000
,,, 0.05723999813,2.64000,0.00
,,, 0.05728000030,2.72000,0.00
,,, 0.05731999874,2.80000,0.00
,,, 0.05735999718,2.64000,0.00
,,, 0.05739999935,2.72000,0.00
,,, 0.05743999779,2.64000,0.00
,,, 0.05747999996,2.64000,0.00
,,, 0.05751999840,2.64000,0.00
,,, 0.05755999684,2.72000,0.00
,,, 0.05759999901,2.72000,0.00
,,, 0.05763999745,2.72000,0.00
,,, 0.05767999962,2.80000,0.00
,,, 0.05771999806,2.80000,0.08000
,,, 0.05776000023,2.88000,-0.08000
,,, 0.05779999867,2.72000,0.00
,,, 0.05783999711,2.80000,0.08000
,,, 0.05787999928,2.80000,0.08000
,,, 0.05791999772,2.64000,0.00
,,, 0.05795999989,2.80000,0.00
,,, 0.05799999833,2.72000,0.00
,,, 0.05803999677,2.72000,0.00
,,, 0.05807999894,2.80000,0.08000
,,, 0.05811999738,2.72000,0.00
,,, 0.05815999955,2.80000,0.00
,,, 0.05819999799,2.80000,0.08000
,,, 0.05824000016,2.72000,0.00
,,, 0.05827999860,2.80000,0.00
,,, 0.05831999704,2.80000,0.00
,,, 0.05835999921,2.88000,0.00
,,, 0.05839999765,2.80000,0.00
,,, 0.05843999982,2.80000,0.00
,,, 0.05847999826,2.80000,0.00
,,, 0.05851999670,2.80000,0.08000
,,, 0.05855999887,2.80000,0.00
,,, 0.05859999731,2.72000,0.00
,,, 0.05863999948,2.80000,0.00
,,, 0.05867999792,2.80000,0.00
,,, 0.05872000009,2.80000,0.00
,,, 0.05875999853,2.80000,0.00
,,, 0.05879999697,2.88000,0.08000
,,, 0.05883999914,3.04000,0.08000
,,, 0.05887999758,2.88000,0.08000
,,, 0.05891999975,2.80000,0.00
,,, 0.05895999819,2.88000,0.00
,,, 0.05900000036,2.80000,0.00
,,, 0.05903999880,2.80000,0.00
,,, 0.05907999724,2.80000,0.00
,,, 0.05911999941,2.80000,0.00
,,, 0.05915999785,2.80000,0.00
,,, 0.05920000002,2.88000,0.08000
,,, 0.05923999846,2.88000,0.08000
,,, 0.05927999690,2.88000,0.00
,,, 0.05931999907,2.88000,0.00
,,, 0.05935999751,2.88000,0.00
,,, 0.05939999968,2.88000,0.08000
,,, 0.05943999812,2.88000,0.00
,,, 0.05948000029,2.88000,0.08000
,,, 0.05951999873,2.88000,0.00
,,, 0.05955999717,3.04000,0.00
,,, 0.05959999934,3.04000,0.00
,,, 0.05963999778,3.04000,0.00
,,, 0.05967999995,3.04000,0.00
,,, 0.05971999839,2.72000,0.08000
,,, 0.05975999683,2.88000,0.08000
,,, 0.05979999900,2.88000,0.00
,,, 0.05983999744,2.88000,0.00
,,, 0.05987999961,2.88000,0.00
,,, 0.05991999805,2.88000,0.00
,,, 0.05996000022,3.04000,0.00
,,, 0.05999999866,2.88000,0.00
,,, 0.06003999710,3.04000,0.08000
,,, 0.06007999927,3.04000,0.08000
,,, 0.06011999771,3.04000,0.08000
,,, 0.06015999988,3.04000,0.08000
,,, 0.06019999832,3.04000,0.00
,,, 0.06023999676,2.88000,0.00
,,, 0.06027999893,3.04000,0.00
,,, 0.06031999737,3.04000,0.00
,,, 0.06035999954,3.04000,0.08000
,,, 0.06039999798,2.72000,0.00
,,, 0.06044000015,3.04000,0.00
,,, 0.06047999859,3.04000,0.00
,,, 0.06051999703,3.04000,0.00
,,, 0.06055999920,2.88000,0.00
,,, 0.06059999764,3.04000,0.00
,,, 0.06063999981,3.12000,0.08000
,,, 0.06067999825,3.04000,0.00
,,, 0.06071999669,3.04000,0.08000
,,, 0.06075999886,3.12000,0.08000
,,, 0.06079999730,3.12000,0.08000
,,, 0.06083999947,3.04000,0.00
,,, 0.06087999791,3.04000,0.08000
,,, 0.06092000008,3.04000,0.00
,,, 0.06095999852,2.88000,0.00
,,, 0.06099999696,2.88000,0.00
,,, 0.06103999913,3.04000,0.08000
,,, 0.06107999757,2.80000,0.00
,,, 0.06111999974,3.04000,0.00
,,, 0.06115999818,3.04000,0.00
,,, 0.06119999662,3.28000,0.00
,,, 0.06123999879,3.12000,0.00
,,, 0.06127999723,3.12000,0.08000
,,, 0.06131999940,3.36000,0.08000
,,, 0.06135999784,3.20000,0.08000
,,, 0.06140000001,3.12000,0.08000
,,, 0.06143999845,3.04000,0.08000
,,, 0.06147999689,3.04000,0.08000
,,, 0.06151999906,3.04000,0.00
,,, 0.06155999750,2.88000,0.08000
,,, 0.06159999967,3.04000,0.08000
,,, 0.06163999811,2.80000,0.00
,,, 0.06168000028,3.04000,0.00
,,, 0.06171999872,3.04000,0.00
,,, 0.06175999716,3.20000,0.00
,,, 0.06179999933,3.12000,0.00
,,, 0.06183999777,3.12000,0.00
,,, 0.06187999994,3.60000,0.08000
,,, 0.06191999838,3.20000,0.08000
,,, 0.06195999682,3.20000,0.08000
,,, 0.06199999899,3.28000,0.08000
,,, 0.06203999743,3.28000,0.08000
,,, 0.06207999960,3.20000,0.08000
,,, 0.06211999804,2.88000,0.08000
,,, 0.06216000021,3.04000,0.00
,,, 0.06219999865,3.20000,0.08000
,,, 0.06223999709,2.88000,0.00
,,, 0.06227999926,3.04000,0.08000
,,, 0.06231999770,3.36000,0.00
,,, 0.06235999987,3.28000,0.00
,,, 0.06239999831,3.28000,0.00
,,, 0.06243999675,3.52000,0.08000
,,, 0.06247999892,3.28000,0.08000
,,, 0.06251999736,3.28000,0.08000
,,, 0.06255999953,3.44000,0.08000
,,, 0.06260000169,3.28000,0.08000
,,, 0.06263999641,3.28000,0.08000
,,, 0.06267999858,3.04000,0.08000
,,, 0.06272000074,3.20000,0.00
,,, 0.06275999546,3.20000,0.00
,,, 0.06279999763,3.04000,0.00
,,, 0.06283999979,3.12000,0.00
,,, 0.06288000196,3.20000,0.00
,,, 0.06291999668,3.12000,0.00
,,, 0.06295999885,3.20000,0.00
,,, 0.06300000101,3.68000,0.08000
,,, 0.06303999573,3.36000,0.08000
,,, 0.06307999790,3.28000,0.00
,,, 0.06312000006,3.60000,0.08000
,,, 0.06315999478,3.36000,0.08000
,,, 0.06319999695,3.28000,0.08000
,,, 0.06323999912,3.28000,0.08000
,,, 0.06328000128,3.36000,0.08000
,,, 0.06331999600,3.28000,0.08000
,,, 0.06335999817,3.04000,0.08000
,,, 0.06340000033,3.28000,0.08000
,,, 0.06343999505,3.28000,0.08000
,,, 0.06347999722,3.12000,0.00
,,, 0.06351999938,3.28000,0.08000
,,, 0.06356000155,3.28000,0.08000
,,, 0.06359999627,3.36000,0.00
,,, 0.06363999844,3.28000,0.08000
,,, 0.06368000060,3.76000,0.08000
,,, 0.06371999532,3.52000,0.08000
,,, 0.06375999749,3.36000,0.08000
,,, 0.06379999965,3.52000,0.08000
,,, 0.06384000182,3.36000,0.08000
,,, 0.06387999654,3.36000,0.08000
,,, 0.06391999871,3.12000,0.08000
,,, 0.06396000087,3.28000,0.08000
,,, 0.06399999559,3.36000,0.00
,,, 0.06403999776,3.04000,0.00
,,, 0.06407999992,3.28000,0.00
,,, 0.06412000209,3.36000,0.00
,,, 0.06415999681,3.44000,0.00
,,, 0.06419999897,3.36000,0.00
,,, 0.06424000114,3.44000,0.08000
,,, 0.06427999586,3.52000,0.08000
,,, 0.06431999803,3.44000,0.00
,,, 0.06436000019,3.68000,0.08000
,,, 0.06439999491,3.52000,0.08000
,,, 0.06443999708,3.44000,0.00
,,, 0.06447999924,3.28000,0.00
,,, 0.06452000141,3.36000,0.00
,,, 0.06455999613,3.36000,0.08000
,,, 0.06459999830,3.04000,0.00
,,, 0.06464000046,3.36000,0.00
,,, 0.06467999518,3.36000,0.00
,,, 0.06471999735,3.28000,0.00
,,, 0.06475999951,3.36000,0.00
,,, 0.06480000168,3.36000,0.00
,,, 0.06483999640,3.60000,0.08000
,,, 0.06487999856,3.52000,0.00
,,, 0.06492000073,3.68000,0.08000
,,, 0.06495999545,3.68000,0.08000
,,, 0.06499999762,3.52000,0.08000
,,, 0.06503999978,3.52000,0.08000
,,, 0.06508000195,3.52000,0.08000
,,, 0.06511999667,3.52000,0.08000
,,, 0.06515999883,3.20000,0.00
,,, 0.06520000100,3.36000,0.00
,,, 0.06523999572,3.52000,0.00
,,, 0.06527999789,3.20000,0.00
,,, 0.06532000005,3.36000,0.00
,,, 0.06535999477,3.52000,0.00
,,, 0.06539999694,3.52000,0.00
,,, 0.06543999910,3.44000,0.00
,,, 0.06548000127,3.52000,0.08000
,,, 0.06551999599,3.60000,0.00
,,, 0.06555999815,3.60000,0.00
,,, 0.06560000032,3.84000,0.08000
,,, 0.06563999504,3.68000,0.08000
,,, 0.06567999721,3.60000,0.08000
,,, 0.06571999937,3.44000,0.08000
,,, 0.06576000154,3.60000,0.08000
,,, 0.06579999626,3.60000,0.08000
,,, 0.06583999842,3.36000,0.00
,,, 0.06588000059,3.52000,0.00
,,, 0.06591999531,3.52000,0.00
,,, 0.06595999748,3.44000,0.00
,,, 0.06599999964,3.60000,0.00
,,, 0.06604000181,3.60000,0.08000
,,, 0.06607999653,3.68000,0.00
,,, 0.06611999869,3.60000,0.00
,,, 0.06616000086,3.60000,0.08000
,,, 0.06619999558,3.68000,0.00
,,, 0.06623999774,3.68000,0.08000
,,, 0.06627999991,3.68000,0.08000
,,, 0.06631999463,3.60000,0.00
,,, 0.06635999680,3.68000,0.00
,,, 0.06639999896,3.52000,0.08000
,,, 0.06644000113,3.60000,0.08000
,,, 0.06647999585,3.68000,0.00
,,, 0.06651999801,3.60000,0.00
,,, 0.06656000018,3.68000,0.00
,,, 0.06659999490,3.68000,0.00
,,, 0.06663999707,3.68000,0.00
,,, 0.06667999923,3.68000,0.00
,,, 0.06672000140,3.68000,0.00
,,, 0.06675999612,3.68000,0.08000
,,, 0.06679999828,3.68000,0.00
,,, 0.06684000045,3.68000,0.08000
,,, 0.06687999517,3.68000,0.08000
,,, 0.06691999733,3.68000,0.08000
,,, 0.06695999950,3.60000,0.08000
,,, 0.06700000167,3.68000,0.00
,,, 0.06703999639,3.68000,0.00
,,, 0.06707999855,3.68000,0.00
,,, 0.06712000072,3.68000,0.08000
,,, 0.06715999544,3.68000,0.08000
,,, 0.06719999760,3.76000,0.08000
,,, 0.06723999977,3.76000,0.08000
,,, 0.06728000194,3.68000,0.00
,,, 0.06731999665,3.76000,0.08000
,,, 0.06735999882,3.68000,0.00
,,, 0.06740000099,3.76000,0.08000
,,, 0.06743999571,3.76000,0.08000
,,, 0.06747999787,3.76000,0.08000
,,, 0.06752000004,3.76000,0.08000
,,, 0.06755999476,3.76000,0.08000
,,, 0.06759999692,3.76000,0.08000
,,, 0.06763999909,3.68000,0.00
,,, 0.06768000126,3.76000,0.08000
,,, 0.06771999598,3.76000,0.00
,,, 0.06775999814,3.76000,0.00
,,, 0.06780000031,3.76000,0.08000
,,, 0.06783999503,3.84000,0.00
,,, 0.06787999719,3.84000,0.08000
,,, 0.06791999936,3.76000,0.08000
,,, 0.06796000153,3.76000,0.00
,,, 0.06799999624,3.84000,0.08000
,,, 0.06803999841,3.84000,0.08000
,,, 0.06808000058,3.84000,0.08000
,,, 0.06811999530,3.84000,0.08000
,,, 0.06815999746,3.92000,0.08000
,,, 0.06819999963,3.76000,0.00
,,, 0.06824000180,3.84000,0.08000
,,, 0.06827999651,3.92000,0.08000
,,, 0.06831999868,3.92000,0.00
,,, 0.06836000085,3.84000,0.00
,,, 0.06839999557,3.84000,0.00
,,, 0.06843999773,3.92000,0.08000
,,, 0.06847999990,3.92000,0.00
,,, 0.06851999462,3.92000,0.00
,,, 0.06855999678,3.92000,0.08000
,,, 0.06859999895,3.92000,0.08000
,,, 0.06864000112,3.92000,0.00
,,, 0.06867999583,3.92000,0.00
,,, 0.06871999800,3.92000,0.00
,,, 0.06876000017,3.92000,0.00
,,, 0.06879999489,3.92000,0.08000
,,, 0.06883999705,3.92000,0.08000
,,, 0.06887999922,3.84000,0.00
,,, 0.06892000139,3.92000,0.08000
,,, 0.06895999610,3.92000,0.00
,,, 0.06899999827,3.92000,0.08000
,,, 0.06904000044,3.92000,0.00
,,, 0.06907999516,3.92000,0.08000
,,, 0.06911999732,4.00000,0.08000
,,, 0.06915999949,4.00000,0.08000
,,, 0.06920000166,4.00000,0.00
,,, 0.06923999637,4.00000,0.08000
,,, 0.06927999854,4.00000,0.00
,,, 0.06932000071,4.00000,0.00
,,, 0.06935999542,4.00000,0.08000
,,, 0.06939999759,4.00000,0.08000
,,, 0.06943999976,4.00000,0.00
,,, 0.06948000193,4.00000,0.00
,,, 0.06951999664,4.00000,0.08000
,,, 0.06955999881,4.00000,0.00
,,, 0.06960000098,4.00000,0.08000
,,, 0.06963999569,4.00000,0.08000
,,, 0.06967999786,4.08000,0.08000
,,, 0.06972000003,4.00000,0.00
,,, 0.06975999475,4.00000,0.08000
,,, 0.06979999691,4.08000,0.08000
,,, 0.06983999908,4.00000,0.08000
,,, 0.06988000125,4.00000,0.08000
,,, 0.06991999596,4.00000,0.00
,,, 0.06995999813,4.00000,0.00
,,, 0.07000000030,4.00000,0.08000
,,, 0.07003999501,4.00000,0.08000
,,, 0.07007999718,4.00000,0.00
,,, 0.07011999935,4.00000,0.00
,,, 0.07016000152,4.00000,0.00
,,, 0.07019999623,4.00000,0.08000
,,, 0.07023999840,4.24000,0.00
,,, 0.07028000057,4.08000,0.00
,,, 0.07031999528,4.08000,0.00
,,, 0.07035999745,4.32000,0.08000
,,, 0.07039999962,4.24000,0.08000
,,, 0.07044000179,4.24000,0.08000
,,, 0.07047999650,4.32000,0.08000
,,, 0.07051999867,4.24000,0.08000
,,, 0.07056000084,4.24000,0.08000
,,, 0.07059999555,4.00000,0.08000
,,, 0.07063999772,4.24000,0.08000
,,, 0.07067999989,4.24000,0.00
,,, 0.07071999460,4.00000,0.00
,,, 0.07075999677,4.24000,0.08000
,,, 0.07079999894,4.24000,0.00
,,, 0.07084000111,4.24000,0.00
,,, 0.07087999582,4.08000,0.00
,,, 0.07091999799,4.40000,0.08000
,,, 0.07096000016,4.32000,0.00
,,, 0.07099999487,4.32000,0.08000
,,, 0.07103999704,4.48000,0.08000
,,, 0.07107999921,4.40000,0.08000
,,, 0.07112000138,4.32000,0.08000
,,, 0.07115999609,4.32000,0.08000
,,, 0.07119999826,4.32000,0.08000
,,, 0.07124000043,4.32000,0.00
,,, 0.07127999514,3.92000,0.00
,,, 0.07131999731,4.24000,0.08000
,,, 0.07135999948,4.32000,0.08000
,,, 0.07140000165,4.00000,0.00
,,, 0.07143999636,4.24000,0.00
,,, 0.07147999853,4.32000,0.00
,,, 0.07152000070,4.40000,0.00
,,, 0.07155999541,4.40000,0.00
,,, 0.07159999758,4.72000,0.08000
,,, 0.07163999975,4.48000,0.00
,,, 0.07167999446,4.40000,0.08000
,,, 0.07171999663,4.64000,0.08000
,,, 0.07175999880,4.40000,0.08000
,,, 0.07180000097,4.40000,0.08000
,,, 0.07183999568,4.32000,0.08000
,,, 0.07187999785,4.32000,0.08000
,,, 0.07192000002,4.32000,0.08000
,,, 0.07195999473,4.00000,0.00
,,, 0.07199999690,4.32000,0.08000
,,, 0.07203999907,4.40000,0.08000
,,, 0.07208000124,4.32000,0.00
,,, 0.07211999595,4.40000,0.00
,,, 0.07215999812,4.40000,0.08000
,,, 0.07220000029,4.48000,0.00
,,, 0.07223999500,4.48000,0.00
,,, 0.07227999717,4.80000,0.08000
,,, 0.07231999934,4.56000,0.08000
,,, 0.07236000150,4.48000,0.00
,,, 0.07239999622,4.48000,0.08000
,,, 0.07243999839,4.48000,0.08000
,,, 0.07248000056,4.40000,0.08000
,,, 0.07251999527,4.00000,0.08000
,,, 0.07255999744,4.40000,0.08000
,,, 0.07259999961,4.40000,0.08000
,,, 0.07264000177,4.24000,0.00
,,, 0.07267999649,4.40000,0.08000
,,, 0.07271999866,4.40000,0.08000
,,, 0.07276000082,4.56000,0.08000
,,, 0.07279999554,4.48000,0.00
,,, 0.07283999771,4.80000,0.08000
,,, 0.07287999988,4.64000,0.08000
,,, 0.07291999459,4.64000,0.00
,,, 0.07295999676,4.64000,0.08000
,,, 0.07299999893,4.56000,0.08000
,,, 0.07304000109,4.56000,0.08000
,,, 0.07307999581,4.08000,0.00
,,, 0.07311999798,4.40000,0.00
,,, 0.07316000015,4.48000,0.08000
,,, 0.07319999486,4.32000,0.08000
,,, 0.07323999703,4.40000,0.00
,,, 0.07327999920,4.48000,0.00
,,, 0.07332000136,4.48000,0.00
,,, 0.07335999608,4.48000,0.08000
,,, 0.07339999825,4.56000,0.08000
,,, 0.07344000041,4.72000,0.08000
,,, 0.07347999513,4.64000,0.00
,,, 0.07351999730,4.96000,0.16000
,,, 0.07355999947,4.72000,0.08000
,,, 0.07360000163,4.64000,0.08000
,,, 0.07363999635,4.32000,0.00
,,, 0.07367999852,4.48000,0.08000
,,, 0.07372000068,4.56000,0.08000
,,, 0.07375999540,4.00000,0.00
,,, 0.07379999757,4.48000,0.00
,,, 0.07383999974,4.56000,0.00
,,, 0.07387999445,4.56000,0.00
,,, 0.07391999662,4.56000,0.08000
,,, 0.07395999879,4.64000,0.00
,,, 0.07400000095,4.80000,0.08000
,,, 0.07403999567,4.64000,0.08000
,,, 0.07407999784,4.64000,0.08000
,,, 0.07412000000,4.64000,0.08000
,,, 0.07415999472,4.56000,0.08000
,,, 0.07419999689,4.40000,0.08000
,,, 0.07423999906,4.48000,0.08000
,,, 0.07428000122,4.48000,0.08000
,,, 0.07431999594,4.32000,-0.08000
,,, 0.07435999811,4.56000,0.00
,,, 0.07440000027,4.56000,0.00
,,, 0.07443999499,4.48000,-0.08000
,,, 0.07447999716,4.64000,0.00
,,, 0.07451999933,4.64000,0.08000
,,, 0.07456000149,4.64000,0.08000
,,, 0.07459999621,4.64000,0.08000
,,, 0.07463999838,4.64000,0.00
,,, 0.07468000054,4.72000,0.08000
,,, 0.07471999526,4.64000,0.08000
,,, 0.07475999743,4.56000,0.08000
,,, 0.07479999959,4.48000,0.08000
,,, 0.07484000176,4.56000,0.08000
,,, 0.07487999648,4.32000,0.08000
,,, 0.07491999865,4.40000,0.00
,,, 0.07496000081,4.64000,0.00
,,, 0.07499999553,4.40000,0.00
,,, 0.07503999770,4.64000,0.00
,,, 0.07507999986,4.72000,0.00
,,, 0.07511999458,4.72000,0.00
,,, 0.07515999675,4.80000,0.00
,,, 0.07519999892,4.72000,0.00
,,, 0.07524000108,4.80000,0.00
,,, 0.07527999580,4.72000,0.00
,,, 0.07531999797,4.72000,0.00
,,, 0.07536000013,4.72000,0.08000
,,, 0.07539999485,4.72000,0.00
,,, 0.07543999702,4.72000,0.08000
,,, 0.07547999918,4.72000,0.08000
,,, 0.07552000135,4.72000,0.00
,,, 0.07555999607,4.48000,0.00
,,, 0.07559999824,4.64000,0.00
,,, 0.07564000040,4.72000,0.00
,,, 0.07567999512,4.80000,0.00
,,, 0.07571999729,4.72000,0.08000
,,, 0.07575999945,4.80000,0.00
,,, 0.07580000162,4.96000,0.00
,,, 0.07583999634,4.88000,0.08000
,,, 0.07587999851,4.72000,0.08000
,,, 0.07592000067,4.88000,0.08000
,,, 0.07595999539,4.80000,0.00
,,, 0.07599999756,4.80000,0.00
,,, 0.07603999972,4.72000,0.08000
,,, 0.07607999444,4.80000,0.08000
,,, 0.07611999661,4.80000,0.00
,,, 0.07615999877,4.72000,0.00
,,, 0.07620000094,4.80000,0.00
,,, 0.07623999566,4.72000,0.00
,,, 0.07627999783,4.88000,0.00
,,, 0.07631999999,4.88000,0.00
,,, 0.07635999471,4.96000,0.08000
,,, 0.07639999688,4.88000,0.00
,,, 0.07643999904,4.88000,0.00
,,, 0.07648000121,4.96000,0.08000
,,, 0.07651999593,4.88000,0.08000
,,, 0.07655999810,4.88000,0.08000
,,, 0.07660000026,4.96000,0.00
,,, 0.07663999498,4.96000,0.08000
,,, 0.07667999715,4.88000,0.08000
,,, 0.07671999931,4.88000,0.08000
,,, 0.07676000148,4.88000,0.08000
,,, 0.07679999620,4.96000,0.00
,,, 0.07683999836,4.96000,0.08000
,,, 0.07688000053,4.96000,0.08000
,,, 0.07691999525,4.96000,0.08000
,,, 0.07695999742,4.96000,0.00
,,, 0.07699999958,4.96000,0.00
,,, 0.07704000175,4.96000,0.08000
,,, 0.07707999647,4.96000,0.00
,,, 0.07711999863,4.96000,0.08000
,,, 0.07716000080,5.04000,0.08000
,,, 0.07719999552,4.96000,0.08000
,,, 0.07723999768,4.96000,0.08000
,,, 0.07727999985,4.96000,0.08000
,,, 0.07731999457,4.96000,0.00
,,, 0.07735999674,5.04000,0.00
,,, 0.07739999890,4.96000,0.00
,,, 0.07744000107,5.04000,0.08000
,,, 0.07747999579,4.96000,0.00
,,, 0.07751999795,4.96000,0.00
,,, 0.07756000012,5.04000,0.00
,,, 0.07759999484,5.04000,0.08000
,,, 0.07763999701,5.04000,0.08000
,,, 0.07767999917,5.04000,0.08000
,,, 0.07772000134,5.04000,0.00
,,, 0.07775999606,5.04000,0.08000
,,, 0.07779999822,5.04000,0.08000
,,, 0.07784000039,5.04000,0.08000
,,, 0.07787999511,5.04000,0.08000
,,, 0.07791999727,5.04000,0.08000
,,, 0.07795999944,5.04000,0.08000
,,, 0.07800000161,5.04000,0.00
,,, 0.07803999633,5.04000,0.00
,,, 0.07807999849,5.04000,0.08000
,,, 0.07812000066,5.04000,0.08000
,,, 0.07815999538,5.04000,0.00
,,, 0.07819999754,5.04000,0.08000
,,, 0.07823999971,5.04000,0.08000
,,, 0.07827999443,5.12000,0.08000
,,, 0.07831999660,5.12000,0.08000
,,, 0.07835999876,5.12000,0.08000
,,, 0.07840000093,5.12000,0.08000
,,, 0.07843999565,5.04000,0.00
,,, 0.07847999781,5.04000,0.08000
,,, 0.07851999998,5.12000,0.00
,,, 0.07855999470,5.12000,0.08000
,,, 0.07859999686,5.12000,0.00
,,, 0.07863999903,5.04000,0.08000
,,, 0.07868000120,5.12000,0.08000
,,, 0.07871999592,5.12000,0.08000
,,, 0.07875999808,5.12000,0.00
,,, 0.07880000025,5.12000,0.00
,,, 0.07883999497,5.28000,0.08000
,,, 0.07887999713,5.28000,0.00
,,, 0.07891999930,5.20000,0.00
,,, 0.07896000147,5.28000,0.08000
,,, 0.07899999619,5.28000,0.08000
,,, 0.07903999835,5.20000,0.08000
,,, 0.07908000052,5.12000,0.08000
,,, 0.07911999524,5.12000,0.08000
,,, 0.07915999740,5.20000,0.00
,,, 0.07919999957,5.12000,0.00
,,, 0.07923999429,5.12000,0.00
,,, 0.07927999645,5.28000,0.08000
,,, 0.07931999862,5.28000,0.00
,,, 0.07936000079,5.20000,0.00
,,, 0.07939999551,5.28000,0.00
,,, 0.07943999767,5.28000,0.00
,,, 0.07947999984,5.28000,0.00
,,, 0.07951999456,5.28000,0.08000
,,, 0.07955999672,5.20000,0.08000
,,, 0.07959999889,5.28000,0.00
,,, 0.07964000106,5.44000,0.08000
,,, 0.07967999578,5.28000,0.08000
,,, 0.07971999794,5.28000,0.00
,,, 0.07976000011,5.28000,0.08000
,,, 0.07979999483,5.28000,0.08000
,,, 0.07983999699,5.28000,0.00
,,, 0.07987999916,5.20000,0.08000
,,, 0.07992000133,5.28000,0.08000
,,, 0.07995999604,5.44000,0.00
,,, 0.07999999821,5.28000,0.00
,,, 0.08004000038,5.44000,0.08000
,,, 0.08007999510,5.28000,0.08000
,,, 0.08011999726,5.28000,0.00
,,, 0.08015999943,5.44000,0.00
,,, 0.08020000160,5.44000,0.08000
,,, 0.08023999631,5.44000,0.08000
,,, 0.08027999848,5.28000,0.08000
,,, 0.08032000065,5.44000,0.08000
,,, 0.08035999537,5.44000,0.00
,,, 0.08039999753,5.44000,0.08000
,,, 0.08043999970,5.28000,0.08000
,,, 0.08047999442,5.28000,0.08000
,,, 0.08051999658,5.28000,0.08000
,,, 0.08055999875,5.20000,0.00
,,, 0.08060000092,5.44000,0.00
,,, 0.08063999563,5.44000,0.08000
,,, 0.08067999780,5.44000,0.00
,,, 0.08071999997,5.44000,0.08000
,,, 0.08075999469,5.44000,0.08000
,,, 0.08079999685,5.52000,0.08000
,,, 0.08083999902,5.44000,0.00
,,, 0.08088000119,5.68000,0.08000
,,, 0.08091999590,5.44000,0.08000
,,, 0.08095999807,5.44000,0.08000
,,, 0.08100000024,5.44000,0.08000
,,, 0.08103999496,5.44000,0.08000
,,, 0.08107999712,5.44000,0.08000
,,, 0.08111999929,5.28000,0.00
,,, 0.08116000146,5.44000,0.08000
,,, 0.08119999617,5.44000,0.00
,,, 0.08123999834,5.28000,0.00
,,, 0.08128000051,5.44000,0.08000
,,, 0.08131999522,5.44000,0.08000
,,, 0.08135999739,5.52000,0.08000
,,, 0.08139999956,5.52000,0.08000
,,, 0.08143999428,5.68000,0.08000
,,, 0.08147999644,5.60000,0.08000
,,, 0.08151999861,5.52000,0.08000
,,, 0.08156000078,5.44000,0.08000
,,, 0.08159999549,5.44000,0.08000
,,, 0.08163999766,5.44000,0.08000
,,, 0.08167999983,5.20000,0.08000
,,, 0.08171999454,5.28000,0.00
,,, 0.08175999671,5.44000,0.00
,,, 0.08179999888,5.44000,0.00
,,, 0.08184000105,5.52000,0.00
,,, 0.08187999576,5.52000,0.00
,,, 0.08191999793,5.60000,0.00
,,, 0.08196000010,5.60000,0.08000
,,, 0.08199999481,5.52000,0.08000
,,, 0.08203999698,5.68000,0.00
,,, 0.08207999915,5.60000,0.08000
,,, 0.08212000132,5.76000,0.16000
,,, 0.08215999603,5.68000,0.08000
,,, 0.08219999820,5.52000,0.08000
,,, 0.08224000037,5.28000,0.08000
,,, 0.08227999508,5.44000,0.08000
,,, 0.08231999725,5.60000,0.00
,,, 0.08235999942,5.12000,-0.08000
,,, 0.08240000159,5.44000,0.00
,,, 0.08243999630,5.60000,0.00
,,, 0.08247999847,5.68000,0.00
,,, 0.08252000064,5.68000,0.08000
,,, 0.08255999535,5.60000,0.08000
,,, 0.08259999752,5.76000,0.08000
,,, 0.08263999969,5.68000,0.08000
,,, 0.08267999440,5.60000,0.08000
,,, 0.08271999657,5.68000,0.08000
,,, 0.08275999874,5.60000,0.08000
,,, 0.08280000091,5.60000,0.08000
,,, 0.08283999562,5.52000,0.08000
,,, 0.08287999779,5.60000,0.00
,,, 0.08291999996,5.28000,0.00
,,, 0.08295999467,5.60000,0.00
,,, 0.08299999684,5.68000,0.08000
,,, 0.08303999901,5.44000,0.00
,,, 0.08308000118,5.68000,0.00
,,, 0.08311999589,5.68000,0.08000
,,, 0.08315999806,5.76000,0.08000
,,, 0.08320000023,5.76000,0.08000
,,, 0.08323999494,5.68000,0.08000
,,, 0.08327999711,5.84000,0.08000
,,, 0.08331999928,5.68000,0.08000
,,, 0.08336000144,5.68000,0.00
,,, 0.08339999616,5.68000,0.00
,,, 0.08343999833,5.68000,0.00
,,, 0.08348000050,5.44000,0.00
,,, 0.08351999521,5.68000,0.00
,,, 0.08355999738,5.68000,0.08000
,,, 0.08359999955,5.44000,-0.08000
,,, 0.08363999426,5.68000,0.00
,,, 0.08367999643,5.68000,0.00
,,, 0.08371999860,5.68000,0.00
,,, 0.08376000077,5.76000,0.00
,,, 0.08379999548,5.76000,0.08000
,,, 0.08383999765,5.84000,0.08000
,,, 0.08387999982,5.76000,0.08000
,,, 0.08391999453,5.76000,0.08000
,,, 0.08395999670,5.84000,0.08000
,,, 0.08399999887,5.76000,0.08000
,,, 0.08404000103,5.76000,0.00
,,, 0.08407999575,5.68000,0.08000
,,, 0.08411999792,5.76000,0.08000
,,, 0.08416000009,5.28000,0.00
,,, 0.08419999480,5.68000,0.00
,,, 0.08423999697,5.76000,0.00
,,, 0.08427999914,5.68000,0.00
,,, 0.08432000130,5.76000,0.00
,,, 0.08435999602,5.76000,0.00
,,, 0.08439999819,5.84000,0.00
,,, 0.08444000036,5.84000,0.08000
,,, 0.08447999507,5.84000,0.08000
,,, 0.08451999724,5.92000,0.08000
,,, 0.08455999941,5.84000,0.08000
,,, 0.08460000157,5.76000,0.08000
,,, 0.08463999629,5.84000,0.08000
,,, 0.08467999846,5.76000,0.08000
,,, 0.08472000062,5.76000,0.08000
,,, 0.08475999534,5.76000,0.00
,,, 0.08479999751,5.76000,0.08000
,,, 0.08483999968,5.52000,0.00
,,, 0.08487999439,5.76000,0.00
,,, 0.08491999656,5.76000,0.08000
,,, 0.08495999873,5.84000,0.00
,,, 0.08500000089,5.84000,0.00
,,, 0.08503999561,5.84000,0.00
,,, 0.08507999778,6.00000,0.00
,,, 0.08511999995,5.92000,0.08000
,,, 0.08515999466,5.84000,0.08000
,,, 0.08519999683,5.84000,0.08000
,,, 0.08523999900,5.84000,0.00
,,, 0.08528000116,5.84000,0.00
,,, 0.08531999588,5.84000,0.00
,,, 0.08535999805,5.84000,0.00
,,, 0.08540000021,5.76000,0.00
,,, 0.08543999493,5.76000,0.08000
,,, 0.08547999710,5.76000,0.00
,,, 0.08551999927,5.76000,0.00
,,, 0.08556000143,5.76000,0.00
,,, 0.08559999615,5.92000,0.00
,,, 0.08563999832,6.00000,0.00
,,, 0.08568000048,5.92000,0.00
,,, 0.08571999520,5.92000,0.00
,,, 0.08575999737,6.08000,0.00
,,, 0.08579999954,6.00000,5.92000
,,, 0.08583999425,6.00000,6.00000
,,, 0.08587999642,6.00000,5.92000
,,, 0.08591999859,6.00000,6.00000
,,, 0.08596000075,6.00000,6.00000
,,, 0.08599999547,5.92000,6.00000
,,, 0.08603999764,6.00000,6.00000
,,, 0.08607999980,5.84000,5.92000
,,, 0.08611999452,6.00000,6.00000
,,, 0.08615999669,6.00000,6.08000
,,, 0.08619999886,5.92000,6.00000
,,, 0.08624000102,6.00000,6.00000
,,, 0.08627999574,6.00000,6.08000
,,, 0.08631999791,6.08000,6.08000
,,, 0.08636000007,6.08000,6.08000
,,, 0.08639999479,6.00000,6.00000
,,, 0.08643999696,6.08000,6.08000
,,, 0.08647999913,6.08000,6.08000
,,, 0.08652000129,6.00000,6.08000
,,, 0.08655999601,6.00000,6.08000
,,, 0.08659999818,6.00000,6.08000
,,, 0.08664000034,6.08000,6.08000
,,, 0.08667999506,6.00000,6.08000
,,, 0.08671999723,6.16000,6.08000
,,, 0.08675999939,6.00000,6.08000
,,, 0.08679999411,6.08000,6.08000
,,, 0.08683999628,6.08000,6.08000
,,, 0.08687999845,6.08000,6.08000
,,, 0.08692000061,6.08000,6.08000
,,, 0.08695999533,6.08000,6.08000
,,, 0.08699999750,6.08000,6.16000
,,, 0.08703999966,6.08000,6.08000
,,, 0.08707999438,6.08000,6.08000
,,, 0.08711999655,6.08000,6.08000
,,, 0.08715999871,6.08000,6.08000
,,, 0.08720000088,6.08000,6.16000
,,, 0.08723999560,6.08000,6.16000
,,, 0.08727999777,6.08000,6.16000
,,, 0.08731999993,6.08000,6.16000
,,, 0.08735999465,6.08000,6.08000
,,, 0.08739999682,6.08000,6.16000
,,, 0.08743999898,6.08000,6.16000
,,, 0.08748000115,6.08000,6.16000
,,, 0.08751999587,6.16000,6.16000
,,, 0.08755999804,6.16000,6.16000
,,, 0.08760000020,6.16000,6.16000
,,, 0.08763999492,6.16000,6.16000
,,, 0.08767999709,6.16000,6.24000
,,, 0.08771999925,6.08000,6.16000
,,, 0.08776000142,6.08000,6.16000
,,, 0.08779999614,6.08000,6.16000
,,, 0.08783999830,6.16000,6.24000
,,, 0.08788000047,6.16000,6.16000
,,, 0.08791999519,6.16000,6.24000
,,, 0.08795999736,6.16000,6.16000
,,, 0.08799999952,6.16000,6.16000
,,, 0.08803999424,6.16000,6.16000
,,, 0.08807999641,6.16000,6.16000
,,, 0.08811999857,6.32000,6.24000
,,, 0.08816000074,6.32000,6.24000
,,, 0.08819999546,6.24000,6.24000
,,, 0.08823999763,6.32000,6.24000
,,, 0.08827999979,6.24000,6.24000
,,, 0.08831999451,6.32000,6.24000
,,, 0.08835999668,6.24000,6.24000
,,, 0.08839999884,6.24000,6.24000
,,, 0.08844000101,6.24000,6.24000
,,, 0.08847999573,6.32000,6.24000
,,, 0.08851999789,6.32000,6.24000
,,, 0.08856000006,6.24000,6.24000
,,, 0.08859999478,6.16000,6.24000
,,, 0.08863999695,6.24000,6.24000
,,, 0.08867999911,6.32000,6.24000
,,, 0.08872000128,6.32000,6.24000
,,, 0.08875999600,6.24000,6.24000
,,, 0.08879999816,6.40000,6.24000
,,, 0.08884000033,6.32000,6.32000
,,, 0.08887999505,6.32000,6.24000
,,, 0.08891999722,6.32000,6.32000
,,, 0.08895999938,6.40000,6.32000
,,, 0.08899999410,6.32000,6.32000
,,, 0.08903999627,6.32000,6.32000
,,, 0.08907999843,6.32000,6.32000
,,, 0.08912000060,6.32000,6.32000
,,, 0.08915999532,6.32000,6.40000
,,, 0.08919999748,6.32000,6.32000
,,, 0.08923999965,6.32000,6.32000
,,, 0.08927999437,6.32000,6.32000
,,, 0.08931999654,6.40000,6.32000
,,, 0.08935999870,6.40000,6.40000
,,, 0.08940000087,6.40000,6.40000
,,, 0.08943999559,6.40000,6.40000
,,, 0.08947999775,6.40000,6.40000
,,, 0.08951999992,6.40000,6.40000
,,, 0.08955999464,6.40000,6.40000
,,, 0.08959999681,6.40000,6.40000
,,, 0.08963999897,6.40000,6.40000
,,, 0.08968000114,6.40000,6.40000
,,, 0.08971999586,6.40000,6.40000
,,, 0.08975999802,6.40000,6.40000
,,, 0.08980000019,6.40000,6.40000
,,, 0.08983999491,6.32000,6.40000
,,, 0.08987999707,6.40000,6.40000
,,, 0.08991999924,6.40000,6.40000
,,, 0.08996000141,6.40000,6.40000
,,, 0.08999999613,6.40000,6.40000
,,, 0.09003999829,6.40000,6.40000
,,, 0.09008000046,6.48000,6.40000
,,, 0.09011999518,6.40000,6.40000
,,, 0.09015999734,6.56000,6.40000
,,, 0.09019999951,6.48000,6.40000
,,, 0.09023999423,6.40000,6.40000
,,, 0.09027999640,6.48000,6.40000
,,, 0.09031999856,6.48000,6.40000
,,, 0.09036000073,6.40000,6.40000
,,, 0.09039999545,6.40000,6.40000
,,, 0.09043999761,6.40000,6.40000
,,, 0.09047999978,6.40000,6.40000
,,, 0.09051999450,6.32000,6.40000
,,, 0.09055999666,6.40000,6.40000
,,, 0.09059999883,6.40000,6.40000
,,, 0.09064000100,6.40000,6.40000
,,, 0.09067999572,6.40000,6.40000
,,, 0.09071999788,6.48000,6.40000
,,, 0.09076000005,6.48000,6.40000
,,, 0.09079999477,6.48000,6.40000
,,, 0.09083999693,6.80000,6.48000
,,, 0.09087999910,6.56000,6.48000
,,, 0.09092000127,6.48000,6.40000
,,, 0.09095999599,6.72000,6.48000
,,, 0.09099999815,6.48000,6.40000
,,, 0.09104000032,6.48000,6.48000
,,, 0.09107999504,6.48000,6.48000
,,, 0.09111999720,6.40000,6.48000
,,, 0.09115999937,6.48000,6.48000
,,, 0.09119999409,6.24000,6.40000
,,, 0.09123999625,6.40000,6.40000
,,, 0.09127999842,6.48000,6.40000
,,, 0.09132000059,6.40000,6.40000
,,, 0.09135999531,6.48000,6.40000
,,, 0.09139999747,6.48000,6.48000
,,, 0.09143999964,6.72000,6.48000
,,, 0.09147999436,6.48000,6.48000
,,, 0.09151999652,6.88000,6.56000
,,, 0.09155999869,6.72000,6.48000
,,, 0.09160000086,6.48000,6.48000
,,, 0.09163999557,6.72000,6.56000
,,, 0.09167999774,6.48000,6.48000
,,, 0.09171999991,6.48000,6.48000
,,, 0.09175999463,6.40000,6.48000
,,, 0.09179999679,6.40000,6.40000
,,, 0.09183999896,6.56000,6.48000
,,, 0.09188000113,6.32000,6.40000
,,, 0.09191999584,6.48000,6.48000
,,, 0.09195999801,6.56000,6.48000
,,, 0.09200000018,6.56000,6.48000
,,, 0.09203999490,6.56000,6.48000
,,, 0.09207999706,6.56000,6.48000
,,, 0.09211999923,6.72000,6.48000
,,, 0.09216000140,6.56000,6.56000
,,, 0.09219999611,6.96000,6.72000
,,, 0.09223999828,6.72000,6.56000
,,, 0.09228000045,6.48000,6.48000
,,, 0.09231999516,6.56000,6.56000
,,, 0.09235999733,6.48000,1.92000
,,, 0.09239999950,6.56000,0.00
,,, 0.09243999422,6.40000,0.00
,,, 0.09247999638,6.48000,-0.08000
,,, 0.09251999855,6.48000,0.24000
,,, 0.09256000072,6.40000,0.72000
,,, 0.09259999543,6.72000,-0.08000
,,, 0.09263999760,6.72000,-0.08000
,,, 0.09267999977,6.72000,-0.08000
,,, 0.09271999449,6.72000,0.24000
,,, 0.09275999665,6.72000,0.72000
,,, 0.09279999882,6.80000,0.00
,,, 0.09284000099,6.72000,-0.08000
,,, 0.09287999570,6.88000,0.00
,,, 0.09291999787,6.72000,0.24000
,,, 0.09296000004,6.56000,0.80000
,,, 0.09299999475,6.48000,0.00
,,, 0.09303999692,6.48000,0.00
,,, 0.09307999909,6.56000,-0.08000
,,, 0.09312000126,6.40000,0.24000
,,, 0.09315999597,6.56000,0.64000
,,, 0.09319999814,6.72000,0.00
,,, 0.09324000031,6.56000,-0.08000
,,, 0.09327999502,6.72000,-0.08000
,,, 0.09331999719,6.72000,0.24000
,,, 0.09335999936,6.80000,0.72000
,,, 0.09339999408,6.72000,0.00
,,, 0.09343999624,6.96000,0.00
,,, 0.09347999841,6.80000,0.00
,,, 0.09352000058,6.80000,0.24000
,,, 0.09355999529,6.80000,0.80000
,,, 0.09359999746,6.72000,0.00
,,, 0.09363999963,6.72000,-0.08000
,,, 0.09367999434,6.40000,-0.08000
,,, 0.09371999651,6.72000,0.24000
,,, 0.09375999868,6.72000,1.60000
,,, 0.09380000085,6.48000,-0.08000
,,, 0.09383999556,6.72000,-0.08000
,,, 0.09387999773,6.72000,-0.08000
,,, 0.09391999990,6.72000,0.24000
,,, 0.09395999461,6.80000,0.72000
,,, 0.09399999678,6.80000,0.00
,,, 0.09403999895,6.88000,0.00
,,, 0.09408000112,6.80000,-0.08000
,,, 0.09411999583,7.12000,0.32000
,,, 0.09415999800,6.88000,0.72000
,,, 0.09420000017,6.80000,0.00
,,, 0.09423999488,6.72000,0.00
,,, 0.09427999705,6.72000,-0.08000
,,, 0.09431999922,6.80000,0.24000
,,, 0.09435999393,6.40000,0.64000
,,, 0.09439999610,6.72000,-0.08000
,,, 0.09443999827,6.80000,-0.08000
,,, 0.09448000044,6.72000,-0.08000
,,, 0.09451999515,6.80000,0.24000
,,, 0.09455999732,6.80000,0.72000
,,, 0.09459999949,6.96000,-0.08000
,,, 0.09463999420,6.88000,0.00
,,, 0.09467999637,6.80000,-0.08000
,,, 0.09471999854,6.96000,0.24000
,,, 0.09476000071,6.80000,0.80000
,,, 0.09479999542,7.04000,0.08000
,,, 0.09483999759,6.80000,0.00
,,, 0.09487999976,6.80000,-0.08000
,,, 0.09491999447,6.48000,0.24000
,,, 0.09495999664,6.80000,0.64000
,,, 0.09499999881,6.80000,0.00
,,, 0.09504000098,6.48000,-0.08000
,,, 0.09507999569,6.80000,-0.08000
,,, 0.09511999786,6.88000,0.24000
,,, 0.09516000003,6.80000,0.80000
,,, 0.09519999474,6.96000,-0.08000
,,, 0.09523999691,6.96000,-0.08000
,,, 0.09527999908,7.04000,0.00
,,, 0.09532000124,6.96000,0.24000
,,, 0.09535999596,6.88000,0.72000
,,, 0.09539999813,6.96000,0.00
,,, 0.09544000030,6.88000,0.00
,,, 0.09547999501,6.88000,0.00
,,, 0.09551999718,6.80000,0.24000
,,, 0.09555999935,6.88000,0.72000
,,, 0.09559999406,6.72000,-0.08000
,,, 0.09563999623,6.80000,0.00
,,, 0.09567999840,6.96000,-0.08000
,,, 0.09572000057,6.80000,0.16000
,,, 0.09575999528,6.96000,0.72000
,,, 0.09579999745,6.96000,0.00
,,, 0.09583999962,6.96000,0.00
,,, 0.09587999433,6.96000,-0.08000
,,, 0.09591999650,6.96000,0.24000
,,, 0.09595999867,7.04000,0.72000
,,, 0.09600000083,7.04000,0.00
,,, 0.09603999555,6.96000,0.00
,,, 0.09607999772,6.96000,0.00
,,, 0.09611999989,6.96000,0.24000
,,, 0.09615999460,6.88000,0.80000
,,, 0.09619999677,6.88000,0.00
,,, 0.09623999894,6.96000,0.00
,,, 0.09628000110,6.80000,-0.08000
,,, 0.09631999582,6.96000,0.24000
,,, 0.09635999799,6.96000,0.72000
,,, 0.09640000015,6.96000,0.00
,,, 0.09643999487,7.04000,-0.08000
,,, 0.09647999704,7.04000,-0.08000
,,, 0.09651999921,7.04000,0.24000
,,, 0.09655999392,6.96000,0.72000
,,, 0.09659999609,7.04000,0.08000
,,, 0.09663999826,7.04000,0.00
,,, 0.09668000042,7.04000,-0.08000
,,, 0.09671999514,7.04000,0.24000
,,, 0.09675999731,6.96000,0.72000
,,, 0.09679999948,7.04000,0.00
,,, 0.09683999419,6.96000,0.00
,,, 0.09687999636,6.96000,-0.08000
,,, 0.09691999853,7.04000,0.24000
,,, 0.09696000069,7.04000,0.88000
,,, 0.09699999541,7.04000,0.00
,,, 0.09703999758,7.04000,0.00
,,, 0.09707999974,7.04000,-0.08000
,,, 0.09711999446,7.04000,0.24000
,,, 0.09715999663,7.04000,0.72000
,,, 0.09719999880,7.04000,0.00
,,, 0.09724000096,7.12000,0.00
,,, 0.09727999568,7.04000,-0.08000
,,, 0.09731999785,7.12000,0.24000
,,, 0.09736000001,7.12000,0.80000
,,, 0.09739999473,7.04000,0.00
,,, 0.09743999690,7.04000,0.00
,,, 0.09747999907,7.12000,-0.08000
,,, 0.09752000123,7.12000,0.24000
,,, 0.09755999595,7.04000,0.72000
,,, 0.09759999812,7.12000,0.00
,,, 0.09764000028,7.12000,0.00
,,, 0.09767999500,7.12000,0.00
,,, 0.09771999717,7.04000,0.24000
,,, 0.09775999933,7.12000,0.72000
,,, 0.09779999405,7.12000,0.00
,,, 0.09783999622,7.12000,0.00
,,, 0.09787999839,7.12000,-0.08000
,,, 0.09792000055,7.12000,0.24000
,,, 0.09795999527,7.12000,0.72000
,,, 0.09799999744,7.12000,0.00
,,, 0.09803999960,7.12000,0.00
,,, 0.09807999432,7.12000,-0.08000
,,, 0.09811999649,7.12000,0.24000
,,, 0.09815999866,7.12000,0.72000
,,, 0.09820000082,7.12000,0.00
,,, 0.09823999554,7.12000,0.00
,,, 0.09827999771,7.12000,-0.08000
,,, 0.09831999987,7.12000,0.24000
,,, 0.09835999459,7.12000,0.88000
,,, 0.09839999676,7.12000,0.00
,,, 0.09843999892,7.20000,0.00
,,, 0.09848000109,7.12000,-0.08000
,,, 0.09851999581,7.12000,0.24000
,,, 0.09855999798,7.12000,0.72000
,,, 0.09860000014,7.12000,0.00
,,, 0.09863999486,7.20000,0.00
,,, 0.09867999703,7.12000,0.00
,,, 0.09871999919,7.12000,0.24000
,,, 0.09875999391,7.12000,0.64000
,,, 0.09879999608,7.12000,0.00
,,, 0.09883999825,7.20000,0.00
,,, 0.09888000041,7.12000,-0.08000
,,, 0.09891999513,7.12000,0.24000
,,, 0.09895999730,7.20000,0.72000
,,, 0.09899999946,7.20000,0.00
,,, 0.09903999418,7.20000,0.00
,,, 0.09907999635,7.20000,0.00
,,, 0.09911999851,7.28000,0.24000
,,, 0.09916000068,7.20000,1.44000
,,, 0.09919999540,7.20000,0.00
,,, 0.09923999757,7.20000,0.00
,,, 0.09927999973,7.20000,-0.08000
,,, 0.09931999445,7.20000,0.24000
,,, 0.09935999662,7.20000,0.72000
,,, 0.09939999878,7.20000,0.00
,,, 0.09944000095,7.20000,0.00
,,, 0.09947999567,7.20000,-0.08000
,,, 0.09951999784,7.28000,0.24000
,,, 0.09956000000,7.28000,0.72000
,,, 0.09959999472,7.28000,0.00
,,, 0.09963999689,7.28000,0.00
,,, 0.09967999905,7.36000,0.00
,,, 0.09971999377,7.28000,0.24000
,,, 0.09975999594,7.20000,0.80000
,,, 0.09979999810,7.36000,0.00
,,, 0.09984000027,7.36000,0.00
,,, 0.09987999499,7.36000,-0.08000
,,, 0.09991999716,7.28000,0.24000
,,, 0.09995999932,7.36000,0.72000
,,, 0.09999999404,7.36000,0.00
,,, 0.10003999621,7.28000,0.00
,,, 0.10007999837,7.28000,0.00
,,, 0.10012000054,7.28000,0.24000
,,, 0.10015999526,7.36000,0.72000
,,, 0.10019999743,7.36000,0.00
,,, 0.10023999959,7.36000,0.00
,,, 0.10027999431,7.36000,-0.08000
,,, 0.10031999648,7.36000,0.24000
,,, 0.10035999864,7.44000,0.72000
,,, 0.10040000081,7.36000,0.00
,,, 0.10043999553,7.36000,0.00
,,, 0.10047999769,7.44000,0.00
,,, 0.10051999986,7.28000,0.24000
,,, 0.10055999458,7.36000,0.88000
,,, 0.10059999675,7.36000,0.00
,,, 0.10063999891,7.36000,0.00
,,, 0.10068000108,7.44000,-0.08000
,,, 0.10071999580,7.28000,0.24000
,,, 0.10075999796,7.36000,0.72000
,,, 0.10080000013,7.36000,0.00
,,, 0.10083999485,7.36000,0.00
,,, 0.10087999701,7.36000,-0.08000
,,, 0.10091999918,7.60000,0.24000
,,, 0.10095999390,7.44000,0.72000
,,, 0.10099999607,7.44000,0.00
,,, 0.10103999823,7.44000,0.08000
,,, 0.10108000040,7.44000,0.00
,,, 0.10111999512,7.44000,0.24000
,,, 0.10115999728,7.44000,0.80000
,,, 0.10119999945,7.44000,0.00
,,, 0.10123999417,7.44000,0.00
,,, 0.10127999634,7.36000,-0.08000
,,, 0.10131999850,7.44000,0.24000
,,, 0.10136000067,7.44000,0.72000
,,, 0.10139999539,7.36000,0.00
,,, 0.10143999755,7.44000,0.00
,,, 0.10147999972,7.60000,-0.08000
,,, 0.10151999444,7.52000,0.24000
,,, 0.10155999660,7.44000,0.72000
,,, 0.10159999877,7.76000,0.08000
,,, 0.10164000094,7.52000,0.00
,,, 0.10167999566,7.52000,0.00
,,, 0.10171999782,7.52000,0.32000
,,, 0.10175999999,7.44000,0.72000
,,, 0.10179999471,7.52000,0.00
,,, 0.10183999687,7.44000,0.00
,,, 0.10187999904,7.44000,-0.08000
,,, 0.10191999376,7.44000,0.24000
,,, 0.10195999593,7.44000,0.72000
,,, 0.10199999809,7.44000,0.00
,,, 0.10204000026,7.52000,0.00
,,, 0.10207999498,7.52000,-0.08000
,,, 0.10211999714,7.52000,0.24000
,,, 0.10215999931,7.92000,0.80000
,,, 0.10219999403,7.68000,0.08000
,,, 0.10223999619,7.52000,0.00
,,, 0.10227999836,7.76000,0.00
,,, 0.10232000053,7.60000,0.24000
,,, 0.10235999525,7.44000,0.72000
,,, 0.10239999741,7.52000,0.08000
,,, 0.10243999958,7.52000,0.00
,,, 0.10247999430,7.52000,0.00
,,, 0.10251999646,7.44000,0.00
,,, 0.10255999863,7.52000,0.00
,,, 0.10260000080,7.52000,0.00
,,, 0.10263999552,7.52000,-0.08000
,,, 0.10267999768,7.60000,0.00
,,, 0.10271999985,7.68000,0.00
,,, 0.10275999457,7.60000,0.00
,,, 0.10279999673,7.60000,0.00
,,, 0.10283999890,8.08000,0.08000
,,, 0.10288000107,7.68000,0.08000
,,, 0.10291999578,7.68000,0.00
,,, 0.10295999795,7.76000,0.08000
,,, 0.10300000012,7.68000,0.00
,,, 0.10303999484,7.68000,0.00
,,, 0.10307999700,7.60000,0.08000
,,, 0.10311999917,7.52000,0.00
,,, 0.10315999389,7.60000,0.00
,,, 0.10319999605,7.44000,0.00
,,, 0.10323999822,7.60000,0.00
,,, 0.10328000039,7.68000,0.00
,,, 0.10331999511,7.68000,0.00
,,, 0.10335999727,7.68000,0.00
,,, 0.10339999944,7.68000,0.00
,,, 0.10343999416,7.76000,0.00
,,, 0.10347999632,7.68000,0.00
,,, 0.10351999849,8.08000,0.08000
,,, 0.10356000066,7.76000,0.08000
,,, 0.10359999537,7.68000,0.00
,,, 0.10363999754,7.76000,0.08000
,,, 0.10367999971,7.68000,0.00
,,, 0.10371999443,7.68000,0.00
,,, 0.10375999659,7.52000,0.00
,,, 0.10379999876,7.60000,0.00
,,, 0.10384000093,7.68000,0.00
,,, 0.10387999564,7.52000,0.00
,,, 0.10391999781,7.68000,0.00
,,, 0.10395999998,7.76000,0.00
,,, 0.10399999470,7.92000,0.00
,,, 0.10403999686,7.76000,0.00
,,, 0.10407999903,7.76000,0.00
,,, 0.10411999375,7.92000,0.00
,,, 0.10415999591,7.76000,0.00
,,, 0.10419999808,8.08000,0.08000
,,, 0.10424000025,7.76000,0.00
,,, 0.10427999496,7.76000,0.00
,,, 0.10431999713,7.68000,0.08000
,,, 0.10435999930,7.68000,0.00
,,, 0.10439999402,7.76000,0.00
,,, 0.10443999618,7.60000,0.00
,,, 0.10447999835,7.68000,0.00
,,, 0.10452000052,7.76000,0.00
,,, 0.10455999523,7.68000,-0.08000
,,, 0.10459999740,7.76000,0.00
,,, 0.10463999957,7.76000,0.00
,,, 0.10467999429,8.08000,0.00
,,, 0.10471999645,7.76000,0.08000
,,, 0.10475999862,8.08000,0.00
,,, 0.10480000079,8.00000,0.00
,,, 0.10483999550,7.92000,0.00
,,, 0.10487999767,8.00000,0.08000
,,, 0.10491999984,7.76000,0.00
,,, 0.10495999455,7.76000,0.00
,,, 0.10499999672,7.76000,0.00
,,, 0.10503999889,7.76000,0.00
,,, 0.10508000106,7.76000,0.00
,,, 0.10511999577,7.76000,0.00
,,, 0.10515999794,7.92000,0.00
,,, 0.10520000011,7.76000,0.00
,,, 0.10523999482,7.76000,0.00
,,, 0.10527999699,7.76000,0.00
,,, 0.10531999916,7.92000,0.00
,,, 0.10535999388,8.00000,0.00
,,, 0.10539999604,7.92000,0.00
,,, 0.10543999821,8.16000,0.08000
,,, 0.10548000038,8.08000,0.00
,,, 0.10551999509,8.00000,0.00
,,, 0.10555999726,8.08000,0.08000
,,, 0.10559999943,8.00000,0.00
,,, 0.10563999414,7.92000,0.00
,,, 0.10567999631,7.76000,0.00
,,, 0.10571999848,7.92000,0.00
,,, 0.10576000065,8.00000,0.00
,,, 0.10579999536,7.92000,0.00
,,, 0.10583999753,8.08000,0.00
,,, 0.10587999970,7.92000,0.00
,,, 0.10591999441,7.92000,0.00
,,, 0.10595999658,8.08000,0.00
,,, 0.10599999875,8.08000,0.00
,,, 0.10604000092,8.08000,0.00
,,, 0.10607999563,8.08000,0.00
,,, 0.10611999780,8.16000,0.00
,,, 0.10615999997,8.08000,0.00
,,, 0.10619999468,8.08000,0.00
,,, 0.10623999685,8.00000,0.00
,,, 0.10627999902,8.00000,0.00
,,, 0.10631999373,8.08000,0.00
,,, 0.10635999590,8.00000,0.00
,,, 0.10639999807,8.00000,0.00
,,, 0.10644000024,8.08000,0.00
,,, 0.10647999495,8.08000,0.00
,,, 0.10651999712,8.08000,0.00
,,, 0.10655999929,8.08000,0.00
,,, 0.10659999400,8.08000,0.00
,,, 0.10663999617,8.08000,0.00
,,, 0.10667999834,8.16000,0.00
,,, 0.10672000051,8.16000,0.00
,,, 0.10675999522,8.08000,0.00
,,, 0.10679999739,8.08000,0.00
,,, 0.10683999956,8.08000,0.00
,,, 0.10687999427,8.16000,0.00
,,, 0.10691999644,8.08000,0.00
,,, 0.10695999861,8.16000,0.00
,,, 0.10700000077,8.08000,0.00
,,, 0.10703999549,8.08000,0.00
,,, 0.10707999766,8.08000,0.00
,,, 0.10711999983,8.16000,0.00
,,, 0.10715999454,8.16000,0.00
,,, 0.10719999671,8.16000,0.00
,,, 0.10723999888,8.16000,0.00
,,, 0.10727999359,8.16000,0.00
,,, 0.10731999576,8.16000,0.00
,,, 0.10735999793,8.16000,0.00
,,, 0.10740000010,8.16000,0.00
,,, 0.10743999481,8.16000,0.00
,,, 0.10747999698,8.16000,0.00
,,, 0.10751999915,8.16000,0.00
,,, 0.10755999386,8.16000,0.00
,,, 0.10759999603,8.16000,0.00
,,, 0.10763999820,8.16000,0.00
,,, 0.10768000036,8.16000,0.00
,,, 0.10771999508,8.16000,0.00
,,, 0.10775999725,8.24000,0.00
,,, 0.10779999942,8.16000,0.00
,,, 0.10783999413,8.24000,0.00
,,, 0.10787999630,8.16000,0.00
,,, 0.10791999847,8.16000,0.00
,,, 0.10796000063,8.24000,0.00
,,, 0.10799999535,8.16000,0.00
,,, 0.10803999752,8.24000,0.00
,,, 0.10807999969,8.32000,0.00
,,, 0.10811999440,8.24000,0.00
,,, 0.10815999657,8.24000,0.00
,,, 0.10819999874,8.24000,0.00
,,, 0.10824000090,8.24000,0.00
,,, 0.10827999562,8.16000,0.00
,,, 0.10831999779,8.16000,0.00
,,, 0.10835999995,8.24000,0.00
,,, 0.10839999467,8.16000,0.00
,,, 0.10843999684,8.24000,0.00
,,, 0.10847999901,8.24000,0.00
,,, 0.10851999372,8.24000,0.00
,,, 0.10855999589,8.32000,0.00
,,, 0.10859999806,8.32000,0.00
,,, 0.10864000022,8.32000,0.00
,,, 0.10867999494,8.32000,0.00
,,, 0.10871999711,8.40000,0.00
,,, 0.10875999928,8.40000,0.00
,,, 0.10879999399,8.32000,0.00
,,, 0.10883999616,8.32000,0.00
,,, 0.10887999833,8.32000,0.00
,,, 0.10892000049,8.32000,0.00
,,, 0.10895999521,8.32000,0.00
,,, 0.10899999738,8.32000,0.00
,,, 0.10903999954,8.40000,0.00
,,, 0.10907999426,8.40000,0.00
,,, 0.10911999643,8.40000,0.00
,,, 0.10915999860,8.40000,0.00
,,, 0.10920000076,8.40000,0.00
,,, 0.10923999548,8.40000,0.00
,,, 0.10927999765,8.40000,0.00
,,, 0.10931999981,8.40000,0.00
,,, 0.10935999453,8.40000,0.00
,,, 0.10939999670,8.40000,0.00
,,, 0.10943999887,8.40000,0.00
,,, 0.10947999358,8.40000,0.00
,,, 0.10951999575,8.40000,0.00
,,, 0.10955999792,8.32000,0.00
,,, 0.10960000008,8.40000,0.00
,,, 0.10963999480,8.32000,0.00
,,, 0.10967999697,8.48000,0.00
,,, 0.10971999913,8.40000,0.00
,,, 0.10975999385,8.40000,0.00
,,, 0.10979999602,8.48000,0.00
,,, 0.10983999819,8.40000,0.00
,,, 0.10988000035,8.48000,0.00
,,, 0.10991999507,8.40000,0.00
,,, 0.10995999724,8.48000,0.00
,,, 0.10999999940,8.48000,0.00
,,, 0.11003999412,8.40000,0.00
,,, 0.11007999629,8.48000,0.00
,,, 0.11011999846,8.48000,0.00
,,, 0.11016000062,8.40000,0.00
,,, 0.11019999534,8.40000,0.00
,,, 0.11023999751,8.40000,0.00
,,, 0.11027999967,8.40000,0.00
,,, 0.11031999439,8.40000,0.00
,,, 0.11035999656,8.48000,0.00
,,, 0.11039999872,8.48000,0.00
,,, 0.11044000089,8.48000,0.00
,,, 0.11047999561,8.56000,0.00
,,, 0.11051999778,8.48000,0.00
,,, 0.11055999994,8.48000,0.08000
,,, 0.11059999466,8.56000,0.00
,,, 0.11063999683,8.48000,0.00
,,, 0.11067999899,8.56000,0.00
,,, 0.11071999371,8.56000,0.00
,,, 0.11075999588,8.48000,0.00
,,, 0.11079999804,8.48000,0.00
,,, 0.11084000021,8.48000,0.00
,,, 0.11087999493,8.40000,0.00
,,, 0.11091999710,8.48000,0.00
,,, 0.11095999926,8.48000,0.00
,,, 0.11099999398,8.48000,-0.08000
,,, 0.11103999615,8.48000,0.00
,,, 0.11107999831,8.56000,0.00
,,, 0.11112000048,8.56000,0.00
,,, 0.11115999520,8.56000,0.00
,,, 0.11119999737,8.56000,0.00
,,, 0.11123999953,8.56000,0.08000
,,, 0.11127999425,8.56000,0.00
,,, 0.11131999642,8.48000,0.00
,,, 0.11135999858,8.64000,0.00
,,, 0.11140000075,8.56000,0.00
,,, 0.11143999547,8.56000,0.00
,,, 0.11147999763,8.48000,0.00
,,, 0.11151999980,8.56000,0.00
,,, 0.11155999452,8.40000,-0.08000
,,, 0.11159999669,8.48000,0.00
,,, 0.11163999885,8.56000,0.00
,,, 0.11167999357,8.72000,0.00
,,, 0.11171999574,8.72000,0.00
,,, 0.11175999790,8.72000,0.00
,,, 0.11180000007,8.80000,0.00
,,, 0.11183999479,8.72000,0.08000
,,, 0.11187999696,8.56000,0.00
,,, 0.11191999912,8.72000,0.08000
,,, 0.11195999384,8.56000,0.00
,,, 0.11199999601,8.64000,0.00
,,, 0.11203999817,8.64000,0.08000
,,, 0.11208000034,8.64000,0.00
,,, 0.11211999506,8.56000,0.00
,,, 0.11215999722,8.56000,-0.08000
,,, 0.11219999939,8.72000,0.00
,,, 0.11223999411,8.40000,-0.08000
,,, 0.11227999628,8.64000,0.00
,,, 0.11231999844,8.72000,0.00
,,, 0.11236000061,8.80000,0.00
,,, 0.11239999533,8.80000,0.00
,,, 0.11243999749,8.72000,0.00
,,, 0.11247999966,8.88000,0.00
,,, 0.11251999438,8.72000,0.00
,,, 0.11255999655,8.72000,0.00
,,, 0.11259999871,8.72000,0.08000
,,, 0.11263999343,8.72000,0.08000
,,, 0.11267999560,8.72000,0.00
,,, 0.11271999776,8.72000,0.00
,,, 0.11275999993,8.72000,0.00
,,, 0.11279999465,8.56000,0.00
,,, 0.11283999681,8.56000,0.00
,,, 0.11287999898,8.72000,0.00
,,, 0.11291999370,8.48000,-0.08000
,,, 0.11295999587,8.64000,0.00
,,, 0.11299999803,8.72000,0.00
,,, 0.11304000020,8.64000,-0.08000
,,, 0.11307999492,8.72000,0.00
,,, 0.11311999708,8.72000,0.00
,,, 0.11315999925,8.80000,0.00
,,, 0.11319999397,8.80000,0.00
,,, 0.11323999614,8.72000,0.00
,,, 0.11327999830,8.80000,0.00
,,, 0.11332000047,8.72000,0.00
,,, 0.11335999519,8.80000,0.00
,,, 0.11339999735,8.80000,0.08000
,,, 0.11343999952,8.72000,0.00
,,, 0.11347999424,8.72000,0.00
,,, 0.11351999640,8.64000,0.00
,,, 0.11355999857,8.72000,0.00
,,, 0.11360000074,8.40000,0.00
,,, 0.11363999546,8.56000,0.00
,,, 0.11367999762,8.64000,0.00
,,, 0.11371999979,8.40000,-0.08000
,,, 0.11375999451,8.56000,0.00
,,, 0.11379999667,8.72000,0.00
,,, 0.11383999884,8.48000,-0.08000
,,, 0.11387999356,8.64000,0.00
,,, 0.11391999573,8.72000,0.00
,,, 0.11395999789,8.72000,0.00
,,, 0.11400000006,8.72000,0.00
,,, 0.11403999478,8.72000,0.00
,,, 0.11407999694,8.80000,0.00
,,, 0.11411999911,8.72000,0.00
,,, 0.11415999383,8.72000,0.00
,,, 0.11419999599,8.80000,0.08000
,,, 0.11423999816,8.72000,0.00
,,, 0.11428000033,8.80000,0.16000
,,, 0.11431999505,8.64000,0.08000
,,, 0.11435999721,8.72000,0.00
,,, 0.11439999938,8.48000,0.00
,,, 0.11443999410,8.56000,0.00
,,, 0.11447999626,8.64000,0.00
,,, 0.11451999843,8.40000,0.00
,,, 0.11456000060,8.56000,0.00
,,, 0.11459999532,8.64000,0.00
,,, 0.11463999748,8.64000,0.00
,,, 0.11467999965,8.72000,0.00
,,, 0.11471999437,8.72000,0.00
,,, 0.11475999653,8.80000,0.00
,,, 0.11479999870,8.72000,0.00
,,, 0.11483999342,8.72000,0.00
,,, 0.11487999558,8.80000,0.08000
,,, 0.11491999775,8.72000,0.00
,,, 0.11495999992,8.96000,0.08000
,,, 0.11499999464,8.72000,0.00
,,, 0.11503999680,8.72000,0.00
,,, 0.11507999897,8.48000,0.00
,,, 0.11511999369,8.72000,0.00
,,, 0.11515999585,8.72000,0.00
,,, 0.11519999802,8.56000,0.00
,,, 0.11524000019,8.64000,0.00
,,, 0.11527999490,8.72000,0.00
,,, 0.11531999707,8.80000,0.00
,,, 0.11535999924,8.72000,0.08000
,,, 0.11539999396,8.72000,0.00
,,, 0.11543999612,8.80000,0.00
,,, 0.11547999829,8.72000,0.00
,,, 0.11552000046,8.72000,0.00
,,, 0.11555999517,8.64000,0.00
,,, 0.11559999734,8.80000,0.00
,,, 0.11563999951,8.56000,0.00
,,, 0.11567999423,8.72000,0.00
,,, 0.11571999639,8.72000,0.00
,,, 0.11575999856,8.80000,0.00
,,, 0.11580000073,8.72000,0.00
,,, 0.11583999544,8.72000,0.00
,,, 0.11587999761,8.80000,0.00
,,, 0.11591999978,8.72000,0.00
,,, 0.11595999449,8.80000,0.00
,,, 0.11599999666,8.72000,0.00
,,, 0.11603999883,8.72000,0.00
,,, 0.11607999355,8.72000,0.00
,,, 0.11611999571,8.72000,0.00
,,, 0.11615999788,8.72000,0.00
,,, 0.11620000005,8.72000,0.00
,,, 0.11623999476,8.80000,0.00
,,, 0.11627999693,8.80000,0.00
,,, 0.11631999910,8.80000,0.00
,,, 0.11635999382,8.80000,0.00
,,, 0.11639999598,8.80000,0.00
,,, 0.11643999815,8.80000,0.00
,,, 0.11648000032,8.80000,0.00
,,, 0.11651999503,8.80000,0.00
,,, 0.11655999720,8.80000,0.00
,,, 0.11659999937,8.80000,0.00
,,, 0.11663999408,8.80000,0.00
,,, 0.11667999625,8.80000,0.00
,,, 0.11671999842,8.80000,0.00
,,, 0.11676000059,8.80000,0.00
,,, 0.11679999530,8.80000,0.00
,,, 0.11683999747,8.80000,0.00
,,, 0.11687999964,8.80000,0.00
,,, 0.11691999435,8.88000,0.00
,,, 0.11695999652,8.80000,0.00
,,, 0.11699999869,8.88000,0.08000
,,, 0.11703999341,8.80000,0.00
,,, 0.11707999557,8.80000,0.00
,,, 0.11711999774,8.88000,0.00
,,, 0.11715999991,8.80000,0.00
,,, 0.11719999462,8.80000,0.00
,,, 0.11723999679,8.80000,0.00
,,, 0.11727999896,8.80000,0.00
,,, 0.11731999367,8.80000,0.00
,,, 0.11735999584,8.80000,0.00
,,, 0.11739999801,8.80000,0.00
,,, 0.11744000018,8.88000,0.00
,,, 0.11747999489,8.88000,0.00
,,, 0.11751999706,8.80000,0.00
,,, 0.11755999923,8.96000,0.00
,,, 0.11759999394,8.80000,0.00
,,, 0.11763999611,8.80000,0.00
,,, 0.11767999828,8.80000,0.00
,,, 0.11772000045,8.88000,0.00
,,, 0.11775999516,8.88000,0.00
,,, 0.11779999733,8.80000,0.00
,,, 0.11783999950,8.88000,0.08000
,,, 0.11787999421,8.80000,0.00
,,, 0.11791999638,8.80000,0.00
,,, 0.11795999855,8.88000,0.00
,,, 0.11800000072,8.80000,0.00
,,, 0.11803999543,8.88000,0.00
,,, 0.11807999760,8.80000,0.00
,,, 0.11811999977,8.88000,0.00
,,, 0.11815999448,8.88000,0.00
,,, 0.11819999665,8.88000,0.00
,,, 0.11823999882,8.88000,0.00
,,, 0.11827999353,8.80000,0.00
,,, 0.11831999570,8.88000,0.00
,,, 0.11835999787,8.80000,0.00
,,, 0.11840000004,8.88000,0.00
,,, 0.11843999475,8.80000,0.00
,,, 0.11847999692,8.80000,0.00
,,, 0.11851999909,8.80000,0.00
,,, 0.11855999380,8.88000,0.00
,,, 0.11859999597,8.80000,0.00
,,, 0.11863999814,8.88000,0.00
,,, 0.11868000031,8.80000,0.00
,,, 0.11871999502,8.80000,0.00
,,, 0.11875999719,8.80000,0.00
,,, 0.11879999936,8.80000,0.00
,,, 0.11883999407,8.88000,0.08000
,,, 0.11887999624,8.88000,0.00
,,, 0.11891999841,8.80000,0.00
,,, 0.11896000057,8.88000,0.00
,,, 0.11899999529,8.88000,0.00
,,, 0.11903999746,8.80000,0.08000
,,, 0.11907999963,8.80000,0.08000
,,, 0.11911999434,8.80000,0.00
,,, 0.11915999651,8.80000,0.00
,,, 0.11919999868,8.80000,0.00
,,, 0.11923999339,8.80000,0.00
,,, 0.11927999556,8.80000,0.00
,,, 0.11931999773,8.88000,0.00
,,, 0.11935999990,8.88000,0.08000
,,, 0.11939999461,8.96000,0.00
,,, 0.11943999678,8.88000,0.00
,,, 0.11947999895,8.80000,0.00
,,, 0.11951999366,8.88000,0.00
,,, 0.11955999583,8.88000,0.00
,,, 0.11959999800,8.96000,0.00
,,, 0.11964000016,8.88000,0.00
,,, 0.11967999488,8.80000,0.00
,,, 0.11971999705,8.80000,0.00
,,, 0.11975999922,8.80000,0.00
,,, 0.11979999393,8.88000,0.00
,,, 0.11983999610,8.80000,0.08000
,,, 0.11987999827,8.88000,0.00
,,, 0.11992000043,8.80000,0.00
,,, 0.11995999515,8.80000,0.00
,,, 0.11999999732,8.80000,0.00
,,, 0.12003999949,8.80000,0.00
,,, 0.12007999420,8.88000,0.00
,,, 0.12011999637,8.88000,0.00
,,, 0.12015999854,8.88000,0.00
,,, 0.12019999325,8.96000,0.00
,,, 0.12023999542,8.88000,0.00
,,, 0.12027999759,8.96000,0.08000
,,, 0.12031999975,8.88000,0.00
,,, 0.12035999447,8.80000,0.00
,,, 0.12039999664,8.80000,0.08000
,,, 0.12043999881,8.88000,0.00
,,, 0.12047999352,8.96000,0.00
,,, 0.12051999569,8.72000,0.00
,,, 0.12055999786,8.80000,0.00
,,, 0.12060000002,8.80000,0.00
,,, 0.12063999474,8.88000,-0.08000
,,, 0.12067999691,8.88000,0.00
,,, 0.12071999907,8.96000,0.00
,,, 0.12075999379,9.12000,0.00
,,, 0.12079999596,8.96000,0.00
,,, 0.12083999813,8.88000,0.00
,,, 0.12088000029,9.12000,0.00
,,, 0.12091999501,8.96000,0.00
,,, 0.12095999718,9.12000,0.08000
,,, 0.12099999934,8.88000,0.08000
,,, 0.12103999406,8.88000,0.00
,,, 0.12107999623,8.80000,0.08000
,,, 0.12111999840,8.88000,0.00
,,, 0.12116000056,8.88000,0.08000
,,, 0.12119999528,8.64000,0.00
,,, 0.12123999745,8.88000,0.00
,,, 0.12127999961,8.88000,0.00
,,, 0.12131999433,8.80000,-0.08000
,,, 0.12135999650,8.96000,0.00
,,, 0.12139999866,8.96000,0.00
,,, 0.12143999338,9.12000,0.00
,,, 0.12147999555,9.12000,0.00
,,, 0.12151999772,9.12000,0.08000
,,, 0.12155999988,9.12000,0.00
,,, 0.12159999460,8.96000,0.00
,,, 0.12163999677,9.12000,0.08000
,,, 0.12167999893,8.96000,0.00
,,, 0.12171999365,8.88000,0.00
,,, 0.12175999582,8.80000,0.00
,,, 0.12179999799,8.80000,0.08000
,,, 0.12184000015,8.88000,0.00
,,, 0.12187999487,8.72000,-0.08000
,,, 0.12191999704,8.88000,0.00
,,, 0.12195999920,8.88000,0.00
,,, 0.12199999392,8.88000,0.00
,,, 0.12203999609,8.96000,0.08000
,,, 0.12207999825,8.96000,0.00
,,, 0.12212000042,9.12000,0.00
,,, 0.12215999514,9.12000,0.00
,,, 0.12219999731,9.12000,0.00
,,, 0.12223999947,9.12000,0.08000
,,, 0.12227999419,9.12000,0.00
,,, 0.12231999636,9.12000,0.08000
,,, 0.12235999852,8.88000,0.00
,,, 0.12239999324,8.88000,0.00
,,, 0.12243999541,8.80000,0.00
,,, 0.12247999758,8.88000,0.00
,,, 0.12251999974,8.96000,0.00
,,, 0.12255999446,8.72000,0.00
,,, 0.12259999663,8.80000,0.00
,,, 0.12263999879,8.88000,0.00
,,, 0.12267999351,8.80000,0.00
,,, 0.12271999568,8.96000,0.24000
,,, 0.12275999784,8.96000,0.72000
,,, 0.12280000001,9.12000,8.88000
,,, 0.12283999473,8.96000,0.00
,,, 0.12287999690,9.12000,0.08000
,,, 0.12291999906,9.12000,0.24000
,,, 0.12295999378,8.96000,0.72000
,,, 0.12299999595,9.20000,9.12000
,,, 0.12303999811,8.96000,0.08000
,,, 0.12308000028,8.88000,0.08000
,,, 0.12311999500,8.80000,0.24000
,,, 0.12315999717,8.80000,0.72000
,,, 0.12319999933,8.88000,8.88000
,,, 0.12323999405,8.64000,0.00
,,, 0.12327999622,8.88000,0.08000
,,, 0.12331999838,8.96000,0.24000
,,, 0.12336000055,8.80000,0.64000
,,, 0.12339999527,8.88000,8.88000
,,, 0.12343999743,8.96000,0.08000
,,, 0.12347999960,9.20000,0.08000
,,, 0.12351999432,8.96000,0.24000
,,, 0.12355999649,9.20000,0.72000
,,, 0.12359999865,9.12000,8.96000
,,, 0.12363999337,9.12000,0.08000
,,, 0.12367999554,8.96000,0.24000
,,, 0.12371999770,8.88000,0.24000
,,, 0.12375999987,8.88000,0.72000
,,, 0.12379999459,8.80000,8.88000
,,, 0.12383999676,8.80000,0.08000
,,, 0.12387999892,8.96000,0.08000
,,, 0.12391999364,8.72000,0.24000
,,, 0.12395999581,8.88000,0.64000
,,, 0.12399999797,8.96000,8.88000
,,, 0.12404000014,8.96000,0.00
,,, 0.12407999486,8.96000,0.08000
,,, 0.12411999702,8.96000,0.24000
,,, 0.12415999919,9.20000,0.72000
,,, 0.12419999391,9.12000,8.96000
,,, 0.12423999608,9.44000,0.16000
,,, 0.12427999824,9.12000,0.08000
,,, 0.12432000041,8.96000,0.24000
,,, 0.12435999513,8.80000,0.72000
,,, 0.12439999729,8.80000,8.96000
,,, 0.12443999946,8.88000,0.08000
,,, 0.12447999418,8.72000,0.08000
,,, 0.12451999635,8.80000,0.24000
,,, 0.12455999851,8.96000,0.64000
,,, 0.12459999323,8.72000,8.80000
,,, 0.12463999540,9.12000,0.08000
,,, 0.12467999756,8.96000,0.08000
,,, 0.12471999973,9.12000,0.24000
,,, 0.12475999445,9.12000,0.64000
,,, 0.12479999661,8.96000,8.88000
,,, 0.12483999878,9.20000,0.08000
,,, 0.12487999350,8.96000,0.08000
,,, 0.12491999567,9.28000,0.32000
,,, 0.12495999783,8.88000,0.72000
,,, 0.12500000000,8.96000,8.88000
,,, 0.12503999472,8.72000,0.08000
,,, 0.12507998943,8.88000,0.00
,,, 0.12511999905,8.96000,0.24000
,,, 0.12515999377,8.80000,0.64000
,,, 0.12520000339,8.96000,8.88000
,,, 0.12523999810,8.96000,0.00
,,, 0.12527999282,9.12000,0.08000
,,, 0.12532000244,9.12000,0.24000
,,, 0.12535999715,8.96000,0.64000
,,, 0.12539999187,9.12000,8.96000
,,, 0.12544000149,9.12000,0.08000
,,, 0.12547999620,9.12000,0.08000
,,, 0.12551999092,8.96000,0.24000
,,, 0.12556000054,8.96000,0.72000
,,, 0.12559999526,8.96000,8.96000
,,, 0.12563998997,8.88000,0.08000
,,, 0.12567999959,8.96000,0.08000
,,, 0.12571999431,8.80000,0.24000
,,, 0.12576000392,8.96000,0.64000
,,, 0.12579999864,8.96000,8.88000
,,, 0.12583999336,8.96000,0.00
,,, 0.12588000298,8.96000,0.08000
,,, 0.12591999769,9.12000,0.24000
,,, 0.12595999241,9.20000,0.64000
,,, 0.12600000203,9.12000,8.96000
,,, 0.12603999674,8.96000,0.08000
,,, 0.12607999146,8.96000,0.08000
,,, 0.12612000108,8.96000,0.24000
,,, 0.12615999579,8.96000,0.64000
,,, 0.12619999051,8.88000,8.88000
,,, 0.12624000013,8.96000,0.00
,,, 0.12627999485,8.88000,0.08000
,,, 0.12631998956,8.96000,0.24000
,,, 0.12635999918,8.96000,0.64000
,,, 0.12639999390,8.88000,8.88000
,,, 0.12644000351,8.96000,0.00
,,, 0.12647999823,8.96000,0.08000
,,, 0.12651999295,9.12000,0.24000
,,, 0.12656000257,8.96000,0.64000
,,, 0.12659999728,9.12000,8.96000
,,, 0.12663999200,8.96000,0.08000
,,, 0.12668000162,9.12000,0.08000
,,, 0.12671999633,8.96000,0.24000
,,, 0.12675999105,9.12000,0.64000
,,, 0.12680000067,8.96000,8.96000
,,, 0.12683999538,8.96000,0.00
,,, 0.12687999010,8.96000,0.08000
,,, 0.12691999972,8.96000,0.24000
,,, 0.12695999444,8.88000,0.64000
,,, 0.12700000405,8.96000,8.96000
,,, 0.12703999877,8.96000,0.08000
,,, 0.12707999349,8.96000,0.08000
,,, 0.12712000310,9.12000,0.24000
,,, 0.12715999782,8.96000,0.72000
,,, 0.12719999254,9.12000,8.96000
,,, 0.12724000216,9.12000,0.00
,,, 0.12727999687,8.96000,0.08000
,,, 0.12731999159,9.12000,0.24000
,,, 0.12736000121,8.96000,0.72000
,,, 0.12739999592,8.96000,8.88000
,,, 0.12743999064,8.96000,0.00
,,, 0.12748000026,8.96000,0.08000
,,, 0.12751999497,8.88000,0.24000
,,, 0.12755998969,8.88000,0.64000
,,, 0.12759999931,8.96000,8.96000
,,, 0.12763999403,8.96000,0.00
,,, 0.12768000364,9.12000,0.08000
,,, 0.12771999836,8.96000,0.24000
,,, 0.12775999308,9.12000,0.64000
,,, 0.12780000269,8.96000,8.88000
,,, 0.12783999741,8.96000,0.08000
,,, 0.12787999213,8.96000,0.08000
,,, 0.12792000175,8.96000,0.24000
,,, 0.12795999646,8.96000,0.64000
,,, 0.12799999118,8.88000,8.96000
,,, 0.12804000080,8.96000,0.00
,,, 0.12807999551,9.12000,0.08000
,,, 0.12811999023,8.96000,0.24000
,,, 0.12815999985,8.96000,0.64000
,,, 0.12819999456,8.96000,8.88000
,,, 0.12824000418,8.96000,0.08000
,,, 0.12827999890,8.96000,0.08000
,,, 0.12831999362,8.96000,0.24000
,,, 0.12836000323,8.96000,0.64000
,,, 0.12839999795,8.96000,8.96000
,,, 0.12843999267,9.12000,0.08000
,,, 0.12848000228,8.96000,0.08000
,,, 0.12851999700,8.96000,0.16000
,,, 0.12855999172,8.96000,0.64000
,,, 0.12860000134,8.96000,8.88000
,,, 0.12863999605,9.12000,0.00
,,, 0.12867999077,8.96000,0.08000
,,, 0.12872000039,8.96000,0.24000
,,, 0.12875999510,9.12000,0.64000
,,, 0.12879998982,9.12000,8.96000
,,, 0.12883999944,9.12000,0.00
,,, 0.12887999415,9.12000,0.08000
,,, 0.12892000377,9.12000,0.24000
,,, 0.12895999849,8.96000,0.64000
,,, 0.12899999321,9.12000,8.96000
,,, 0.12904000282,9.12000,0.00
,,, 0.12907999754,8.96000,0.08000
,,, 0.12911999226,8.96000,0.24000
,,, 0.12916000187,8.96000,0.64000
,,, 0.12919999659,8.96000,8.88000
,,, 0.12923999131,8.96000,0.00
,,, 0.12928000093,8.96000,0.08000
,,, 0.12931999564,8.96000,0.24000
,,, 0.12935999036,8.96000,0.64000
,,, 0.12939999998,8.96000,8.88000
,,, 0.12943999469,8.96000,0.00
,,, 0.12947998941,8.96000,0.08000
,,, 0.12951999903,8.96000,0.24000
,,, 0.12955999374,9.20000,0.64000
,,, 0.12960000336,9.12000,8.96000
,,, 0.12963999808,9.12000,0.00
,,, 0.12967999279,8.96000,0.08000
,,, 0.12972000241,9.12000,0.24000
,,, 0.12975999713,8.96000,0.72000
,,, 0.12979999185,8.88000,8.88000
,,, 0.12984000146,8.96000,0.00
,,, 0.12987999618,8.96000,0.08000
,,, 0.12991999090,8.96000,0.24000
,,, 0.12996000051,8.96000,0.64000
,,, 0.12999999523,8.96000,8.88000
,,, 0.13003998995,9.12000,0.00
,,, 0.13007999957,8.96000,0.08000
,,, 0.13011999428,9.12000,0.24000
,,, 0.13016000390,9.12000,0.64000
,,, 0.13019999862,8.96000,8.96000
,,, 0.13023999333,9.20000,0.08000
,,, 0.13028000295,9.12000,0.08000
,,, 0.13031999767,8.96000,0.24000
,,, 0.13035999238,8.96000,0.64000
,,, 0.13040000200,9.12000,8.96000
,,, 0.13043999672,8.96000,0.00
,,, 0.13047999144,8.80000,0.08000
,,, 0.13052000105,8.96000,0.24000
,,, 0.13055999577,8.96000,0.64000
,,, 0.13059999049,8.96000,8.88000
,,, 0.13064000010,8.96000,0.00
,,, 0.13067999482,9.12000,0.08000
,,, 0.13071998954,9.12000,0.24000
,,, 0.13075999916,8.96000,0.72000
,,, 0.13079999387,9.12000,8.96000
,,, 0.13084000349,9.12000,0.08000
,,, 0.13087999821,9.12000,0.08000
,,, 0.13091999292,9.12000,0.32000
,,, 0.13096000254,8.96000,0.72000
,,, 0.13099999726,8.96000,8.96000
,,, 0.13103999197,8.88000,0.00
,,, 0.13108000159,8.88000,0.08000
,,, 0.13111999631,9.12000,0.24000
,,, 0.13115999103,8.72000,0.64000
,,, 0.13120000064,8.88000,8.88000
,,, 0.13123999536,9.12000,0.00
,,, 0.13127999008,8.96000,0.08000
,,, 0.13131999969,8.96000,0.24000
,,, 0.13135999441,9.12000,0.64000
,,, 0.13140000403,9.20000,8.96000
,,, 0.13143999875,9.12000,0.08000
,,, 0.13147999346,9.28000,0.16000
,,, 0.13152000308,9.12000,0.24000
,,, 0.13155999780,8.96000,0.64000
,,, 0.13159999251,8.80000,8.96000
,,, 0.13164000213,8.88000,0.00
,,, 0.13167999685,8.96000,0.08000
,,, 0.13171999156,8.72000,0.24000
,,, 0.13176000118,8.88000,0.64000
,,, 0.13179999590,8.96000,8.88000
,,, 0.13183999062,8.96000,-0.08000
,,, 0.13188000023,9.12000,0.08000
,,, 0.13191999495,9.12000,0.24000
,,, 0.13195998967,9.12000,0.64000
,,, 0.13199999928,9.12000,8.96000
,,, 0.13203999400,8.96000,0.08000
,,, 0.13208000362,9.20000,0.08000
,,, 0.13211999834,9.12000,0.24000
,,, 0.13215999305,9.28000,0.72000
,,, 0.13220000267,8.96000,8.96000
,,, 0.13223999739,8.96000,0.00
,,, 0.13227999210,8.72000,0.08000
,,, 0.13232000172,8.80000,0.24000
,,, 0.13235999644,8.96000,0.64000
,,, 0.13239999115,8.72000,8.80000
,,, 0.13244000077,8.96000,0.00
,,, 0.13247999549,8.96000,0.08000
,,, 0.13251999021,9.20000,0.24000
,,, 0.13255999982,9.12000,0.64000
,,, 0.13259999454,9.12000,8.96000
,,, 0.13263998926,9.20000,0.08000
,,, 0.13267999887,9.12000,0.08000
,,, 0.13271999359,9.12000,0.24000
,,, 0.13276000321,8.96000,0.72000
,,, 0.13279999793,8.96000,0.00
,,, 0.13283999264,8.80000,0.08000
,,, 0.13288000226,8.80000,-0.08000
,,, 0.13291999698,8.96000,0.24000
,,, 0.13295999169,8.64000,0.56000
,,, 0.13300000131,8.88000,0.00
,,, 0.13303999603,8.96000,0.00
,,, 0.13307999074,8.88000,-0.08000
,,, 0.13312000036,8.96000,0.24000
,,, 0.13315999508,9.12000,0.64000
,,, 0.13319998980,9.28000,0.00
,,, 0.13323999941,9.12000,0.00
,,, 0.13327999413,9.12000,-0.08000
,,, 0.13332000375,9.20000,0.24000
,,, 0.13335999846,8.96000,0.72000
,,, 0.13339999318,8.96000,0.00
,,, 0.13344000280,8.80000,0.00
,,, 0.13347999752,8.88000,-0.08000
,,, 0.13351999223,8.56000,0.24000
,,, 0.13356000185,8.88000,0.64000
,,, 0.13359999657,8.96000,0.00
,,, 0.13363999128,8.88000,-0.08000
,,, 0.13368000090,8.96000,0.00
,,, 0.13371999562,9.12000,0.24000
,,, 0.13375999033,9.12000,0.64000
,,, 0.13379999995,9.12000,0.00
,,, 0.13383999467,9.12000,0.00
,,, 0.13387998939,9.20000,0.00
,,, 0.13391999900,8.96000,0.24000
,,, 0.13395999372,8.96000,0.64000
,,, 0.13400000334,8.96000,0.00
,,, 0.13403999805,9.12000,0.00
,,, 0.13407999277,8.80000,-0.08000
,,, 0.13412000239,8.80000,0.16000
,,, 0.13415999711,8.96000,0.64000
,,, 0.13419999182,8.56000,-0.08000
,,, 0.13424000144,8.88000,-0.08000
,,, 0.13427999616,9.12000,-0.08000
,,, 0.13431999087,9.28000,0.24000
,,, 0.13436000049,9.12000,0.72000
,,, 0.13439999521,9.12000,0.00
,,, 0.13443998992,9.28000,0.00
,,, 0.13447999954,9.12000,-0.08000
,,, 0.13451999426,9.12000,0.24000
,,, 0.13456000388,8.88000,0.64000
,,, 0.13459999859,8.96000,0.00
,,, 0.13463999331,8.96000,0.00
,,, 0.13468000293,8.80000,0.00
,,, 0.13471999764,8.88000,0.24000
,,, 0.13475999236,8.64000,0.56000
,,, 0.13480000198,8.96000,-0.08000
,,, 0.13483999670,9.12000,0.00
,,, 0.13487999141,8.96000,-0.08000
,,, 0.13492000103,9.12000,0.24000
,,, 0.13495999575,9.12000,0.64000
,,, 0.13499999046,9.28000,0.08000
,,, 0.13504000008,9.12000,0.00
,,, 0.13507999480,9.12000,-0.08000
,,, 0.13511998951,9.12000,0.24000
,,, 0.13515999913,8.96000,0.64000
,,, 0.13519999385,8.96000,0.00
,,, 0.13524000347,8.80000,-0.08000
,,, 0.13527999818,8.96000,-0.08000
,,, 0.13531999290,8.96000,0.24000
,,, 0.13536000252,8.96000,0.64000
,,, 0.13539999723,8.96000,0.00
,,, 0.13543999195,9.12000,-0.08000
,,, 0.13548000157,9.12000,-0.08000
,,, 0.13551999629,9.12000,0.24000
,,, 0.13555999100,9.20000,0.64000
,,, 0.13560000062,9.12000,0.00
,,, 0.13563999534,9.12000,0.00
,,, 0.13567999005,9.12000,0.00
,,, 0.13571999967,8.96000,0.24000
,,, 0.13575999439,8.96000,0.64000
,,, 0.13580000401,8.96000,0.00
,,, 0.13583999872,8.96000,0.00
,,, 0.13587999344,8.96000,0.00
,,, 0.13592000306,8.96000,0.24000
,,, 0.13595999777,9.12000,0.64000
,,, 0.13599999249,8.96000,0.00
,,, 0.13604000211,9.12000,-0.08000
,,, 0.13607999682,8.96000,0.00
,,, 0.13611999154,9.20000,0.24000
,,, 0.13616000116,9.12000,0.72000
,,, 0.13619999588,8.96000,0.00
,,, 0.13623999059,9.12000,0.00
,,, 0.13628000021,8.96000,0.00
,,, 0.13631999493,8.96000,0.24000
,,, 0.13635998964,8.96000,0.64000
,,, 0.13639999926,8.96000,0.00
,,, 0.13643999398,8.96000,0.00
,,, 0.13648000360,8.96000,0.00
,,, 0.13651999831,8.96000,0.24000
,,, 0.13655999303,9.12000,0.64000
,,, 0.13660000265,9.12000,0.00
,,, 0.13663999736,9.12000,0.00
,,, 0.13667999208,8.96000,-0.08000
,,, 0.13672000170,9.12000,0.24000
,,, 0.13675999641,9.12000,0.64000
,,, 0.13679999113,9.12000,0.00
,,, 0.13684000075,9.12000,0.00
,,, 0.13687999547,8.96000,-0.08000
,,, 0.13691999018,8.96000,0.24000
,,, 0.13695999980,9.12000,0.72000
,,, 0.13699999452,9.12000,0.00
,,, 0.13703998923,8.96000,0.00
,,, 0.13707999885,8.96000,0.00
,,, 0.13711999357,8.96000,0.24000
,,, 0.13716000319,8.96000,0.64000
,,, 0.13719999790,8.96000,0.00
,,, 0.13723999262,8.96000,0.00
,,, 0.13728000224,8.96000,0.00
,,, 0.13731999695,9.12000,0.24000
,,, 0.13735999167,9.12000,0.64000
,,, 0.13740000129,8.96000,0.00
,,, 0.13743999600,9.12000,0.00
,,, 0.13747999072,8.96000,-0.08000
,,, 0.13752000034,9.12000,0.24000
,,, 0.13755999506,8.96000,0.64000
,,, 0.13759998977,8.96000,0.00
,,, 0.13763999939,8.96000,0.00
,,, 0.13767999411,8.96000,-0.08000
,,, 0.13772000372,8.96000,0.24000
,,, 0.13775999844,8.96000,0.64000
,,, 0.13779999316,8.96000,0.00
,,, 0.13784000278,9.12000,0.00
,,, 0.13787999749,8.96000,0.00
,,, 0.13791999221,8.96000,0.24000
,,, 0.13796000183,9.12000,0.72000
,,, 0.13799999654,8.96000,0.00
,,, 0.13803999126,9.12000,0.00
,,, 0.13808000088,8.96000,-0.08000
,,, 0.13811999559,8.96000,0.24000
,,, 0.13815999031,9.12000,0.64000
,,, 0.13819999993,9.12000,0.00
,,, 0.13823999465,8.96000,0.00
,,, 0.13827998936,8.96000,-0.08000
,,, 0.13831999898,8.96000,0.24000
,,, 0.13835999370,9.12000,0.64000
,,, 0.13840000331,9.12000,0.00
,,, 0.13843999803,9.12000,0.00
,,, 0.13847999275,9.12000,-0.08000
,,, 0.13852000237,9.12000,0.24000
,,, 0.13855999708,9.12000,0.64000
,,, 0.13859999180,9.12000,0.00
,,, 0.13864000142,9.12000,0.00
,,, 0.13867999613,8.96000,0.00
,,, 0.13871999085,9.12000,0.24000
,,, 0.13876000047,9.12000,0.64000
,,, 0.13879999518,8.96000,0.00
,,, 0.13883998990,8.96000,0.00
,,, 0.13887999952,8.96000,-0.08000
,,, 0.13891999424,8.96000,0.24000
,,, 0.13896000385,8.96000,0.64000
,,, 0.13899999857,9.12000,0.00
,,, 0.13903999329,9.12000,0.00
,,, 0.13908000290,8.96000,-0.08000
,,, 0.13911999762,8.96000,0.24000
,,, 0.13915999234,9.12000,0.64000
,,, 0.13920000196,9.12000,0.00
,,, 0.13923999667,9.12000,0.00
,,, 0.13927999139,8.96000,0.00
,,, 0.13932000101,8.96000,0.24000
,,, 0.13935999572,8.96000,0.64000
,,, 0.13939999044,8.96000,0.08000
,,, 0.13944000006,9.12000,0.00
,,, 0.13947999477,8.96000,0.00
,,, 0.13951998949,8.96000,0.24000
,,, 0.13955999911,9.12000,0.64000
,,, 0.13959999382,9.12000,0.00
,,, 0.13964000344,8.96000,0.00
,,, 0.13967999816,8.96000,0.00
,,, 0.13971999288,8.96000,0.24000
,,, 0.13976000249,9.12000,0.64000
,,, 0.13979999721,8.96000,0.00
,,, 0.13983999193,9.12000,0.00
,,, 0.13988000154,8.96000,-0.08000
,,, 0.13991999626,8.96000,0.24000
,,, 0.13995999098,8.96000,0.64000
,,, 0.14000000060,8.96000,0.00
,,, 0.14003999531,8.96000,0.00
,,, 0.14007999003,8.80000,-0.08000
,,, 0.14011999965,8.96000,0.24000
,,, 0.14015999436,8.96000,0.64000
,,, 0.14019998908,8.88000,0.00
,,, 0.14023999870,9.12000,0.00
,,, 0.14027999341,9.12000,-0.08000
,,, 0.14032000303,9.12000,0.24000
,,, 0.14035999775,9.12000,0.64000
,,, 0.14039999247,9.12000,0.00
,,, 0.14044000208,9.20000,0.00
,,, 0.14047999680,8.96000,0.00
,,, 0.14051999152,8.96000,0.24000
,,, 0.14056000113,8.96000,0.64000
,,, 0.14059999585,8.96000,0.00
,,, 0.14063999057,8.96000,0.00
,,, 0.14068000019,8.80000,-0.08000
,,, 0.14071999490,8.96000,0.24000
,,, 0.14075998962,8.72000,0.64000
,,, 0.14079999924,8.96000,0.00
,,, 0.14083999395,8.96000,0.00
,,, 0.14088000357,9.12000,-0.08000
,,, 0.14091999829,9.12000,0.24000
,,, 0.14095999300,8.96000,0.64000
,,, 0.14100000262,9.20000,0.08000
,,, 0.14103999734,8.96000,0.00
,,, 0.14107999206,8.96000,0.00
,,, 0.14112000167,9.12000,0.24000
,,, 0.14115999639,8.96000,0.64000
,,, 0.14119999111,9.12000,0.00
,,, 0.14124000072,8.88000,0.00
,,, 0.14127999544,8.96000,0.00
,,, 0.14131999016,8.72000,0.08000
,,, 0.14135999978,8.88000,0.64000
,,, 0.14139999449,8.96000,0.00
,,, 0.14143998921,8.80000,-0.08000
,,, 0.14147999883,9.12000,0.00
,,, 0.14151999354,9.12000,0.24000
,,, 0.14156000316,9.36000,0.72000
,,, 0.14159999788,9.12000,0.00
,,, 0.14163999259,9.12000,0.00
,,, 0.14168000221,9.20000,0.00
,,, 0.14171999693,8.96000,0.24000
,,, 0.14175999165,8.96000,0.64000
,,, 0.14180000126,8.88000,0.00
,,, 0.14183999598,8.88000,0.00
,,, 0.14187999070,9.12000,-0.08000
,,, 0.14192000031,8.80000,0.24000
,,, 0.14195999503,8.96000,0.64000
,,, 0.14199998975,8.80000,-0.08000
,,, 0.14203999937,8.96000,0.00
,,, 0.14207999408,8.96000,-0.08000
,,, 0.14212000370,9.20000,0.16000
,,, 0.14215999842,9.12000,0.64000
,,, 0.14219999313,9.12000,0.00
,,, 0.14224000275,9.36000,0.08000
,,, 0.14227999747,9.12000,0.00
,,, 0.14231999218,8.96000,0.24000
,,, 0.14236000180,9.12000,0.72000
,,, 0.14239999652,8.96000,0.08000
,,, 0.14243999124,8.96000,0.00
,,, 0.14248000085,8.72000,-0.08000
,,, 0.14251999557,8.88000,0.24000
,,, 0.14255999029,8.96000,0.64000
,,, 0.14259999990,8.80000,0.00
,,, 0.14263999462,8.96000,0.00
,,, 0.14267998934,9.20000,-0.08000
,,, 0.14271999896,9.12000,0.24000
,,, 0.14275999367,9.12000,0.64000
,,, 0.14280000329,9.36000,0.00
,,, 0.14283999801,9.12000,0.00
,,, 0.14287999272,8.96000,0.00
,,, 0.14292000234,9.12000,0.08000
,,, 0.14295999706,8.96000,0.00
,,, 0.14299999177,8.96000,0.00
,,, 0.14304000139,8.88000,0.00
,,, 0.14307999611,8.88000,0.00
,,, 0.14311999083,8.96000,0.00
,,, 0.14316000044,8.80000,0.00
,,, 0.14319999516,8.96000,0.00
,,, 0.14323998988,8.96000,0.00
,,, 0.14327999949,8.96000,0.00
,,, 0.14331999421,9.12000,0.00
,,, 0.14335998893,9.44000,0.00
,,, 0.14339999855,9.20000,0.00
,,, 0.14343999326,9.12000,0.00
,,, 0.14348000288,9.36000,0.00
,,, 0.14351999760,9.12000,0.00
,,, 0.14355999231,8.96000,0.00
,,, 0.14360000193,8.88000,0.08000
,,, 0.14363999665,8.96000,0.00
,,, 0.14367999136,8.96000,0.00
,,, 0.14372000098,8.80000,0.00
,,, 0.14375999570,8.88000,0.00
,,, 0.14379999042,8.96000,0.00
,,, 0.14384000003,8.88000,0.00
,,, 0.14387999475,8.96000,0.00
,,, 0.14391998947,9.12000,0.00
,,, 0.14395999908,9.12000,0.00
,,, 0.14399999380,9.12000,0.00
,,, 0.14404000342,9.52000,0.08000
,,, 0.14407999814,9.20000,0.00
,,, 0.14411999285,9.12000,0.00
,,, 0.14416000247,9.20000,0.08000
,,, 0.14419999719,9.12000,0.00
,,, 0.14423999190,8.96000,0.00
,,, 0.14428000152,8.72000,0.00
,,, 0.14431999624,8.88000,0.00
,,, 0.14435999095,8.96000,0.00
,,, 0.14440000057,8.80000,0.00
,,, 0.14443999529,8.96000,0.00
,,, 0.14447999001,8.96000,0.00
,,, 0.14451999962,9.20000,-0.08000
,,, 0.14455999434,9.12000,0.00
,,, 0.14459998906,9.12000,0.08000
,,, 0.14463999867,9.20000,0.00
,,, 0.14467999339,9.12000,0.00
,,, 0.14472000301,9.20000,0.08000
,,, 0.14475999773,8.96000,0.00
,,, 0.14479999244,8.88000,0.08000
,,, 0.14484000206,8.96000,0.00
,,, 0.14487999678,8.96000,0.00
,,, 0.14491999149,8.96000,0.00
,,, 0.14496000111,8.72000,-0.08000
,,, 0.14499999583,8.96000,0.00
,,, 0.14503999054,8.96000,0.00
,,, 0.14508000016,8.96000,-0.08000
,,, 0.14511999488,9.12000,0.00
,,, 0.14515998960,8.96000,0.00
,,, 0.14519999921,9.12000,0.08000
,,, 0.14523999393,9.12000,0.00
,,, 0.14528000355,9.12000,0.00
,,, 0.14531999826,9.12000,0.00
,,, 0.14535999298,9.12000,0.00
,,, 0.14540000260,9.12000,0.08000
,,, 0.14543999732,8.88000,0.00
,,, 0.14547999203,8.96000,0.00
,,, 0.14552000165,8.96000,0.00
,,, 0.14555999637,8.96000,0.00
,,, 0.14559999108,9.12000,0.00
,,, 0.14564000070,8.96000,0.00
,,, 0.14567999542,9.12000,0.00
,,, 0.14571999013,8.96000,0.00
,,, 0.14575999975,9.12000,0.00
,,, 0.14579999447,8.96000,0.00
,,, 0.14583998919,8.96000,0.00
,,, 0.14587999880,9.12000,0.08000
,,, 0.14591999352,8.96000,0.00
,,, 0.14596000314,9.20000,0.08000
,,, 0.14599999785,8.96000,0.00
,,, 0.14603999257,9.12000,0.00
,,, 0.14608000219,8.88000,0.00
,,, 0.14611999691,8.96000,0.00
,,, 0.14615999162,8.96000,0.00
,,, 0.14620000124,8.88000,0.00
,,, 0.14623999596,8.96000,0.00
,,, 0.14627999067,9.12000,0.00
,,, 0.14632000029,9.12000,0.00
,,, 0.14635999501,9.12000,0.00
,,, 0.14639998972,8.96000,0.00
,,, 0.14643999934,9.12000,0.00
,,, 0.14647999406,8.96000,0.00
,,, 0.14652000368,9.12000,0.00
,,, 0.14655999839,8.96000,0.00
,,, 0.14659999311,8.96000,0.00
,,, 0.14664000273,8.96000,0.00
,,, 0.14667999744,8.96000,0.00
,,, 0.14671999216,8.96000,0.00
,,, 0.14676000178,8.96000,0.00
,,, 0.14679999650,8.96000,0.00
,,, 0.14683999121,8.96000,0.00
,,, 0.14688000083,9.12000,0.00
,,, 0.14691999555,9.12000,0.00
,,, 0.14695999026,8.96000,0.00
,,, 0.14699999988,9.12000,0.00
,,, 0.14703999460,9.12000,0.00
,,, 0.14707998931,8.96000,0.08000
,,, 0.14711999893,9.12000,0.00
,,, 0.14715999365,9.12000,0.00
,,, 0.14720000327,8.96000,0.00
,,, 0.14723999798,8.96000,0.00
,,, 0.14727999270,9.12000,0.00
,,, 0.14732000232,8.96000,0.00
,,, 0.14735999703,8.96000,0.00
,,, 0.14739999175,9.12000,0.00
,,, 0.14744000137,9.12000,0.00
,,, 0.14747999609,9.12000,0.00
,,, 0.14751999080,9.12000,0.00
,,, 0.14756000042,8.96000,0.00
,,, 0.14759999514,9.12000,0.00
,,, 0.14763998985,8.96000,0.00
,,, 0.14767999947,9.12000,0.00
,,, 0.14771999419,8.96000,0.00
,,, 0.14775998890,9.12000,0.00
,,, 0.14779999852,9.12000,0.00
,,, 0.14783999324,8.96000,0.00
,,, 0.14788000286,8.96000,0.00
,,, 0.14791999757,8.96000,0.00
,,, 0.14795999229,9.12000,0.00
,,, 0.14800000191,8.96000,0.00
,,, 0.14803999662,8.96000,0.00
,,, 0.14807999134,8.96000,0.00
,,, 0.14812000096,9.12000,0.00
,,, 0.14815999568,9.12000,0.00
,,, 0.14819999039,8.96000,0.00
,,, 0.14824000001,9.12000,0.00
,,, 0.14827999473,8.96000,0.00
,,, 0.14831998944,8.96000,0.00
,,, 0.14835999906,8.96000,0.00
,,, 0.14839999378,9.12000,0.00
,,, 0.14844000340,8.96000,0.00
,,, 0.14847999811,8.96000,0.00
,,, 0.14851999283,9.12000,0.00
,,, 0.14856000245,8.96000,0.00
,,, 0.14859999716,8.96000,0.00
,,, 0.14863999188,8.96000,0.00
,,, 0.14868000150,8.96000,0.00
,,, 0.14871999621,9.12000,0.00
,,, 0.14875999093,8.96000,0.00
,,, 0.14880000055,9.12000,0.00
,,, 0.14883999527,9.12000,0.00
,,, 0.14887998998,8.96000,0.00
,,, 0.14891999960,8.96000,0.00
,,, 0.14895999432,9.12000,0.00
,,, 0.14899998903,8.96000,0.00
,,, 0.14903999865,8.96000,0.00
,,, 0.14907999337,8.96000,0.00
,,, 0.14912000299,8.96000,0.00
,,, 0.14915999770,9.12000,0.00
,,, 0.14919999242,9.12000,0.00
,,, 0.14924000204,8.88000,0.00
,,, 0.14927999675,8.96000,0.00
,,, 0.14931999147,8.96000,0.00
,,, 0.14936000109,9.12000,0.00
,,, 0.14939999580,9.12000,0.00
,,, 0.14943999052,8.96000,0.00
,,, 0.14948000014,9.12000,0.00
,,, 0.14951999485,9.12000,0.00
,,, 0.14955998957,9.12000,0.00
,,, 0.14959999919,9.12000,0.00
,,, 0.14963999391,8.96000,0.00
,,, 0.14968000352,8.96000,0.00
,,, 0.14971999824,8.88000,0.00
,,, 0.14975999296,8.96000,0.00
,,, 0.14980000257,8.96000,0.00
,,, 0.14983999729,8.96000,0.00
,,, 0.14987999201,9.12000,0.00
,,, 0.14992000163,8.88000,0.00
,,, 0.14995999634,8.96000,0.00
,,, 0.14999999106,8.96000,0.00
,,, 0.15004000068,9.12000,0.00
,,, 0.15007999539,9.12000,0.00
,,, 0.15011999011,9.12000,0.00
,,, 0.15015999973,9.20000,0.08000
,,, 0.15019999444,9.12000,0.00
,,, 0.15023998916,9.12000,0.00
,,, 0.15027999878,9.12000,0.00
,,, 0.15031999350,8.96000,0.00
,,, 0.15036000311,8.96000,0.00
,,, 0.15039999783,8.80000,0.00
,,, 0.15043999255,8.96000,0.00
,,, 0.15048000216,8.96000,0.00
,,, 0.15051999688,8.88000,0.00
,,, 0.15055999160,9.12000,0.00
,,, 0.15060000122,8.88000,0.00
,,, 0.15063999593,9.12000,0.00
,,, 0.15067999065,9.12000,0.00
,,, 0.15072000027,9.12000,0.00
,,, 0.15075999498,9.12000,0.00
,,, 0.15079998970,9.12000,0.00
,,, 0.15083999932,9.20000,0.08000
,,, 0.15087999403,8.96000,0.00
,,, 0.15091998875,9.12000,0.00
,,, 0.15095999837,8.96000,0.00
,,, 0.15099999309,9.12000,0.00
,,, 0.15104000270,8.96000,0.00
,,, 0.15107999742,8.80000,0.00
,,, 0.15111999214,8.96000,0.00
,,, 0.15116000175,9.12000,0.00
,,, 0.15119999647,8.96000,0.00
,,, 0.15123999119,8.96000,0.00
,,, 0.15128000081,9.20000,0.00
,,, 0.15131999552,9.12000,0.00
,,, 0.15135999024,9.12000,0.08000
,,, 0.15139999986,9.20000,0.00
,,, 0.15143999457,9.12000,0.00
,,, 0.15147998929,9.12000,0.00
,,, 0.15151999891,9.12000,0.08000
,,, 0.15155999362,8.96000,0.00
,,, 0.15160000324,8.96000,0.00
,,, 0.15163999796,8.88000,0.00
,,, 0.15167999268,8.88000,0.00
,,, 0.15172000229,8.96000,0.00
,,, 0.15175999701,8.80000,-0.08000
,,, 0.15179999173,8.96000,0.00
,,, 0.15184000134,9.12000,0.00
,,, 0.15187999606,8.96000,0.00
,,, 0.15191999078,9.12000,0.00
,,, 0.15196000040,9.44000,0.00
,,, 0.15199999511,9.20000,0.08000
,,, 0.15203998983,8.96000,0.00
,,, 0.15207999945,9.36000,0.08000
,,, 0.15211999416,9.12000,0.08000
,,, 0.15215998888,8.96000,0.00
,,, 0.15219999850,8.80000,0.08000
,,, 0.15223999321,8.88000,0.00
,,, 0.15228000283,8.96000,0.00
,,, 0.15231999755,8.80000,-0.08000
,,, 0.15235999227,8.96000,0.00
,,, 0.15240000188,9.12000,0.00
,,, 0.15243999660,8.96000,0.00
,,, 0.15247999132,9.12000,0.00
,,, 0.15252000093,9.12000,0.00
,,, 0.15255999565,9.20000,0.00
,,, 0.15259999037,9.12000,0.00
,,, 0.15263999999,9.44000,0.16000
,,, 0.15267999470,9.12000,0.08000
,,, 0.15271998942,9.12000,0.00
,,, 0.15275999904,9.12000,0.08000
,,, 0.15279999375,8.96000,0.00
,,, 0.15284000337,8.96000,0.08000
,,, 0.15287999809,8.72000,0.00
,,, 0.15291999280,8.88000,-0.08000
,,, 0.15296000242,8.96000,0.00
,,, 0.15299999714,8.80000,-0.08000
,,, 0.15303999186,8.96000,0.00
,,, 0.15308000147,8.96000,0.00
,,, 0.15311999619,9.20000,0.00
,,, 0.15315999091,9.12000,0.00
,,, 0.15320000052,9.20000,0.00
,,, 0.15323999524,9.20000,0.08000
,,, 0.15327998996,8.96000,0.00
,,, 0.15331999958,8.96000,0.08000
,,, 0.15335999429,8.88000,0.08000
,,, 0.15339998901,8.96000,0.00
,,, 0.15343999863,8.80000,0.00
,,, 0.15347999334,8.96000,0.00
,,, 0.15352000296,8.96000,0.00
,,, 0.15355999768,8.80000,-0.08000
,,, 0.15359999239,9.12000,0.00
,,, 0.15364000201,8.96000,0.00
,,, 0.15367999673,9.12000,0.00
,,, 0.15371999145,9.12000,0.00
,,, 0.15376000106,8.96000,0.00
,,, 0.15379999578,9.20000,0.08000
,,, 0.15383999050,9.12000,0.00
,,, 0.15388000011,9.28000,0.16000
,,, 0.15391999483,9.12000,0.00
,,, 0.15395998955,9.12000,0.08000
,,, 0.15399999917,8.64000,0.00
,,, 0.15403999388,8.80000,0.00
,,, 0.15408000350,8.96000,0.00
,,, 0.15411999822,8.72000,-0.08000
,,, 0.15415999293,8.96000,0.00
,,, 0.15420000255,8.96000,0.00
,,, 0.15423999727,9.20000,0.00
,,, 0.15427999198,9.12000,0.00
,,, 0.15432000160,9.12000,0.00
,,, 0.15435999632,9.20000,0.00
,,, 0.15439999104,9.12000,0.00
,,, 0.15444000065,9.12000,0.00
,,, 0.15447999537,8.96000,0.00
,,, 0.15451999009,8.96000,0.00
,,, 0.15455999970,8.80000,0.08000
,,, 0.15459999442,8.88000,0.00
,,, 0.15463998914,8.96000,0.00
,,, 0.15467999876,8.72000,-0.08000
,,, 0.15471999347,8.96000,0.00
,,, 0.15476000309,8.96000,0.00
,,, 0.15479999781,9.12000,0.00
,,, 0.15483999252,9.12000,0.00
,,, 0.15488000214,9.12000,0.00
,,, 0.15491999686,9.28000,0.08000
,,, 0.15495999157,9.12000,0.08000
,,, 0.15500000119,8.96000,0.08000
,,, 0.15503999591,9.12000,0.08000
,,, 0.15507999063,8.96000,0.00
,,, 0.15512000024,8.96000,0.00
,,, 0.15515999496,8.88000,0.00
,,, 0.15519998968,8.96000,0.00
,,, 0.15523999929,8.80000,0.00
,,, 0.15527999401,8.96000,0.00
,,, 0.15531998873,8.96000,0.00
,,, 0.15535999835,8.88000,0.00
,,, 0.15539999306,9.12000,0.00
,,, 0.15544000268,9.12000,0.00
,,, 0.15547999740,9.12000,0.00
,,, 0.15551999211,9.12000,0.00
,,, 0.15556000173,9.12000,0.00
,,, 0.15559999645,9.12000,0.08000
,,, 0.15563999116,9.12000,0.00
,,, 0.15568000078,9.12000,0.00
,,, 0.15571999550,8.96000,0.00
,,, 0.15575999022,9.12000,0.00
,,, 0.15579999983,8.96000,0.00
,,, 0.15583999455,8.96000,0.00
,,, 0.15587998927,8.96000,0.00
,,, 0.15591999888,8.80000,0.00
,,, 0.15595999360,8.96000,0.00
,,, 0.15600000322,8.96000,0.00
,,, 0.15603999794,9.12000,0.00
,,, 0.15607999265,9.12000,0.08000
,,, 0.15612000227,8.96000,0.00
,,, 0.15615999699,9.12000,0.00
,,, 0.15619999170,8.96000,0.00
,,, 0.15624000132,8.96000,0.00
,,, 0.15627999604,9.12000,0.00
,,, 0.15631999075,9.12000,0.08000
,,, 0.15636000037,8.96000,0.00
,,, 0.15639999509,9.12000,0.00
,,, 0.15643998981,8.96000,0.00
,,, 0.15647999942,8.88000,0.00
,,, 0.15651999414,8.96000,0.00
,,, 0.15655998886,8.96000,0.00
,,, 0.15659999847,8.96000,0.00
,,, 0.15663999319,9.12000,0.00
,,, 0.15668000281,9.12000,0.00
,,, 0.15671999753,9.12000,0.00
,,, 0.15675999224,8.96000,0.00
,,, 0.15680000186,9.12000,0.00
,,, 0.15683999658,9.12000,0.00
,,, 0.15687999129,9.12000,0.00
,,, 0.15692000091,9.12000,0.00
,,, 0.15695999563,8.96000,0.00
,,, 0.15699999034,8.96000,0.00
,,, 0.15703999996,8.96000,0.00
,,, 0.15707999468,8.96000,0.00
,,, 0.15711998940,8.96000,0.00
,,, 0.15715999901,9.12000,-0.08000
,,, 0.15719999373,8.96000,0.00
,,, 0.15724000335,8.96000,0.00
,,, 0.15727999806,9.12000,0.00
,,, 0.15731999278,9.12000,0.00
,,, 0.15736000240,9.12000,0.00
,,, 0.15739999712,9.12000,0.00
,,, 0.15743999183,8.96000,0.00
,,, 0.15748000145,8.96000,0.00
,,, 0.15751999617,8.96000,0.00
,,, 0.15755999088,8.96000,0.00
,,, 0.15760000050,8.96000,0.00
,,, 0.15763999522,8.96000,0.00
,,, 0.15767998993,9.12000,0.00
,,, 0.15771999955,8.96000,0.00
,,, 0.15775999427,9.12000,0.00
,,, 0.15779998899,8.96000,0.00
,,, 0.15783999860,9.12000,0.00
,,, 0.15787999332,8.96000,0.00
,,, 0.15792000294,8.96000,0.00
,,, 0.15795999765,9.12000,0.00
,,, 0.15799999237,8.96000,0.00
,,, 0.15804000199,8.96000,0.00
,,, 0.15807999671,8.96000,0.00
,,, 0.15811999142,8.96000,0.00
,,, 0.15816000104,8.96000,0.00
,,, 0.15819999576,8.96000,0.00
,,, 0.15823999047,8.96000,0.00
,,, 0.15828000009,9.12000,0.00
,,, 0.15831999481,9.12000,0.00
,,, 0.15835998952,8.96000,0.00
,,, 0.15839999914,8.96000,0.00
,,, 0.15843999386,9.12000,0.00
,,, 0.15847998857,8.96000,0.00
,,, 0.15851999819,9.12000,0.00
,,, 0.15855999291,9.12000,0.00
,,, 0.15860000253,9.12000,0.00
,,, 0.15863999724,9.12000,0.00
,,, 0.15867999196,9.12000,0.00
,,, 0.15872000158,8.96000,0.00
,,, 0.15875999629,8.96000,0.00
,,, 0.15879999101,9.12000,0.00
,,, 0.15884000063,8.96000,0.00
,,, 0.15887999535,8.96000,0.00
,,, 0.15891999006,9.12000,0.00
,,, 0.15895999968,9.12000,0.00
,,, 0.15899999440,8.96000,0.00
,,, 0.15903998911,9.12000,0.00
,,, 0.15907999873,9.12000,0.00
,,, 0.15911999345,8.96000,0.00
,,, 0.15916000307,8.96000,0.00
,,, 0.15919999778,9.12000,0.00
,,, 0.15923999250,9.12000,0.00
,,, 0.15928000212,8.96000,0.00
,,, 0.15931999683,9.12000,0.00
,,, 0.15935999155,8.96000,0.00
,,, 0.15940000117,8.96000,0.00
,,, 0.15943999588,8.96000,0.00
,,, 0.15947999060,9.12000,0.00
,,, 0.15952000022,8.96000,0.00
,,, 0.15955999494,8.96000,0.00
,,, 0.15959998965,8.96000,0.00
,,, 0.15963999927,8.96000,0.00
,,, 0.15967999399,8.96000,0.00
,,, 0.15971998870,9.12000,0.00
,,, 0.15975999832,8.96000,0.00
,,, 0.15979999304,8.96000,0.00
,,, 0.15984000266,8.96000,0.00
,,, 0.15987999737,9.12000,0.00
,,, 0.15991999209,9.12000,0.00
,,, 0.15996000171,9.12000,0.00
,,, 0.15999999642,9.12000,0.00
,,, 0.16003999114,9.12000,0.00
,,, 0.16008000076,9.12000,0.00
,,, 0.16011999547,8.88000,0.00
,,, 0.16015999019,8.96000,0.00
,,, 0.16019999981,8.96000,0.00
,,, 0.16023999453,8.96000,0.00
,,, 0.16027998924,8.96000,0.00
,,, 0.16031999886,9.12000,0.00
,,, 0.16035999358,9.12000,0.00
,,, 0.16040000319,9.12000,0.08000
,,, 0.16043999791,8.96000,0.00
,,, 0.16047999263,9.12000,0.00
,,, 0.16052000225,9.12000,0.00
,,, 0.16055999696,9.20000,0.08000
,,, 0.16059999168,9.12000,0.00
,,, 0.16064000130,9.12000,0.00
,,, 0.16067999601,8.96000,0.00
,,, 0.16071999073,9.12000,0.00
,,, 0.16076000035,8.96000,0.00
,,, 0.16079999506,8.80000,0.00
,,, 0.16083998978,8.96000,0.08000
,,, 0.16087999940,8.96000,0.00
,,, 0.16091999412,8.88000,0.00
,,, 0.16095998883,9.12000,0.00
,,, 0.16099999845,9.12000,0.00
,,, 0.16103999317,9.12000,0.00
,,, 0.16108000278,8.96000,0.00
,,, 0.16111999750,9.12000,0.00
,,, 0.16115999222,9.12000,0.08000
,,, 0.16120000184,9.12000,0.00
,,, 0.16123999655,9.12000,0.08000
,,, 0.16127999127,8.96000,0.00
,,, 0.16132000089,8.96000,0.00
,,, 0.16135999560,8.80000,0.00
,,, 0.16139999032,8.88000,0.00
,,, 0.16143999994,8.96000,0.00
,,, 0.16147999465,8.80000,-0.08000
,,, 0.16151998937,8.96000,0.00
,,, 0.16155999899,9.12000,0.00
,,, 0.16159999371,9.12000,0.00
,,, 0.16164000332,9.12000,0.00
,,, 0.16167999804,8.96000,0.00
,,, 0.16171999276,9.20000,0.08000
,,, 0.16176000237,9.12000,0.00
,,, 0.16179999709,9.28000,0.08000
,,, 0.16183999181,9.20000,0.00
,,, 0.16188000143,9.12000,0.00
,,, 0.16191999614,8.88000,0.08000
,,, 0.16195999086,8.88000,0.00
,,, 0.16200000048,8.96000,0.00
,,, 0.16203999519,8.80000,0.00
,,, 0.16207998991,8.88000,0.00
,,, 0.16211999953,8.96000,0.00
,,, 0.16215999424,8.80000,-0.08000
,,, 0.16219998896,8.96000,0.00
,,, 0.16223999858,9.12000,0.00
,,, 0.16227999330,9.12000,0.00
,,, 0.16232000291,9.12000,0.00
,,, 0.16235999763,9.12000,0.00
,,, 0.16239999235,9.20000,0.08000
,,, 0.16244000196,9.12000,0.00
,,, 0.16247999668,9.44000,0.08000
,,, 0.16251999140,9.12000,0.00
,,, 0.16256000102,8.96000,0.00
,,, 0.16259999573,8.72000,0.00
,,, 0.16263999045,8.80000,0.00
,,, 0.16268000007,8.96000,0.00
,,, 0.16271999478,8.72000,0.00
,,, 0.16275998950,8.88000,0.00
,,, 0.16279999912,8.96000,0.00
,,, 0.16283999383,9.12000,-0.08000
,,, 0.16287998855,9.12000,0.00
,,, 0.16291999817,9.12000,0.00
,,, 0.16295999289,9.20000,0.00
,,, 0.16300000250,9.12000,0.00
,,, 0.16303999722,8.96000,0.08000
,,, 0.16307999194,9.12000,0.08000
,,, 0.16312000155,8.96000,0.24000
,,, 0.16315999627,9.12000,0.72000
,,, 0.16319999099,8.88000,8.96000
,,, 0.16324000061,8.96000,0.08000
,,, 0.16327999532,8.56000,0.00
,,, 0.16331999004,8.88000,0.16000
,,, 0.16335999966,8.96000,0.64000
,,, 0.16339999437,8.80000,8.80000
,,, 0.16343998909,8.96000,0.00
,,, 0.16347999871,8.96000,0.08000
,,, 0.16351999342,9.28000,0.24000
,,, 0.16356000304,9.12000,0.64000
,,, 0.16359999776,8.96000,8.96000
,,, 0.16363999248,9.20000,0.08000
,,, 0.16368000209,9.12000,0.08000
,,, 0.16371999681,9.12000,0.24000
,,, 0.16375999153,8.88000,0.72000
,,, 0.16380000114,8.88000,8.88000
,,, 0.16383999586,8.64000,0.08000
,,, 0.16387999058,8.88000,0.08000
,,, 0.16392000020,8.96000,0.24000
,,, 0.16395999491,8.56000,0.56000
,,, 0.16399998963,8.96000,8.88000
,,, 0.16403999925,8.96000,0.00
,,, 0.16407999396,9.12000,0.08000
,,, 0.16411998868,9.12000,0.24000
,,, 0.16415999830,8.96000,0.64000
,,, 0.16419999301,9.28000,9.12000
,,, 0.16424000263,9.12000,0.08000
,,, 0.16427999735,9.12000,0.08000
,,, 0.16431999207,9.12000,0.24000
,,, 0.16436000168,9.12000,0.64000
,,, 0.16439999640,8.80000,8.88000
,,, 0.16443999112,8.80000,0.00
,,, 0.16448000073,8.96000,0.08000
,,, 0.16451999545,8.56000,0.16000
,,, 0.16455999017,8.88000,0.64000
,,, 0.16459999979,9.12000,8.88000
,,, 0.16463999450,9.20000,0.00
,,, 0.16467998922,9.12000,0.08000
,,, 0.16471999884,9.12000,0.24000
,,, 0.16475999355,9.20000,0.64000
,,, 0.16480000317,9.12000,8.96000
,,, 0.16483999789,8.96000,0.08000
,,, 0.16487999260,8.96000,0.08000
,,, 0.16492000222,8.96000,0.24000
,,, 0.16495999694,8.96000,0.64000
,,, 0.16499999166,8.96000,8.96000
,,, 0.16504000127,8.96000,0.00
,,, 0.16507999599,8.80000,0.00
,,, 0.16511999071,8.80000,0.24000
,,, 0.16516000032,9.12000,0.64000
,,, 0.16519999504,8.80000,8.80000
,,, 0.16523998976,9.12000,0.00
,,, 0.16527999938,8.96000,0.08000
,,, 0.16531999409,9.28000,0.24000
,,, 0.16535998881,9.12000,0.64000
,,, 0.16539999843,9.12000,8.96000
,,, 0.16543999314,9.12000,0.08000
,,, 0.16548000276,9.12000,0.08000
,,, 0.16551999748,9.12000,0.24000
,,, 0.16555999219,8.88000,0.64000
,,, 0.16560000181,8.96000,8.96000
,,, 0.16563999653,8.96000,0.00
,,, 0.16567999125,8.88000,0.08000
,,, 0.16572000086,8.96000,0.24000
,,, 0.16575999558,8.80000,0.64000
,,, 0.16579999030,8.96000,8.96000
,,, 0.16583999991,8.96000,0.08000
,,, 0.16587999463,8.96000,0.00
,,, 0.16591998935,9.12000,0.24000
,,, 0.16595999897,8.96000,0.64000
,,, 0.16599999368,9.20000,8.96000
,,, 0.16603998840,9.12000,0.08000
,,, 0.16607999802,8.96000,0.08000
,,, 0.16611999273,9.12000,0.24000
,,, 0.16616000235,9.12000,0.64000
,,, 0.16619999707,9.12000,8.96000
,,, 0.16623999178,8.88000,0.00
,,, 0.16628000140,8.96000,0.08000
,,, 0.16631999612,8.96000,0.24000
,,, 0.16635999084,8.96000,0.64000
,,, 0.16640000045,8.96000,8.88000
,,, 0.16643999517,8.96000,0.00
,,, 0.16647998989,9.12000,0.08000
,,, 0.16651999950,8.96000,0.24000
,,, 0.16655999422,9.12000,0.64000
,,, 0.16659998894,8.96000,8.96000
,,, 0.16663999856,8.96000,0.08000
,,, 0.16667999327,8.96000,0.08000
,,, 0.16672000289,8.96000,0.24000
,,, 0.16675999761,8.96000,0.64000
,,, 0.16679999232,8.96000,8.88000
,,, 0.16684000194,8.96000,0.08000
,,, 0.16687999666,9.12000,0.08000
,,, 0.16691999137,8.96000,0.24000
,,, 0.16696000099,9.12000,0.64000
,,, 0.16699999571,8.96000,8.88000
,,, 0.16703999043,8.96000,0.08000
,,, 0.16708000004,8.96000,0.08000
,,, 0.16711999476,9.12000,0.24000
,,, 0.16715998948,9.12000,0.64000
,,, 0.16719999909,8.96000,8.88000
,,, 0.16723999381,9.12000,0.08000
,,, 0.16727998853,9.12000,0.08000
,,, 0.16731999815,8.96000,0.24000
,,, 0.16735999286,9.12000,0.64000
,,, 0.16740000248,8.96000,8.88000
,,, 0.16743999720,8.96000,0.00
,,, 0.16747999191,8.96000,0.08000
,,, 0.16752000153,8.96000,0.24000
,,, 0.16755999625,8.96000,0.64000
,,, 0.16759999096,8.96000,8.88000
,,, 0.16764000058,8.96000,0.08000
,,, 0.16767999530,9.12000,0.08000
,,, 0.16771999002,8.96000,0.24000
,,, 0.16775999963,8.96000,0.64000
,,, 0.16779999435,9.12000,8.96000
,,, 0.16783998907,8.96000,0.00
,,, 0.16787999868,9.12000,0.08000
,,, 0.16791999340,8.96000,0.24000
,,, 0.16796000302,9.12000,0.64000
,,, 0.16799999774,9.12000,8.96000
,,, 0.16803999245,8.96000,0.08000
,,, 0.16808000207,8.96000,0.08000
,,, 0.16811999679,8.96000,0.24000
,,, 0.16815999150,8.96000,0.64000
,,, 0.16820000112,8.96000,8.88000
,,, 0.16823999584,9.12000,0.00
,,, 0.16827999055,8.96000,0.08000
,,, 0.16832000017,9.12000,0.24000
,,, 0.16835999489,8.96000,0.64000
,,, 0.16839998960,8.96000,8.88000
,,, 0.16843999922,8.96000,0.00
,,, 0.16847999394,9.12000,0.08000
,,, 0.16851998866,9.12000,0.24000
,,, 0.16855999827,8.96000,0.64000
,,, 0.16859999299,8.96000,8.96000
,,, 0.16864000261,8.96000,0.00
,,, 0.16867999732,8.96000,0.08000
,,, 0.16871999204,8.88000,0.24000
,,, 0.16876000166,8.96000,0.64000
,,, 0.16879999638,8.96000,8.96000
,,, 0.16883999109,8.96000,0.00
,,, 0.16888000071,8.96000,0.08000
,,, 0.16891999543,9.12000,0.24000
,,, 0.16895999014,8.96000,0.64000
,,, 0.16899999976,9.12000,8.88000
,,, 0.16903999448,9.12000,0.00
,,, 0.16907998919,9.12000,0.08000
,,, 0.16911999881,8.96000,0.24000
,,, 0.16915999353,9.12000,0.64000
,,, 0.16920000315,8.96000,8.88000
,,, 0.16923999786,8.96000,0.00
,,, 0.16927999258,9.12000,0.08000
,,, 0.16932000220,8.96000,0.24000
,,, 0.16935999691,9.12000,0.64000
,,, 0.16939999163,8.80000,8.88000
,,, 0.16944000125,8.96000,0.00
,,, 0.16947999597,8.96000,0.08000
,,, 0.16951999068,8.96000,0.16000
,,, 0.16956000030,8.96000,0.64000
,,, 0.16959999502,9.12000,8.96000
,,, 0.16963998973,9.12000,0.00
,,, 0.16967999935,9.12000,0.00
,,, 0.16971999407,9.12000,0.24000
,,, 0.16975998878,9.12000,0.64000
,,, 0.16979999840,8.96000,8.96000
,,, 0.16983999312,9.12000,0.00
,,, 0.16988000274,9.12000,0.08000
,,, 0.16991999745,9.12000,0.16000
,,, 0.16995999217,9.12000,0.64000
,,, 0.17000000179,9.12000,8.96000
,,, 0.17003999650,8.96000,0.00
,,, 0.17007999122,8.88000,0.00
,,, 0.17012000084,8.96000,0.24000
,,, 0.17015999556,8.96000,0.56000
,,, 0.17019999027,8.96000,8.88000
,,, 0.17023999989,8.96000,0.00
,,, 0.17027999461,8.96000,0.08000
,,, 0.17031998932,9.12000,0.24000
,,, 0.17035999894,9.12000,0.64000
,,, 0.17039999366,9.12000,8.88000
,,, 0.17043998837,9.12000,0.00
,,, 0.17047999799,8.96000,0.08000
,,, 0.17051999271,9.12000,0.24000
,,, 0.17056000233,8.88000,0.64000
,,, 0.17059999704,8.96000,8.96000
,,, 0.17063999176,8.96000,0.08000
,,, 0.17068000138,8.96000,0.08000
,,, 0.17071999609,9.12000,0.24000
,,, 0.17075999081,8.88000,0.56000
,,, 0.17080000043,9.12000,8.88000
,,, 0.17083999515,8.96000,0.00
,,, 0.17087998986,8.96000,0.00
,,, 0.17091999948,8.96000,0.16000
,,, 0.17095999420,9.12000,0.64000
,,, 0.17099998891,9.12000,8.96000
,,, 0.17103999853,9.12000,0.00
,,, 0.17107999325,9.28000,0.08000
,,, 0.17112000287,9.12000,0.24000
,,, 0.17115999758,9.12000,0.64000
,,, 0.17119999230,8.80000,8.96000
,,, 0.17124000192,8.88000,0.00
,,, 0.17127999663,8.96000,0.00
,,, 0.17131999135,8.80000,0.16000
,,, 0.17136000097,8.88000,0.64000
,,, 0.17139999568,8.96000,8.88000
,,, 0.17143999040,9.12000,0.00
,,, 0.17148000002,9.12000,0.00
,,, 0.17151999474,9.12000,0.24000
,,, 0.17155998945,9.12000,0.64000
,,, 0.17159999907,9.12000,8.96000
,,, 0.17163999379,8.96000,0.00
,,, 0.17167998850,8.96000,0.08000
,,, 0.17171999812,8.96000,0.24000
,,, 0.17175999284,8.96000,0.72000
,,, 0.17180000246,8.96000,8.88000
,,, 0.17183999717,8.88000,0.00
,,, 0.17187999189,8.64000,0.00
,,, 0.17192000151,8.88000,0.24000
,,, 0.17195999622,8.96000,0.64000
,,, 0.17199999094,8.80000,8.80000
,,, 0.17204000056,8.96000,0.00
,,, 0.17207999527,9.12000,0.08000
,,, 0.17211998999,9.28000,0.24000
,,, 0.17215999961,9.12000,0.64000
,,, 0.17219999433,8.96000,8.88000
,,, 0.17223998904,9.20000,0.08000
,,, 0.17227999866,9.12000,0.08000
,,, 0.17231999338,8.96000,0.24000
,,, 0.17236000299,8.88000,0.64000
,,, 0.17239999771,8.96000,8.88000
,,, 0.17243999243,8.64000,0.00
,,, 0.17248000205,8.80000,0.08000
,,, 0.17251999676,8.96000,0.24000
,,, 0.17255999148,8.80000,0.40000
,,, 0.17260000110,9.12000,8.88000
,,, 0.17263999581,9.12000,0.00
,,, 0.17267999053,9.12000,0.00
,,, 0.17272000015,9.12000,0.16000
,,, 0.17275999486,9.12000,0.64000
,,, 0.17279998958,9.28000,9.12000
,,, 0.17283999920,9.12000,0.08000
,,, 0.17287999392,9.12000,0.08000
,,, 0.17291998863,9.12000,0.24000
,,, 0.17295999825,8.96000,0.64000
,,, 0.17299999297,8.80000,8.88000
,,, 0.17304000258,8.80000,0.00
,,, 0.17307999730,8.96000,0.00
,,, 0.17311999202,8.56000,0.08000
,,, 0.17316000164,8.80000,0.64000
,,, 0.17319999635,8.96000,0.00
,,, 0.17323999107,9.20000,-0.08000
,,, 0.17328000069,9.20000,0.00
,,, 0.17331999540,9.12000,0.24000
,,, 0.17335999012,9.28000,0.64000
,,, 0.17339999974,9.12000,0.00
,,, 0.17343999445,8.96000,0.00
,,, 0.17347998917,9.12000,0.00
,,, 0.17351999879,8.96000,0.24000
,,, 0.17355999351,8.96000,0.56000
,,, 0.17359998822,8.96000,0.00
,,, 0.17363999784,8.96000,0.00
,,, 0.17367999256,8.64000,-0.08000
,,, 0.17372000217,8.80000,0.16000
,,, 0.17375999689,8.96000,0.56000
,,, 0.17379999161,8.80000,-0.08000
,,, 0.17384000123,8.96000,-0.08000
,,, 0.17387999594,8.96000,-0.08000
,,, 0.17391999066,9.44000,0.24000
,,, 0.17396000028,9.12000,0.64000
,,, 0.17399999499,9.12000,0.00
,,, 0.17403998971,9.28000,0.00
,,, 0.17407999933,9.12000,0.00
,,, 0.17411999404,8.96000,0.24000
,,, 0.17415998876,8.88000,0.64000
,,, 0.17419999838,8.96000,0.00
,,, 0.17423999310,8.96000,0.00
,,, 0.17428000271,8.80000,-0.08000
,,, 0.17431999743,8.96000,0.16000
,,, 0.17435999215,8.72000,0.40000
,,, 0.17440000176,9.12000,0.00
,,, 0.17443999648,9.12000,-0.08000
,,, 0.17447999120,8.96000,-0.08000
,,, 0.17452000082,9.12000,0.24000
,,, 0.17455999553,9.12000,0.64000
,,, 0.17459999025,9.44000,0.08000
,,, 0.17463999987,8.96000,0.00
,,, 0.17467999458,8.96000,-0.08000
,,, 0.17471998930,9.12000,0.24000
,,, 0.17475999892,8.96000,0.64000
,,, 0.17479999363,9.12000,0.00
,,, 0.17483998835,8.72000,0.00
,,, 0.17487999797,8.96000,-0.08000
,,, 0.17491999269,8.96000,0.24000
,,, 0.17496000230,8.80000,0.56000
,,, 0.17499999702,8.96000,0.00
,,, 0.17503999174,9.12000,-0.08000
,,, 0.17508000135,9.12000,-0.08000
,,, 0.17511999607,9.12000,0.16000
,,, 0.17515999079,9.12000,0.64000
,,, 0.17520000041,9.12000,0.00
,,, 0.17523999512,8.96000,0.00
,,, 0.17527998984,9.12000,0.00
,,, 0.17531999946,8.96000,0.24000
,,, 0.17535999417,8.96000,0.64000
,,, 0.17539998889,8.96000,0.00
,,, 0.17543999851,8.96000,0.00
,,, 0.17547999322,8.96000,-0.08000
,,, 0.17552000284,8.88000,0.16000
,,, 0.17555999756,8.96000,0.64000
,,, 0.17559999228,9.12000,0.00
,,, 0.17564000189,8.88000,0.00
,,, 0.17567999661,8.96000,0.00
,,, 0.17571999133,9.20000,0.24000
,,, 0.17576000094,9.12000,0.64000
,,, 0.17579999566,9.12000,0.00
,,, 0.17583999038,9.20000,0.00
,,, 0.17588000000,9.12000,-0.08000
,,, 0.17591999471,8.96000,0.24000
,,, 0.17595998943,8.88000,0.64000
,,, 0.17599999905,8.88000,0.00
,,, 0.17603999376,8.96000,0.00
,,, 0.17607998848,8.96000,-0.08000
,,, 0.17611999810,8.96000,0.24000
,,, 0.17615999281,8.96000,0.56000
,,, 0.17620000243,9.12000,0.00
,,, 0.17623999715,8.96000,0.00
,,, 0.17627999187,9.12000,0.00
,,, 0.17632000148,9.12000,0.24000
,,, 0.17635999620,8.96000,0.64000
,,, 0.17639999092,9.12000,0.00
,,, 0.17644000053,8.96000,0.00
,,, 0.17647999525,8.96000,0.00
,,, 0.17651998997,9.12000,0.24000
,,, 0.17655999959,9.12000,0.64000
,,, 0.17659999430,8.96000,0.00
,,, 0.17663998902,8.96000,0.00
,,, 0.17667999864,8.96000,-0.08000
,,, 0.17671999335,8.96000,0.24000
,,, 0.17676000297,8.96000,0.64000
,,, 0.17679999769,9.12000,0.00
,,, 0.17683999240,8.96000,0.00
,,, 0.17688000202,8.96000,0.00
,,, 0.17691999674,9.12000,0.24000
,,, 0.17695999146,8.96000,0.64000
,,, 0.17700000107,8.96000,0.00
,,, 0.17703999579,8.96000,0.00
,,, 0.17707999051,9.12000,0.00
,,, 0.17712000012,9.12000,0.24000
,,, 0.17715999484,8.96000,0.64000
,,, 0.17719998956,9.12000,0.00
,,, 0.17723999918,8.96000,0.00
,,, 0.17727999389,9.12000,-0.08000
,,, 0.17731998861,8.96000,0.24000
,,, 0.17735999823,8.96000,0.64000
,,, 0.17739999294,9.12000,0.00
,,, 0.17744000256,8.96000,0.00
,,, 0.17747999728,8.96000,0.00
,,, 0.17751999199,8.96000,0.24000
,,, 0.17756000161,8.96000,0.64000
,,, 0.17759999633,8.96000,0.00
,,, 0.17763999104,8.96000,0.00
,,, 0.17768000066,8.96000,0.00
,,, 0.17771999538,8.96000,0.24000
,,, 0.17775999010,9.12000,0.64000
,,, 0.17779999971,8.96000,0.00
,,, 0.17783999443,8.96000,0.00
,,, 0.17787998915,8.96000,-0.08000
,,, 0.17791999876,8.96000,0.24000
,,, 0.17795999348,8.96000,0.64000
,,, 0.17799998820,8.96000,0.00
,,, 0.17803999782,8.96000,0.00
,,, 0.17807999253,8.96000,0.00
,,, 0.17812000215,8.96000,0.24000
,,, 0.17815999687,8.96000,0.64000
,,, 0.17819999158,8.96000,0.08000
,,, 0.17824000120,9.12000,0.00
,,, 0.17827999592,8.96000,0.00
,,, 0.17831999063,9.12000,0.24000
,,, 0.17836000025,9.12000,0.64000
,,, 0.17839999497,8.96000,0.00
,,, 0.17843998969,8.96000,0.00
,,, 0.17847999930,8.96000,0.00
,,, 0.17851999402,8.96000,0.24000
,,, 0.17855998874,9.12000,0.64000
,,, 0.17859999835,8.96000,0.00
,,, 0.17863999307,8.96000,0.00
,,, 0.17868000269,8.96000,-0.08000
,,, 0.17871999741,8.96000,0.24000
,,, 0.17875999212,9.12000,0.64000
,,, 0.17880000174,8.96000,0.00
,,, 0.17883999646,9.12000,0.00
,,, 0.17887999117,9.12000,0.00
,,, 0.17892000079,9.12000,0.24000
,,, 0.17895999551,8.96000,0.56000
,,, 0.17899999022,9.12000,0.00
,,, 0.17903999984,9.12000,0.00
,,, 0.17907999456,8.96000,0.00
,,, 0.17911998928,8.96000,0.24000
,,, 0.17915999889,9.12000,0.64000
,,, 0.17919999361,8.96000,0.00
,,, 0.17923998833,8.96000,0.00
,,, 0.17927999794,8.96000,0.00
,,, 0.17931999266,9.12000,0.16000
,,, 0.17936000228,8.96000,0.64000
,,, 0.17939999700,9.12000,0.00
,,, 0.17943999171,8.96000,0.00
,,, 0.17948000133,8.96000,0.00
,,, 0.17951999605,8.96000,0.16000
,,, 0.17955999076,9.12000,0.64000
,,, 0.17960000038,9.12000,0.00
,,, 0.17963999510,9.12000,0.00
,,, 0.17967998981,9.12000,0.00
,,, 0.17971999943,9.12000,0.24000
,,, 0.17975999415,8.96000,0.64000
,,, 0.17979998887,8.88000,0.00
,,, 0.17983999848,8.96000,0.00
,,, 0.17987999320,9.12000,-0.08000
,,, 0.17992000282,8.96000,0.24000
,,, 0.17995999753,8.96000,0.56000
,,, 0.17999999225,9.12000,0.00
,,, 0.18004000187,8.96000,0.00
,,, 0.18007999659,9.12000,-0.08000
,,, 0.18011999130,8.96000,0.24000
,,, 0.18016000092,9.12000,0.64000
,,, 0.18019999564,9.12000,0.00
,,, 0.18023999035,8.96000,0.00
,,, 0.18027999997,9.12000,0.00
,,, 0.18031999469,9.12000,0.24000
,,, 0.18035998940,9.20000,0.64000
,,, 0.18039999902,9.12000,0.00
,,, 0.18043999374,8.96000,0.08000
,,, 0.18047998846,8.88000,0.00
,,, 0.18051999807,8.88000,0.24000
,,, 0.18055999279,8.96000,0.64000
,,, 0.18060000241,8.88000,0.00
,,, 0.18063999712,9.12000,0.00
,,, 0.18067999184,8.96000,-0.08000
,,, 0.18072000146,9.12000,0.24000
,,, 0.18075999618,9.12000,0.64000
,,, 0.18079999089,9.12000,0.00
,,, 0.18084000051,9.12000,0.00
,,, 0.18087999523,8.96000,0.00
,,, 0.18091998994,9.12000,0.24000
,,, 0.18095999956,8.96000,0.64000
,,, 0.18099999428,8.96000,0.00
,,, 0.18103998899,9.12000,0.08000
,,, 0.18107999861,8.96000,0.00
,,, 0.18111999333,8.96000,0.24000
,,, 0.18115998805,8.72000,0.64000
,,, 0.18119999766,8.80000,0.00
,,, 0.18123999238,9.12000,0.00
,,, 0.18128000200,8.80000,-0.08000
,,, 0.18131999671,8.96000,0.16000
,,, 0.18135999143,9.12000,0.64000
,,, 0.18140000105,9.28000,0.00
,,, 0.18143999577,9.12000,0.00
,,, 0.18147999048,8.96000,0.00
,,, 0.18152000010,9.20000,0.24000
,,, 0.18155999482,9.12000,0.64000
,,, 0.18159998953,8.96000,0.00
,,, 0.18163999915,8.80000,0.00
,,, 0.18167999387,8.96000,-0.08000
,,, 0.18171998858,8.72000,0.24000
,,, 0.18175999820,8.80000,0.56000
,,, 0.18179999292,8.96000,0.00
,,, 0.18184000254,8.80000,-0.08000
,,, 0.18187999725,9.12000,-0.08000
,,, 0.18191999197,8.96000,0.24000
,,, 0.18196000159,9.12000,0.56000
,,, 0.18199999630,9.12000,0.00
,,, 0.18203999102,8.96000,0.00
,,, 0.18208000064,9.28000,0.00
,,, 0.18211999536,8.96000,0.24000
,,, 0.18215999007,8.96000,0.64000
,,, 0.18219999969,9.12000,0.08000
,,, 0.18223999441,8.96000,0.00
,,, 0.18227998912,8.88000,0.00
,,, 0.18231999874,8.80000,0.24000
,,, 0.18235999346,8.96000,0.64000
,,, 0.18239998817,8.48000,-0.08000
,,, 0.18243999779,8.96000,0.00
,,, 0.18247999251,9.12000,-0.08000
,,, 0.18252000213,9.20000,0.16000
,,, 0.18255999684,9.12000,0.64000
,,, 0.18259999156,9.12000,0.00
,,, 0.18264000118,9.28000,0.00
,,, 0.18267999589,9.12000,-0.08000
,,, 0.18271999061,8.96000,0.16000
,,, 0.18276000023,9.12000,0.64000
,,, 0.18279999495,8.96000,0.00
,,, 0.18283998966,8.96000,0.00
,,, 0.18287999928,8.96000,0.00
,,, 0.18291999400,8.96000,0.24000
,,, 0.18295998871,8.72000,0.40000
,,, 0.18299999833,8.80000,0.00
,,, 0.18303999305,8.96000,0.00
,,, 0.18308000267,8.72000,-0.16000
,,, 0.18311999738,8.96000,0.16000
,,, 0.18315999210,8.96000,0.64000
,,, 0.18320000172,9.44000,0.00
,,, 0.18323999643,9.12000,0.00
,,, 0.18327999115,9.12000,0.00
,,, 0.18332000077,9.28000,0.08000
,,, 0.18335999548,9.12000,0.00
,,, 0.18339999020,8.96000,0.00
,,, 0.18343999982,8.88000,0.08000
,,, 0.18347999454,8.96000,0.00
,,, 0.18351998925,8.96000,0.00
,,, 0.18355999887,8.88000,0.00
,,, 0.18359999359,8.96000,0.00
,,, 0.18363998830,8.64000,-0.08000
,,, 0.18367999792,8.96000,0.00
,,, 0.18371999264,9.12000,0.00
,,, 0.18376000226,8.88000,-0.08000
,,, 0.18379999697,9.12000,0.00
,,, 0.18383999169,8.96000,0.00
,,, 0.18388000131,9.44000,0.08000
,,, 0.18391999602,9.12000,0.08000
,,, 0.18395999074,8.96000,0.00
,,, 0.18400000036,9.12000,0.08000
,,, 0.18403999507,9.12000,0.08000
,,, 0.18407998979,8.96000,0.00
,,, 0.18411999941,8.80000,0.00
,,, 0.18415999413,8.96000,0.00
,,, 0.18419998884,8.96000,0.00
,,, 0.18423999846,8.80000,0.00
,,, 0.18427999318,8.96000,0.00
,,, 0.18432000279,8.96000,-0.08000
,,, 0.18435999751,9.12000,0.00
,,, 0.18439999223,9.12000,0.00
,,, 0.18444000185,9.28000,0.00
,,, 0.18447999656,9.12000,0.00
,,, 0.18451999128,8.96000,0.00
,,, 0.18456000090,9.28000,0.08000
,,, 0.18459999561,8.96000,0.00
,,, 0.18463999033,8.96000,0.00
,,, 0.18467999995,8.96000,0.00
,,, 0.18471999466,8.96000,0.00
,,, 0.18475998938,9.12000,0.00
,,, 0.18479999900,8.80000,-0.08000
,,, 0.18483999372,8.96000,0.00
,,, 0.18487998843,9.12000,0.00
,,, 0.18491999805,8.88000,0.00
,,, 0.18495999277,8.96000,0.00
,,, 0.18500000238,9.20000,-0.08000
,,, 0.18503999710,9.20000,0.00
,,, 0.18507999182,9.12000,0.00
,,, 0.18512000144,9.20000,0.00
,,, 0.18515999615,9.12000,0.00
,,, 0.18519999087,9.12000,0.00
,,, 0.18524000049,9.12000,0.08000
,,, 0.18527999520,8.96000,0.00
,,, 0.18531998992,8.96000,0.00
,,, 0.18535999954,8.96000,0.08000
,,, 0.18539999425,8.96000,0.00
,,, 0.18543998897,8.96000,0.00
,,, 0.18547999859,8.88000,0.00
,,, 0.18551999331,8.96000,0.00
,,, 0.18555998802,8.96000,0.00
,,, 0.18559999764,8.96000,0.00
,,, 0.18563999236,8.96000,0.00
,,, 0.18568000197,9.20000,0.00
,,, 0.18571999669,9.12000,0.00
,,, 0.18575999141,9.12000,0.00
,,, 0.18580000103,9.20000,0.00
,,, 0.18583999574,9.12000,0.00
,,, 0.18587999046,8.96000,0.00
,,, 0.18592000008,8.96000,0.08000
,,, 0.18595999479,8.96000,0.00
,,, 0.18599998951,9.12000,0.00
,,, 0.18603999913,8.96000,0.00
,,, 0.18607999384,8.96000,0.00
,,, 0.18611998856,9.12000,0.00
,,, 0.18615999818,8.96000,0.00
,,, 0.18619999290,8.96000,0.00
,,, 0.18624000251,9.12000,0.00
,,, 0.18627999723,8.96000,0.00
,,, 0.18631999195,9.12000,0.00
,,, 0.18636000156,9.12000,0.00
,,, 0.18639999628,9.12000,0.00
,,, 0.18643999100,9.12000,0.00
,,, 0.18648000062,9.20000,0.00
,,, 0.18651999533,9.12000,0.00
,,, 0.18655999005,9.12000,0.00
,,, 0.18659999967,8.96000,0.00
,,, 0.18663999438,9.12000,0.00
,,, 0.18667998910,9.12000,0.00
,,, 0.18671999872,8.96000,0.00
,,, 0.18675999343,9.12000,0.00
,,, 0.18679998815,9.12000,0.00
,,, 0.18683999777,8.96000,0.00
,,, 0.18687999249,9.12000,0.00
,,, 0.18692000210,8.96000,0.00
,,, 0.18695999682,9.12000,0.00
,,, 0.18699999154,8.96000,0.00
,,, 0.18704000115,9.12000,0.00
,,, 0.18707999587,9.12000,0.00
,,, 0.18711999059,8.96000,0.00
,,, 0.18716000021,8.96000,0.00
,,, 0.18719999492,8.96000,0.00
,,, 0.18723998964,8.96000,0.00
,,, 0.18727999926,8.96000,0.00
,,, 0.18731999397,8.96000,0.00
,,, 0.18735998869,8.96000,0.00
,,, 0.18739999831,8.96000,0.00
,,, 0.18743999302,8.96000,0.00
,,, 0.18748000264,9.12000,0.00
,,, 0.18751999736,9.12000,0.00
,,, 0.18755999207,8.96000,0.08000
,,, 0.18760000169,9.12000,0.00
,,, 0.18763999641,9.12000,0.00
,,, 0.18767999113,9.12000,0.00
,,, 0.18772000074,8.96000,0.00
,,, 0.18775999546,8.96000,0.00
,,, 0.18779999018,8.96000,0.00
,,, 0.18783999979,8.96000,0.00
,,, 0.18787999451,8.96000,0.00
,,, 0.18791998923,8.96000,0.00
,,, 0.18795999885,8.96000,0.00
,,, 0.18799999356,9.12000,0.00
,,, 0.18803998828,9.12000,0.00
,,, 0.18807999790,9.12000,0.00
,,, 0.18811999261,9.12000,0.00
,,, 0.18816000223,8.96000,0.00
,,, 0.18819999695,9.12000,0.00
,,, 0.18823999166,8.96000,0.00
,,, 0.18828000128,9.12000,0.00
,,, 0.18831999600,9.12000,0.00
,,, 0.18835999072,8.96000,0.08000
,,, 0.18840000033,8.96000,0.08000
,,, 0.18843999505,8.96000,0.00
,,, 0.18847998977,9.12000,0.00
,,, 0.18851999938,8.96000,0.00
,,, 0.18855999410,8.96000,0.00
,,, 0.18859998882,9.12000,0.00
,,, 0.18863999844,8.96000,0.00
,,, 0.18867999315,8.96000,0.00
,,, 0.18871998787,8.96000,0.00
,,, 0.18875999749,9.12000,0.00
,,, 0.18879999220,8.96000,0.00
,,, 0.18884000182,8.96000,0.00
,,, 0.18887999654,9.12000,0.00
,,, 0.18891999125,9.12000,0.00
,,, 0.18896000087,9.12000,0.00
,,, 0.18899999559,8.96000,0.00
,,, 0.18903999031,8.96000,0.00
,,, 0.18907999992,8.96000,0.00
,,, 0.18911999464,8.80000,-0.08000
,,, 0.18915998936,8.96000,0.00
,,, 0.18919999897,8.96000,0.00
,,, 0.18923999369,9.12000,0.00
,,, 0.18927998841,8.96000,0.00
,,, 0.18931999803,9.12000,0.00
,,, 0.18935999274,9.12000,0.00
,,, 0.18940000236,8.96000,0.00
,,, 0.18943999708,9.12000,0.00
,,, 0.18947999179,9.12000,0.00
,,, 0.18952000141,9.12000,0.00
,,, 0.18955999613,8.96000,0.00
,,, 0.18959999084,8.96000,0.00
,,, 0.18964000046,8.96000,0.00
,,, 0.18967999518,9.12000,0.00
,,, 0.18971998990,9.12000,0.00
,,, 0.18975999951,8.80000,0.00
,,, 0.18979999423,9.12000,0.00
,,, 0.18983998895,8.96000,0.00
,,, 0.18987999856,8.96000,0.00
,,, 0.18991999328,9.12000,0.00
,,, 0.18995998800,9.12000,0.00
,,, 0.18999999762,9.12000,0.00
,,, 0.19003999233,9.12000,0.00
,,, 0.19008000195,8.96000,0.00
,,, 0.19011999667,9.12000,0.00
,,, 0.19015999138,9.12000,0.00
,,, 0.19020000100,9.12000,0.00
,,, 0.19023999572,8.88000,0.00
,,, 0.19027999043,8.96000,0.00
,,, 0.19032000005,8.88000,0.00
,,, 0.19035999477,8.96000,0.00
,,, 0.19039998949,9.12000,0.00
,,, 0.19043999910,8.80000,0.00
,,, 0.19047999382,9.12000,0.00
,,, 0.19051998854,9.12000,0.00
,,, 0.19055999815,8.96000,0.00
,,, 0.19059999287,9.12000,0.00
,,, 0.19064000249,9.12000,0.00
,,, 0.19067999721,9.20000,0.08000
,,, 0.19071999192,9.12000,0.00
,,, 0.19076000154,9.12000,0.00
,,, 0.19079999626,8.96000,0.00
,,, 0.19083999097,9.12000,0.00
,,, 0.19088000059,8.96000,0.00
,,, 0.19091999531,8.88000,0.00
,,, 0.19095999002,8.88000,0.00
,,, 0.19099999964,8.80000,0.00
,,, 0.19103999436,8.96000,0.00
,,, 0.19107998908,8.96000,0.00
,,, 0.19111999869,8.96000,0.00
,,, 0.19115999341,9.12000,0.00
,,, 0.19119998813,9.12000,0.00
,,, 0.19123999774,9.12000,0.00
,,, 0.19127999246,9.12000,0.00
,,, 0.19132000208,8.96000,0.00
,,, 0.19135999680,9.20000,0.08000
,,, 0.19139999151,8.96000,0.00
,,, 0.19144000113,9.12000,0.00
,,, 0.19147999585,8.96000,0.00
,,, 0.19151999056,8.96000,0.00
,,, 0.19156000018,8.80000,0.00
,,, 0.19159999490,8.80000,0.00
,,, 0.19163998961,8.88000,0.00
,,, 0.19167999923,8.64000,-0.08000
,,, 0.19171999395,8.96000,0.00
,,, 0.19175998867,8.96000,0.00
,,, 0.19179999828,9.36000,0.00
,,, 0.19183999300,9.20000,0.00
,,, 0.19187998772,9.12000,0.00
,,, 0.19191999733,9.28000,0.00
,,, 0.19195999205,9.20000,0.00
,,, 0.19200000167,9.12000,0.00
,,, 0.19203999639,8.96000,0.08000
,,, 0.19207999110,8.96000,0.00
,,, 0.19212000072,8.96000,0.00
,,, 0.19215999544,8.88000,0.00
,,, 0.19219999015,8.88000,0.00
,,, 0.19223999977,8.72000,-0.08000
,,, 0.19227999449,8.88000,0.00
,,, 0.19231998920,9.12000,0.00
,,, 0.19235999882,8.80000,-0.08000
,,, 0.19239999354,8.96000,0.00
,,, 0.19243998826,8.96000,0.00
,,, 0.19247999787,9.44000,0.08000
,,, 0.19251999259,9.12000,0.08000
,,, 0.19256000221,8.96000,0.00
,,, 0.19259999692,9.28000,0.08000
,,, 0.19263999164,9.12000,0.00
,,, 0.19268000126,9.12000,0.00
,,, 0.19271999598,8.80000,0.00
,,, 0.19275999069,8.96000,0.00
,,, 0.19280000031,8.96000,0.00
,,, 0.19283999503,8.80000,0.00
,,, 0.19287998974,8.96000,0.00
,,, 0.19291999936,8.64000,-0.08000
,,, 0.19295999408,8.96000,0.00
,,, 0.19299998879,8.96000,0.00
,,, 0.19303999841,8.88000,-0.08000
,,, 0.19307999313,9.12000,0.00
,,, 0.19311998785,8.96000,0.00
,,, 0.19315999746,9.44000,0.08000
,,, 0.19319999218,9.12000,0.00
,,, 0.19324000180,9.12000,0.08000
,,, 0.19327999651,9.20000,0.08000
,,, 0.19331999123,8.96000,0.00
,,, 0.19336000085,8.96000,0.00
,,, 0.19339999557,8.80000,0.00
,,, 0.19343999028,8.88000,0.00
,,, 0.19347999990,8.96000,0.00
,,, 0.19351999462,8.88000,-0.08000
,,, 0.19355998933,8.96000,0.00
,,, 0.19359999895,9.12000,-0.08000
,,, 0.19363999367,9.12000,0.00
,,, 0.19367998838,9.12000,0.00
,,, 0.19371999800,9.28000,0.00
,,, 0.19375999272,9.20000,0.00
,,, 0.19380000234,9.12000,0.00
,,, 0.19383999705,9.20000,0.08000
,,, 0.19387999177,9.12000,0.08000
,,, 0.19392000139,8.96000,0.00
,,, 0.19395999610,8.88000,0.08000
,,, 0.19399999082,8.96000,0.00
,,, 0.19404000044,8.96000,0.00
,,, 0.19407999516,8.72000,0.00
,,, 0.19411998987,8.88000,0.00
,,, 0.19415999949,8.96000,0.00
,,, 0.19419999421,8.88000,0.00
,,, 0.19423998892,8.96000,0.00
,,, 0.19427999854,9.44000,0.00
,,, 0.19431999326,9.12000,0.08000
,,, 0.19435998797,9.12000,0.00
,,, 0.19439999759,9.36000,0.00
,,, 0.19443999231,9.12000,0.00
,,, 0.19448000193,9.12000,0.00
,,, 0.19451999664,8.88000,0.08000
,,, 0.19455999136,8.88000,0.00
,,, 0.19460000098,8.96000,0.00
,,, 0.19463999569,8.88000,0.00
,,, 0.19467999041,8.96000,0.00
,,, 0.19472000003,8.96000,0.00
,,, 0.19475999475,8.96000,-0.08000
,,, 0.19479998946,8.96000,0.00
,,, 0.19483999908,9.12000,0.00
,,, 0.19487999380,9.20000,0.00
,,, 0.19491998851,8.96000,0.00
,,, 0.19495999813,9.44000,0.08000
,,, 0.19499999285,9.20000,0.00
,,, 0.19504000247,9.12000,0.00
,,, 0.19507999718,9.20000,0.08000
,,, 0.19511999190,9.12000,0.00
,,, 0.19516000152,8.96000,0.00
,,, 0.19519999623,8.80000,0.08000
,,, 0.19523999095,8.96000,0.00
,,, 0.19528000057,9.12000,0.00
,,, 0.19531999528,8.88000,0.00
,,, 0.19535999000,8.96000,0.00
,,, 0.19539999962,8.96000,0.00
,,, 0.19543999434,8.96000,0.00
,,, 0.19547998905,9.12000,0.00
,,, 0.19551999867,9.12000,0.00
,,, 0.19555999339,8.96000,0.00
,,, 0.19559998810,9.12000,0.00
,,, 0.19563999772,9.20000,0.00
,,, 0.19567999244,9.12000,0.00
,,, 0.19572000206,9.12000,0.00
,,, 0.19575999677,9.12000,0.00
,,, 0.19579999149,9.12000,0.00
,,, 0.19584000111,8.96000,0.00
,,, 0.19587999582,8.80000,0.00
,,, 0.19591999054,8.96000,0.00
,,, 0.19596000016,8.96000,0.00
,,, 0.19599999487,8.96000,0.00
,,, 0.19603998959,8.96000,0.00
,,, 0.19607999921,9.12000,0.00
,,, 0.19611999393,9.12000,0.00
,,, 0.19615998864,9.12000,0.00
,,, 0.19619999826,9.12000,0.00
,,, 0.19623999298,9.12000,0.00
,,, 0.19627998769,9.12000,0.00
,,, 0.19631999731,9.12000,0.00
,,, 0.19635999203,8.96000,0.00
,,, 0.19640000165,8.96000,0.00
,,, 0.19643999636,9.12000,0.00
,,, 0.19647999108,9.12000,0.00
,,, 0.19652000070,8.96000,0.00
,,, 0.19655999541,8.96000,0.00
,,, 0.19659999013,9.12000,0.00
,,, 0.19663999975,9.12000,0.00
,,, 0.19667999446,8.96000,0.00
,,, 0.19671998918,8.96000,0.00
,,, 0.19675999880,9.12000,0.00
,,, 0.19679999352,8.96000,0.08000
,,, 0.19683998823,9.12000,0.00
,,, 0.19687999785,8.96000,0.00
,,, 0.19691999257,9.12000,0.00
,,, 0.19696000218,8.96000,0.00
,,, 0.19699999690,9.12000,0.00
,,, 0.19703999162,9.12000,0.00
,,, 0.19708000124,9.12000,0.00
,,, 0.19711999595,9.12000,0.00
,,, 0.19715999067,8.96000,0.00
,,, 0.19720000029,8.96000,0.00
,,, 0.19723999500,8.96000,0.00
,,, 0.19727998972,9.12000,0.00
,,, 0.19731999934,8.96000,0.00
,,, 0.19735999405,8.96000,0.00
,,, 0.19739998877,9.12000,0.00
,,, 0.19743999839,9.12000,0.00
,,, 0.19747999310,9.12000,0.00
,,, 0.19751998782,9.12000,0.00
,,, 0.19755999744,9.12000,0.00
,,, 0.19759999216,8.96000,0.08000
,,, 0.19764000177,8.96000,0.00
,,, 0.19767999649,9.12000,0.00
,,, 0.19771999121,8.96000,0.00
,,, 0.19776000082,8.96000,0.00
,,, 0.19779999554,9.12000,0.00
,,, 0.19783999026,9.12000,0.00
,,, 0.19787999988,9.12000,0.00
,,, 0.19791999459,8.96000,0.00
,,, 0.19795998931,8.96000,0.00
,,, 0.19799999893,8.96000,0.00
,,, 0.19803999364,9.12000,0.00
,,, 0.19807998836,9.12000,0.00
,,, 0.19811999798,8.96000,0.00
,,, 0.19815999269,8.96000,0.00
,,, 0.19820000231,8.96000,0.00
,,, 0.19823999703,9.12000,0.00
,,, 0.19827999175,9.12000,0.00
,,, 0.19832000136,9.12000,0.00
,,, 0.19835999608,8.96000,0.00
,,, 0.19839999080,9.12000,0.00
,,, 0.19844000041,8.96000,0.00
,,, 0.19847999513,8.96000,0.08000
,,, 0.19851998985,8.96000,0.00
,,, 0.19855999947,8.96000,0.00
,,, 0.19859999418,8.96000,0.00
,,, 0.19863998890,8.96000,0.00
,,, 0.19867999852,8.96000,0.00
,,, 0.19871999323,8.96000,0.00
,,, 0.19875998795,8.96000,0.00
,,, 0.19879999757,9.12000,0.00
,,, 0.19883999228,9.12000,0.00
,,, 0.19888000190,8.96000,0.00
,,, 0.19891999662,9.12000,0.00
,,, 0.19895999134,9.12000,0.00
,,, 0.19900000095,9.12000,0.00
,,, 0.19903999567,8.96000,0.00
,,, 0.19907999039,8.96000,0.00
,,, 0.19912000000,9.12000,0.00
,,, 0.19915999472,8.96000,0.00
,,, 0.19919998944,8.96000,0.00
,,, 0.19923999906,9.12000,0.00
,,, 0.19927999377,9.12000,0.00
,,, 0.19931998849,9.12000,0.00
,,, 0.19935999811,9.12000,0.00
,,, 0.19939999282,8.96000,0.00
,,, 0.19943998754,8.96000,0.00
,,, 0.19947999716,9.12000,0.00
,,, 0.19951999187,9.12000,0.08000
,,, 0.19956000149,9.12000,0.00
,,, 0.19959999621,9.12000,0.08000
,,, 0.19963999093,9.12000,0.00
,,, 0.19968000054,9.12000,0.00
,,, 0.19971999526,8.96000,0.00
,,, 0.19975998998,9.12000,0.00
,,, 0.19979999959,8.96000,0.00
,,, 0.19983999431,8.96000,0.00
,,, 0.19987998903,9.12000,0.00
,,, 0.19991999865,8.96000,0.00
,,, 0.19995999336,8.96000,0.00
,,, 0.19999998808,8.96000,0.00
,,, 0.20003999770,8.80000,0.00
,,, 0.20007999241,9.12000,0.00
,,, 0.20012000203,9.12000,0.00
,,, 0.20015999675,8.96000,0.00
,,, 0.20019999146,8.96000,0.00
,,, 0.20024000108,9.12000,0.00
,,, 0.20027999580,9.12000,0.08000
,,, 0.20031999052,9.12000,0.00
,,, 0.20036000013,8.96000,0.00
,,, 0.20039999485,8.80000,0.00
,,, 0.20043998957,8.96000,0.00
,,, 0.20047999918,9.12000,0.00
,,, 0.20051999390,8.96000,0.00
,,, 0.20055998862,9.12000,0.00
,,, 0.20059999824,8.96000,0.00
,,, 0.20063999295,9.20000,0.00
,,, 0.20067998767,9.12000,0.00
,,, 0.20071999729,9.12000,0.08000
,,, 0.20075999200,9.12000,0.00
,,, 0.20080000162,9.12000,0.08000
,,, 0.20083999634,9.12000,0.00
,,, 0.20087999105,8.88000,0.00
,,, 0.20092000067,8.96000,0.00
,,, 0.20095999539,8.80000,0.08000
,,, 0.20099999011,8.88000,0.00
,,, 0.20103999972,9.12000,0.08000
,,, 0.20107999444,8.80000,0.00
,,, 0.20111998916,8.96000,0.00
,,, 0.20115999877,9.12000,0.00
,,, 0.20119999349,8.96000,0.00
,,, 0.20123998821,9.12000,0.00
,,, 0.20127999783,9.12000,0.00
,,, 0.20131999254,9.28000,0.08000
,,, 0.20136000216,9.12000,0.00
,,, 0.20139999688,9.12000,0.00
,,, 0.20143999159,9.12000,0.08000
,,, 0.20148000121,9.12000,0.00
,,, 0.20151999593,9.12000,0.00
,,, 0.20155999064,8.80000,0.00
,,, 0.20160000026,8.96000,0.00
,,, 0.20163999498,8.72000,0.00
,,, 0.20167998970,8.88000,0.00
,,, 0.20171999931,8.96000,0.00
,,, 0.20175999403,8.88000,-0.08000
,,, 0.20179998875,9.12000,0.00
,,, 0.20183999836,9.12000,0.00
,,, 0.20187999308,9.20000,0.00
,,, 0.20191998780,9.12000,0.00
,,, 0.20195999742,8.96000,0.00
,,, 0.20199999213,9.20000,0.08000
,,, 0.20204000175,9.12000,0.00
,,, 0.20207999647,8.96000,0.00
,,, 0.20211999118,9.12000,0.08000
,,, 0.20216000080,8.96000,0.00
,,, 0.20219999552,8.96000,0.00
,,, 0.20223999023,8.80000,0.00
,,, 0.20227999985,8.96000,0.00
,,, 0.20231999457,8.56000,-0.08000
,,, 0.20235998929,8.88000,0.00
,,, 0.20239999890,9.12000,0.00
,,, 0.20243999362,9.12000,0.00
,,, 0.20247998834,9.12000,0.00
,,, 0.20251999795,9.12000,0.00
,,, 0.20255999267,9.28000,0.00
,,, 0.20260000229,9.12000,0.08000
,,, 0.20263999701,8.96000,0.00
,,, 0.20267999172,9.20000,0.08000
,,, 0.20272000134,9.12000,0.00
,,, 0.20275999606,9.12000,0.00
,,, 0.20279999077,8.96000,0.00
,,, 0.20284000039,8.96000,0.00
,,, 0.20287999511,8.80000,0.00
,,, 0.20291998982,8.80000,0.00
,,, 0.20295999944,8.88000,0.00
,,, 0.20299999416,8.64000,-0.08000
,,, 0.20303998888,8.88000,0.00
,,, 0.20307999849,8.96000,0.00
,,, 0.20311999321,9.28000,0.00
,,, 0.20315998793,9.20000,0.00
,,, 0.20319999754,9.12000,0.00
,,, 0.20323999226,9.28000,0.00
,,, 0.20328000188,9.12000,0.00
,,, 0.20331999660,9.12000,0.00
,,, 0.20335999131,8.96000,0.08000
,,, 0.20340000093,8.96000,0.00
,,, 0.20343999565,8.88000,0.00
,,, 0.20347999036,8.96000,0.00
,,, 0.20351999998,8.96000,-0.08000
,,, 0.20355999470,8.64000,-0.40000
,,, 0.20359998941,8.80000,0.00
,,, 0.20363999903,8.96000,0.00
,,, 0.20367999375,8.72000,-0.16000
,,, 0.20371998847,8.88000,-0.08000
,,, 0.20375999808,8.96000,-0.24000
,,, 0.20379999280,9.36000,0.00
,,, 0.20383998752,9.20000,0.00
,,, 0.20387999713,9.12000,-0.08000
,,, 0.20391999185,9.28000,-0.08000
,,, 0.20396000147,9.12000,-0.24000
,,, 0.20399999619,8.96000,0.00
,,, 0.20403999090,8.88000,0.08000
,,, 0.20408000052,8.96000,0.00
,,, 0.20411999524,8.96000,-0.08000
,,, 0.20415998995,8.80000,-0.32000
,,, 0.20419999957,8.96000,0.00
,,, 0.20423999429,8.56000,-0.08000
,,, 0.20427998900,8.88000,-0.08000
,,, 0.20431999862,8.96000,-0.08000
,,, 0.20435999334,8.80000,-0.40000
,,, 0.20439998806,8.96000,0.00
,,, 0.20443999767,8.96000,0.00
,,, 0.20447999239,9.44000,0.00
,,, 0.20452000201,9.12000,-0.08000
,,, 0.20455999672,9.12000,-0.24000
,,, 0.20459999144,9.20000,0.08000
,,, 0.20464000106,9.12000,0.00
,,, 0.20467999578,8.96000,0.00
,,, 0.20471999049,8.80000,-0.08000
,,, 0.20476000011,8.88000,-0.24000
,,, 0.20479999483,8.96000,0.00
,,, 0.20483998954,8.80000,0.00
,,, 0.20487999916,8.96000,-0.08000
,,, 0.20491999388,8.72000,-0.16000
,,, 0.20495998859,9.12000,-0.32000
,,, 0.20499999821,9.12000,0.00
,,, 0.20503999293,8.96000,-0.08000
,,, 0.20507998765,9.12000,0.00
,,, 0.20511999726,9.12000,-0.08000
,,, 0.20515999198,9.20000,-0.24000
,,, 0.20520000160,8.96000,0.00
,,, 0.20523999631,8.96000,0.00
,,, 0.20527999103,9.12000,0.00
,,, 0.20532000065,8.96000,-0.08000
,,, 0.20535999537,8.96000,-0.24000
,,, 0.20539999008,8.80000,0.00
,,, 0.20543999970,8.96000,0.00
,,, 0.20547999442,8.96000,-0.08000
,,, 0.20551998913,8.88000,-0.08000
,,, 0.20555999875,8.96000,-0.32000
,,, 0.20559999347,8.96000,0.00
,,, 0.20563998818,9.12000,0.00
,,, 0.20567999780,8.96000,0.00
,,, 0.20571999252,9.12000,-0.08000
,,, 0.20576000214,9.12000,-0.32000
,,, 0.20579999685,9.12000,0.00
,,, 0.20583999157,9.12000,0.08000
,,, 0.20588000119,8.96000,0.00
,,, 0.20591999590,9.12000,-0.08000
,,, 0.20595999062,8.96000,-0.32000
,,, 0.20600000024,8.96000,0.00
,,, 0.20603999496,8.96000,0.00
,,, 0.20607998967,8.96000,-0.08000
,,, 0.20611999929,8.96000,-0.08000
,,, 0.20615999401,9.12000,-0.32000
,,, 0.20619998872,8.96000,0.00
,,, 0.20623999834,8.96000,0.00
,,, 0.20627999306,9.12000,0.00
,,, 0.20631998777,9.12000,-0.08000
,,, 0.20635999739,9.12000,-0.24000
,,, 0.20639999211,9.12000,0.00
,,, 0.20644000173,9.12000,0.00
,,, 0.20647999644,9.12000,-0.08000
,,, 0.20651999116,8.96000,-0.08000
,,, 0.20656000078,9.12000,-0.32000
,,, 0.20659999549,9.12000,0.00
,,, 0.20663999021,8.96000,0.00
,,, 0.20667999983,8.96000,0.00
,,, 0.20671999454,9.12000,-0.08000
,,, 0.20675998926,8.96000,-0.32000
,,, 0.20679999888,9.12000,0.00
,,, 0.20683999360,8.96000,0.00
,,, 0.20687998831,8.96000,0.00
,,, 0.20691999793,9.12000,-0.08000
,,, 0.20695999265,9.12000,-0.24000
,,, 0.20699998736,9.12000,0.00
,,, 0.20703999698,8.96000,0.00
,,, 0.20707999170,9.12000,0.00
,,, 0.20712000132,8.96000,-0.08000
,,, 0.20715999603,8.96000,-0.32000
,,, 0.20719999075,8.96000,0.00
,,, 0.20724000037,8.96000,0.00
,,, 0.20727999508,9.12000,0.00
,,, 0.20731998980,9.12000,-0.08000
,,, 0.20735999942,9.12000,-0.32000
,,, 0.20739999413,9.12000,0.00
,,, 0.20743998885,9.12000,0.00
,,, 0.20747999847,9.12000,0.00
,,, 0.20751999319,9.12000,-0.08000
,,, 0.20755998790,8.96000,-0.32000
,,, 0.20759999752,8.96000,0.00
,,, 0.20763999224,8.96000,0.00
,,, 0.20768000185,9.12000,0.00
,,, 0.20771999657,8.96000,-0.08000
,,, 0.20775999129,8.96000,-0.32000
,,, 0.20780000091,9.12000,0.00
,,, 0.20783999562,8.96000,0.00
,,, 0.20787999034,9.12000,-0.08000
,,, 0.20791999996,8.96000,-0.08000
,,, 0.20795999467,8.96000,-0.32000
,,, 0.20799998939,9.12000,0.00
,,, 0.20803999901,8.96000,0.00
,,, 0.20807999372,9.12000,-0.08000
,,, 0.20811998844,9.12000,-0.08000
,,, 0.20815999806,8.96000,-0.32000
,,, 0.20819999278,9.12000,0.00
,,, 0.20823998749,8.96000,0.00
,,, 0.20827999711,8.96000,0.00
,,, 0.20831999183,8.88000,-0.08000
,,, 0.20836000144,8.96000,-0.32000
,,, 0.20839999616,8.96000,0.00
,,, 0.20843999088,8.96000,0.00
,,, 0.20848000050,9.12000,0.00
,,, 0.20851999521,8.96000,-0.08000
,,, 0.20855998993,9.12000,-0.32000
,,, 0.20859999955,9.12000,0.00
,,, 0.20863999426,9.12000,0.00
,,, 0.20867998898,8.96000,0.00
,,, 0.20871999860,8.96000,-0.08000
,,, 0.20875999331,8.96000,-0.24000
,,, 0.20879998803,9.12000,0.00
,,, 0.20883999765,8.96000,0.00
,,, 0.20887999237,9.12000,0.00
,,, 0.20892000198,8.96000,-0.08000
,,, 0.20895999670,8.96000,-0.32000
,,, 0.20899999142,8.88000,0.00
,,, 0.20904000103,9.12000,0.00
,,, 0.20907999575,9.12000,0.00
,,, 0.20911999047,8.96000,-0.08000
,,, 0.20916000009,8.96000,-0.24000
,,, 0.20919999480,9.12000,0.00
,,, 0.20923998952,9.12000,0.00
,,, 0.20927999914,8.96000,-0.08000
,,, 0.20931999385,8.96000,-0.08000
,,, 0.20935998857,9.12000,-0.32000
,,, 0.20939999819,9.12000,0.00
,,, 0.20943999290,8.96000,0.00
,,, 0.20947998762,8.96000,0.00
,,, 0.20951999724,8.96000,-0.08000
,,, 0.20955999196,8.96000,-0.24000
,,, 0.20960000157,8.96000,0.00
,,, 0.20963999629,9.12000,0.00
,,, 0.20967999101,8.88000,-0.08000
,,, 0.20972000062,9.12000,-0.08000
,,, 0.20975999534,8.96000,-0.32000
,,, 0.20979999006,8.96000,0.00
,,, 0.20983999968,8.96000,0.00
,,, 0.20987999439,9.12000,0.00
,,, 0.20991998911,9.12000,-0.08000
,,, 0.20995999873,9.12000,-0.24000
,,, 0.20999999344,8.96000,0.00
,,, 0.21003998816,9.12000,0.00
,,, 0.21007999778,9.12000,0.00
,,, 0.21011999249,8.96000,-0.08000
,,, 0.21016000211,8.88000,-0.32000
,,, 0.21019999683,8.96000,0.00
,,, 0.21023999155,8.80000,0.00
,,, 0.21028000116,8.96000,0.00
,,, 0.21031999588,8.96000,-0.08000
,,, 0.21035999060,8.88000,-0.32000
,,, 0.21040000021,9.12000,0.00
,,, 0.21043999493,9.12000,0.00
,,, 0.21047998965,8.96000,-0.08000
,,, 0.21051999927,8.96000,-0.08000
,,, 0.21055999398,8.96000,-0.32000
,,, 0.21059998870,9.20000,0.08000
,,, 0.21063999832,9.12000,0.00
,,, 0.21067999303,9.12000,0.00
,,, 0.21071998775,9.12000,-0.08000
,,, 0.21075999737,8.96000,-0.24000
,,, 0.21079999208,8.96000,0.00
,,, 0.21084000170,8.80000,0.00
,,, 0.21087999642,8.96000,0.00
,,, 0.21091999114,8.80000,-0.08000
,,, 0.21096000075,8.96000,-0.32000
,,, 0.21099999547,8.96000,0.00
,,, 0.21103999019,8.88000,-0.08000
,,, 0.21107999980,8.96000,0.00
,,, 0.21111999452,8.96000,-0.08000
,,, 0.21115998924,9.12000,-0.32000
,,, 0.21119999886,9.12000,0.00
,,, 0.21123999357,9.12000,0.00
,,, 0.21127998829,9.28000,0.00
,,, 0.21131999791,9.12000,-0.08000
,,, 0.21135999262,9.12000,-0.32000
,,, 0.21139998734,9.12000,0.00
,,, 0.21143999696,8.96000,0.00
,,, 0.21147999167,8.96000,0.00
,,, 0.21152000129,8.80000,-0.08000
,,, 0.21155999601,8.96000,-0.32000
,,, 0.21159999073,8.64000,0.00
,,, 0.21164000034,8.88000,0.00
,,, 0.21167999506,8.96000,0.00
,,, 0.21171998978,9.12000,-0.08000
,,, 0.21175999939,9.12000,-0.32000
,,, 0.21179999411,9.20000,0.00
,,, 0.21183998883,9.20000,0.00
,,, 0.21187999845,9.12000,-0.08000
,,, 0.21191999316,9.12000,-0.08000
,,, 0.21195998788,9.20000,-0.24000
,,, 0.21199999750,9.12000,0.00
,,, 0.21203999221,8.96000,0.00
,,, 0.21208000183,8.80000,0.00
,,, 0.21211999655,8.96000,-0.08000
,,, 0.21215999126,8.80000,-0.32000
,,, 0.21220000088,8.80000,0.00
,,, 0.21223999560,8.96000,0.00
,,, 0.21227999032,8.64000,-0.08000
,,, 0.21231999993,8.88000,-0.08000
,,, 0.21235999465,9.12000,-0.32000
,,, 0.21239998937,9.36000,0.00
,,, 0.21243999898,9.12000,0.00
,,, 0.21247999370,8.96000,-0.08000
,,, 0.21251998842,9.28000,-0.08000
,,, 0.21255999804,9.12000,-0.32000
,,, 0.21259999275,8.96000,0.00
,,, 0.21263998747,8.96000,0.08000
,,, 0.21267999709,8.96000,0.00
,,, 0.21271999180,9.12000,-0.08000
,,, 0.21276000142,8.88000,-0.24000
,,, 0.21279999614,8.88000,0.00
,,, 0.21283999085,8.64000,-0.08000
,,, 0.21288000047,8.88000,-0.08000
,,, 0.21291999519,8.96000,-0.08000
,,, 0.21295998991,8.80000,-0.40000
,,, 0.21299999952,8.96000,0.00
,,, 0.21303999424,9.12000,0.00
,,, 0.21307998896,9.44000,0.00
,,, 0.21311999857,9.12000,-0.08000
,,, 0.21315999329,9.12000,-0.24000
,,, 0.21319998801,9.28000,0.08000
,,, 0.21323999763,9.12000,0.00
,,, 0.21327999234,9.12000,0.00
,,, 0.21332000196,8.80000,-0.08000
,,, 0.21335999668,8.96000,-0.24000
,,, 0.21339999139,8.96000,0.00
,,, 0.21344000101,8.80000,0.00
,,, 0.21347999573,8.96000,-0.08000
,,, 0.21351999044,8.72000,-0.24000
,,, 0.21356000006,8.88000,-0.32000
,,, 0.21359999478,8.96000,8.96000
,,, 0.21363998950,9.12000,-0.08000
,,, 0.21367999911,9.12000,0.08000
,,, 0.21371999383,9.12000,-0.08000
,,, 0.21375998855,9.44000,-0.16000
,,, 0.21379999816,9.12000,8.96000
,,, 0.21383999288,8.96000,0.00
,,, 0.21387998760,9.12000,0.08000
,,, 0.21391999722,8.96000,-0.08000
,,, 0.21395999193,8.96000,-0.32000
,,, 0.21400000155,8.80000,8.88000
,,, 0.21403999627,8.88000,0.00
,,, 0.21407999098,8.96000,0.00
,,, 0.21412000060,8.80000,-0.08000
,,, 0.21415999532,8.88000,-0.32000
,,, 0.21419999003,8.96000,8.80000
,,, 0.21423999965,9.12000,0.00
,,, 0.21427999437,9.12000,0.08000
,,, 0.21431998909,9.28000,-0.08000
,,, 0.21435999870,9.12000,-0.24000
,,, 0.21439999342,9.12000,8.96000
,,, 0.21443998814,9.28000,0.08000
,,, 0.21447999775,9.12000,0.08000
,,, 0.21451999247,8.96000,-0.08000
,,, 0.21455998719,8.96000,-0.24000
,,, 0.21459999681,8.96000,8.96000
,,, 0.21463999152,8.96000,0.08000
,,, 0.21468000114,8.80000,0.08000
,,, 0.21471999586,8.96000,-0.08000
,,, 0.21475999057,8.96000,-0.24000
,,, 0.21480000019,8.88000,8.88000
,,, 0.21483999491,8.96000,0.00
,,, 0.21487998962,9.12000,0.00
,,, 0.21491999924,9.12000,-0.08000
,,, 0.21495999396,9.12000,-0.24000
,,, 0.21499998868,9.20000,8.96000
,,, 0.21503999829,9.12000,0.08000
,,, 0.21507999301,9.12000,0.08000
,,, 0.21511998773,9.20000,0.00
,,, 0.21515999734,8.96000,-0.24000
,,, 0.21519999206,8.96000,8.96000
,,, 0.21524000168,8.96000,0.08000
,,, 0.21527999640,8.96000,0.08000
,,, 0.21531999111,8.96000,-0.08000
,,, 0.21536000073,8.80000,-0.32000
,,, 0.21539999545,8.96000,8.88000
,,, 0.21543999016,9.12000,0.08000
,,, 0.21547999978,8.96000,0.00
,,, 0.21551999450,8.96000,-0.08000
,,, 0.21555998921,9.12000,-0.32000
,,, 0.21559999883,9.12000,8.96000
,,, 0.21563999355,9.12000,0.08000
,,, 0.21567998827,9.12000,0.08000
,,, 0.21571999788,8.96000,-0.08000
,,, 0.21575999260,9.12000,-0.32000
,,, 0.21579998732,9.12000,8.96000
,,, 0.21583999693,8.96000,0.00
,,, 0.21587999165,8.96000,0.08000
,,, 0.21592000127,9.12000,-0.08000
,,, 0.21595999599,8.96000,-0.24000
,,, 0.21599999070,8.96000,8.88000
,,, 0.21604000032,8.96000,0.00
,,, 0.21607999504,8.96000,0.08000
,,, 0.21611998975,8.96000,-0.08000
,,, 0.21615999937,8.96000,-0.24000
,,, 0.21619999409,9.12000,8.96000
,,, 0.21623998880,9.12000,0.00
,,, 0.21627999842,9.12000,0.08000
,,, 0.21631999314,9.12000,-0.08000
,,, 0.21635998785,9.12000,-0.32000
,,, 0.21639999747,9.12000,8.96000
,,, 0.21643999219,9.12000,0.08000
,,, 0.21648000181,8.96000,0.08000
,,, 0.21651999652,8.96000,-0.08000
,,, 0.21655999124,8.96000,-0.32000
,,, 0.21660000086,8.96000,8.88000
,,, 0.21663999557,8.96000,0.00
,,, 0.21667999029,8.96000,0.08000
,,, 0.21671999991,8.96000,-0.08000
,,, 0.21675999463,9.12000,-0.24000
,,, 0.21679998934,9.12000,8.88000
,,, 0.21683999896,8.96000,0.00
,,, 0.21687999368,9.12000,0.08000
,,, 0.21691998839,9.12000,-0.08000
,,, 0.21695999801,8.96000,-0.24000
,,, 0.21699999273,8.96000,8.88000
,,, 0.21703998744,9.12000,0.00
,,, 0.21707999706,8.96000,0.08000
,,, 0.21711999178,8.96000,-0.08000
,,, 0.21716000140,8.96000,-0.32000
,,, 0.21719999611,8.96000,8.88000
,,, 0.21723999083,8.96000,0.08000
,,, 0.21728000045,9.12000,0.08000
,,, 0.21731999516,8.96000,-0.08000
,,, 0.21735998988,8.96000,-0.24000
,,, 0.21739999950,9.12000,8.96000
,,, 0.21743999422,9.12000,0.00
,,, 0.21747998893,9.12000,0.08000
,,, 0.21751999855,9.12000,-0.08000
,,, 0.21755999327,9.12000,-0.24000
,,, 0.21759998798,9.12000,8.96000
,,, 0.21763999760,8.96000,0.00
,,, 0.21767999232,8.96000,0.08000
,,, 0.21772000194,9.12000,-0.08000
,,, 0.21775999665,8.96000,-0.24000
,,, 0.21779999137,8.96000,8.88000
,,, 0.21784000099,8.96000,0.00
,,, 0.21787999570,8.96000,0.08000
,,, 0.21791999042,9.12000,-0.08000
,,, 0.21796000004,8.96000,-0.32000
,,, 0.21799999475,8.96000,8.96000
,,, 0.21803998947,9.12000,0.00
,,, 0.21807999909,8.96000,0.08000
,,, 0.21811999381,8.96000,-0.08000
,,, 0.21815998852,9.12000,-0.32000
,,, 0.21819999814,9.12000,8.88000
,,, 0.21823999286,8.96000,0.00
,,, 0.21827998757,8.96000,0.08000
,,, 0.21831999719,8.96000,-0.08000
,,, 0.21835999191,8.96000,-0.24000
,,, 0.21840000153,8.96000,8.96000
,,, 0.21843999624,9.12000,0.00
,,, 0.21847999096,9.12000,0.08000
,,, 0.21852000058,8.96000,-0.08000
,,, 0.21855999529,8.96000,-0.32000
,,, 0.21859999001,8.96000,8.88000
,,, 0.21863999963,8.96000,0.00
,,, 0.21867999434,8.96000,0.08000
,,, 0.21871998906,9.12000,-0.08000
,,, 0.21875999868,9.12000,-0.24000
,,, 0.21879999340,9.12000,8.88000
,,, 0.21883998811,9.12000,0.00
,,, 0.21887999773,9.12000,0.08000
,,, 0.21891999245,8.96000,-0.08000
,,, 0.21895998716,8.96000,-0.32000
,,, 0.21899999678,8.96000,8.88000
,,, 0.21903999150,8.96000,0.00
,,, 0.21908000112,8.96000,0.08000
,,, 0.21911999583,8.96000,-0.08000
,,, 0.21915999055,9.12000,-0.24000
,,, 0.21920000017,8.96000,8.88000
,,, 0.21923999488,8.96000,0.08000
,,, 0.21927998960,8.96000,0.08000
,,, 0.21931999922,8.96000,-0.08000
,,, 0.21935999393,8.96000,-0.24000
,,, 0.21939998865,9.12000,8.88000
,,, 0.21943999827,9.12000,0.08000
,,, 0.21947999299,8.96000,0.08000
,,, 0.21951998770,9.12000,-0.08000
,,, 0.21955999732,9.12000,-0.24000
,,, 0.21959999204,8.96000,8.88000
,,, 0.21964000165,8.88000,0.00
,,, 0.21967999637,8.96000,0.08000
,,, 0.21971999109,9.12000,-0.08000
,,, 0.21976000071,8.96000,-0.24000
,,, 0.21979999542,8.96000,8.88000
,,, 0.21983999014,8.96000,0.00
,,, 0.21987999976,8.96000,0.00
,,, 0.21991999447,8.96000,-0.08000
,,, 0.21995998919,8.96000,-0.24000
,,, 0.21999999881,9.12000,8.88000
,,, 0.22003999352,8.96000,0.08000
,,, 0.22007998824,8.96000,0.08000
,,, 0.22011999786,9.12000,-0.08000
,,, 0.22015999258,8.96000,-0.32000
,,, 0.22019998729,9.20000,8.96000
,,, 0.22023999691,9.12000,0.00
,,, 0.22027999163,9.12000,0.16000
,,, 0.22032000124,8.96000,-0.08000
,,, 0.22035999596,8.88000,-0.32000
,,, 0.22039999068,8.96000,8.88000
,,, 0.22044000030,8.96000,0.00
,,, 0.22047999501,8.96000,0.00
,,, 0.22051998973,8.96000,-0.08000
,,, 0.22055999935,8.96000,-0.32000
,,, 0.22059999406,9.12000,8.96000
,,, 0.22063998878,9.12000,0.00
,,, 0.22067999840,9.12000,0.08000
,,, 0.22071999311,9.12000,-0.08000
,,, 0.22075998783,8.96000,-0.32000
,,, 0.22079999745,9.12000,8.96000
,,, 0.22083999217,9.12000,0.00
,,, 0.22088000178,9.28000,0.16000
,,, 0.22091999650,9.12000,-0.08000
,,, 0.22095999122,8.96000,-0.32000
,,, 0.22100000083,8.80000,8.88000
,,, 0.22103999555,8.88000,0.00
,,, 0.22107999027,8.88000,0.08000
,,, 0.22111999989,8.80000,-0.08000
,,, 0.22115999460,8.96000,-0.32000
,,, 0.22119998932,8.96000,8.88000
,,, 0.22123999894,9.12000,0.00
,,, 0.22127999365,9.12000,0.08000
,,, 0.22131998837,9.12000,-0.08000
,,, 0.22135999799,9.12000,-0.32000
,,, 0.22139999270,9.12000,8.88000
,,, 0.22143998742,9.12000,0.08000
,,, 0.22147999704,9.12000,0.08000
,,, 0.22151999176,9.12000,-0.08000
,,, 0.22156000137,9.28000,-0.16000
,,, 0.22159999609,9.12000,8.96000
,,, 0.22163999081,8.96000,0.08000
,,, 0.22168000042,8.72000,0.08000
,,, 0.22171999514,8.88000,-0.08000
,,, 0.22175998986,8.96000,-0.24000
,,, 0.22179999948,8.72000,8.80000
,,, 0.22183999419,8.96000,0.00
,,, 0.22187998891,9.12000,0.08000
,,, 0.22191999853,9.12000,-0.08000
,,, 0.22195999324,9.12000,-0.32000
,,, 0.22199998796,9.12000,8.96000
,,, 0.22203999758,9.12000,0.00
,,, 0.22207999229,9.12000,0.08000
,,, 0.22211998701,9.12000,-0.08000
,,, 0.22215999663,9.12000,-0.24000
,,, 0.22219999135,8.96000,8.88000
,,, 0.22224000096,9.20000,0.16000
,,, 0.22227999568,8.96000,0.08000
,,, 0.22231999040,8.96000,-0.08000
,,, 0.22236000001,8.64000,-0.32000
,,, 0.22239999473,8.80000,8.88000
,,, 0.22243998945,8.88000,0.00
,,, 0.22247999907,8.72000,0.00
,,, 0.22251999378,8.88000,-0.08000
,,, 0.22255998850,9.12000,-0.32000
,,, 0.22259999812,9.20000,8.88000
,,, 0.22263999283,9.12000,0.00
,,, 0.22267998755,8.96000,0.00
,,, 0.22271999717,9.20000,-0.08000
,,, 0.22275999188,8.96000,-0.24000
,,, 0.22280000150,8.96000,8.96000
,,, 0.22283999622,9.12000,0.08000
,,, 0.22287999094,8.96000,0.08000
,,, 0.22292000055,8.88000,0.00
,,, 0.22295999527,8.88000,-0.24000
,,, 0.22299998999,8.96000,8.96000
,,, 0.22303999960,8.64000,0.00
,,, 0.22307999432,8.88000,0.00
,,, 0.22311998904,9.12000,-0.08000
,,, 0.22315999866,8.80000,-0.40000
,,, 0.22319999337,8.96000,8.88000
,,, 0.22323998809,8.96000,0.00
,,, 0.22327999771,9.28000,0.08000
,,, 0.22331999242,9.12000,-0.08000
,,, 0.22335998714,9.12000,-0.32000
,,, 0.22339999676,9.28000,8.96000
,,, 0.22343999147,9.12000,0.08000
,,, 0.22348000109,8.96000,0.08000
,,, 0.22351999581,8.88000,-0.08000
,,, 0.22355999053,8.96000,-0.32000
,,, 0.22360000014,8.72000,8.88000
,,, 0.22363999486,8.80000,0.08000
,,, 0.22367998958,8.96000,0.00
,,, 0.22371999919,8.72000,-0.08000
,,, 0.22375999391,8.96000,0.00
,,, 0.22379998863,9.12000,0.00
,,, 0.22383999825,8.96000,0.00
,,, 0.22387999296,9.12000,0.00
,,, 0.22391998768,8.96000,0.00
,,, 0.22395999730,9.28000,0.08000
,,, 0.22399999201,9.12000,0.00
,,, 0.22404000163,8.96000,0.00
,,, 0.22407999635,9.12000,0.08000
,,, 0.22411999106,8.96000,0.00
,,, 0.22416000068,8.96000,0.00
,,, 0.22419999540,8.80000,0.00
,,, 0.22423999012,8.96000,0.00
,,, 0.22427999973,8.56000,-0.08000
,,, 0.22431999445,8.80000,0.00
,,, 0.22435998917,9.12000,0.00
,,, 0.22439999878,9.20000,-0.08000
,,, 0.22443999350,9.12000,0.00
,,, 0.22447998822,8.96000,0.00
,,, 0.22451999784,9.28000,0.00
,,, 0.22455999255,9.12000,0.00
,,, 0.22459998727,8.96000,0.00
,,, 0.22463999689,8.96000,0.08000
,,, 0.22467999160,8.96000,0.00
,,, 0.22472000122,8.96000,0.00
,,, 0.22475999594,8.88000,0.00
,,, 0.22479999065,8.88000,0.00
,,, 0.22484000027,8.72000,-0.08000
,,, 0.22487999499,8.88000,0.00
,,, 0.22491998971,9.12000,0.00
,,, 0.22495999932,8.80000,-0.08000
,,, 0.22499999404,8.96000,0.00
,,, 0.22503998876,8.96000,0.00
,,, 0.22507999837,9.28000,0.00
,,, 0.22511999309,9.12000,0.00
,,, 0.22515998781,9.12000,0.00
,,, 0.22519999743,9.12000,0.08000
,,, 0.22523999214,9.12000,0.00
,,, 0.22527998686,9.12000,0.00
,,, 0.22531999648,8.80000,0.00
,,, 0.22535999119,8.96000,0.00
,,, 0.22540000081,9.12000,0.00
,,, 0.22543999553,8.88000,0.00
,,, 0.22547999024,8.96000,0.00
,,, 0.22551999986,8.88000,-0.08000
,,, 0.22555999458,9.12000,0.00
,,, 0.22559998930,9.12000,0.00
,,, 0.22563999891,8.96000,-0.08000
,,, 0.22567999363,8.96000,0.00
,,, 0.22571998835,8.96000,0.00
,,, 0.22575999796,9.12000,0.08000
,,, 0.22579999268,9.12000,0.00
,,, 0.22583998740,8.96000,0.00
,,, 0.22587999701,9.12000,0.00
,,, 0.22591999173,9.12000,0.00
,,, 0.22596000135,8.96000,0.00
,,, 0.22599999607,8.88000,0.00
,,, 0.22603999078,9.12000,0.00
,,, 0.22608000040,9.12000,0.00
,,, 0.22611999512,8.88000,0.00
,,, 0.22615998983,8.96000,0.00
,,, 0.22619999945,9.12000,0.00
,,, 0.22623999417,9.12000,0.00
,,, 0.22627998888,8.96000,0.00
,,, 0.22631999850,9.12000,0.00
,,, 0.22635999322,8.96000,0.08000
,,, 0.22639998794,8.96000,0.00
,,, 0.22643999755,8.96000,0.00
,,, 0.22647999227,8.96000,0.00
,,, 0.22651998699,8.96000,0.00
,,, 0.22655999660,8.88000,0.00
,,, 0.22659999132,8.96000,0.00
,,, 0.22664000094,8.96000,0.00
,,, 0.22667999566,8.96000,0.00
,,, 0.22671999037,8.96000,0.00
,,, 0.22675999999,8.96000,0.00
,,, 0.22679999471,8.96000,0.00
,,, 0.22683998942,8.96000,0.00
,,, 0.22687999904,9.12000,0.00
,,, 0.22691999376,8.96000,0.00
,,, 0.22695998847,8.96000,0.00
,,, 0.22699999809,8.96000,0.00
,,, 0.22703999281,8.96000,0.00
,,, 0.22707998753,8.96000,0.00
,,, 0.22711999714,8.96000,0.00
,,, 0.22715999186,8.96000,0.00
,,, 0.22720000148,9.12000,0.00
,,, 0.22723999619,9.12000,0.00
,,, 0.22727999091,8.96000,0.00
,,, 0.22732000053,8.96000,0.00
,,, 0.22735999525,8.96000,0.00
,,, 0.22739998996,9.12000,0.00
,,, 0.22743999958,9.12000,0.00
,,, 0.22747999430,8.96000,0.00
,,, 0.22751998901,9.12000,0.00
,,, 0.22755999863,9.12000,0.00
,,, 0.22759999335,9.12000,0.00
,,, 0.22763998806,8.96000,0.00
,,, 0.22767999768,8.96000,0.00
,,, 0.22771999240,8.96000,0.08000
,,, 0.22775998712,9.12000,0.00
,,, 0.22779999673,8.96000,0.00
,,, 0.22783999145,9.12000,0.00
,,, 0.22788000107,9.12000,0.00
,,, 0.22791999578,9.12000,0.00
,,, 0.22795999050,8.96000,0.00
,,, 0.22800000012,9.12000,0.00
,,, 0.22803999484,9.12000,0.00
,,, 0.22807998955,8.96000,0.00
,,, 0.22811999917,9.12000,0.00
,,, 0.22815999389,9.12000,0.00
,,, 0.22819998860,8.96000,0.00
,,, 0.22823999822,9.12000,0.00
,,, 0.22827999294,8.96000,0.00
,,, 0.22831998765,8.96000,0.00
,,, 0.22835999727,8.96000,0.08000
,,, 0.22839999199,9.12000,0.00
,,, 0.22844000161,8.96000,0.00
,,, 0.22847999632,8.88000,0.00
,,, 0.22851999104,8.96000,0.00
,,, 0.22856000066,8.96000,0.00
,,, 0.22859999537,8.96000,0.00
,,, 0.22863999009,9.12000,0.00
,,, 0.22867999971,9.12000,0.00
,,, 0.22871999443,9.12000,0.00
,,, 0.22875998914,9.12000,0.00
,,, 0.22879999876,8.96000,0.00
,,, 0.22883999348,9.12000,0.00
,,, 0.22887998819,9.12000,0.00
,,, 0.22891999781,9.12000,0.08000
,,, 0.22895999253,8.96000,0.00
,,, 0.22899998724,8.96000,0.00
,,, 0.22903999686,8.96000,0.00
,,, 0.22907999158,8.96000,0.00
,,, 0.22912000120,8.96000,0.00
,,, 0.22915999591,8.88000,0.00
,,, 0.22919999063,8.96000,0.00
,,, 0.22924000025,8.96000,0.00
,,, 0.22927999496,8.96000,0.00
,,, 0.22931998968,9.12000,0.00
,,, 0.22935999930,8.96000,0.00
,,, 0.22939999402,9.12000,0.00
,,, 0.22943998873,8.96000,0.00
,,, 0.22947999835,9.12000,0.00
,,, 0.22951999307,8.96000,0.00
,,, 0.22955998778,8.96000,0.00
,,, 0.22959999740,9.12000,0.00
,,, 0.22963999212,8.96000,0.00
,,, 0.22967998683,8.96000,0.00
,,, 0.22971999645,9.12000,0.00
,,, 0.22975999117,9.12000,0.00
,,, 0.22980000079,8.96000,0.00
,,, 0.22983999550,8.88000,0.00
,,, 0.22987999022,9.12000,0.00
,,, 0.22991999984,9.12000,0.00
,,, 0.22995999455,8.96000,0.00
,,, 0.22999998927,9.12000,0.00
,,, 0.23003999889,8.96000,0.00
,,, 0.23007999361,9.12000,0.00
,,, 0.23011998832,8.96000,0.00
,,, 0.23015999794,9.12000,0.00
,,, 0.23019999266,9.12000,0.00
,,, 0.23023998737,8.96000,0.00
,,, 0.23027999699,8.96000,0.00
,,, 0.23031999171,8.88000,0.00
,,, 0.23036000133,8.96000,0.00
,,, 0.23039999604,8.96000,0.00
,,, 0.23043999076,8.96000,0.00
,,, 0.23048000038,8.96000,0.08000
,,, 0.23051999509,8.88000,0.00
,,, 0.23055998981,9.12000,0.00
,,, 0.23059999943,9.12000,0.00
,,, 0.23063999414,8.96000,0.00
,,, 0.23067998886,8.96000,0.00
,,, 0.23071999848,8.96000,0.00
,,, 0.23075999320,9.20000,0.00
,,, 0.23079998791,9.12000,0.00
,,, 0.23083999753,9.28000,0.08000
,,, 0.23087999225,9.12000,0.00
,,, 0.23091998696,9.12000,0.00
,,, 0.23095999658,8.88000,0.08000
,,, 0.23099999130,8.88000,0.00
,,, 0.23104000092,8.96000,0.08000
,,, 0.23107999563,8.88000,0.00
,,, 0.23111999035,8.88000,0.00
,,, 0.23115999997,8.96000,0.00
,,, 0.23119999468,8.80000,-0.08000
,,, 0.23123998940,9.12000,0.00
,,, 0.23127999902,8.96000,0.00
,,, 0.23131999373,9.20000,0.00
,,, 0.23135998845,9.12000,0.00
,,, 0.23139999807,9.12000,0.00
,,, 0.23143999279,9.20000,0.08000
,,, 0.23147998750,9.12000,0.00
,,, 0.23151999712,9.44000,0.08000
,,, 0.23155999184,9.12000,0.00
,,, 0.23160000145,8.96000,0.00
,,, 0.23163999617,8.80000,0.08000
,,, 0.23167999089,8.88000,0.00
,,, 0.23172000051,8.88000,0.00
,,, 0.23175999522,8.72000,0.00
,,, 0.23179998994,8.88000,0.00
,,, 0.23183999956,8.96000,0.00
,,, 0.23187999427,8.88000,-0.08000
,,, 0.23191998899,9.12000,0.00
,,, 0.23195999861,9.12000,0.00
,,, 0.23199999332,9.12000,0.00
,,, 0.23203998804,9.12000,0.08000
,,, 0.23207999766,8.96000,0.00
,,, 0.23211999238,9.20000,0.00
,,, 0.23215998709,9.12000,0.00
,,, 0.23219999671,9.36000,0.08000
,,, 0.23223999143,8.96000,0.08000
,,, 0.23228000104,8.96000,0.00
,,, 0.23231999576,8.72000,0.00
,,, 0.23235999048,8.88000,0.00
,,, 0.23240000010,8.88000,0.00
,,, 0.23243999481,8.72000,-0.08000
,,, 0.23247998953,8.88000,0.00
,,, 0.23251999915,9.12000,0.00
,,, 0.23255999386,9.12000,0.00
,,, 0.23259998858,9.12000,0.00
,,, 0.23263999820,9.12000,0.00
,,, 0.23267999291,9.20000,0.00
,,, 0.23271998763,9.12000,0.00
,,, 0.23275999725,8.96000,0.00
,,, 0.23279999197,9.12000,0.08000
,,, 0.23283998668,8.96000,0.00
,,, 0.23287999630,9.20000,0.16000
,,, 0.23291999102,8.96000,0.00
,,, 0.23296000063,8.88000,0.00
,,, 0.23299999535,8.64000,0.00
,,, 0.23303999007,8.80000,0.00
,,, 0.23307999969,8.96000,0.00
,,, 0.23311999440,8.72000,-0.08000
,,, 0.23315998912,8.88000,0.00
,,, 0.23319999874,9.12000,0.00
,,, 0.23323999345,9.12000,0.00
,,, 0.23327998817,9.12000,0.08000
,,, 0.23331999779,9.12000,0.00
,,, 0.23335999250,9.20000,0.00
,,, 0.23339998722,9.12000,0.00
,,, 0.23343999684,9.12000,0.00
,,, 0.23347999156,9.12000,0.08000
,,, 0.23352000117,8.96000,0.00
,,, 0.23355999589,9.20000,0.08000
,,, 0.23359999061,8.96000,0.08000
,,, 0.23364000022,9.12000,0.00
,,, 0.23367999494,8.56000,0.00
,,, 0.23371998966,8.80000,0.00
,,, 0.23375999928,8.96000,0.00
,,, 0.23379999399,8.72000,-0.08000
,,, 0.23383998871,8.96000,0.00
,,, 0.23387999833,8.96000,0.00
,,, 0.23391999304,9.20000,0.00
,,, 0.23395998776,9.12000,0.00
,,, 0.23399999738,8.96000,0.00
,,, 0.23403999209,9.20000,0.00
,,, 0.23407998681,9.12000,0.00
,,, 0.23411999643,9.12000,0.00
,,, 0.23415999115,8.96000,0.08000
,,, 0.23420000076,9.12000,0.08000
,,, 0.23423999548,8.88000,0.08000
,,, 0.23427999020,8.88000,0.08000
,,, 0.23431999981,9.12000,0.00
,,, 0.23435999453,8.56000,0.00
,,, 0.23439998925,8.88000,0.00
,,, 0.23443999887,9.12000,0.00
,,, 0.23447999358,8.72000,-0.08000
,,, 0.23451998830,8.96000,0.00
,,, 0.23455999792,9.12000,0.00
,,, 0.23459999263,9.36000,0.08000
,,, 0.23463998735,9.12000,0.00
,,, 0.23467999697,9.12000,0.00
,,, 0.23471999168,9.20000,0.08000
,,, 0.23476000130,9.12000,0.00
,,, 0.23479999602,9.12000,0.00
,,, 0.23483999074,8.88000,0.08000
,,, 0.23488000035,8.88000,0.00
,,, 0.23491999507,8.80000,0.00
,,, 0.23495998979,8.88000,0.00
,,, 0.23499999940,8.96000,0.00
,,, 0.23503999412,8.80000,-0.08000
,,, 0.23507998884,9.12000,0.00
,,, 0.23511999846,9.12000,0.00
,,, 0.23515999317,8.96000,0.00
,,, 0.23519998789,9.12000,0.00
,,, 0.23523999751,8.96000,0.00
,,, 0.23527999222,9.20000,0.08000
,,, 0.23531998694,9.12000,0.00
,,, 0.23535999656,8.96000,0.00
,,, 0.23539999127,9.12000,0.00
,,, 0.23544000089,9.12000,0.00
,,, 0.23547999561,8.96000,0.08000
,,, 0.23551999032,8.88000,0.00
,,, 0.23555999994,8.96000,0.00
,,, 0.23559999466,8.80000,0.00
,,, 0.23563998938,8.96000,0.00
,,, 0.23567999899,9.12000,0.00
,,, 0.23571999371,9.12000,0.00
,,, 0.23575998843,9.12000,0.00
,,, 0.23579999804,9.12000,0.00
,,, 0.23583999276,9.12000,0.00
,,, 0.23587998748,8.96000,0.00
,,, 0.23591999710,9.12000,0.00
,,, 0.23595999181,8.96000,0.00
,,, 0.23600000143,9.12000,0.00
,,, 0.23603999615,8.96000,0.00
,,, 0.23607999086,8.96000,0.00
,,, 0.23612000048,8.96000,0.00
,,, 0.23615999520,8.96000,0.00
,,, 0.23619998991,8.96000,0.00
,,, 0.23623999953,9.12000,0.00
,,, 0.23627999425,8.96000,0.00
,,, 0.23631998897,9.12000,0.00
,,, 0.23635999858,8.96000,0.00
,,, 0.23639999330,9.12000,0.00
,,, 0.23643998802,8.96000,0.00
,,, 0.23647999763,8.96000,0.00
,,, 0.23651999235,8.96000,0.00
,,, 0.23655998707,8.96000,0.00
,,, 0.23659999669,8.96000,0.00
,,, 0.23663999140,9.12000,0.00
,,, 0.23668000102,8.96000,0.00
,,, 0.23671999574,9.12000,0.00
,,, 0.23675999045,8.88000,0.00
,,, 0.23680000007,8.96000,0.00
,,, 0.23683999479,8.88000,0.00
,,, 0.23687998950,8.96000,0.00
,,, 0.23691999912,8.96000,0.00
,,, 0.23695999384,8.96000,0.00
,,, 0.23699998856,9.12000,0.00
,,, 0.23703999817,9.12000,0.00
,,, 0.23707999289,9.12000,0.00
,,, 0.23711998761,9.12000,0.00
,,, 0.23715999722,8.96000,0.00
,,, 0.23719999194,8.96000,0.00
,,, 0.23723998666,8.96000,0.00
,,, 0.23727999628,8.96000,0.00
,,, 0.23731999099,9.12000,0.00
,,, 0.23736000061,8.96000,0.00
,,, 0.23739999533,9.12000,0.00
,,, 0.23743999004,8.96000,0.00
,,, 0.23747999966,8.96000,0.00
,,, 0.23751999438,8.96000,0.00
,,, 0.23755998909,8.96000,0.00
,,, 0.23759999871,9.12000,0.00
,,, 0.23763999343,9.12000,0.00
,,, 0.23767998815,9.12000,0.00
,,, 0.23771999776,9.12000,0.00
,,, 0.23775999248,9.12000,0.08000
,,, 0.23779998720,9.12000,0.00
,,, 0.23783999681,8.96000,0.00
,,, 0.23787999153,9.12000,0.08000
,,, 0.23792000115,8.96000,0.00
,,, 0.23795999587,8.96000,0.00
,,, 0.23799999058,8.96000,0.00
,,, 0.23804000020,8.96000,0.00
,,, 0.23807999492,8.96000,0.00
,,, 0.23811998963,8.96000,0.00
,,, 0.23815999925,8.96000,0.00
,,, 0.23819999397,8.96000,0.00
,,, 0.23823998868,9.12000,0.00
,,, 0.23827999830,9.12000,0.00
,,, 0.23831999302,8.96000,0.00
,,, 0.23835998774,9.12000,0.00
,,, 0.23839999735,9.12000,0.00
,,, 0.23843999207,9.12000,0.00
,,, 0.23847998679,9.12000,0.00
,,, 0.23851999640,8.96000,0.00
,,, 0.23855999112,9.12000,0.00
,,, 0.23860000074,9.12000,0.08000
,,, 0.23863999546,9.12000,0.00
,,, 0.23867999017,8.96000,0.00
,,, 0.23871999979,8.96000,0.00
,,, 0.23875999451,9.12000,0.00
,,, 0.23879998922,8.96000,0.00
,,, 0.23883999884,9.12000,0.00
,,, 0.23887999356,8.96000,0.00
,,, 0.23891998827,9.12000,0.00
,,, 0.23895999789,9.12000,0.00
,,, 0.23899999261,8.96000,0.00
,,, 0.23903998733,8.96000,0.00
,,, 0.23907999694,9.12000,0.00
,,, 0.23911999166,9.12000,0.00
,,, 0.23916000128,9.12000,0.00
,,, 0.23919999599,9.12000,0.08000
,,, 0.23923999071,9.12000,0.08000
,,, 0.23928000033,8.96000,0.00
,,, 0.23931999505,8.96000,0.00
,,, 0.23935998976,9.12000,0.00
,,, 0.23939999938,8.96000,0.00
,,, 0.23943999410,8.96000,0.00
,,, 0.23947998881,8.96000,0.00
,,, 0.23951999843,9.12000,0.00
,,, 0.23955999315,8.96000,0.00
,,, 0.23959998786,9.12000,0.00
,,, 0.23963999748,9.12000,0.00
,,, 0.23967999220,9.12000,-0.08000
,,, 0.23971998692,8.96000,0.00
,,, 0.23975999653,8.96000,0.00
,,, 0.23979999125,9.12000,0.00
,,, 0.23984000087,9.12000,0.00
,,, 0.23987999558,9.12000,0.00
,,, 0.23991999030,9.12000,0.00
,,, 0.23995999992,9.12000,0.08000
,,, 0.23999999464,8.96000,0.00
,,, 0.24003998935,8.88000,0.00
,,, 0.24007999897,8.96000,0.00
,,, 0.24011999369,8.96000,0.00
,,, 0.24015998840,8.96000,0.00
,,, 0.24019999802,9.12000,0.00
,,, 0.24023999274,8.96000,0.00
,,, 0.24027998745,9.12000,0.08000
,,, 0.24031999707,9.12000,0.00
,,, 0.24035999179,9.12000,0.00
,,, 0.24039998651,8.96000,0.00
,,, 0.24043999612,8.96000,0.08000
,,, 0.24047999084,9.20000,0.08000
,,, 0.24052000046,8.96000,0.00
,,, 0.24055999517,8.96000,0.00
,,, 0.24059998989,9.12000,0.08000
,,, 0.24063999951,9.12000,0.00
,,, 0.24067999423,9.12000,0.00
,,, 0.24071998894,8.80000,0.00
,,, 0.24075999856,8.96000,0.00
,,, 0.24079999328,9.12000,0.00
,,, 0.24083998799,8.96000,0.00
,,, 0.24087999761,8.96000,0.00
,,, 0.24091999233,8.96000,-0.08000
,,, 0.24095998704,9.12000,0.00
,,, 0.24099999666,9.12000,0.00
,,, 0.24103999138,9.12000,0.00
,,, 0.24108000100,9.12000,0.00
,,, 0.24111999571,8.96000,0.00
,,, 0.24115999043,9.20000,0.08000
,,, 0.24120000005,8.96000,0.00
,,, 0.24123999476,8.96000,0.00
,,, 0.24127998948,8.96000,0.08000
,,, 0.24131999910,8.96000,0.00
,,, 0.24135999382,9.12000,0.00
,,, 0.24139998853,8.80000,0.00
,,, 0.24143999815,8.96000,0.00
,,, 0.24147999287,8.96000,0.00
,,, 0.24151998758,8.88000,0.00
,,, 0.24155999720,8.96000,0.00
,,, 0.24159999192,9.28000,0.00
,,, 0.24163998663,9.20000,0.00
,,, 0.24167999625,9.12000,0.00
,,, 0.24171999097,9.36000,0.00
,,, 0.24176000059,9.20000,0.00
,,, 0.24179999530,9.12000,0.00
,,, 0.24183999002,8.96000,0.08000
,,, 0.24187999964,8.96000,0.00
,,, 0.24191999435,8.96000,0.00
,,, 0.24195998907,8.88000,0.00
,,, 0.24199999869,8.96000,0.00
,,, 0.24203999341,8.96000,0.00
,,, 0.24207998812,8.88000,0.00
,,, 0.24211999774,8.96000,0.00
,,, 0.24215999246,9.12000,0.00
,,, 0.24219998717,8.88000,0.00
,,, 0.24223999679,8.96000,0.00
,,, 0.24227999151,9.44000,0.08000
,,, 0.24232000113,9.20000,0.00
,,, 0.24235999584,9.12000,0.00
,,, 0.24239999056,9.44000,0.08000
,,, 0.24244000018,9.12000,0.08000
,,, 0.24247999489,9.12000,0.08000
,,, 0.24251998961,8.80000,0.00
,,, 0.24255999923,8.88000,0.00
,,, 0.24259999394,8.96000,0.00
,,, 0.24263998866,8.80000,0.00
,,, 0.24267999828,8.88000,0.00
,,, 0.24271999300,8.96000,0.00
,,, 0.24275998771,8.96000,0.00
,,, 0.24279999733,9.12000,0.00
,,, 0.24283999205,9.12000,0.00
,,, 0.24287998676,9.12000,0.00
,,, 0.24291999638,9.12000,0.00
,,, 0.24295999110,9.36000,0.08000
,,, 0.24300000072,9.12000,0.08000
,,, 0.24303999543,9.12000,0.00
,,, 0.24307999015,9.12000,0.08000
,,, 0.24311999977,8.96000,0.00
,,, 0.24315999448,8.96000,0.00
,,, 0.24319998920,8.72000,0.00
,,, 0.24323999882,8.88000,0.00
,,, 0.24327999353,9.12000,0.00
,,, 0.24331998825,8.80000,-0.08000
,,, 0.24335999787,8.96000,0.00
,,, 0.24339999259,9.12000,0.00
,,, 0.24343998730,9.28000,0.00
,,, 0.24347999692,9.12000,0.00
,,, 0.24351999164,9.36000,0.08000
,,, 0.24356000125,9.20000,0.00
,,, 0.24359999597,9.12000,0.00
,,, 0.24363999069,8.80000,0.08000
,,, 0.24368000031,8.88000,0.08000
,,, 0.24371999502,8.96000,0.00
,,, 0.24375998974,8.80000,0.00
,,, 0.24379999936,8.88000,0.00
,,, 0.24383999407,8.96000,0.00
,,, 0.24387998879,8.88000,0.00
,,, 0.24391999841,8.96000,0.16000
,,, 0.24395999312,8.96000,0.40000
,,, 0.24399998784,9.12000,8.96000
,,, 0.24403999746,9.12000,0.00
,,, 0.24407999218,9.12000,0.08000
,,, 0.24411998689,9.12000,0.24000
,,, 0.24415999651,9.12000,0.56000
,,, 0.24419999123,9.28000,9.20000
,,, 0.24424000084,8.96000,0.08000
,,, 0.24427999556,8.96000,0.08000
,,, 0.24431999028,8.64000,0.08000
,,, 0.24435999990,8.80000,0.40000
,,, 0.24439999461,8.96000,8.88000
,,, 0.24443998933,8.72000,0.00
,,, 0.24447999895,8.96000,0.00
,,, 0.24451999366,8.96000,0.16000
,,, 0.24455998838,9.28000,0.56000
,,, 0.24459999800,9.12000,8.96000
,,, 0.24463999271,9.12000,0.00
,,, 0.24467998743,9.20000,0.08000
,,, 0.24471999705,9.12000,0.24000
,,, 0.24475999177,8.96000,0.56000
,,, 0.24479998648,8.96000,8.96000
,,, 0.24483999610,8.96000,0.08000
,,, 0.24487999082,8.96000,0.08000
,,, 0.24492000043,8.88000,0.24000
,,, 0.24495999515,8.96000,0.40000
,,, 0.24499998987,8.72000,8.80000
,,, 0.24503999949,8.96000,0.00
,,, 0.24507999420,8.96000,0.00
,,, 0.24511998892,8.96000,0.08000
,,, 0.24515999854,8.96000,0.40000
,,, 0.24519999325,9.12000,8.96000
,,, 0.24523998797,9.20000,0.08000
,,, 0.24527999759,9.12000,0.08000
,,, 0.24531999230,8.96000,0.16000
,,, 0.24535998702,9.12000,0.64000
,,, 0.24539999664,9.12000,8.88000
,,, 0.24543999135,9.12000,0.08000
,,, 0.24548000097,8.88000,0.08000
,,, 0.24551999569,8.96000,0.24000
,,, 0.24555999041,8.80000,0.56000
,,, 0.24560000002,9.12000,8.88000
,,, 0.24563999474,8.96000,0.08000
,,, 0.24567998946,8.80000,0.00
,,, 0.24571999907,9.12000,0.16000
,,, 0.24575999379,8.96000,0.56000
,,, 0.24579998851,8.96000,8.88000
,,, 0.24583999813,8.96000,0.08000
,,, 0.24587999284,9.12000,0.08000
,,, 0.24591998756,9.12000,0.24000
,,, 0.24595999718,9.12000,0.56000
,,, 0.24599999189,9.12000,8.88000
,,, 0.24603998661,9.12000,0.08000
,,, 0.24607999623,9.12000,0.08000
,,, 0.24611999094,8.96000,0.16000
,,, 0.24616000056,8.88000,0.40000
,,, 0.24619999528,8.96000,8.96000
,,, 0.24623999000,8.88000,0.00
,,, 0.24627999961,8.96000,0.08000
,,, 0.24631999433,8.96000,0.24000
,,, 0.24635998905,8.96000,0.40000
,,, 0.24639999866,9.12000,8.88000
,,, 0.24643999338,9.12000,0.08000
,,, 0.24647998810,8.96000,0.08000
,,, 0.24651999772,8.96000,0.16000
,,, 0.24655999243,8.88000,0.56000
,,, 0.24659998715,8.96000,8.96000
,,, 0.24663999677,8.96000,0.00
,,, 0.24667999148,8.96000,0.08000
,,, 0.24672000110,8.96000,0.16000
,,, 0.24675999582,9.12000,0.40000
,,, 0.24679999053,8.96000,8.88000
,,, 0.24684000015,8.96000,0.00
,,, 0.24687999487,8.96000,0.08000
,,, 0.24691998959,8.96000,0.16000
,,, 0.24695999920,9.12000,0.40000
,,, 0.24699999392,9.12000,8.96000
,,, 0.24703998864,9.12000,0.08000
,,, 0.24707999825,9.12000,0.08000
,,, 0.24711999297,8.96000,0.16000
,,, 0.24715998769,8.96000,0.56000
,,, 0.24719999731,9.12000,8.96000
,,, 0.24723999202,8.96000,0.00
,,, 0.24727998674,8.96000,0.08000
,,, 0.24731999636,9.12000,0.16000
,,, 0.24735999107,8.96000,0.40000
,,, 0.24740000069,8.96000,8.88000
,,, 0.24743999541,8.96000,0.08000
,,, 0.24747999012,9.12000,0.00
,,, 0.24751999974,9.12000,0.16000
,,, 0.24755999446,9.12000,0.56000
,,, 0.24759998918,8.96000,8.96000
,,, 0.24763999879,9.12000,0.08000
,,, 0.24767999351,8.96000,0.08000
,,, 0.24771998823,9.12000,0.24000
,,, 0.24775999784,8.96000,0.56000
,,, 0.24779999256,9.12000,8.96000
,,, 0.24783998728,9.12000,0.08000
,,, 0.24787999690,9.12000,0.00
,,, 0.24791999161,8.96000,0.24000
,,, 0.24795998633,8.88000,0.40000
,,, 0.24799999595,9.12000,8.96000
,,, 0.24803999066,8.96000,0.00
,,, 0.24808000028,8.96000,0.08000
,,, 0.24811999500,9.12000,0.16000
,,, 0.24815998971,8.96000,0.40000
,,, 0.24819999933,8.96000,8.88000
,,, 0.24823999405,9.12000,0.00
,,, 0.24827998877,8.96000,0.00
,,, 0.24831999838,8.96000,0.16000
,,, 0.24835999310,9.12000,0.56000
,,, 0.24839998782,9.12000,8.96000
,,, 0.24843999743,9.12000,0.08000
,,, 0.24847999215,9.12000,0.08000
,,, 0.24851998687,9.12000,0.16000
,,, 0.24855999649,8.96000,0.40000
,,, 0.24859999120,8.96000,8.88000
,,, 0.24864000082,8.96000,0.00
,,, 0.24867999554,8.96000,0.08000
,,, 0.24871999025,8.96000,0.16000
,,, 0.24875999987,8.96000,0.40000
,,, 0.24879999459,9.12000,8.96000
,,, 0.24883998930,8.88000,0.00
,,, 0.24887999892,8.96000,0.00
,,, 0.24891999364,9.12000,0.16000
,,, 0.24895998836,8.88000,0.40000
,,, 0.24899999797,8.96000,8.88000
,,, 0.24903999269,8.96000,0.00
,,, 0.24907998741,9.12000,0.00
,,, 0.24911999702,9.12000,0.24000
,,, 0.24915999174,8.96000,0.40000
,,, 0.24919998646,9.12000,8.96000
,,, 0.24923999608,9.12000,0.00
,,, 0.24927999079,8.96000,0.08000
,,, 0.24932000041,8.96000,0.16000
,,, 0.24935999513,8.96000,0.40000
,,, 0.24939998984,8.96000,8.88000
,,, 0.24943999946,8.96000,0.00
,,, 0.24947999418,9.12000,0.08000
,,, 0.24951998889,8.88000,0.16000
,,, 0.24955999851,8.88000,0.40000
,,, 0.24959999323,8.96000,8.88000
,,, 0.24963998795,8.96000,0.00
,,, 0.24967999756,8.96000,0.00
,,, 0.24971999228,8.96000,0.16000
,,, 0.24975998700,9.12000,0.40000
,,, 0.24979999661,8.96000,8.88000
,,, 0.24983999133,9.12000,0.00
,,, 0.24988000095,9.12000,0.08000
,,, 0.24991999567,8.96000,0.16000
,,, 0.24995999038,9.12000,0.40000
,,, 0.25000000000,8.96000,8.88000
,,, 0.25003999472,8.96000,0.00
,,, 0.25007998943,8.96000,0.08000
,,, 0.25011998415,8.96000,0.16000
,,, 0.25015997887,8.96000,0.40000
,,, 0.25020000339,8.88000,8.88000
,,, 0.25023999810,8.88000,0.00
,,, 0.25027999282,9.12000,0.00
,,, 0.25031998754,8.88000,0.08000
,,, 0.25035998225,8.96000,0.40000
,,, 0.25040000677,9.12000,8.88000
,,, 0.25044000149,9.20000,0.00
,,, 0.25047999620,9.12000,-0.08000
,,, 0.25051999092,9.12000,0.24000
,,, 0.25055998564,8.96000,0.40000
,,, 0.25059998035,9.12000,8.88000
,,, 0.25064000487,9.12000,0.00
,,, 0.25067999959,8.96000,0.08000
,,, 0.25071999431,8.88000,0.16000
,,, 0.25075998902,8.96000,0.40000
,,, 0.25079998374,8.88000,8.88000
,,, 0.25084000826,9.12000,0.00
,,, 0.25088000298,8.80000,0.00
,,, 0.25091999769,8.88000,0.16000
,,, 0.25095999241,8.96000,0.40000
,,, 0.25099998713,8.80000,8.80000
,,, 0.25103998184,8.96000,0.00
,,, 0.25108000636,9.12000,0.08000
,,, 0.25112000108,9.28000,0.16000
,,, 0.25115999579,9.12000,0.40000
,,, 0.25119999051,9.12000,8.88000
,,, 0.25123998523,9.20000,0.08000
,,, 0.25127997994,9.12000,0.08000
,,, 0.25132000446,8.96000,0.16000
,,, 0.25135999918,8.96000,0.64000
,,, 0.25139999390,8.96000,8.88000
,,, 0.25143998861,8.96000,0.00
,,, 0.25147998333,8.88000,0.08000
,,, 0.25152000785,8.96000,0.16000
,,, 0.25156000257,8.72000,0.32000
,,, 0.25159999728,8.88000,8.88000
,,, 0.25163999200,8.96000,0.00
,,, 0.25167998672,8.72000,-0.08000
,,, 0.25171998143,8.88000,0.16000
,,, 0.25176000595,9.12000,0.56000
,,, 0.25180000067,9.36000,8.96000
,,, 0.25183999538,9.12000,0.00
,,, 0.25187999010,9.12000,0.08000
,,, 0.25191998482,9.28000,0.24000
,,, 0.25195997953,8.96000,0.40000
,,, 0.25200000405,9.12000,8.88000
,,, 0.25203999877,8.96000,0.08000
,,, 0.25207999349,8.88000,0.08000
,,, 0.25211998820,8.96000,0.16000
,,, 0.25215998292,8.88000,0.56000
,,, 0.25220000744,8.96000,8.96000
,,, 0.25224000216,8.72000,-0.08000
,,, 0.25227999687,8.80000,0.00
,,, 0.25231999159,8.96000,0.16000
,,, 0.25235998631,8.72000,0.32000
,,, 0.25239998102,8.96000,8.88000
,,, 0.25244000554,8.96000,0.00
,,, 0.25248000026,9.44000,0.08000
,,, 0.25251999497,9.12000,0.16000
,,, 0.25255998969,8.96000,0.56000
,,, 0.25259998441,9.28000,8.96000
,,, 0.25263997912,9.12000,0.08000
,,, 0.25268000364,8.96000,0.00
,,, 0.25271999836,8.88000,0.24000
,,, 0.25275999308,8.80000,0.40000
,,, 0.25279998779,8.96000,8.96000
,,, 0.25283998251,8.88000,0.00
,,, 0.25288000703,8.88000,0.08000
,,, 0.25292000175,8.64000,0.08000
,,, 0.25295999646,8.96000,0.40000
,,, 0.25299999118,8.96000,8.88000
,,, 0.25303998590,8.88000,-0.08000
,,, 0.25307998061,9.12000,0.00
,,, 0.25312000513,8.96000,0.24000
,,, 0.25315999985,9.44000,0.64000
,,, 0.25319999456,9.12000,8.96000
,,, 0.25323998928,8.96000,0.00
,,, 0.25327998400,9.28000,0.08000
,,, 0.25331997871,9.12000,0.16000
,,, 0.25336000323,8.96000,0.40000
,,, 0.25339999795,8.80000,8.88000
,,, 0.25343999267,8.88000,0.00
,,, 0.25347998738,8.96000,0.08000
,,, 0.25351998210,8.80000,0.08000
,,, 0.25356000662,8.96000,0.56000
,,, 0.25360000134,8.96000,8.80000
,,, 0.25363999605,9.12000,0.00
,,, 0.25367999077,9.12000,0.00
,,, 0.25371998549,9.20000,0.08000
,,, 0.25375998020,9.12000,0.56000
,,, 0.25380000472,8.96000,8.96000
,,, 0.25383999944,9.20000,0.16000
,,, 0.25387999415,9.12000,0.08000
,,, 0.25391998887,8.96000,0.24000
,,, 0.25395998359,8.96000,0.56000
,,, 0.25400000811,8.96000,0.00
,,, 0.25404000282,8.96000,0.00
,,, 0.25407999754,8.80000,-0.08000
,,, 0.25411999226,8.96000,0.08000
,,, 0.25415998697,9.12000,0.40000
,,, 0.25419998169,8.88000,-0.08000
,,, 0.25424000621,8.96000,0.00
,,, 0.25428000093,9.36000,0.00
,,, 0.25431999564,9.12000,0.16000
,,, 0.25435999036,9.12000,0.56000
,,, 0.25439998507,9.44000,0.00
,,, 0.25443997979,9.12000,0.00
,,, 0.25448000431,9.12000,0.00
,,, 0.25451999903,8.96000,0.24000
,,, 0.25455999374,8.88000,0.40000
,,, 0.25459998846,8.96000,0.00
,,, 0.25463998318,8.80000,0.00
,,, 0.25468000770,8.88000,0.00
,,, 0.25472000241,9.12000,0.16000
,,, 0.25475999713,8.80000,0.40000
,,, 0.25479999185,8.96000,0.00
,,, 0.25483998656,9.12000,0.00
,,, 0.25487998128,9.12000,-0.08000
,,, 0.25492000580,8.96000,0.16000
,,, 0.25496000051,9.36000,0.56000
,,, 0.25499999523,9.12000,0.08000
,,, 0.25503998995,9.12000,0.00
,,, 0.25507998466,9.20000,0.00
,,, 0.25511997938,8.96000,0.16000
,,, 0.25516000390,8.96000,0.40000
,,, 0.25519999862,8.80000,0.08000
,,, 0.25523999333,8.88000,0.00
,,, 0.25527998805,8.96000,-0.08000
,,, 0.25531998277,8.88000,0.16000
,,, 0.25536000729,8.96000,0.40000
,,, 0.25540000200,8.96000,0.00
,,, 0.25543999672,8.96000,-0.08000
,,, 0.25547999144,9.12000,-0.08000
,,, 0.25551998615,9.12000,0.16000
,,, 0.25555998087,8.96000,0.40000
,,, 0.25560000539,8.96000,0.00
,,, 0.25564000010,9.20000,0.00
,,, 0.25567999482,9.12000,0.00
,,, 0.25571998954,9.12000,0.24000
,,, 0.25575998425,9.20000,0.56000
,,, 0.25579997897,9.12000,0.00
,,, 0.25584000349,8.96000,0.00
,,, 0.25587999821,8.88000,0.00
,,, 0.25591999292,8.96000,0.24000
,,, 0.25595998764,8.96000,0.40000
,,, 0.25599998236,8.96000,0.00
,,, 0.25604000688,8.96000,0.00
,,, 0.25608000159,8.96000,0.00
,,, 0.25611999631,9.12000,0.16000
,,, 0.25615999103,9.12000,0.40000
,,, 0.25619998574,8.96000,0.00
,,, 0.25623998046,9.12000,0.00
,,, 0.25628000498,8.96000,0.00
,,, 0.25631999969,9.12000,0.16000
,,, 0.25635999441,8.96000,0.40000
,,, 0.25639998913,8.96000,0.00
,,, 0.25643998384,9.12000,0.00
,,, 0.25648000836,9.12000,-0.08000
,,, 0.25652000308,8.96000,0.08000
,,, 0.25655999780,8.96000,0.40000
,,, 0.25659999251,8.96000,0.00
,,, 0.25663998723,8.96000,0.00
,,, 0.25667998195,9.12000,0.00
,,, 0.25672000647,8.96000,0.16000
,,, 0.25676000118,8.96000,0.40000
,,, 0.25679999590,8.96000,0.00
,,, 0.25683999062,8.96000,0.00
,,, 0.25687998533,8.96000,-0.08000
,,, 0.25691998005,8.96000,0.16000
,,, 0.25696000457,8.96000,0.40000
,,, 0.25699999928,9.12000,0.00
,,, 0.25703999400,9.12000,0.00
,,, 0.25707998872,8.96000,0.00
,,, 0.25711998343,8.96000,0.16000
,,, 0.25716000795,8.96000,0.40000
,,, 0.25720000267,8.96000,0.00
,,, 0.25723999739,8.96000,0.00
,,, 0.25727999210,8.96000,0.00
,,, 0.25731998682,9.12000,0.16000
,,, 0.25735998154,9.12000,0.56000
,,, 0.25740000606,8.96000,0.00
,,, 0.25744000077,8.96000,0.00
,,, 0.25747999549,8.96000,0.00
,,, 0.25751999021,8.96000,0.16000
,,, 0.25755998492,8.96000,0.40000
,,, 0.25759997964,9.12000,0.00
,,, 0.25764000416,9.12000,0.00
,,, 0.25767999887,9.12000,0.00
,,, 0.25771999359,8.96000,0.16000
,,, 0.25775998831,8.96000,0.40000
,,, 0.25779998302,9.12000,0.00
,,, 0.25784000754,9.12000,0.00
,,, 0.25788000226,8.96000,0.00
,,, 0.25791999698,8.96000,0.16000
,,, 0.25795999169,9.12000,0.40000
,,, 0.25799998641,9.12000,0.00
,,, 0.25803998113,8.88000,0.00
,,, 0.25808000565,9.12000,-0.08000
,,, 0.25812000036,8.96000,0.16000
,,, 0.25815999508,9.12000,0.56000
,,, 0.25819998980,9.12000,0.00
,,, 0.25823998451,8.96000,0.00
,,, 0.25827997923,9.12000,0.00
,,, 0.25832000375,9.12000,0.16000
,,, 0.25835999846,9.12000,0.40000
,,, 0.25839999318,9.12000,0.00
,,, 0.25843998790,8.96000,0.00
,,, 0.25847998261,9.12000,0.00
,,, 0.25852000713,9.12000,0.16000
,,, 0.25856000185,8.96000,0.40000
,,, 0.25859999657,8.96000,0.00
,,, 0.25863999128,9.12000,0.00
,,, 0.25867998600,8.96000,0.00
,,, 0.25871998072,8.96000,0.16000
,,, 0.25876000524,9.12000,0.56000
,,, 0.25879999995,8.96000,0.00
,,, 0.25883999467,9.12000,0.00
,,, 0.25887998939,9.12000,0.00
,,, 0.25891998410,8.96000,0.16000
,,, 0.25895997882,8.96000,0.40000
,,, 0.25900000334,9.12000,0.00
,,, 0.25903999805,8.96000,0.00
,,, 0.25907999277,8.96000,0.00
,,, 0.25911998749,9.12000,0.08000
,,, 0.25915998220,8.96000,0.56000
,,, 0.25920000672,9.12000,0.00
,,, 0.25924000144,8.96000,0.00
,,, 0.25927999616,8.88000,0.00
,,, 0.25931999087,8.96000,0.16000
,,, 0.25935998559,9.12000,0.56000
,,, 0.25939998031,8.88000,0.00
,,, 0.25944000483,9.12000,-0.08000
,,, 0.25947999954,9.12000,-0.08000
,,, 0.25951999426,8.96000,0.16000
,,, 0.25955998898,8.96000,0.40000
,,, 0.25959998369,8.96000,0.00
,,, 0.25964000821,8.96000,0.00
,,, 0.25968000293,8.96000,0.00
,,, 0.25971999764,8.96000,0.16000
,,, 0.25975999236,9.12000,0.40000
,,, 0.25979998708,9.12000,0.00
,,, 0.25983998179,9.12000,0.00
,,, 0.25988000631,8.96000,0.00
,,, 0.25992000103,8.96000,0.24000
,,, 0.25995999575,8.88000,0.40000
,,, 0.25999999046,8.96000,0.00
,,, 0.26003998518,9.12000,0.00
,,, 0.26007997990,8.88000,-0.08000
,,, 0.26012000442,9.12000,0.08000
,,, 0.26015999913,9.12000,0.40000
,,, 0.26019999385,9.12000,0.08000
,,, 0.26023998857,8.96000,0.00
,,, 0.26027998328,9.12000,0.00
,,, 0.26032000780,9.12000,0.16000
,,, 0.26036000252,9.12000,0.40000
,,, 0.26039999723,9.12000,0.08000
,,, 0.26043999195,9.12000,0.00
,,, 0.26047998667,8.96000,-0.08000
,,, 0.26051998138,8.96000,0.16000
,,, 0.26056000590,8.96000,0.40000
,,, 0.26060000062,8.96000,0.00
,,, 0.26063999534,8.96000,0.00
,,, 0.26067999005,8.96000,0.00
,,, 0.26071998477,8.96000,0.16000
,,, 0.26075997949,8.96000,0.40000
,,, 0.26080000401,9.12000,0.00
,,, 0.26083999872,9.12000,0.00
,,, 0.26087999344,9.20000,0.00
,,, 0.26091998816,9.12000,0.24000
,,, 0.26095998287,9.28000,0.56000
,,, 0.26100000739,9.12000,0.00
,,, 0.26104000211,8.96000,0.00
,,, 0.26107999682,8.80000,0.00
,,, 0.26111999154,8.88000,0.08000
,,, 0.26115998626,8.88000,0.40000
,,, 0.26119998097,8.80000,0.00
,,, 0.26124000549,8.88000,0.00
,,, 0.26128000021,9.12000,0.00
,,, 0.26131999493,9.20000,0.16000
,,, 0.26135998964,9.12000,0.40000
,,, 0.26139998436,9.12000,0.00
,,, 0.26143997908,9.12000,0.00
,,, 0.26148000360,8.96000,0.00
,,, 0.26151999831,8.96000,0.16000
,,, 0.26155999303,8.96000,0.56000
,,, 0.26159998775,8.96000,0.00
,,, 0.26163998246,8.96000,0.08000
,,, 0.26168000698,8.96000,0.00
,,, 0.26172000170,8.96000,0.16000
,,, 0.26175999641,8.72000,0.32000
,,, 0.26179999113,8.96000,0.00
,,, 0.26183998585,8.88000,0.00
,,, 0.26187998056,8.88000,-0.08000
,,, 0.26192000508,8.96000,0.16000
,,, 0.26195999980,8.96000,0.56000
,,, 0.26199999452,9.28000,0.00
,,, 0.26203998923,9.12000,0.00
,,, 0.26207998395,9.12000,-0.08000
,,, 0.26211997867,9.20000,0.24000
,,, 0.26216000319,9.12000,0.40000
,,, 0.26219999790,8.96000,0.00
,,, 0.26223999262,8.80000,0.00
,,, 0.26227998734,8.96000,0.00
,,, 0.26231998205,8.56000,0.16000
,,, 0.26236000657,8.80000,0.40000
,,, 0.26240000129,8.96000,0.00
,,, 0.26243999600,8.88000,-0.08000
,,, 0.26247999072,9.12000,-0.08000
,,, 0.26251998544,9.12000,0.08000
,,, 0.26255998015,9.12000,0.40000
,,, 0.26260000467,9.12000,0.00
,,, 0.26263999939,8.96000,0.00
,,, 0.26267999411,9.20000,0.00
,,, 0.26271998882,9.12000,0.24000
,,, 0.26275998354,9.12000,0.56000
,,, 0.26280000806,9.12000,0.08000
,,, 0.26284000278,8.96000,0.00
,,, 0.26287999749,8.88000,-0.08000
,,, 0.26291999221,8.80000,0.08000
,,, 0.26295998693,8.88000,0.40000
,,, 0.26299998164,8.48000,-0.08000
,,, 0.26304000616,8.88000,0.00
,,, 0.26308000088,8.96000,-0.08000
,,, 0.26311999559,9.20000,0.08000
,,, 0.26315999031,9.12000,0.40000
,,, 0.26319998503,8.96000,0.00
,,, 0.26323997974,9.28000,0.00
,,, 0.26328000426,9.12000,0.00
,,, 0.26331999898,9.12000,0.08000
,,, 0.26335999370,9.12000,0.56000
,,, 0.26339998841,8.96000,0.00
,,, 0.26343998313,8.96000,0.00
,,, 0.26348000765,9.12000,0.00
,,, 0.26352000237,8.96000,0.16000
,,, 0.26355999708,8.80000,0.40000
,,, 0.26359999180,8.80000,0.00
,,, 0.26363998652,8.96000,0.00
,,, 0.26367998123,8.56000,-0.16000
,,, 0.26372000575,8.80000,0.08000
,,, 0.26376000047,8.96000,0.40000
,,, 0.26379999518,9.28000,0.00
,,, 0.26383998990,9.12000,0.00
,,, 0.26387998462,9.12000,0.00
,,, 0.26391997933,9.28000,0.08000
,,, 0.26396000385,9.12000,0.40000
,,, 0.26399999857,9.12000,0.08000
,,, 0.26403999329,9.12000,0.08000
,,, 0.26407998800,8.96000,0.00
,,, 0.26411998272,8.96000,0.00
,,, 0.26416000724,8.96000,0.00
,,, 0.26420000196,8.96000,0.00
,,, 0.26423999667,8.72000,0.00
,,, 0.26427999139,8.80000,0.00
,,, 0.26431998610,8.96000,0.00
,,, 0.26435998082,8.64000,-0.08000
,,, 0.26440000534,8.96000,0.00
,,, 0.26444000006,8.96000,0.00
,,, 0.26447999477,9.28000,0.00
,,, 0.26451998949,9.20000,0.00
,,, 0.26455998421,9.12000,0.00
,,, 0.26459997892,9.28000,0.00
,,, 0.26464000344,9.12000,0.00
,,, 0.26467999816,9.12000,0.00
,,, 0.26471999288,8.96000,0.00
,,, 0.26475998759,8.96000,0.00
,,, 0.26479998231,8.96000,0.00
,,, 0.26484000683,8.88000,0.00
,,, 0.26488000154,9.12000,0.00
,,, 0.26491999626,8.72000,0.00
,,, 0.26495999098,8.80000,0.00
,,, 0.26499998569,8.96000,0.00
,,, 0.26503998041,8.80000,-0.08000
,,, 0.26508000493,8.96000,0.00
,,, 0.26511999965,8.96000,0.00
,,, 0.26515999436,9.28000,0.08000
,,, 0.26519998908,9.12000,0.00
,,, 0.26523998380,9.12000,0.00
,,, 0.26527997851,9.12000,0.00
,,, 0.26532000303,9.12000,0.00
,,, 0.26535999775,8.96000,0.00
,,, 0.26539999247,8.80000,0.00
,,, 0.26543998718,8.96000,0.00
,,, 0.26547998190,8.96000,0.00
,,, 0.26552000642,8.88000,0.00
,,, 0.26556000113,8.96000,0.00
,,, 0.26559999585,8.80000,-0.08000
,,, 0.26563999057,8.96000,0.00
,,, 0.26567998528,8.96000,0.00
,,, 0.26571998000,8.96000,0.00
,,, 0.26576000452,9.12000,0.00
,,, 0.26579999924,9.12000,0.00
,,, 0.26583999395,9.20000,0.08000
,,, 0.26587998867,9.20000,0.00
,,, 0.26591998339,8.96000,0.00
,,, 0.26596000791,9.12000,0.00
,,, 0.26600000262,9.12000,0.00
,,, 0.26603999734,8.96000,0.00
,,, 0.26607999206,8.88000,0.00
,,, 0.26611998677,8.96000,0.00
,,, 0.26615998149,8.96000,0.00
,,, 0.26620000601,8.96000,0.00
,,, 0.26624000072,8.96000,0.00
,,, 0.26627999544,8.96000,0.00
,,, 0.26631999016,9.12000,0.00
,,, 0.26635998487,8.96000,0.00
,,, 0.26639997959,8.96000,0.00
,,, 0.26644000411,9.12000,0.00
,,, 0.26647999883,8.96000,0.00
,,, 0.26651999354,9.12000,0.00
,,, 0.26655998826,8.96000,0.00
,,, 0.26659998298,8.96000,0.00
,,, 0.26664000750,8.96000,0.00
,,, 0.26668000221,8.96000,0.00
,,, 0.26671999693,9.12000,0.00
,,, 0.26675999165,8.96000,0.00
,,, 0.26679998636,9.12000,0.00
,,, 0.26683998108,9.12000,0.00
,,, 0.26688000560,8.96000,0.00
,,, 0.26692000031,8.96000,0.00
,,, 0.26695999503,8.96000,0.00
,,, 0.26699998975,9.12000,0.00
,,, 0.26703998446,9.12000,0.00
,,, 0.26707997918,9.12000,0.00
,,, 0.26712000370,9.12000,0.00
,,, 0.26715999842,9.12000,0.00
,,, 0.26719999313,8.96000,0.00
,,, 0.26723998785,8.96000,0.00
,,, 0.26727998257,9.12000,0.00
,,, 0.26732000709,8.96000,0.00
,,, 0.26736000180,8.96000,0.00
,,, 0.26739999652,8.96000,0.00
,,, 0.26743999124,8.96000,0.08000
,,, 0.26747998595,8.88000,0.00
,,, 0.26751998067,8.96000,0.00
,,, 0.26756000519,8.96000,0.00
,,, 0.26759999990,8.96000,0.00
,,, 0.26763999462,8.96000,0.00
,,, 0.26767998934,9.12000,0.00
,,, 0.26771998405,9.12000,0.00
,,, 0.26775997877,9.12000,0.00
,,, 0.26780000329,9.12000,0.00
,,, 0.26783999801,9.12000,0.00
,,, 0.26787999272,9.12000,0.00
,,, 0.26791998744,8.96000,0.00
,,, 0.26795998216,8.96000,0.00
,,, 0.26800000668,9.12000,0.00
,,, 0.26804000139,9.12000,0.00
,,, 0.26807999611,9.12000,0.00
,,, 0.26811999083,8.96000,0.00
,,, 0.26815998554,8.96000,0.00
,,, 0.26819998026,8.96000,0.00
,,, 0.26824000478,8.96000,0.00
,,, 0.26827999949,8.96000,0.00
,,, 0.26831999421,8.88000,0.00
,,, 0.26835998893,9.12000,0.00
,,, 0.26839998364,9.12000,0.00
,,, 0.26843997836,9.12000,0.00
,,, 0.26848000288,9.12000,0.00
,,, 0.26851999760,8.96000,0.00
,,, 0.26855999231,9.12000,0.00
,,, 0.26859998703,9.12000,0.00
,,, 0.26863998175,8.96000,0.00
,,, 0.26868000627,9.12000,0.00
,,, 0.26872000098,8.96000,0.00
,,, 0.26875999570,8.96000,0.00
,,, 0.26879999042,8.88000,0.00
,,, 0.26883998513,9.12000,0.00
,,, 0.26887997985,9.12000,0.00
,,, 0.26892000437,8.96000,0.00
,,, 0.26895999908,8.96000,0.00
,,, 0.26899999380,8.88000,0.00
,,, 0.26903998852,8.96000,0.00
,,, 0.26907998323,9.12000,0.00
,,, 0.26912000775,9.12000,0.00
,,, 0.26916000247,8.96000,0.00
,,, 0.26919999719,8.96000,0.00
,,, 0.26923999190,9.12000,0.00
,,, 0.26927998662,8.96000,0.00
,,, 0.26931998134,8.96000,0.00
,,, 0.26936000586,8.96000,0.00
,,, 0.26940000057,8.96000,0.00
,,, 0.26943999529,9.12000,0.00
,,, 0.26947999001,8.88000,0.00
,,, 0.26951998472,8.96000,0.00
,,, 0.26955997944,8.96000,0.00
,,, 0.26960000396,8.96000,0.00
,,, 0.26963999867,8.96000,0.00
,,, 0.26967999339,8.96000,0.00
,,, 0.26971998811,8.96000,0.00
,,, 0.26975998282,8.96000,0.00
,,, 0.26980000734,8.96000,0.00
,,, 0.26984000206,8.96000,0.00
,,, 0.26987999678,8.96000,0.00
,,, 0.26991999149,9.20000,0.08000
,,, 0.26995998621,9.12000,0.00
,,, 0.26999998093,8.96000,0.00
,,, 0.27004000545,9.12000,0.00
,,, 0.27008000016,9.12000,0.00
,,, 0.27011999488,8.96000,0.00
,,, 0.27015998960,8.88000,0.00
,,, 0.27019998431,8.96000,0.00
,,, 0.27023997903,8.96000,0.00
,,, 0.27028000355,9.12000,0.00
,,, 0.27031999826,8.96000,0.00
,,, 0.27035999298,8.88000,-0.08000
,,, 0.27039998770,9.12000,0.00
,,, 0.27043998241,9.12000,0.00
,,, 0.27048000693,8.88000,0.00
,,, 0.27052000165,8.96000,0.00
,,, 0.27055999637,9.12000,0.00
,,, 0.27059999108,9.20000,0.08000
,,, 0.27063998580,9.12000,0.00
,,, 0.27067998052,8.96000,0.00
,,, 0.27072000504,9.12000,0.08000
,,, 0.27075999975,9.12000,0.00
,,, 0.27079999447,9.12000,0.00
,,, 0.27083998919,8.80000,0.00
,,, 0.27087998390,8.96000,0.00
,,, 0.27091997862,8.96000,0.00
,,, 0.27096000314,8.88000,0.00
,,, 0.27099999785,8.96000,0.00
,,, 0.27103999257,8.72000,-0.08000
,,, 0.27107998729,9.12000,0.00
,,, 0.27111998200,8.96000,0.00
,,, 0.27116000652,8.96000,-0.08000
,,, 0.27120000124,8.96000,0.00
,,, 0.27123999596,9.12000,0.00
,,, 0.27127999067,9.28000,0.08000
,,, 0.27131998539,9.12000,0.00
,,, 0.27135998011,8.96000,0.00
,,, 0.27140000463,9.12000,0.08000
,,, 0.27143999934,8.96000,0.00
,,, 0.27147999406,8.96000,0.00
,,, 0.27151998878,8.80000,0.00
,,, 0.27155998349,8.96000,0.00
,,, 0.27160000801,9.12000,0.00
,,, 0.27164000273,8.80000,0.00
,,, 0.27167999744,8.96000,0.00
,,, 0.27171999216,9.12000,-0.08000
,,, 0.27175998688,9.12000,0.00
,,, 0.27179998159,9.12000,0.00
,,, 0.27184000611,9.20000,0.00
,,, 0.27188000083,9.12000,0.00
,,, 0.27191999555,9.12000,0.00
,,, 0.27195999026,9.20000,0.08000
,,, 0.27199998498,9.12000,0.00
,,, 0.27203997970,8.96000,0.00
,,, 0.27208000422,8.96000,0.08000
,,, 0.27211999893,8.96000,0.00
,,, 0.27215999365,8.96000,0.00
,,, 0.27219998837,8.72000,0.00
,,, 0.27223998308,8.96000,0.00
,,, 0.27228000760,9.12000,0.00
,,, 0.27232000232,8.88000,0.00
,,, 0.27235999703,9.12000,0.00
,,, 0.27239999175,9.28000,0.00
,,, 0.27243998647,9.20000,0.00
,,, 0.27247998118,9.12000,0.00
,,, 0.27252000570,9.28000,0.00
,,, 0.27256000042,9.12000,0.00
,,, 0.27259999514,9.12000,0.00
,,, 0.27263998985,9.12000,0.08000
,,, 0.27267998457,8.96000,0.00
,,, 0.27271997929,8.96000,0.00
,,, 0.27276000381,8.88000,0.00
,,, 0.27279999852,8.88000,0.00
,,, 0.27283999324,8.96000,0.00
,,, 0.27287998796,8.80000,-0.08000
,,, 0.27291998267,8.96000,0.00
,,, 0.27296000719,8.96000,0.00
,,, 0.27300000191,8.80000,0.00
,,, 0.27303999662,8.96000,0.00
,,, 0.27307999134,9.44000,0.00
,,, 0.27311998606,9.28000,0.00
,,, 0.27315998077,8.96000,0.00
,,, 0.27320000529,9.36000,0.08000
,,, 0.27324000001,9.12000,0.08000
,,, 0.27327999473,8.96000,0.00
,,, 0.27331998944,8.88000,0.08000
,,, 0.27335998416,8.88000,0.08000
,,, 0.27339997888,8.96000,0.00
,,, 0.27344000340,8.80000,0.00
,,, 0.27347999811,8.88000,0.00
,,, 0.27351999283,8.96000,0.00
,,, 0.27355998755,8.80000,0.00
,,, 0.27359998226,8.96000,0.00
,,, 0.27364000678,8.96000,0.00
,,, 0.27368000150,8.96000,0.00
,,, 0.27371999621,9.12000,0.00
,,, 0.27375999093,9.44000,0.00
,,, 0.27379998565,9.20000,0.08000
,,, 0.27383998036,9.12000,0.00
,,, 0.27388000488,9.36000,0.00
,,, 0.27391999960,9.12000,0.00
,,, 0.27395999432,8.96000,0.00
,,, 0.27399998903,8.80000,0.08000
,,, 0.27403998375,8.96000,0.00
,,, 0.27407997847,8.96000,0.00
,,, 0.27412000299,8.80000,0.00
,,, 0.27415999770,8.88000,0.00
,,, 0.27419999242,8.96000,0.00
,,, 0.27423998713,8.96000,-0.08000
,,, 0.27427998185,8.96000,0.00
,,, 0.27432000637,9.12000,0.00
,,, 0.27436000109,9.12000,0.00
,,, 0.27439999580,9.12000,0.00
,,, 0.27443999052,9.52000,0.08000
,,, 0.27447998524,9.20000,0.08000
,,, 0.27451997995,8.96000,0.00
,,, 0.27456000447,9.28000,0.08000
,,, 0.27459999919,8.96000,0.00
,,, 0.27463999391,8.96000,0.08000
,,, 0.27467998862,8.80000,0.00
,,, 0.27471998334,8.80000,0.00
,,, 0.27476000786,8.96000,0.00
,,, 0.27480000257,8.80000,0.00
,,, 0.27483999729,8.96000,0.00
,,, 0.27487999201,8.96000,0.00
,,, 0.27491998672,8.96000,0.00
,,, 0.27495998144,8.96000,0.00
,,, 0.27500000596,8.96000,0.08000
,,, 0.27504000068,9.12000,0.00
,,, 0.27507999539,8.96000,0.00
,,, 0.27511999011,9.28000,0.08000
,,, 0.27515998483,9.12000,0.08000
,,, 0.27519997954,8.96000,0.08000
,,, 0.27524000406,9.20000,0.00
,,, 0.27527999878,9.12000,0.00
,,, 0.27531999350,8.96000,0.00
,,, 0.27535998821,8.80000,0.00
,,, 0.27539998293,8.88000,0.00
,,, 0.27544000745,8.96000,0.00
,,, 0.27548000216,8.88000,0.00
,,, 0.27551999688,8.96000,0.00
,,, 0.27555999160,9.12000,0.00
,,, 0.27559998631,9.12000,0.00
,,, 0.27563998103,9.12000,0.08000
,,, 0.27568000555,9.12000,0.00
,,, 0.27572000027,9.12000,0.00
,,, 0.27575999498,9.12000,0.00
,,, 0.27579998970,9.20000,0.08000
,,, 0.27583998442,9.12000,0.00
,,, 0.27587997913,9.12000,0.00
,,, 0.27592000365,9.20000,0.08000
,,, 0.27595999837,9.12000,0.00
,,, 0.27599999309,9.12000,0.00
,,, 0.27603998780,8.96000,0.00
,,, 0.27607998252,8.96000,0.00
,,, 0.27612000704,8.96000,0.00
,,, 0.27616000175,8.96000,0.00
,,, 0.27619999647,9.12000,0.00
,,, 0.27623999119,8.96000,0.00
,,, 0.27627998590,9.12000,0.00
,,, 0.27631998062,9.12000,0.00
,,, 0.27636000514,8.96000,0.00
,,, 0.27639999986,8.96000,0.00
,,, 0.27643999457,9.12000,0.00
,,, 0.27647998929,9.12000,0.00
,,, 0.27651998401,8.96000,0.00
,,, 0.27655997872,9.12000,0.00
,,, 0.27660000324,9.12000,0.00
,,, 0.27663999796,8.96000,0.00
,,, 0.27667999268,8.96000,0.00
,,, 0.27671998739,8.88000,0.00
,,, 0.27675998211,8.96000,0.08000
,,, 0.27680000663,9.12000,0.00
,,, 0.27684000134,8.96000,0.00
,,, 0.27687999606,8.96000,0.00
,,, 0.27691999078,8.96000,0.00
,,, 0.27695998549,9.12000,0.00
,,, 0.27699998021,9.12000,0.00
,,, 0.27704000473,8.96000,0.00
,,, 0.27707999945,9.12000,0.00
,,, 0.27711999416,9.12000,0.00
,,, 0.27715998888,9.12000,0.00
,,, 0.27719998360,8.96000,0.00
,,, 0.27723997831,9.12000,0.00
,,, 0.27728000283,8.96000,0.00
,,, 0.27731999755,8.96000,0.00
,,, 0.27735999227,8.96000,0.00
,,, 0.27739998698,8.88000,0.08000
,,, 0.27743998170,8.96000,0.00
,,, 0.27748000622,8.96000,0.00
,,, 0.27752000093,8.96000,0.00
,,, 0.27755999565,9.12000,0.00
,,, 0.27759999037,9.12000,0.08000
,,, 0.27763998508,9.12000,0.00
,,, 0.27767997980,8.96000,0.00
,,, 0.27772000432,9.12000,0.00
,,, 0.27775999904,9.12000,0.00
,,, 0.27779999375,9.12000,0.00
,,, 0.27783998847,8.96000,0.00
,,, 0.27787998319,8.96000,0.00
,,, 0.27792000771,8.96000,0.00
,,, 0.27796000242,8.96000,0.00
,,, 0.27799999714,8.96000,0.00
,,, 0.27803999186,8.96000,0.00
,,, 0.27807998657,8.96000,0.00
,,, 0.27811998129,9.12000,0.00
,,, 0.27816000581,9.12000,0.00
,,, 0.27820000052,8.96000,0.00
,,, 0.27823999524,8.96000,0.00
,,, 0.27827998996,8.96000,0.00
,,, 0.27831998467,8.96000,0.00
,,, 0.27835997939,8.96000,0.00
,,, 0.27840000391,9.12000,0.00
,,, 0.27843999863,9.12000,0.00
,,, 0.27847999334,8.96000,0.00
,,, 0.27851998806,8.96000,0.00
,,, 0.27855998278,8.96000,0.00
,,, 0.27860000730,8.96000,0.00
,,, 0.27864000201,8.96000,0.00
,,, 0.27867999673,8.96000,0.00
,,, 0.27871999145,8.96000,0.00
,,, 0.27875998616,8.96000,0.00
,,, 0.27879998088,9.12000,0.00
,,, 0.27884000540,8.96000,0.00
,,, 0.27888000011,8.96000,0.00
,,, 0.27891999483,8.96000,0.00
,,, 0.27895998955,8.96000,0.00
,,, 0.27899998426,9.12000,0.00
,,, 0.27903997898,9.12000,0.00
,,, 0.27908000350,9.12000,0.08000
,,, 0.27911999822,9.12000,0.00
,,, 0.27915999293,8.96000,0.00
,,, 0.27919998765,8.96000,0.00
,,, 0.27923998237,8.96000,0.00
,,, 0.27928000689,9.12000,0.00
,,, 0.27932000160,8.88000,0.00
,,, 0.27935999632,8.96000,0.00
,,, 0.27939999104,8.96000,0.00
,,, 0.27943998575,9.12000,0.00
,,, 0.27947998047,8.96000,0.00
,,, 0.27952000499,8.96000,0.00
,,, 0.27955999970,9.12000,0.00
,,, 0.27959999442,8.96000,0.00
,,, 0.27963998914,8.96000,0.00
,,, 0.27967998385,8.96000,0.00
,,, 0.27971997857,8.96000,0.00
,,, 0.27976000309,8.88000,0.00
,,, 0.27979999781,8.96000,0.00
,,, 0.27983999252,8.96000,0.00
,,, 0.27987998724,8.96000,0.00
,,, 0.27991998196,9.12000,0.00
,,, 0.27996000648,8.96000,0.00
,,, 0.28000000119,8.88000,0.00
,,, 0.28003999591,9.12000,0.00
,,, 0.28007999063,8.96000,0.00
,,, 0.28011998534,9.12000,0.08000
,,, 0.28015998006,8.96000,0.08000
,,, 0.28020000458,8.96000,0.00
,,, 0.28023999929,9.12000,0.00
,,, 0.28027999401,9.12000,0.00
,,, 0.28031998873,9.12000,0.00
,,, 0.28035998344,8.88000,0.00
,,, 0.28039997816,8.96000,0.00
,,, 0.28044000268,8.80000,0.00
,,, 0.28047999740,8.96000,0.00
,,, 0.28051999211,9.12000,0.00
,,, 0.28055998683,8.96000,0.00
,,, 0.28059998155,9.12000,0.00
,,, 0.28064000607,9.12000,0.00
,,, 0.28068000078,9.12000,0.00
,,, 0.28071999550,9.12000,0.00
,,, 0.28075999022,8.96000,0.00
,,, 0.28079998493,9.12000,0.00
,,, 0.28083997965,9.12000,0.00
,,, 0.28088000417,9.12000,0.00
,,, 0.28091999888,8.96000,0.00
,,, 0.28095999360,8.96000,0.00
,,, 0.28099998832,9.12000,0.00
,,, 0.28103998303,8.88000,0.00
,,, 0.28108000755,8.96000,0.00
,,, 0.28112000227,8.72000,0.00
,,, 0.28115999699,8.96000,0.00
,,, 0.28119999170,8.88000,0.00
,,, 0.28123998642,9.12000,0.00
,,, 0.28127998114,9.12000,0.00
,,, 0.28132000566,9.12000,0.00
,,, 0.28136000037,9.20000,0.00
,,, 0.28139999509,9.12000,0.00
,,, 0.28143998981,9.12000,0.00
,,, 0.28147998452,9.12000,0.08000
,,, 0.28151997924,9.12000,0.00
,,, 0.28156000376,8.96000,0.00
,,, 0.28159999847,8.96000,0.00
,,, 0.28163999319,8.96000,0.00
,,, 0.28167998791,8.80000,0.00
,,, 0.28171998262,8.80000,0.00
,,, 0.28176000714,8.96000,0.00
,,, 0.28180000186,8.64000,-0.08000
,,, 0.28183999658,8.88000,0.00
,,, 0.28187999129,8.96000,0.00
,,, 0.28191998601,9.20000,0.00
,,, 0.28195998073,9.12000,0.00
,,, 0.28200000525,9.12000,0.00
,,, 0.28203999996,9.28000,0.00
,,, 0.28207999468,9.12000,0.00
,,, 0.28211998940,9.12000,0.00
,,, 0.28215998411,9.12000,0.08000
,,, 0.28219997883,9.12000,0.00
,,, 0.28224000335,8.96000,0.00
,,, 0.28227999806,8.96000,0.00
,,, 0.28231999278,9.12000,0.00
,,, 0.28235998750,8.80000,-0.08000
,,, 0.28239998221,8.80000,0.00
,,, 0.28244000673,8.96000,0.00
,,, 0.28248000145,8.64000,-0.08000
,,, 0.28251999617,8.96000,-0.08000
,,, 0.28255999088,8.96000,0.00
,,, 0.28259998560,9.28000,0.00
,,, 0.28263998032,9.12000,0.00
,,, 0.28268000484,9.12000,0.00
,,, 0.28271999955,9.28000,0.00
,,, 0.28275999427,9.20000,0.00
,,, 0.28279998899,9.12000,0.00
,,, 0.28283998370,9.12000,0.08000
,,, 0.28287997842,8.96000,0.00
,,, 0.28292000294,8.96000,0.00
,,, 0.28295999765,8.96000,0.08000
,,, 0.28299999237,8.96000,0.00
,,, 0.28303998709,8.72000,-0.08000
,,, 0.28307998180,8.80000,0.00
,,, 0.28312000632,8.96000,0.00
,,, 0.28316000104,8.72000,-0.08000
,,, 0.28319999576,8.88000,0.00
,,, 0.28323999047,8.96000,0.00
,,, 0.28327998519,9.36000,0.08000
,,, 0.28331997991,9.12000,0.00
,,, 0.28336000443,9.12000,0.00
,,, 0.28339999914,9.28000,0.00
,,, 0.28343999386,9.12000,0.00
,,, 0.28347998857,9.12000,0.00
,,, 0.28351998329,8.96000,0.08000
,,, 0.28355997801,8.96000,0.00
,,, 0.28360000253,8.96000,0.00
,,, 0.28363999724,8.88000,0.00
,,, 0.28367999196,8.96000,0.00
,,, 0.28371998668,8.64000,-0.08000
,,, 0.28375998139,8.88000,0.00
,,, 0.28380000591,8.96000,0.00
,,, 0.28384000063,8.80000,-0.08000
,,, 0.28387999535,8.96000,0.00
,,, 0.28391999006,9.12000,0.00
,,, 0.28395998478,9.44000,0.08000
,,, 0.28399997950,9.12000,0.00
,,, 0.28404000401,9.12000,0.00
,,, 0.28407999873,9.20000,0.08000
,,, 0.28411999345,9.12000,0.00
,,, 0.28415998816,8.96000,0.00
,,, 0.28419998288,8.88000,0.08000
,,, 0.28424000740,8.96000,0.00
,,, 0.28428000212,8.96000,0.00
,,, 0.28431999683,8.80000,0.08000
,,, 0.28435999155,8.96000,0.40000
,,, 0.28439998627,8.64000,8.72000
,,, 0.28443998098,8.96000,0.00
,,, 0.28448000550,9.12000,0.08000
,,, 0.28452000022,8.88000,0.08000
,,, 0.28455999494,9.12000,0.40000
,,, 0.28459998965,9.12000,8.96000
,,, 0.28463998437,9.44000,0.08000
,,, 0.28467997909,9.20000,0.08000
,,, 0.28472000360,8.96000,0.24000
,,, 0.28475999832,9.12000,0.56000
,,, 0.28479999304,8.96000,8.88000
,,, 0.28483998775,8.96000,0.00
,,, 0.28487998247,8.80000,0.08000
,,, 0.28492000699,8.96000,0.16000
,,, 0.28496000171,8.96000,0.40000
,,, 0.28499999642,8.88000,8.88000
,,, 0.28503999114,8.96000,0.00
,,, 0.28507998586,8.80000,0.00
,,, 0.28511998057,8.96000,0.16000
,,, 0.28516000509,9.12000,0.40000
,,, 0.28519999981,8.96000,8.88000
,,, 0.28523999453,9.12000,0.00
,,, 0.28527998924,9.12000,0.08000
,,, 0.28531998396,9.28000,0.24000
,,, 0.28535997868,8.96000,0.40000
,,, 0.28540000319,8.96000,8.96000
,,, 0.28543999791,9.12000,0.08000
,,, 0.28547999263,8.96000,0.08000
,,, 0.28551998734,9.12000,0.08000
,,, 0.28555998206,8.80000,0.40000
,,, 0.28560000658,8.96000,8.88000
,,, 0.28564000130,8.96000,0.08000
,,, 0.28567999601,8.96000,0.08000
,,, 0.28571999073,8.96000,0.16000
,,, 0.28575998545,8.80000,0.40000
,,, 0.28579998016,9.12000,8.96000
,,, 0.28584000468,9.12000,0.08000
,,, 0.28587999940,8.96000,0.08000
,,, 0.28591999412,8.96000,0.16000
,,, 0.28595998883,9.12000,0.56000
,,, 0.28599998355,9.20000,8.96000
,,, 0.28603997827,8.96000,0.08000
,,, 0.28608000278,8.96000,0.08000
,,, 0.28611999750,9.12000,0.24000
,,, 0.28615999222,9.12000,0.40000
,,, 0.28619998693,9.12000,8.88000
,,, 0.28623998165,8.96000,0.00
,,, 0.28628000617,8.96000,0.00
,,, 0.28632000089,8.96000,0.16000
,,, 0.28635999560,8.96000,0.40000
,,, 0.28639999032,8.96000,8.88000
,,, 0.28643998504,8.96000,0.00
,,, 0.28647997975,9.12000,0.08000
,,, 0.28652000427,8.96000,0.16000
,,, 0.28655999899,8.96000,0.40000
,,, 0.28659999371,8.96000,8.96000
,,, 0.28663998842,9.12000,0.08000
,,, 0.28667998314,9.12000,0.08000
,,, 0.28671997786,9.12000,0.16000
,,, 0.28676000237,9.12000,0.40000
,,, 0.28679999709,9.12000,8.96000
,,, 0.28683999181,9.12000,0.00
,,, 0.28687998652,9.12000,0.08000
,,, 0.28691998124,8.96000,0.16000
,,, 0.28696000576,8.96000,0.40000
,,, 0.28700000048,8.96000,8.96000
,,, 0.28703999519,8.96000,0.00
,,, 0.28707998991,9.12000,0.08000
,,, 0.28711998463,8.96000,0.16000
,,, 0.28715997934,8.96000,0.40000
,,, 0.28720000386,9.12000,8.96000
,,, 0.28723999858,8.96000,0.00
,,, 0.28727999330,9.12000,0.08000
,,, 0.28731998801,8.96000,0.16000
,,, 0.28735998273,9.12000,0.40000
,,, 0.28740000725,8.96000,8.88000
,,, 0.28744000196,9.12000,0.08000
,,, 0.28747999668,8.96000,0.08000
,,, 0.28751999140,9.12000,0.24000
,,, 0.28755998611,9.12000,0.40000
,,, 0.28759998083,8.96000,8.96000
,,, 0.28764000535,8.96000,0.08000
,,, 0.28768000007,8.96000,0.08000
,,, 0.28771999478,8.96000,0.16000
,,, 0.28775998950,8.96000,0.40000
,,, 0.28779998422,8.96000,8.88000
,,, 0.28783997893,8.96000,0.08000
,,, 0.28788000345,9.12000,0.08000
,,, 0.28791999817,8.96000,0.16000
,,, 0.28795999289,9.12000,0.40000
,,, 0.28799998760,9.12000,8.88000
,,, 0.28803998232,9.12000,0.00
,,, 0.28808000684,9.12000,0.00
,,, 0.28812000155,8.96000,0.16000
,,, 0.28815999627,9.12000,0.40000
,,, 0.28819999099,8.96000,8.88000
,,, 0.28823998570,9.12000,0.00
,,, 0.28827998042,8.96000,0.08000
,,, 0.28832000494,8.96000,0.08000
,,, 0.28835999966,8.96000,0.40000
,,, 0.28839999437,8.96000,8.96000
,,, 0.28843998909,8.96000,0.00
,,, 0.28847998381,8.88000,0.00
,,, 0.28851997852,8.96000,0.08000
,,, 0.28856000304,8.96000,0.40000
,,, 0.28859999776,8.96000,8.88000
,,, 0.28863999248,9.12000,0.00
,,, 0.28867998719,9.12000,0.08000
,,, 0.28871998191,9.12000,0.16000
,,, 0.28876000643,8.96000,0.40000
,,, 0.28880000114,9.12000,8.88000
,,, 0.28883999586,9.12000,0.00
,,, 0.28887999058,9.12000,0.00
,,, 0.28891998529,9.12000,0.08000
,,, 0.28895998001,8.96000,0.40000
,,, 0.28900000453,8.96000,8.96000
,,, 0.28903999925,9.12000,0.00
,,, 0.28907999396,8.96000,0.00
,,, 0.28911998868,8.96000,0.16000
,,, 0.28915998340,8.88000,0.40000
,,, 0.28919997811,8.96000,8.88000
,,, 0.28924000263,8.96000,0.00
,,, 0.28927999735,8.96000,0.00
,,, 0.28931999207,8.96000,0.08000
,,, 0.28935998678,8.96000,0.40000
,,, 0.28939998150,9.12000,8.96000
,,, 0.28944000602,9.12000,0.00
,,, 0.28948000073,8.96000,0.00
,,, 0.28951999545,9.12000,0.16000
,,, 0.28955999017,8.96000,0.40000
,,, 0.28959998488,9.12000,8.96000
,,, 0.28963997960,8.96000,0.00
,,, 0.28968000412,8.96000,0.08000
,,, 0.28971999884,9.12000,0.08000
,,, 0.28975999355,8.96000,0.40000
,,, 0.28979998827,8.96000,8.88000
,,, 0.28983998299,8.88000,0.00
,,, 0.28988000751,9.12000,0.08000
,,, 0.28992000222,8.96000,0.16000
,,, 0.28995999694,8.96000,0.40000
,,, 0.28999999166,9.12000,8.96000
,,, 0.29003998637,9.12000,0.08000
,,, 0.29007998109,9.20000,0.08000
,,, 0.29012000561,8.96000,0.16000
,,, 0.29016000032,8.96000,0.40000
,,, 0.29019999504,9.12000,8.96000
,,, 0.29023998976,8.96000,0.08000
,,, 0.29027998447,9.12000,0.00
,,, 0.29031997919,8.88000,0.08000
,,, 0.29036000371,8.96000,0.40000
,,, 0.29039999843,8.96000,8.88000
,,, 0.29043999314,8.96000,0.00
,,, 0.29047998786,8.96000,0.08000
,,, 0.29051998258,8.80000,0.08000
,,, 0.29056000710,9.12000,0.40000
,,, 0.29060000181,9.12000,8.88000
,,, 0.29063999653,9.12000,0.00
,,, 0.29067999125,9.12000,0.08000
,,, 0.29071998596,8.96000,0.16000
,,, 0.29075998068,9.20000,0.40000
,,, 0.29080000520,9.12000,8.96000
,,, 0.29083999991,8.96000,0.08000
,,, 0.29087999463,9.12000,0.08000
,,, 0.29091998935,8.96000,0.16000
,,, 0.29095998406,9.12000,0.40000
,,, 0.29099997878,8.88000,8.88000
,,, 0.29104000330,8.88000,0.00
,,, 0.29107999802,8.96000,0.00
,,, 0.29111999273,8.80000,0.08000
,,, 0.29115998745,8.96000,0.40000
,,, 0.29119998217,8.80000,8.80000
,,, 0.29124000669,9.12000,0.00
,,, 0.29128000140,9.12000,0.08000
,,, 0.29131999612,9.20000,0.08000
,,, 0.29135999084,9.12000,0.40000
,,, 0.29139998555,8.96000,8.96000
,,, 0.29143998027,9.28000,0.08000
,,, 0.29148000479,9.12000,0.08000
,,, 0.29151999950,8.96000,0.08000
,,, 0.29155999422,9.12000,0.40000
,,, 0.29159998894,8.96000,8.88000
,,, 0.29163998365,8.96000,0.00
,,, 0.29167997837,8.80000,0.00
,,, 0.29172000289,8.88000,0.16000
,,, 0.29175999761,8.96000,0.40000
,,, 0.29179999232,8.88000,8.88000
,,, 0.29183998704,8.88000,0.00
,,, 0.29187998176,8.96000,0.00
,,, 0.29192000628,9.12000,0.08000
,,, 0.29196000099,9.12000,0.40000
,,, 0.29199999571,9.28000,8.96000
,,, 0.29203999043,9.12000,0.00
,,, 0.29207998514,9.12000,0.00
,,, 0.29211997986,9.36000,0.24000
,,, 0.29216000438,9.12000,0.40000
,,, 0.29219999909,8.96000,8.88000
,,, 0.29223999381,9.12000,0.08000
,,, 0.29227998853,8.96000,0.08000
,,, 0.29231998324,8.96000,0.08000
,,, 0.29235997796,8.80000,0.32000
,,, 0.29240000248,8.88000,8.88000
,,, 0.29243999720,9.12000,0.00
,,, 0.29247999191,8.80000,0.00
,,, 0.29251998663,8.96000,0.08000
,,, 0.29255998135,9.12000,0.32000
,,, 0.29260000587,9.12000,8.88000
,,, 0.29264000058,9.12000,0.00
,,, 0.29267999530,9.28000,0.00
,,, 0.29271999002,9.12000,0.16000
,,, 0.29275998473,9.12000,0.40000
,,, 0.29279997945,9.28000,9.12000
,,, 0.29284000397,9.12000,0.08000
,,, 0.29287999868,8.96000,0.08000
,,, 0.29291999340,9.12000,0.24000
,,, 0.29295998812,8.96000,0.40000
,,, 0.29299998283,8.96000,8.88000
,,, 0.29304000735,8.72000,0.00
,,, 0.29308000207,8.88000,0.00
,,, 0.29311999679,8.96000,0.16000
,,, 0.29315999150,8.80000,0.32000
,,, 0.29319998622,8.96000,8.88000
,,, 0.29323998094,8.96000,-0.08000
,,, 0.29328000546,9.12000,0.00
,,, 0.29332000017,9.12000,0.08000
,,, 0.29335999489,9.28000,0.32000
,,, 0.29339998960,9.12000,8.96000
,,, 0.29343998432,9.12000,0.00
,,, 0.29347997904,9.28000,0.16000
,,, 0.29352000356,9.12000,0.24000
,,, 0.29355999827,8.96000,0.40000
,,, 0.29359999299,9.12000,8.96000
,,, 0.29363998771,9.12000,0.08000
,,, 0.29367998242,8.96000,0.00
,,, 0.29372000694,8.80000,0.08000
,,, 0.29376000166,8.88000,0.40000
,,, 0.29379999638,8.88000,8.88000
,,, 0.29383999109,8.80000,0.00
,,, 0.29387998581,8.96000,0.00
,,, 0.29391998053,9.12000,0.08000
,,, 0.29396000504,9.12000,0.40000
,,, 0.29399999976,8.96000,8.96000
,,, 0.29403999448,9.28000,0.00
,,, 0.29407998919,9.20000,0.00
,,, 0.29411998391,9.12000,0.24000
,,, 0.29415997863,9.28000,0.64000
,,, 0.29420000315,8.96000,8.88000
,,, 0.29423999786,9.12000,0.08000
,,, 0.29427999258,9.12000,0.08000
,,, 0.29431998730,8.96000,0.16000
,,, 0.29435998201,8.88000,0.40000
,,, 0.29440000653,8.72000,0.00
,,, 0.29444000125,8.88000,0.00
,,, 0.29447999597,8.96000,-0.08000
,,, 0.29451999068,8.88000,0.08000
,,, 0.29455998540,8.96000,0.40000
,,, 0.29459998012,9.12000,-0.08000
,,, 0.29464000463,9.12000,0.00
,,, 0.29467999935,9.12000,-0.08000
,,, 0.29471999407,9.20000,0.08000
,,, 0.29475998878,9.12000,0.40000
,,, 0.29479998350,8.96000,0.00
,,, 0.29483997822,9.12000,0.08000
,,, 0.29488000274,8.96000,0.00
,,, 0.29491999745,8.96000,0.08000
,,, 0.29495999217,8.96000,0.40000
,,, 0.29499998689,8.96000,0.00
,,, 0.29503998160,8.96000,0.00
,,, 0.29508000612,8.88000,-0.08000
,,, 0.29512000084,8.96000,0.16000
,,, 0.29515999556,9.12000,0.40000
,,, 0.29519999027,8.96000,-0.08000
,,, 0.29523998499,9.12000,0.00
,,, 0.29527997971,9.20000,0.00
,,, 0.29532000422,9.12000,0.16000
,,, 0.29535999894,9.12000,0.40000
,,, 0.29539999366,9.20000,0.00
,,, 0.29543998837,9.12000,0.00
,,, 0.29547998309,8.96000,0.00
,,, 0.29551997781,8.88000,0.16000
,,, 0.29556000233,8.96000,0.40000
,,, 0.29559999704,9.12000,0.00
,,, 0.29563999176,8.96000,0.00
,,, 0.29567998648,8.96000,-0.08000
,,, 0.29571998119,9.12000,0.08000
,,, 0.29576000571,8.96000,0.32000
,,, 0.29580000043,8.96000,0.00
,,, 0.29583999515,9.12000,0.00
,,, 0.29587998986,8.96000,-0.08000
,,, 0.29591998458,8.96000,0.08000
,,, 0.29595997930,9.12000,0.40000
,,, 0.29600000381,9.12000,0.00
,,, 0.29603999853,9.12000,0.00
,,, 0.29607999325,9.20000,0.00
,,, 0.29611998796,9.12000,0.16000
,,, 0.29615998268,8.96000,0.40000
,,, 0.29620000720,8.96000,0.00
,,, 0.29624000192,8.96000,0.00
,,, 0.29627999663,9.12000,-0.08000
,,, 0.29631999135,8.96000,0.08000
,,, 0.29635998607,9.12000,0.40000
,,, 0.29639998078,8.96000,0.00
,,, 0.29644000530,9.12000,0.00
,,, 0.29648000002,9.12000,0.00
,,, 0.29651999474,9.12000,0.08000
,,, 0.29655998945,9.12000,0.40000
,,, 0.29659998417,9.12000,0.00
,,, 0.29663997889,8.96000,0.00
,,, 0.29668000340,8.96000,0.00
,,, 0.29671999812,8.96000,0.16000
,,, 0.29675999284,9.12000,0.40000
,,, 0.29679998755,8.96000,0.00
,,, 0.29683998227,9.12000,0.00
,,, 0.29688000679,8.96000,-0.08000
,,, 0.29692000151,9.12000,0.16000
,,, 0.29695999622,8.96000,0.40000
,,, 0.29699999094,8.96000,0.00
,,, 0.29703998566,9.12000,0.00
,,, 0.29707998037,8.96000,0.00
,,, 0.29712000489,9.12000,0.08000
,,, 0.29715999961,9.12000,0.40000
,,, 0.29719999433,9.12000,0.00
,,, 0.29723998904,8.96000,0.00
,,, 0.29727998376,8.96000,0.00
,,, 0.29731997848,8.96000,0.08000
,,, 0.29736000299,8.96000,0.40000
,,, 0.29739999771,8.96000,0.00
,,, 0.29743999243,8.96000,0.00
,,, 0.29747998714,8.96000,0.00
,,, 0.29751998186,9.12000,0.08000
,,, 0.29756000638,8.96000,0.40000
,,, 0.29760000110,9.12000,0.00
,,, 0.29763999581,9.12000,0.00
,,, 0.29767999053,9.12000,0.00
,,, 0.29771998525,8.96000,0.08000
,,, 0.29775997996,9.12000,0.40000
,,, 0.29780000448,9.12000,0.00
,,, 0.29783999920,8.96000,0.00
,,, 0.29787999392,9.12000,0.00
,,, 0.29791998863,8.96000,0.16000
,,, 0.29795998335,8.96000,0.40000
,,, 0.29799997807,8.88000,0.00
,,, 0.29804000258,9.12000,0.00
,,, 0.29807999730,9.12000,-0.08000
,,, 0.29811999202,8.96000,0.08000
,,, 0.29815998673,9.12000,0.40000
,,, 0.29819998145,9.12000,0.00
,,, 0.29824000597,9.12000,0.00
,,, 0.29828000069,9.12000,0.00
,,, 0.29831999540,8.96000,0.08000
,,, 0.29835999012,9.12000,0.40000
,,, 0.29839998484,9.12000,0.00
,,, 0.29843997955,9.12000,0.00
,,, 0.29848000407,9.12000,0.00
,,, 0.29851999879,8.96000,0.08000
,,, 0.29855999351,8.96000,0.40000
,,, 0.29859998822,8.96000,0.00
,,, 0.29863998294,8.96000,0.00
,,, 0.29867997766,8.88000,0.00
,,, 0.29872000217,9.12000,0.08000
,,, 0.29875999689,9.12000,0.40000
,,, 0.29879999161,8.88000,0.00
,,, 0.29883998632,8.96000,0.00
,,, 0.29887998104,8.96000,0.00
,,, 0.29892000556,8.96000,0.16000
,,, 0.29896000028,8.96000,0.40000
,,, 0.29899999499,9.12000,0.00
,,, 0.29903998971,9.12000,0.00
,,, 0.29907998443,9.12000,0.00
,,, 0.29911997914,8.96000,0.16000
,,, 0.29916000366,8.96000,0.40000
,,, 0.29919999838,8.96000,0.00
,,, 0.29923999310,8.88000,0.00
,,, 0.29927998781,9.12000,0.00
,,, 0.29931998253,9.12000,0.16000
,,, 0.29936000705,8.96000,0.32000
,,, 0.29940000176,8.96000,0.00
,,, 0.29943999648,9.12000,0.00
,,, 0.29947999120,9.12000,-0.08000
,,, 0.29951998591,9.12000,0.08000
,,, 0.29955998063,9.12000,0.40000
,,, 0.29960000515,9.12000,0.00
,,, 0.29963999987,8.96000,0.00
,,, 0.29967999458,8.96000,0.00
,,, 0.29971998930,9.12000,0.16000
,,, 0.29975998402,8.96000,0.40000
,,, 0.29979997873,8.96000,0.00
,,, 0.29984000325,8.96000,0.00
,,, 0.29987999797,9.12000,-0.08000
,,, 0.29991999269,8.80000,0.16000
,,, 0.29995998740,8.96000,0.40000
,,, 0.29999998212,8.96000,0.00
,,, 0.30004000664,8.96000,0.00
,,, 0.30008000135,9.12000,0.00
,,, 0.30011999607,8.96000,0.16000
,,, 0.30015999079,8.96000,0.40000
,,, 0.30019998550,8.96000,0.00
,,, 0.30023998022,8.96000,0.00
,,, 0.30028000474,9.12000,0.00
,,, 0.30031999946,8.96000,0.16000
,,, 0.30035999417,8.96000,0.40000
,,, 0.30039998889,9.12000,0.00
,,, 0.30043998361,9.12000,0.00
,,, 0.30047997832,8.96000,0.00
,,, 0.30052000284,8.80000,0.16000
,,, 0.30055999756,8.96000,0.40000
,,, 0.30059999228,8.80000,0.00
,,, 0.30063998699,8.88000,0.00
,,, 0.30067998171,8.96000,0.00
,,, 0.30072000623,8.88000,0.08000
,,, 0.30076000094,8.96000,0.32000
,,, 0.30079999566,8.96000,0.00
,,, 0.30083999038,8.96000,0.00
,,, 0.30087998509,8.96000,0.00
,,, 0.30091997981,8.96000,0.16000
,,, 0.30096000433,9.20000,0.40000
,,, 0.30099999905,9.12000,0.00
,,, 0.30103999376,8.96000,0.00
,,, 0.30107998848,9.12000,0.00
,,, 0.30111998320,8.96000,0.16000
,,, 0.30115997791,8.96000,0.40000
,,, 0.30120000243,8.80000,0.00
,,, 0.30123999715,8.96000,0.00
,,, 0.30127999187,8.72000,-0.08000
,,, 0.30131998658,8.88000,0.08000
,,, 0.30135998130,8.96000,0.40000
,,, 0.30140000582,8.96000,0.00
,,, 0.30144000053,9.12000,0.00
,,, 0.30147999525,9.12000,0.00
,,, 0.30151998997,9.20000,0.16000
,,, 0.30155998468,9.12000,0.40000
,,, 0.30159997940,9.12000,0.00
,,, 0.30164000392,9.20000,0.08000
,,, 0.30167999864,8.96000,0.00
,,, 0.30171999335,8.96000,0.08000
,,, 0.30175998807,9.12000,0.40000
,,, 0.30179998279,9.12000,0.00
,,, 0.30183997750,8.88000,0.00
,,, 0.30188000202,8.80000,0.00
,,, 0.30191999674,8.96000,0.08000
,,, 0.30195999146,8.56000,0.32000
,,, 0.30199998617,8.88000,0.00
,,, 0.30203998089,8.96000,0.00
,,, 0.30208000541,8.88000,-0.16000
,,, 0.30212000012,9.12000,0.16000
,,, 0.30215999484,9.12000,0.40000
,,, 0.30219998956,9.20000,0.00
,,, 0.30223998427,9.12000,0.00
,,, 0.30227997899,9.12000,0.00
,,, 0.30232000351,9.20000,0.24000
,,, 0.30235999823,9.12000,0.40000
,,, 0.30239999294,8.96000,0.00
,,, 0.30243998766,8.96000,0.00
,,, 0.30247998238,8.96000,0.00
,,, 0.30252000690,8.80000,0.08000
,,, 0.30256000161,8.80000,0.32000
,,, 0.30259999633,8.88000,0.00
,,, 0.30263999104,8.56000,-0.08000
,,, 0.30267998576,8.88000,-0.08000
,,, 0.30271998048,8.96000,0.16000
,,, 0.30276000500,9.20000,0.40000
,,, 0.30279999971,9.12000,0.00
,,, 0.30283999443,8.96000,0.00
,,, 0.30287998915,9.28000,0.00
,,, 0.30291998386,9.12000,0.16000
,,, 0.30295997858,9.12000,0.40000
,,, 0.30300000310,9.20000,0.08000
,,, 0.30303999782,9.12000,0.00
,,, 0.30307999253,9.12000,0.00
,,, 0.30311998725,8.96000,0.16000
,,, 0.30315998197,8.96000,0.40000
,,, 0.30320000648,8.80000,0.00
,,, 0.30324000120,8.80000,0.00
,,, 0.30327999592,8.96000,0.00
,,, 0.30331999063,8.56000,0.00
,,, 0.30335998535,8.88000,0.40000
,,, 0.30339998007,8.96000,0.00
,,, 0.30344000459,9.20000,0.00
,,, 0.30347999930,9.12000,0.00
,,, 0.30351999402,9.12000,0.16000
,,, 0.30355998874,9.28000,0.40000
,,, 0.30359998345,9.20000,0.00
,,, 0.30363997817,8.96000,0.00
,,, 0.30368000269,9.12000,0.00
,,, 0.30371999741,8.96000,0.16000
,,, 0.30375999212,8.96000,0.40000
,,, 0.30379998684,8.96000,0.00
,,, 0.30383998156,8.96000,0.00
,,, 0.30388000607,8.72000,-0.08000
,,, 0.30392000079,8.80000,0.08000
,,, 0.30395999551,8.96000,0.32000
,,, 0.30399999022,8.64000,-0.08000
,,, 0.30403998494,8.96000,0.00
,,, 0.30407997966,9.12000,0.00
,,, 0.30412000418,9.28000,0.08000
,,, 0.30415999889,9.20000,0.40000
,,, 0.30419999361,9.12000,0.00
,,, 0.30423998833,9.28000,0.00
,,, 0.30427998304,9.12000,0.00
,,, 0.30431997776,9.12000,0.16000
,,, 0.30436000228,9.12000,0.56000
,,, 0.30439999700,8.96000,0.08000
,,, 0.30443999171,9.12000,0.00
,,, 0.30447998643,8.96000,0.00
,,, 0.30451998115,8.96000,0.00
,,, 0.30456000566,8.72000,0.00
,,, 0.30460000038,8.88000,-0.08000
,,, 0.30463999510,8.96000,0.00
,,, 0.30467998981,8.72000,-0.08000
,,, 0.30471998453,8.96000,0.00
,,, 0.30475997925,8.96000,0.00
,,, 0.30480000377,9.28000,0.00
,,, 0.30483999848,9.12000,0.00
,,, 0.30487999320,9.12000,0.00
,,, 0.30491998792,9.20000,0.08000
,,, 0.30495998263,9.12000,0.00
,,, 0.30500000715,8.96000,0.00
,,, 0.30504000187,8.96000,0.08000
,,, 0.30507999659,8.96000,0.00
,,, 0.30511999130,8.96000,0.00
,,, 0.30515998602,8.96000,0.00
,,, 0.30519998074,8.96000,0.00
,,, 0.30524000525,8.96000,0.00
,,, 0.30527999997,8.88000,0.00
,,, 0.30531999469,8.96000,0.00
,,, 0.30535998940,8.80000,-0.08000
,,, 0.30539998412,8.88000,0.00
,,, 0.30543997884,8.96000,0.00
,,, 0.30548000336,9.20000,0.00
,,, 0.30551999807,9.12000,0.00
,,, 0.30555999279,9.12000,0.00
,,, 0.30559998751,9.12000,0.00
,,, 0.30563998222,9.12000,0.00
,,, 0.30568000674,8.96000,0.08000
,,, 0.30572000146,8.96000,0.08000
,,, 0.30575999618,8.96000,0.00
,,, 0.30579999089,9.12000,0.00
,,, 0.30583998561,9.12000,0.00
,,, 0.30587998033,9.12000,0.00
,,, 0.30592000484,8.96000,0.00
,,, 0.30595999956,8.96000,0.00
,,, 0.30599999428,8.96000,0.00
,,, 0.30603998899,8.80000,0.00
,,, 0.30607998371,8.96000,0.00
,,, 0.30611997843,9.12000,0.00
,,, 0.30616000295,9.12000,0.00
,,, 0.30619999766,9.12000,0.00
,,, 0.30623999238,8.96000,0.00
,,, 0.30627998710,9.12000,0.00
,,, 0.30631998181,9.12000,0.00
,,, 0.30636000633,8.96000,0.00
,,, 0.30640000105,9.12000,0.00
,,, 0.30643999577,9.12000,0.00
,,, 0.30647999048,9.12000,0.00
,,, 0.30651998520,8.96000,0.00
,,, 0.30655997992,9.12000,0.00
,,, 0.30660000443,8.96000,0.00
,,, 0.30663999915,8.96000,0.00
,,, 0.30667999387,8.96000,0.00
,,, 0.30671998858,8.96000,0.00
,,, 0.30675998330,8.96000,0.00
,,, 0.30679997802,9.12000,0.00
,,, 0.30684000254,9.12000,0.00
,,, 0.30687999725,8.96000,0.00
,,, 0.30691999197,8.96000,0.00
,,, 0.30695998669,9.12000,0.00
,,, 0.30699998140,8.96000,0.00
,,, 0.30704000592,9.12000,0.00
,,, 0.30708000064,8.96000,0.00
,,, 0.30711999536,8.96000,0.00
,,, 0.30715999007,8.96000,0.00
,,, 0.30719998479,9.12000,0.00
,,, 0.30723997951,9.12000,0.00
,,, 0.30728000402,8.96000,0.00
,,, 0.30731999874,9.12000,0.00
,,, 0.30735999346,9.12000,0.00
,,, 0.30739998817,8.96000,0.00
,,, 0.30743998289,9.12000,0.00
,,, 0.30747997761,9.12000,0.00
,,, 0.30752000213,9.12000,0.00
,,, 0.30755999684,9.12000,0.00
,,, 0.30759999156,9.12000,0.00
,,, 0.30763998628,8.96000,0.00
,,, 0.30767998099,9.12000,0.00
,,, 0.30772000551,8.96000,0.00
,,, 0.30776000023,9.12000,0.00
,,, 0.30779999495,8.96000,0.00
,,, 0.30783998966,9.12000,0.00
,,, 0.30787998438,8.96000,0.00
,,, 0.30791997910,8.96000,0.00
,,, 0.30796000361,8.96000,0.00
,,, 0.30799999833,9.12000,0.00
,,, 0.30803999305,9.12000,0.00
,,, 0.30807998776,9.12000,0.00
,,, 0.30811998248,8.96000,0.08000
,,, 0.30816000700,8.96000,0.00
,,, 0.30820000172,9.12000,0.00
,,, 0.30823999643,8.96000,0.00
,,, 0.30827999115,9.12000,0.00
,,, 0.30831998587,9.12000,0.00
,,, 0.30835998058,9.12000,0.00
,,, 0.30840000510,8.96000,0.00
,,, 0.30843999982,8.88000,0.00
,,, 0.30847999454,8.96000,0.00
,,, 0.30851998925,8.96000,0.00
,,, 0.30855998397,8.96000,0.00
,,, 0.30859997869,9.12000,0.00
,,, 0.30864000320,8.88000,0.00
,,, 0.30867999792,9.12000,0.00
,,, 0.30871999264,8.96000,0.00
,,, 0.30875998735,9.12000,0.00
,,, 0.30879998207,9.12000,0.00
,,, 0.30884000659,9.12000,0.00
,,, 0.30888000131,9.12000,0.08000
,,, 0.30891999602,9.12000,0.00
,,, 0.30895999074,8.96000,0.00
,,, 0.30899998546,8.96000,0.00
,,, 0.30903998017,9.12000,0.00
,,, 0.30908000469,9.12000,0.00
,,, 0.30911999941,8.96000,0.00
,,, 0.30915999413,8.96000,0.00
,,, 0.30919998884,9.12000,0.00
,,, 0.30923998356,8.96000,0.00
,,, 0.30927997828,8.96000,0.00
,,, 0.30932000279,8.80000,0.00
,,, 0.30935999751,8.96000,0.00
,,, 0.30939999223,9.12000,0.00
,,, 0.30943998694,8.96000,0.00
,,, 0.30947998166,9.12000,0.00
,,, 0.30952000618,8.96000,0.00
,,, 0.30956000090,9.12000,0.00
,,, 0.30959999561,9.12000,0.08000
,,, 0.30963999033,8.96000,0.00
,,, 0.30967998505,9.12000,0.00
,,, 0.30971997976,8.96000,0.00
,,, 0.30976000428,8.96000,0.00
,,, 0.30979999900,8.88000,0.00
,,, 0.30983999372,8.96000,0.00
,,, 0.30987998843,8.96000,0.08000
,,, 0.30991998315,9.12000,0.00
,,, 0.30995997787,8.96000,0.00
,,, 0.31000000238,8.88000,-0.08000
,,, 0.31003999710,9.12000,0.00
,,, 0.31007999182,8.96000,0.00
,,, 0.31011998653,9.12000,0.00
,,, 0.31015998125,8.96000,0.00
,,, 0.31020000577,9.12000,0.00
,,, 0.31024000049,8.88000,0.00
,,, 0.31027999520,8.80000,0.00
,,, 0.31031998992,8.72000,0.00
,,, 0.31035998464,8.56000,0.00
,,, 0.31039997935,8.80000,0.00
,,, 0.31044000387,8.80000,0.00
,,, 0.31047999859,8.96000,0.08000
,,, 0.31051999331,8.88000,0.00
,,, 0.31055998802,8.96000,0.00
,,, 0.31059998274,8.96000,0.00
,,, 0.31063997746,9.12000,0.00
,,, 0.31068000197,8.96000,-0.08000
,,, 0.31071999669,8.96000,0.00
,,, 0.31075999141,9.12000,0.00
,,, 0.31079998612,8.96000,0.00
,,, 0.31083998084,9.12000,0.00
,,, 0.31088000536,9.12000,0.00
,,, 0.31092000008,9.20000,0.00
,,, 0.31095999479,9.12000,0.00
,,, 0.31099998951,9.12000,0.00
,,, 0.31103998423,9.12000,0.00
,,, 0.31107997894,8.96000,0.08000
,,, 0.31112000346,8.96000,0.00
,,, 0.31115999818,8.96000,0.08000
,,, 0.31119999290,8.96000,0.00
,,, 0.31123998761,8.96000,0.00
,,, 0.31127998233,8.88000,0.00
,,, 0.31132000685,8.96000,0.00
,,, 0.31136000156,8.72000,-0.08000
,,, 0.31139999628,8.96000,-0.08000
,,, 0.31143999100,8.96000,0.00
,,, 0.31147998571,8.80000,-0.08000
,,, 0.31151998043,9.12000,0.00
,,, 0.31156000495,8.96000,0.00
,,, 0.31159999967,9.44000,0.08000
,,, 0.31163999438,9.20000,0.08000
,,, 0.31167998910,9.12000,0.00
,,, 0.31171998382,9.28000,0.08000
,,, 0.31175997853,9.12000,0.00
,,, 0.31180000305,8.96000,0.00
,,, 0.31183999777,8.96000,0.08000
,,, 0.31187999249,8.88000,0.00
,,, 0.31191998720,8.96000,0.00
,,, 0.31195998192,8.80000,0.00
,,, 0.31200000644,8.88000,0.00
,,, 0.31204000115,8.64000,-0.08000
,,, 0.31207999587,8.88000,0.00
,,, 0.31211999059,8.96000,0.00
,,, 0.31215998530,8.80000,-0.08000
,,, 0.31219998002,9.12000,0.00
,,, 0.31224000454,8.96000,0.00
,,, 0.31227999926,9.44000,0.08000
,,, 0.31231999397,9.12000,0.00
,,, 0.31235998869,8.96000,0.00
,,, 0.31239998341,9.20000,0.08000
,,, 0.31243997812,9.12000,0.00
,,, 0.31248000264,9.12000,0.00
,,, 0.31251999736,8.88000,0.08000
,,, 0.31255999207,8.88000,0.00
,,, 0.31259998679,8.96000,0.00
,,, 0.31263998151,8.80000,0.00
,,, 0.31268000603,8.88000,0.08000
,,, 0.31272000074,8.64000,-0.08000
,,, 0.31275999546,8.88000,0.00
,,, 0.31279999018,8.96000,0.00
,,, 0.31283998489,8.80000,-0.08000
,,, 0.31287997961,9.12000,0.00
,,, 0.31292000413,9.12000,0.00
,,, 0.31295999885,9.44000,0.08000
,,, 0.31299999356,9.12000,0.00
,,, 0.31303998828,9.12000,0.00
,,, 0.31307998300,9.28000,0.08000
,,, 0.31311997771,9.12000,0.00
,,, 0.31316000223,8.96000,0.00
,,, 0.31319999695,8.88000,0.00
,,, 0.31323999166,8.96000,0.00
,,, 0.31327998638,8.96000,0.00
,,, 0.31331998110,8.80000,0.00
,,, 0.31336000562,8.96000,0.00
,,, 0.31340000033,8.64000,-0.08000
,,, 0.31343999505,8.96000,-0.08000
,,, 0.31347998977,8.96000,0.00
,,, 0.31351998448,8.80000,-0.08000
,,, 0.31355997920,8.96000,0.00
,,, 0.31360000372,9.12000,0.00
,,, 0.31363999844,9.44000,0.08000
,,, 0.31367999315,9.12000,0.00
,,, 0.31371998787,9.12000,0.00
,,, 0.31375998259,9.28000,0.00
,,, 0.31379997730,9.12000,0.00
,,, 0.31384000182,8.96000,0.00
,,, 0.31387999654,8.96000,0.08000
,,, 0.31391999125,8.96000,0.00
,,, 0.31395998597,8.96000,0.00
,,, 0.31399998069,8.80000,0.00
,,, 0.31404000521,8.88000,0.00
,,, 0.31407999992,8.56000,-0.08000
,,, 0.31411999464,8.88000,0.00
,,, 0.31415998936,8.96000,0.00
,,, 0.31419998407,8.72000,-0.08000
,,, 0.31423997879,9.12000,0.00
,,, 0.31428000331,9.12000,0.00
,,, 0.31431999803,9.44000,0.00
,,, 0.31435999274,9.12000,0.08000
,,, 0.31439998746,9.12000,0.00
,,, 0.31443998218,9.20000,0.00
,,, 0.31448000669,9.12000,0.08000
,,, 0.31452000141,8.96000,0.00
,,, 0.31455999613,8.88000,0.08000
,,, 0.31459999084,8.96000,0.00
,,, 0.31463998556,8.96000,0.00
,,, 0.31467998028,8.80000,0.00
,,, 0.31472000480,8.96000,0.00
,,, 0.31475999951,8.72000,-0.08000
,,, 0.31479999423,8.80000,0.00
,,, 0.31483998895,8.96000,0.00
,,, 0.31487998366,8.80000,-0.08000
,,, 0.31491997838,8.96000,0.00
,,, 0.31496000290,9.12000,0.00
,,, 0.31499999762,9.28000,0.00
,,, 0.31503999233,9.12000,0.08000
,,, 0.31507998705,9.12000,0.00
,,, 0.31511998177,9.12000,0.00
,,, 0.31516000628,9.12000,0.08000
,,, 0.31520000100,8.96000,0.00
,,, 0.31523999572,8.88000,0.00
,,, 0.31527999043,8.96000,0.00
,,, 0.31531998515,8.96000,0.00
,,, 0.31535997987,8.88000,0.08000
,,, 0.31540000439,8.96000,0.00
,,, 0.31543999910,8.72000,-0.08000
,,, 0.31547999382,8.96000,0.00
,,, 0.31551998854,9.12000,0.00
,,, 0.31555998325,8.80000,-0.08000
,,, 0.31559997797,8.96000,0.00
,,, 0.31564000249,8.96000,0.00
,,, 0.31567999721,9.20000,0.08000
,,, 0.31571999192,9.12000,0.00
,,, 0.31575998664,9.12000,0.00
,,, 0.31579998136,9.12000,0.00
,,, 0.31584000587,9.12000,0.08000
,,, 0.31588000059,8.96000,0.00
,,, 0.31591999531,9.12000,0.00
,,, 0.31595999002,8.96000,0.00
,,, 0.31599998474,9.12000,0.00
,,, 0.31603997946,9.12000,0.00
,,, 0.31608000398,9.12000,0.00
,,, 0.31611999869,8.80000,0.00
,,, 0.31615999341,9.12000,0.00
,,, 0.31619998813,9.12000,0.00
,,, 0.31623998284,8.96000,0.00
,,, 0.31627997756,8.96000,0.00
,,, 0.31632000208,9.12000,0.00
,,, 0.31635999680,9.12000,0.00
,,, 0.31639999151,8.96000,0.00
,,, 0.31643998623,8.96000,0.00
,,, 0.31647998095,9.12000,0.08000
,,, 0.31652000546,9.12000,0.00
,,, 0.31656000018,9.12000,0.00
,,, 0.31659999490,8.96000,0.00
,,, 0.31663998961,8.96000,0.00
,,, 0.31667998433,8.96000,0.00
,,, 0.31671997905,8.96000,0.00
,,, 0.31676000357,9.12000,0.00
,,, 0.31679999828,8.96000,0.00
,,, 0.31683999300,8.96000,0.00
,,, 0.31687998772,8.96000,0.00
,,, 0.31691998243,8.96000,0.00
,,, 0.31695997715,9.12000,0.00
,,, 0.31700000167,8.96000,0.00
,,, 0.31703999639,9.12000,0.08000
,,, 0.31707999110,8.96000,0.00
,,, 0.31711998582,9.12000,0.00
,,, 0.31715998054,8.96000,0.00
,,, 0.31720000505,8.96000,0.00
,,, 0.31723999977,8.96000,0.00
,,, 0.31727999449,8.96000,0.00
,,, 0.31731998920,8.96000,0.00
,,, 0.31735998392,8.96000,0.00
,,, 0.31739997864,8.96000,0.00
,,, 0.31744000316,8.96000,0.00
,,, 0.31747999787,8.96000,0.00
,,, 0.31751999259,8.96000,0.00
,,, 0.31755998731,9.12000,0.00
,,, 0.31759998202,8.96000,0.00
,,, 0.31764000654,8.96000,0.00
,,, 0.31768000126,8.96000,0.00
,,, 0.31771999598,9.12000,0.00
,,, 0.31775999069,9.12000,0.00
,,, 0.31779998541,8.96000,0.00
,,, 0.31783998013,9.12000,0.08000
,,, 0.31788000464,8.96000,0.00
,,, 0.31791999936,9.12000,0.00
,,, 0.31795999408,8.96000,0.00
,,, 0.31799998879,8.96000,0.00
,,, 0.31803998351,9.12000,0.00
,,, 0.31807997823,8.96000,0.00
,,, 0.31812000275,9.12000,0.00
,,, 0.31815999746,8.88000,0.00
,,, 0.31819999218,8.96000,0.00
,,, 0.31823998690,8.96000,0.00
,,, 0.31827998161,8.88000,0.00
,,, 0.31832000613,8.96000,0.00
,,, 0.31836000085,8.96000,0.00
,,, 0.31839999557,9.12000,0.00
,,, 0.31843999028,8.96000,0.00
,,, 0.31847998500,9.12000,0.00
,,, 0.31851997972,8.96000,0.00
,,, 0.31856000423,8.96000,0.00
,,, 0.31859999895,9.12000,0.00
,,, 0.31863999367,8.96000,0.00
,,, 0.31867998838,9.12000,0.00
,,, 0.31871998310,8.96000,0.00
,,, 0.31875997782,8.96000,0.00
,,, 0.31880000234,9.12000,0.00
,,, 0.31883999705,8.96000,0.00
,,, 0.31887999177,8.96000,0.00
,,, 0.31891998649,9.12000,0.00
,,, 0.31895998120,8.88000,0.00
,,, 0.31900000572,8.96000,0.00
,,, 0.31904000044,8.96000,0.00
,,, 0.31907999516,9.12000,0.00
,,, 0.31911998987,8.96000,0.00
,,, 0.31915998459,8.96000,0.00
,,, 0.31919997931,9.12000,0.00
,,, 0.31924000382,8.96000,0.00
,,, 0.31927999854,8.96000,0.00
,,, 0.31931999326,8.96000,0.00
,,, 0.31935998797,8.96000,0.00
,,, 0.31939998269,8.96000,0.00
,,, 0.31943997741,9.12000,0.08000
,,, 0.31948000193,8.96000,0.00
,,, 0.31951999664,8.96000,0.00
,,, 0.31955999136,8.96000,0.00
,,, 0.31959998608,9.12000,0.00
,,, 0.31963998079,8.88000,0.00
,,, 0.31968000531,8.96000,0.00
,,, 0.31972000003,9.12000,0.00
,,, 0.31975999475,9.12000,0.00
,,, 0.31979998946,8.96000,0.00
,,, 0.31983998418,8.96000,0.00
,,, 0.31987997890,9.12000,0.08000
,,, 0.31992000341,9.12000,0.00
,,, 0.31995999813,8.96000,0.00
,,, 0.31999999285,8.96000,0.08000
,,, 0.32003998756,8.96000,0.00
,,, 0.32007998228,8.96000,0.00
,,, 0.32012000680,9.12000,0.00
,,, 0.32016000152,8.96000,0.00
,,, 0.32019999623,8.96000,0.00
,,, 0.32023999095,8.96000,0.00
,,, 0.32027998567,9.12000,0.00
,,, 0.32031998038,8.80000,-0.08000
,,, 0.32036000490,8.96000,0.00
,,, 0.32039999962,9.12000,0.00
,,, 0.32043999434,9.12000,0.00
,,, 0.32047998905,9.12000,0.08000
,,, 0.32051998377,8.96000,0.08000
,,, 0.32055997849,9.12000,0.00
,,, 0.32060000300,8.96000,0.00
,,, 0.32063999772,9.12000,0.00
,,, 0.32067999244,9.12000,0.08000
,,, 0.32071998715,8.96000,0.00
,,, 0.32075998187,8.96000,0.00
,,, 0.32080000639,8.88000,0.00
,,, 0.32084000111,8.96000,0.00
,,, 0.32087999582,8.96000,0.00
,,, 0.32091999054,8.88000,0.00
,,, 0.32095998526,8.96000,0.00
,,, 0.32099997997,8.72000,-0.08000
,,, 0.32104000449,8.96000,0.00
,,, 0.32107999921,8.96000,0.08000
,,, 0.32111999393,9.12000,0.00
,,, 0.32115998864,9.12000,0.00
,,, 0.32119998336,9.12000,0.00
,,, 0.32123997808,9.20000,0.00
,,, 0.32128000259,9.12000,0.00
,,, 0.32131999731,9.12000,0.08000
,,, 0.32135999203,9.12000,0.08000
,,, 0.32139998674,8.96000,0.00
,,, 0.32143998146,8.96000,0.00
,,, 0.32148000598,8.96000,0.00
,,, 0.32152000070,8.96000,0.00
,,, 0.32155999541,8.80000,0.00
,,, 0.32159999013,8.80000,0.00
,,, 0.32163998485,8.96000,-0.08000
,,, 0.32167997956,8.56000,-0.08000
,,, 0.32172000408,8.96000,0.00
,,, 0.32175999880,8.96000,0.00
,,, 0.32179999352,9.20000,0.00
,,, 0.32183998823,9.12000,0.00
,,, 0.32187998295,9.12000,0.00
,,, 0.32191997766,9.28000,0.00
,,, 0.32196000218,9.12000,0.00
,,, 0.32199999690,9.12000,0.00
,,, 0.32203999162,9.20000,0.08000
,,, 0.32207998633,9.12000,0.00
,,, 0.32211998105,8.96000,0.00
,,, 0.32216000557,8.96000,0.08000
,,, 0.32220000029,8.96000,0.00
,,, 0.32223999500,8.80000,0.00
,,, 0.32227998972,8.80000,0.00
,,, 0.32231998444,8.88000,0.00
,,, 0.32235997915,8.56000,-0.08000
,,, 0.32240000367,8.96000,0.00
,,, 0.32243999839,9.12000,0.00
,,, 0.32247999310,9.12000,0.00
,,, 0.32251998782,9.12000,0.00
,,, 0.32255998254,9.20000,0.00
,,, 0.32259997725,9.28000,0.00
,,, 0.32264000177,9.12000,0.08000
,,, 0.32267999649,9.12000,0.00
,,, 0.32271999121,9.20000,0.08000
,,, 0.32275998592,9.12000,0.00
,,, 0.32279998064,8.96000,0.00
,,, 0.32284000516,8.96000,0.08000
,,, 0.32287999988,8.96000,0.00
,,, 0.32291999459,8.80000,0.00
,,, 0.32295998931,8.80000,0.00
,,, 0.32299998403,8.96000,0.00
,,, 0.32303997874,8.56000,-0.08000
,,, 0.32308000326,8.88000,0.00
,,, 0.32311999798,8.96000,0.00
,,, 0.32315999269,9.12000,0.00
,,, 0.32319998741,9.12000,0.00
,,, 0.32323998213,9.12000,0.00
,,, 0.32328000665,9.28000,0.00
,,, 0.32332000136,9.12000,0.00
,,, 0.32335999608,9.12000,0.00
,,, 0.32339999080,9.20000,0.08000
,,, 0.32343998551,8.96000,0.00
,,, 0.32347998023,9.12000,0.08000
,,, 0.32352000475,9.12000,0.08000
,,, 0.32355999947,9.12000,0.08000
,,, 0.32359999418,8.88000,0.00
,,, 0.32363998890,8.80000,0.00
,,, 0.32367998362,8.96000,0.00
,,, 0.32371997833,8.56000,-0.08000
,,, 0.32376000285,8.88000,0.00
,,, 0.32379999757,8.96000,0.00
,,, 0.32383999228,9.12000,-0.08000
,,, 0.32387998700,9.12000,0.00
,,, 0.32391998172,8.96000,0.00
,,, 0.32396000624,9.20000,0.00
,,, 0.32400000095,9.12000,0.00
,,, 0.32403999567,9.12000,0.00
,,, 0.32407999039,9.20000,0.08000
,,, 0.32411998510,9.12000,0.00
,,, 0.32415997982,8.96000,0.00
,,, 0.32420000434,9.12000,0.08000
,,, 0.32423999906,9.12000,0.00
,,, 0.32427999377,8.96000,0.00
,,, 0.32431998849,8.80000,0.00
,,, 0.32435998321,8.88000,0.00
,,, 0.32439997792,8.56000,0.00
,,, 0.32444000244,8.88000,0.00
,,, 0.32447999716,8.96000,0.00
,,, 0.32451999187,8.96000,0.00
,,, 0.32455998659,9.12000,0.00
,,, 0.32459998131,8.96000,0.00
,,, 0.32464000583,9.12000,0.00
,,, 0.32468000054,9.12000,0.00
,,, 0.32471999526,9.12000,0.16000
,,, 0.32475998998,9.20000,0.40000
,,, 0.32479998469,9.12000,8.96000
,,, 0.32483997941,9.12000,0.00
,,, 0.32488000393,9.12000,0.08000
,,, 0.32491999865,8.96000,0.08000
,,, 0.32495999336,8.96000,0.40000
,,, 0.32499998808,8.80000,8.88000
,,, 0.32503998280,8.96000,0.00
,,, 0.32507997751,8.72000,0.08000
,,, 0.32512000203,8.88000,0.16000
,,, 0.32515999675,9.12000,0.32000
,,, 0.32519999146,8.88000,8.88000
,,, 0.32523998618,9.12000,0.00
,,, 0.32527998090,8.96000,0.08000
,,, 0.32532000542,9.12000,0.16000
,,, 0.32536000013,8.96000,0.40000
,,, 0.32539999485,9.12000,8.96000
,,, 0.32543998957,9.12000,0.08000
,,, 0.32547998428,9.12000,0.08000
,,, 0.32551997900,8.96000,0.08000
,,, 0.32556000352,9.12000,0.40000
,,, 0.32559999824,8.96000,8.96000
,,, 0.32563999295,8.96000,0.00
,,, 0.32567998767,8.88000,0.00
,,, 0.32571998239,9.12000,0.16000
,,, 0.32575997710,8.80000,0.32000
,,, 0.32580000162,8.96000,8.88000
,,, 0.32583999634,8.88000,8.16000
,,, 0.32587999105,8.96000,0.00
,,, 0.32591998577,9.12000,0.08000
,,, 0.32595998049,8.96000,0.32000
,,, 0.32600000501,8.96000,8.88000
,,, 0.32603999972,8.96000,0.08000
,,, 0.32607999444,9.12000,0.08000
,,, 0.32611998916,9.12000,0.16000
,,, 0.32615998387,9.12000,0.40000
,,, 0.32619997859,8.96000,8.96000
,,, 0.32624000311,9.12000,0.08000
,,, 0.32627999783,9.12000,0.08000
,,, 0.32631999254,8.96000,0.16000
,,, 0.32635998726,8.96000,0.40000
,,, 0.32639998198,8.96000,8.88000
,,, 0.32644000649,8.88000,0.00
,,, 0.32648000121,9.12000,0.08000
,,, 0.32651999593,8.96000,0.08000
,,, 0.32655999064,9.12000,0.40000
,,, 0.32659998536,8.96000,8.96000
,,, 0.32663998008,8.96000,0.08000
,,, 0.32668000460,9.12000,0.08000
,,, 0.32671999931,9.12000,0.08000
,,, 0.32675999403,8.96000,0.40000
,,, 0.32679998875,8.96000,8.96000
,,, 0.32683998346,8.96000,0.08000
,,, 0.32687997818,9.12000,0.08000
,,, 0.32692000270,8.96000,0.16000
,,, 0.32695999742,8.96000,0.32000
,,, 0.32699999213,8.96000,8.96000
,,, 0.32703998685,9.12000,0.00
,,, 0.32707998157,9.12000,0.08000
,,, 0.32712000608,8.88000,0.08000
,,, 0.32716000080,8.96000,0.40000
,,, 0.32719999552,8.96000,8.88000
,,, 0.32723999023,8.96000,0.00
,,, 0.32727998495,9.12000,0.08000
,,, 0.32731997967,8.96000,0.16000
,,, 0.32736000419,9.12000,0.32000
,,, 0.32739999890,9.12000,8.88000
,,, 0.32743999362,8.96000,0.24000
,,, 0.32747998834,9.12000,0.08000
,,, 0.32751998305,8.96000,0.16000
,,, 0.32755997777,8.96000,0.32000
,,, 0.32760000229,8.96000,8.96000
,,, 0.32763999701,9.12000,0.08000
,,, 0.32767999172,8.96000,0.08000
,,, 0.32771998644,8.96000,0.08000
,,, 0.32775998116,8.96000,0.40000
,,, 0.32780000567,8.96000,8.88000
,,, 0.32784000039,8.96000,0.00
,,, 0.32787999511,9.12000,0.08000
,,, 0.32791998982,9.12000,0.08000
,,, 0.32795998454,8.96000,0.40000
,,, 0.32799997926,9.12000,8.88000
,,, 0.32804000378,9.12000,8.88000
,,, 0.32807999849,8.96000,0.00
,,, 0.32811999321,9.12000,0.16000
,,, 0.32815998793,9.12000,0.40000
,,, 0.32819998264,8.96000,8.88000
,,, 0.32823997736,8.96000,0.00
,,, 0.32828000188,8.96000,0.00
,,, 0.32831999660,8.96000,0.08000
,,, 0.32835999131,8.96000,0.40000
,,, 0.32839998603,8.88000,8.88000
,,, 0.32843998075,8.96000,0.00
,,, 0.32848000526,8.96000,0.00
,,, 0.32851999998,8.88000,0.08000
,,, 0.32855999470,9.12000,0.40000
,,, 0.32859998941,8.96000,8.88000
,,, 0.32863998413,8.96000,0.64000
,,, 0.32867997885,8.96000,0.08000
,,, 0.32872000337,8.96000,0.08000
,,, 0.32875999808,8.96000,0.32000
,,, 0.32879999280,8.96000,8.88000
,,, 0.32883998752,9.12000,0.00
,,, 0.32887998223,9.12000,0.08000
,,, 0.32891997695,8.96000,0.16000
,,, 0.32896000147,8.96000,0.40000
,,, 0.32899999619,9.12000,8.96000
,,, 0.32903999090,8.96000,1.12000
,,, 0.32907998562,8.88000,0.08000
,,, 0.32911998034,8.96000,0.08000
,,, 0.32916000485,8.96000,0.40000
,,, 0.32919999957,8.96000,8.88000
,,, 0.32923999429,8.96000,0.08000
,,, 0.32927998900,8.88000,0.08000
,,, 0.32931998372,8.96000,0.08000
,,, 0.32935997844,9.12000,0.40000
,,, 0.32940000296,8.96000,8.88000
,,, 0.32943999767,8.96000,0.00
,,, 0.32947999239,8.96000,0.00
,,, 0.32951998711,9.12000,0.08000
,,, 0.32955998182,8.96000,0.40000
,,, 0.32960000634,8.96000,8.88000
,,, 0.32964000106,8.96000,8.88000
,,, 0.32967999578,8.96000,0.08000
,,, 0.32971999049,9.12000,0.08000
,,, 0.32975998521,8.96000,0.40000
,,, 0.32979997993,8.96000,8.88000
,,, 0.32984000444,8.96000,0.00
,,, 0.32987999916,9.12000,0.08000
,,, 0.32991999388,9.12000,0.08000
,,, 0.32995998859,8.88000,0.32000
,,, 0.32999998331,8.88000,8.88000
,,, 0.33003997803,8.96000,0.16000
,,, 0.33008000255,8.88000,0.00
,,, 0.33011999726,9.12000,0.08000
,,, 0.33015999198,8.96000,0.32000
,,, 0.33019998670,9.20000,8.88000
,,, 0.33023998141,9.12000,8.96000
,,, 0.33028000593,8.96000,0.00
,,, 0.33032000065,9.12000,0.16000
,,, 0.33035999537,9.12000,0.32000
,,, 0.33039999008,8.96000,8.96000
,,, 0.33043998480,9.12000,0.08000
,,, 0.33047997952,8.96000,0.08000
,,, 0.33052000403,9.20000,0.24000
,,, 0.33055999875,8.96000,0.40000
,,, 0.33059999347,9.12000,8.88000
,,, 0.33063998818,8.80000,0.08000
,,, 0.33067998290,8.88000,0.00
,,, 0.33071997762,8.96000,0.08000
,,, 0.33076000214,8.80000,0.32000
,,, 0.33079999685,8.96000,8.88000
,,, 0.33083999157,9.12000,0.00
,,, 0.33087998629,9.12000,0.00
,,, 0.33091998100,9.12000,0.08000
,,, 0.33096000552,8.96000,0.32000
,,, 0.33100000024,8.96000,8.88000
,,, 0.33103999496,9.12000,0.08000
,,, 0.33107998967,8.96000,0.08000
,,, 0.33111998439,9.12000,0.16000
,,, 0.33115997910,8.96000,0.32000
,,, 0.33120000362,9.28000,9.20000
,,, 0.33123999834,8.96000,0.32000
,,, 0.33127999306,8.96000,0.00
,,, 0.33131998777,8.72000,0.16000
,,, 0.33135998249,8.80000,0.32000
,,, 0.33139997721,8.96000,8.88000
,,, 0.33144000173,8.72000,0.00
,,, 0.33147999644,8.88000,0.00
,,, 0.33151999116,8.96000,0.08000
,,, 0.33155998588,9.12000,0.32000
,,, 0.33159998059,9.12000,8.88000
,,, 0.33164000511,9.12000,0.00
,,, 0.33167999983,9.20000,0.00
,,, 0.33171999454,9.12000,0.08000
,,, 0.33175998926,9.12000,0.40000
,,, 0.33179998398,9.20000,8.96000
,,, 0.33183997869,9.12000,8.96000
,,, 0.33188000321,9.36000,0.16000
,,, 0.33191999793,9.12000,0.16000
,,, 0.33195999265,8.96000,0.32000
,,, 0.33199998736,8.72000,8.88000
,,, 0.33203998208,8.80000,0.00
,,, 0.33207997680,8.96000,0.00
,,, 0.33212000132,8.72000,0.08000
,,, 0.33215999603,8.88000,0.32000
,,, 0.33219999075,8.96000,8.88000
,,, 0.33223998547,8.88000,0.00
,,, 0.33227998018,9.12000,0.00
,,, 0.33232000470,9.12000,0.08000
,,, 0.33235999942,9.12000,0.32000
,,, 0.33239999413,9.12000,8.88000
,,, 0.33243998885,9.12000,8.80000
,,, 0.33247998357,9.20000,0.08000
,,, 0.33251997828,9.12000,0.16000
,,, 0.33256000280,9.28000,0.56000
,,, 0.33259999752,9.12000,8.96000
,,, 0.33263999224,8.96000,0.00
,,, 0.33267998695,8.72000,0.08000
,,, 0.33271998167,8.80000,0.08000
,,, 0.33276000619,8.96000,0.40000
,,, 0.33280000091,8.72000,8.80000
,,, 0.33283999562,8.80000,8.24000
,,, 0.33287999034,8.96000,0.08000
,,, 0.33291998506,8.96000,0.08000
,,, 0.33295997977,9.12000,0.32000
,,, 0.33300000429,8.96000,8.88000
,,, 0.33303999901,9.20000,0.00
,,, 0.33307999372,9.12000,0.00
,,, 0.33311998844,9.12000,0.16000
,,, 0.33315998316,9.20000,0.40000
,,, 0.33319997787,8.96000,8.88000
,,, 0.33324000239,9.36000,0.16000
,,, 0.33327999711,9.12000,0.08000
,,, 0.33331999183,8.96000,0.16000
,,, 0.33335998654,8.64000,0.32000
,,, 0.33339998126,8.80000,8.88000
,,, 0.33344000578,8.96000,8.96000
,,, 0.33348000050,8.72000,0.00
,,, 0.33351999521,8.88000,0.08000
,,, 0.33355998993,8.96000,0.32000
,,, 0.33359998465,9.12000,8.88000
,,, 0.33363997936,9.12000,0.00
,,, 0.33368000388,8.96000,0.08000
,,, 0.33371999860,9.12000,0.08000
,,, 0.33375999331,9.12000,0.40000
,,, 0.33379998803,9.12000,8.88000
,,, 0.33383998275,9.12000,0.08000
,,, 0.33387997746,9.12000,0.08000
,,, 0.33392000198,9.12000,0.24000
,,, 0.33395999670,9.12000,0.32000
,,, 0.33399999142,8.96000,8.88000
,,, 0.33403998613,8.64000,8.88000
,,, 0.33407998085,8.88000,0.00
,,, 0.33412000537,8.88000,0.08000
,,, 0.33416000009,8.72000,0.24000
,,, 0.33419999480,8.88000,8.88000
,,, 0.33423998952,8.96000,0.00
,,, 0.33427998424,9.20000,0.08000
,,, 0.33431997895,9.12000,0.08000
,,, 0.33436000347,8.96000,0.40000
,,, 0.33439999819,9.20000,8.88000
,,, 0.33443999290,9.12000,8.88000
,,, 0.33447998762,8.96000,0.08000
,,, 0.33451998234,8.96000,0.16000
,,, 0.33455997705,8.96000,0.32000
,,, 0.33460000157,8.96000,9.12000
,,, 0.33463999629,8.88000,0.08000
,,, 0.33467999101,8.96000,0.00
,,, 0.33471998572,8.72000,0.08000
,,, 0.33475998044,8.80000,0.32000
,,, 0.33480000496,8.96000,0.00
,,, 0.33483999968,8.80000,0.00
,,, 0.33487999439,8.96000,0.00
,,, 0.33491998911,8.96000,0.08000
,,, 0.33495998383,9.20000,0.32000
,,, 0.33499997854,8.96000,0.00
,,, 0.33504000306,9.12000,0.32000
,,, 0.33507999778,9.12000,0.00
,,, 0.33511999249,9.12000,0.16000
,,, 0.33515998721,8.96000,0.32000
,,, 0.33519998193,8.96000,0.00
,,, 0.33523997664,9.12000,0.00
,,, 0.33528000116,9.12000,0.00
,,, 0.33531999588,8.96000,0.16000
,,, 0.33535999060,8.96000,0.32000
,,, 0.33539998531,8.72000,0.00
,,, 0.33543998003,8.88000,0.00
,,, 0.33548000455,8.96000,-0.08000
,,, 0.33551999927,8.88000,0.08000
,,, 0.33555999398,8.96000,0.32000
,,, 0.33559998870,8.96000,0.00
,,, 0.33563998342,9.20000,0.00
,,, 0.33567997813,9.12000,0.00
,,, 0.33572000265,8.96000,0.08000
,,, 0.33575999737,9.12000,0.32000
,,, 0.33579999208,9.12000,0.00
,,, 0.33583998680,9.12000,0.00
,,, 0.33587998152,8.96000,0.00
,,, 0.33592000604,8.96000,0.16000
,,, 0.33596000075,8.96000,0.40000
,,, 0.33599999547,8.96000,0.00
,,, 0.33603999019,8.96000,0.00
,,, 0.33607998490,8.88000,0.00
,,, 0.33611997962,8.96000,0.08000
,,, 0.33616000414,9.12000,0.40000
,,, 0.33619999886,8.88000,0.00
,,, 0.33623999357,8.96000,0.00
,,, 0.33627998829,8.96000,0.00
,,, 0.33631998301,9.12000,0.08000
,,, 0.33635997772,9.12000,0.32000
,,, 0.33640000224,8.96000,0.00
,,, 0.33643999696,9.12000,0.00
,,, 0.33647999167,9.12000,-0.08000
,,, 0.33651998639,8.96000,0.08000
,,, 0.33655998111,8.96000,0.32000
,,, 0.33660000563,9.12000,0.00
,,, 0.33664000034,8.96000,0.00
,,, 0.33667999506,8.96000,-0.08000
,,, 0.33671998978,8.96000,0.08000
,,, 0.33675998449,8.88000,0.32000
,,, 0.33679997921,8.96000,0.00
,,, 0.33684000373,9.12000,0.00
,,, 0.33687999845,9.12000,0.00
,,, 0.33691999316,8.96000,0.08000
,,, 0.33695998788,8.96000,0.40000
,,, 0.33699998260,9.12000,0.00
,,, 0.33703997731,9.12000,0.00
,,, 0.33708000183,8.96000,0.00
,,, 0.33711999655,9.12000,0.16000
,,, 0.33715999126,8.96000,0.32000
,,, 0.33719998598,9.12000,0.00
,,, 0.33723998070,9.12000,0.00
,,, 0.33728000522,8.96000,0.00
,,, 0.33731999993,9.12000,0.08000
,,, 0.33735999465,8.96000,0.32000
,,, 0.33739998937,9.12000,0.00
,,, 0.33743998408,8.96000,0.00
,,, 0.33747997880,8.96000,0.00
,,, 0.33752000332,9.12000,0.08000
,,, 0.33755999804,8.88000,0.32000
,,, 0.33759999275,9.12000,0.00
,,, 0.33763998747,8.96000,0.00
,,, 0.33767998219,9.12000,0.00
,,, 0.33771997690,8.96000,0.16000
,,, 0.33776000142,8.96000,0.32000
,,, 0.33779999614,9.12000,0.00
,,, 0.33783999085,8.96000,0.00
,,, 0.33787998557,8.96000,0.00
,,, 0.33791998029,8.96000,0.16000
,,, 0.33796000481,8.96000,0.32000
,,, 0.33799999952,9.12000,0.00
,,, 0.33803999424,9.12000,0.00
,,, 0.33807998896,8.96000,0.00
,,, 0.33811998367,8.96000,0.08000
,,, 0.33815997839,8.96000,0.32000
,,, 0.33820000291,8.96000,0.00
,,, 0.33823999763,8.96000,0.00
,,, 0.33827999234,8.96000,0.00
,,, 0.33831998706,9.12000,0.08000
,,, 0.33835998178,8.96000,0.32000
,,, 0.33840000629,8.96000,0.00
,,, 0.33844000101,9.12000,0.00
,,, 0.33847999573,8.96000,0.00
,,, 0.33851999044,8.96000,0.08000
,,, 0.33855998516,9.12000,0.32000
,,, 0.33859997988,8.96000,0.08000
,,, 0.33864000440,8.96000,0.00
,,, 0.33867999911,9.12000,0.00
,,, 0.33871999383,8.96000,0.08000
,,, 0.33875998855,8.96000,0.32000
,,, 0.33879998326,8.96000,0.00
,,, 0.33883997798,8.96000,0.00
,,, 0.33888000250,9.12000,-0.08000
,,, 0.33891999722,8.88000,0.08000
,,, 0.33895999193,8.96000,0.32000
,,, 0.33899998665,9.12000,0.00
,,, 0.33903998137,8.96000,-0.08000
,,, 0.33908000588,8.96000,0.00
,,, 0.33912000060,9.12000,0.16000
,,, 0.33915999532,9.12000,0.40000
,,, 0.33919999003,8.96000,0.00
,,, 0.33923998475,9.12000,0.00
,,, 0.33927997947,8.96000,0.00
,,, 0.33932000399,8.96000,0.08000
,,, 0.33935999870,9.12000,0.40000
,,, 0.33939999342,9.12000,0.00
,,, 0.33943998814,8.88000,0.00
,,, 0.33947998285,8.96000,0.00
,,, 0.33951997757,8.96000,0.08000
,,, 0.33956000209,8.96000,0.40000
,,, 0.33959999681,8.96000,0.00
,,, 0.33963999152,9.12000,0.00
,,, 0.33967998624,9.12000,0.00
,,, 0.33971998096,8.88000,0.08000
,,, 0.33976000547,8.96000,0.40000
,,, 0.33980000019,8.96000,0.00
,,, 0.33983999491,9.12000,0.00
,,, 0.33987998962,8.96000,0.00
,,, 0.33991998434,8.96000,0.08000
,,, 0.33995997906,9.12000,0.40000
,,, 0.34000000358,9.12000,0.00
,,, 0.34003999829,8.96000,0.00
,,, 0.34007999301,9.12000,0.00
,,, 0.34011998773,9.12000,0.08000
,,, 0.34015998244,9.12000,0.40000
,,, 0.34019997716,8.88000,0.00
,,, 0.34024000168,9.12000,0.00
,,, 0.34027999640,8.88000,0.00
,,, 0.34031999111,8.96000,0.08000
,,, 0.34035998583,8.96000,0.32000
,,, 0.34039998055,8.80000,0.00
,,, 0.34044000506,8.88000,0.00
,,, 0.34047999978,8.96000,0.00
,,, 0.34051999450,8.96000,0.08000
,,, 0.34055998921,8.96000,0.40000
,,, 0.34059998393,9.12000,0.00
,,, 0.34063997865,9.20000,0.00
,,, 0.34068000317,9.12000,0.00
,,, 0.34071999788,8.96000,0.16000
,,, 0.34075999260,9.12000,0.40000
,,, 0.34079998732,9.12000,0.00
,,, 0.34083998203,9.20000,0.08000
,,, 0.34087997675,8.96000,0.00
,,, 0.34092000127,8.96000,0.08000
,,, 0.34095999599,8.96000,0.40000
,,, 0.34099999070,8.96000,0.00
,,, 0.34103998542,8.96000,0.00
,,, 0.34107998013,8.72000,-0.08000
,,, 0.34112000465,8.88000,0.08000
,,, 0.34115999937,8.96000,0.32000
,,, 0.34119999409,8.88000,-0.08000
,,, 0.34123998880,8.96000,0.00
,,, 0.34127998352,9.12000,0.00
,,, 0.34131997824,9.12000,0.08000
,,, 0.34136000276,9.12000,0.32000
,,, 0.34139999747,9.12000,0.00
,,, 0.34143999219,9.20000,0.00
,,, 0.34147998691,9.12000,0.00
,,, 0.34151998162,9.36000,0.24000
,,, 0.34156000614,8.96000,0.32000
,,, 0.34160000086,8.96000,0.00
,,, 0.34163999557,9.12000,0.08000
,,, 0.34167999029,8.96000,0.00
,,, 0.34171998501,9.12000,0.08000
,,, 0.34175997972,8.72000,0.32000
,,, 0.34180000424,8.80000,0.00
,,, 0.34183999896,8.96000,0.00
,,, 0.34187999368,8.80000,-0.08000
,,, 0.34191998839,8.88000,0.08000
,,, 0.34195998311,9.12000,0.32000
,,, 0.34199997783,9.12000,0.00
,,, 0.34204000235,9.12000,0.00
,,, 0.34207999706,8.96000,0.00
,,, 0.34211999178,9.12000,0.08000
,,, 0.34215998650,8.96000,0.32000
,,, 0.34219998121,9.44000,0.08000
,,, 0.34224000573,9.12000,0.40000
,,, 0.34228000045,8.96000,0.00
,,, 0.34231999516,9.20000,0.24000
,,, 0.34235998988,8.96000,0.40000
,,, 0.34239998460,8.96000,0.00
,,, 0.34243997931,8.72000,0.00
,,, 0.34248000383,8.88000,0.00
,,, 0.34251999855,8.96000,0.08000
,,, 0.34255999327,8.72000,0.32000
,,, 0.34259998798,8.88000,0.00
,,, 0.34263998270,8.96000,0.00
,,, 0.34267997742,8.96000,-0.08000
,,, 0.34272000194,9.12000,0.08000
,,, 0.34275999665,8.96000,0.32000
,,, 0.34279999137,9.12000,0.00
,,, 0.34283998609,8.96000,0.00
,,, 0.34287998080,9.52000,0.00
,,, 0.34292000532,9.12000,0.24000
,,, 0.34296000004,8.96000,0.32000
,,, 0.34299999475,9.28000,0.08000
,,, 0.34303998947,9.12000,0.00
,,, 0.34307998419,8.96000,0.00
,,, 0.34311997890,8.72000,0.16000
,,, 0.34316000342,8.80000,0.32000
,,, 0.34319999814,9.12000,0.00
,,, 0.34323999286,8.72000,0.00
,,, 0.34327998757,8.88000,0.00
,,, 0.34331998229,8.96000,0.08000
,,, 0.34335997701,8.96000,0.32000
,,, 0.34340000153,9.12000,0.00
,,, 0.34343999624,9.12000,0.00
,,, 0.34347999096,9.12000,0.00
,,, 0.34351998568,8.96000,0.08000
,,, 0.34355998039,9.52000,0.40000
,,, 0.34360000491,9.12000,0.00
,,, 0.34363999963,9.12000,0.00
,,, 0.34367999434,9.28000,0.00
,,, 0.34371998906,9.12000,0.16000
,,, 0.34375998378,8.96000,0.40000
,,, 0.34379997849,8.72000,0.00
,,, 0.34384000301,8.88000,0.00
,,, 0.34387999773,8.96000,0.00
,,, 0.34391999245,8.72000,0.08000
,,, 0.34395998716,8.88000,0.32000
,,, 0.34399998188,8.96000,0.00
,,, 0.34403997660,9.12000,0.00
,,, 0.34408000112,9.12000,-0.08000
,,, 0.34411999583,8.96000,0.08000
,,, 0.34415999055,9.12000,0.32000
,,, 0.34419998527,9.12000,0.00
,,, 0.34423997998,9.36000,0.08000
,,, 0.34428000450,9.12000,0.00
,,, 0.34431999922,8.96000,0.08000
,,, 0.34435999393,9.12000,0.40000
,,, 0.34439998865,8.96000,0.08000
,,, 0.34443998337,9.12000,0.00
,,, 0.34447997808,8.72000,-0.08000
,,, 0.34452000260,8.88000,0.08000
,,, 0.34455999732,8.96000,0.32000
,,, 0.34459999204,8.80000,0.00
,,, 0.34463998675,8.96000,0.00
,,, 0.34467998147,8.96000,0.00
,,, 0.34472000599,9.12000,0.08000
,,, 0.34476000071,9.12000,0.32000
,,, 0.34479999542,8.96000,0.00
,,, 0.34483999014,9.12000,0.00
,,, 0.34487998486,9.12000,0.00
,,, 0.34491997957,9.28000,0.08000
,,, 0.34496000409,9.12000,0.08000
,,, 0.34499999881,8.96000,0.00
,,, 0.34503999352,9.20000,0.00
,,, 0.34507998824,8.96000,0.00
,,, 0.34511998296,8.96000,0.00
,,, 0.34515997767,8.80000,0.00
,,, 0.34520000219,8.88000,0.00
,,, 0.34523999691,8.96000,0.00
,,, 0.34527999163,8.88000,0.00
,,, 0.34531998634,8.96000,0.00
,,, 0.34535998106,8.96000,0.00
,,, 0.34540000558,9.12000,0.00
,,, 0.34544000030,9.12000,0.00
,,, 0.34547999501,9.12000,0.00
,,, 0.34551998973,9.12000,0.00
,,, 0.34555998445,8.96000,0.00
,,, 0.34559997916,9.20000,0.08000
,,, 0.34564000368,8.96000,0.00
,,, 0.34567999840,9.12000,0.00
,,, 0.34571999311,9.12000,0.08000
,,, 0.34575998783,9.12000,0.00
,,, 0.34579998255,8.96000,0.00
,,, 0.34583997726,8.80000,0.00
,,, 0.34588000178,8.96000,0.00
,,, 0.34591999650,8.96000,0.00
,,, 0.34595999122,8.88000,0.00
,,, 0.34599998593,8.96000,0.00
,,, 0.34603998065,8.96000,0.00
,,, 0.34608000517,8.96000,0.00
,,, 0.34611999989,9.12000,0.00
,,, 0.34615999460,9.12000,0.00
,,, 0.34619998932,8.96000,0.00
,,, 0.34623998404,8.96000,0.00
,,, 0.34627997875,9.12000,0.00
,,, 0.34632000327,9.12000,0.00
,,, 0.34635999799,8.96000,0.00
,,, 0.34639999270,9.12000,0.00
,,, 0.34643998742,8.96000,0.00
,,, 0.34647998214,8.96000,0.00
,,, 0.34651997685,8.96000,0.00
,,, 0.34656000137,9.12000,0.00
,,, 0.34659999609,8.96000,0.00
,,, 0.34663999081,8.96000,0.00
,,, 0.34667998552,8.96000,0.00
,,, 0.34671998024,8.96000,0.00
,,, 0.34676000476,9.12000,0.00
,,, 0.34679999948,9.12000,0.00
,,, 0.34683999419,8.96000,0.00
,,, 0.34687998891,8.96000,0.00
,,, 0.34691998363,8.96000,0.00
,,, 0.34695997834,9.12000,0.00
,,, 0.34700000286,9.12000,0.00
,,, 0.34703999758,8.96000,0.00
,,, 0.34707999229,9.12000,0.00
,,, 0.34711998701,9.12000,0.00
,,, 0.34715998173,8.96000,0.00
,,, 0.34719997644,8.96000,0.00
,,, 0.34724000096,8.96000,0.00
,,, 0.34727999568,8.96000,0.00
,,, 0.34731999040,8.96000,0.00
,,, 0.34735998511,9.12000,0.00
,,, 0.34739997983,8.96000,0.00
,,, 0.34744000435,8.96000,0.00
,,, 0.34747999907,9.12000,0.00
,,, 0.34751999378,8.96000,0.00
,,, 0.34755998850,9.12000,0.00
,,, 0.34759998322,8.96000,0.00
,,, 0.34763997793,9.12000,0.00
,,, 0.34768000245,9.12000,0.00
,,, 0.34771999717,8.96000,0.00
,,, 0.34775999188,9.12000,0.00
,,, 0.34779998660,8.96000,0.00
,,, 0.34783998132,9.12000,0.00
,,, 0.34788000584,8.96000,0.00
,,, 0.34792000055,8.96000,0.00
,,, 0.34795999527,8.96000,0.00
,,, 0.34799998999,9.12000,0.00
,,, 0.34803998470,9.12000,0.00
,,, 0.34807997942,9.12000,0.00
,,, 0.34812000394,8.96000,0.00
,,, 0.34815999866,8.96000,0.00
,,, 0.34819999337,8.96000,0.00
,,, 0.34823998809,8.96000,0.00
,,, 0.34827998281,8.96000,0.00
,,, 0.34831997752,8.96000,0.00
,,, 0.34836000204,9.12000,0.00
,,, 0.34839999676,9.12000,0.00
,,, 0.34843999147,9.12000,0.00
,,, 0.34847998619,9.12000,0.00
,,, 0.34851998091,8.96000,0.00
,,, 0.34856000543,9.12000,0.08000
,,, 0.34860000014,8.96000,0.00
,,, 0.34863999486,8.96000,0.00
,,, 0.34867998958,9.12000,0.00
,,, 0.34871998429,8.96000,0.00
,,, 0.34875997901,9.12000,0.00
,,, 0.34880000353,8.96000,0.00
,,, 0.34883999825,9.12000,0.00
,,, 0.34887999296,8.96000,0.00
,,, 0.34891998768,8.96000,0.00
,,, 0.34895998240,8.96000,0.00
,,, 0.34899997711,8.88000,0.00
,,, 0.34904000163,8.96000,0.00
,,, 0.34907999635,8.96000,0.00
,,, 0.34911999106,9.12000,0.00
,,, 0.34915998578,8.96000,0.00
,,, 0.34919998050,8.96000,0.00
,,, 0.34924000502,9.12000,0.00
,,, 0.34927999973,9.12000,0.00
,,, 0.34931999445,9.12000,0.00
,,, 0.34935998917,9.12000,0.00
,,, 0.34939998388,8.96000,0.00
,,, 0.34943997860,8.96000,0.00
,,, 0.34948000312,8.96000,0.00
,,, 0.34951999784,8.96000,0.00
,,, 0.34955999255,8.96000,0.00
,,, 0.34959998727,8.96000,0.00
,,, 0.34963998199,8.96000,0.00
,,, 0.34967997670,8.96000,0.00
,,, 0.34972000122,8.96000,0.00
,,, 0.34975999594,8.96000,0.00
,,, 0.34979999065,8.96000,0.00
,,, 0.34983998537,9.12000,0.00
,,, 0.34987998009,8.96000,0.00
,,, 0.34992000461,9.20000,0.00
,,, 0.34995999932,8.96000,0.00
,,, 0.34999999404,8.96000,0.00
,,, 0.35003998876,9.12000,0.08000
,,, 0.35007998347,8.96000,0.00
,,, 0.35011997819,8.96000,0.00
,,, 0.35016000271,8.80000,0.00
,,, 0.35019999743,8.96000,0.00
,,, 0.35023999214,9.12000,0.00
,,, 0.35027998686,8.96000,0.00
,,, 0.35031998158,8.96000,0.00
,,, 0.35035997629,8.80000,0.00
,,, 0.35040000081,8.96000,0.00
,,, 0.35043999553,9.12000,0.00
,,, 0.35047999024,8.88000,0.00
,,, 0.35051998496,9.12000,0.00
,,, 0.35055997968,8.96000,0.00
,,, 0.35060000420,9.28000,0.08000
,,, 0.35063999891,9.12000,0.00
,,, 0.35067999363,9.12000,0.00
,,, 0.35071998835,9.20000,0.00
,,, 0.35075998306,8.96000,0.00
,,, 0.35079997778,8.96000,0.00
,,, 0.35084000230,8.80000,0.00
,,, 0.35087999701,8.96000,0.00
,,, 0.35091999173,9.12000,0.00
,,, 0.35095998645,8.88000,0.00
,,, 0.35099998116,8.88000,0.00
,,, 0.35104000568,8.72000,-0.08000
,,, 0.35108000040,8.96000,0.00
,,, 0.35111999512,8.96000,0.00
,,, 0.35115998983,8.88000,-0.08000
,,, 0.35119998455,8.96000,0.00
,,, 0.35123997927,9.12000,0.00
,,, 0.35128000379,9.28000,0.08000
,,, 0.35131999850,9.12000,0.00
,,, 0.35135999322,8.96000,0.00
,,, 0.35139998794,9.20000,0.00
,,, 0.35143998265,9.12000,0.00
,,, 0.35147997737,9.12000,0.00
,,, 0.35152000189,8.80000,0.00
,,, 0.35155999660,8.88000,0.00
,,, 0.35159999132,8.96000,0.00
,,, 0.35163998604,8.80000,0.00
,,, 0.35167998075,8.96000,0.00
,,, 0.35172000527,8.72000,-0.08000
,,, 0.35175999999,8.96000,0.00
,,, 0.35179999471,9.12000,0.00
,,, 0.35183998942,8.96000,-0.08000
,,, 0.35187998414,9.12000,0.00
,,, 0.35191997886,8.96000,0.00
,,, 0.35196000338,9.44000,0.08000
,,, 0.35199999809,9.12000,0.08000
,,, 0.35203999281,9.12000,0.00
,,, 0.35207998753,9.20000,0.08000
,,, 0.35211998224,9.12000,0.08000
,,, 0.35215997696,8.96000,0.08000
,,, 0.35220000148,8.80000,0.00
,,, 0.35223999619,8.88000,0.00
,,, 0.35227999091,8.96000,0.00
,,, 0.35231998563,8.80000,0.00
,,, 0.35235998034,8.96000,0.00
,,, 0.35240000486,8.80000,-0.08000
,,, 0.35243999958,8.96000,0.00
,,, 0.35247999430,9.12000,0.00
,,, 0.35251998901,9.12000,-0.08000
,,, 0.35255998373,9.12000,0.00
,,, 0.35259997845,9.12000,0.00
,,, 0.35264000297,9.44000,0.08000
,,, 0.35267999768,9.12000,0.00
,,, 0.35271999240,8.96000,0.00
,,, 0.35275998712,9.20000,0.08000
,,, 0.35279998183,9.12000,0.00
,,, 0.35283997655,8.96000,0.00
,,, 0.35288000107,8.80000,0.00
,,, 0.35291999578,8.88000,0.00
,,, 0.35295999050,8.96000,0.00
,,, 0.35299998522,8.88000,0.00
,,, 0.35303997993,8.96000,0.00
,,, 0.35308000445,8.80000,-0.08000
,,, 0.35311999917,8.96000,0.00
,,, 0.35315999389,9.12000,0.00
,,, 0.35319998860,9.12000,-0.08000
,,, 0.35323998332,9.12000,0.00
,,, 0.35327997804,8.96000,0.00
,,, 0.35332000256,9.44000,0.08000
,,, 0.35335999727,9.12000,0.00
,,, 0.35339999199,8.96000,0.00
,,, 0.35343998671,9.20000,0.08000
,,, 0.35347998142,9.12000,0.00
,,, 0.35352000594,9.12000,0.08000
,,, 0.35356000066,8.80000,0.00
,,, 0.35359999537,8.88000,0.00
,,, 0.35363999009,8.96000,0.00
,,, 0.35367998481,8.80000,0.00
,,, 0.35371997952,8.96000,0.00
,,, 0.35376000404,8.80000,-0.08000
,,, 0.35379999876,8.96000,0.00
,,, 0.35383999348,9.12000,0.00
,,, 0.35387998819,9.12000,-0.08000
,,, 0.35391998291,9.12000,0.00
,,, 0.35395997763,9.12000,0.08000
,,, 0.35400000215,9.44000,0.08000
,,, 0.35403999686,9.12000,0.00
,,, 0.35407999158,9.12000,0.08000
,,, 0.35411998630,9.20000,0.08000
,,, 0.35415998101,9.12000,0.00
,,, 0.35420000553,8.96000,0.00
,,, 0.35424000025,8.80000,0.00
,,, 0.35427999496,8.96000,0.00
,,, 0.35431998968,8.96000,0.00
,,, 0.35435998440,8.80000,0.00
,,, 0.35439997911,8.96000,0.00
,,, 0.35444000363,8.72000,-0.08000
,,, 0.35447999835,8.96000,0.00
,,, 0.35451999307,9.12000,0.00
,,, 0.35455998778,8.96000,-0.08000
,,, 0.35459998250,9.12000,0.00
,,, 0.35463997722,9.12000,0.00
,,, 0.35468000174,9.36000,0.08000
,,, 0.35471999645,9.12000,0.00
,,, 0.35475999117,8.96000,0.00
,,, 0.35479998589,9.12000,0.08000
,,, 0.35483998060,8.96000,0.00
,,, 0.35488000512,8.96000,0.00
,,, 0.35491999984,8.88000,0.08000
,,, 0.35495999455,8.88000,0.00
,,, 0.35499998927,8.96000,0.00
,,, 0.35503998399,8.88000,0.00
,,, 0.35507997870,8.96000,0.00
,,, 0.35512000322,8.80000,-0.08000
,,, 0.35515999794,9.12000,0.00
,,, 0.35519999266,9.12000,0.00
,,, 0.35523998737,8.88000,0.00
,,, 0.35527998209,8.96000,0.00
,,, 0.35531997681,9.12000,0.00
,,, 0.35536000133,9.28000,0.08000
,,, 0.35539999604,9.12000,0.00
,,, 0.35543999076,8.96000,0.00
,,, 0.35547998548,9.12000,0.00
,,, 0.35551998019,9.12000,0.00
,,, 0.35556000471,8.96000,0.00
,,, 0.35559999943,8.88000,0.00
,,, 0.35563999414,8.96000,0.00
,,, 0.35567998886,8.96000,0.00
,,, 0.35571998358,8.96000,0.00
,,, 0.35575997829,8.96000,0.00
,,, 0.35580000281,8.80000,0.00
,,, 0.35583999753,9.12000,0.00
,,, 0.35587999225,8.96000,0.00
,,, 0.35591998696,8.96000,0.00
,,, 0.35595998168,8.96000,0.00
,,, 0.35599997640,9.12000,0.00
,,, 0.35604000092,9.20000,0.00
,,, 0.35607999563,8.96000,0.00
,,, 0.35611999035,8.96000,0.00
,,, 0.35615998507,9.12000,0.08000
,,, 0.35619997978,9.12000,0.00
,,, 0.35624000430,9.12000,0.00
,,, 0.35627999902,8.96000,0.00
,,, 0.35631999373,8.96000,0.00
,,, 0.35635998845,8.96000,0.00
,,, 0.35639998317,9.12000,0.00
,,, 0.35643997788,8.96000,0.00
,,, 0.35648000240,8.96000,0.00
,,, 0.35651999712,8.96000,0.00
,,, 0.35655999184,8.96000,0.00
,,, 0.35659998655,8.96000,0.00
,,, 0.35663998127,8.96000,0.00
,,, 0.35668000579,8.96000,0.00
,,, 0.35672000051,9.12000,0.00
,,, 0.35675999522,9.12000,0.00
,,, 0.35679998994,8.96000,0.00
,,, 0.35683998466,9.12000,0.00
,,, 0.35687997937,9.12000,0.00
,,, 0.35692000389,9.12000,0.00
,,, 0.35695999861,8.96000,0.00
,,, 0.35699999332,8.96000,0.08000
,,, 0.35703998804,8.96000,0.00
,,, 0.35707998276,8.96000,0.00
,,, 0.35711997747,8.96000,0.00
,,, 0.35716000199,8.88000,0.00
,,, 0.35719999671,8.96000,0.00
,,, 0.35723999143,9.12000,0.00
,,, 0.35727998614,8.96000,0.00
,,, 0.35731998086,9.12000,0.08000
,,, 0.35736000538,9.12000,0.00
,,, 0.35740000010,9.12000,0.00
,,, 0.35743999481,8.96000,0.08000
,,, 0.35747998953,8.96000,0.00
,,, 0.35751998425,8.96000,0.00
,,, 0.35755997896,9.12000,0.00
,,, 0.35760000348,8.96000,0.00
,,, 0.35763999820,9.12000,0.00
,,, 0.35767999291,8.96000,0.00
,,, 0.35771998763,8.96000,0.00
,,, 0.35775998235,8.96000,0.00
,,, 0.35779997706,8.96000,0.00
,,, 0.35784000158,8.96000,0.00
,,, 0.35787999630,8.96000,0.00
,,, 0.35791999102,8.96000,0.00
,,, 0.35795998573,8.96000,0.00
,,, 0.35799998045,8.96000,0.00
,,, 0.35804000497,8.96000,0.00
,,, 0.35807999969,9.12000,0.00
,,, 0.35811999440,8.96000,0.08000
,,, 0.35815998912,8.96000,0.00
,,, 0.35819998384,8.96000,0.00
,,, 0.35823997855,9.12000,0.00
,,, 0.35828000307,8.96000,0.00
,,, 0.35831999779,8.96000,0.00
,,, 0.35835999250,8.96000,0.00
,,, 0.35839998722,9.12000,0.00
,,, 0.35843998194,8.96000,0.00
,,, 0.35847997665,9.12000,0.08000
,,, 0.35852000117,8.96000,0.00
,,, 0.35855999589,9.12000,0.00
,,, 0.35859999061,8.96000,0.00
,,, 0.35863998532,8.88000,0.00
,,, 0.35867998004,8.96000,0.00
,,, 0.35872000456,8.96000,0.00
,,, 0.35875999928,8.96000,0.00
,,, 0.35879999399,9.12000,0.00
,,, 0.35883998871,8.96000,0.00
,,, 0.35887998343,9.12000,0.00
,,, 0.35891997814,8.96000,0.00
,,, 0.35896000266,8.96000,0.00
,,, 0.35899999738,8.96000,0.00
,,, 0.35903999209,9.12000,0.00
,,, 0.35907998681,8.96000,0.00
,,, 0.35911998153,9.12000,0.00
,,, 0.35915997624,8.96000,0.00
,,, 0.35920000076,8.96000,0.00
,,, 0.35923999548,8.88000,0.00
,,, 0.35927999020,8.96000,0.00
,,, 0.35931998491,8.80000,0.00
,,, 0.35935997963,8.96000,0.00
,,, 0.35940000415,8.96000,0.00
,,, 0.35943999887,8.96000,0.00
,,, 0.35947999358,9.12000,0.00
,,, 0.35951998830,8.96000,0.00
,,, 0.35955998302,9.12000,0.00
,,, 0.35959997773,8.96000,0.00
,,, 0.35964000225,9.12000,0.00
,,, 0.35967999697,9.12000,0.00
,,, 0.35971999168,9.12000,0.00
,,, 0.35975998640,8.96000,0.00
,,, 0.35979998112,9.12000,0.00
,,, 0.35984000564,8.96000,0.00
,,, 0.35988000035,9.12000,0.08000
,,, 0.35991999507,8.96000,0.00
,,, 0.35995998979,8.96000,0.00
,,, 0.35999998450,8.80000,0.00
,,, 0.36003997922,8.96000,0.00
,,, 0.36008000374,9.12000,0.00
,,, 0.36011999846,8.88000,0.00
,,, 0.36015999317,9.12000,0.00
,,, 0.36019998789,9.12000,0.00
,,, 0.36023998260,8.96000,0.00
,,, 0.36027997732,8.96000,0.00
,,, 0.36032000184,9.12000,0.00
,,, 0.36035999656,9.12000,0.08000
,,, 0.36039999127,8.96000,0.00
,,, 0.36043998599,8.96000,0.08000
,,, 0.36047998071,9.12000,0.00
,,, 0.36052000523,8.96000,0.00
,,, 0.36055999994,9.12000,0.00
,,, 0.36059999466,8.88000,0.00
,,, 0.36063998938,8.96000,0.00
,,, 0.36067998409,8.88000,0.08000
,,, 0.36071997881,8.96000,0.00
,,, 0.36076000333,8.96000,0.00
,,, 0.36079999804,8.80000,0.00
,,, 0.36083999276,8.96000,0.00
,,, 0.36087998748,8.96000,0.00
,,, 0.36091998219,8.88000,0.00
,,, 0.36095997691,8.96000,0.00
,,, 0.36100000143,8.96000,0.00
,,, 0.36103999615,9.28000,0.00
,,, 0.36107999086,9.12000,0.00
,,, 0.36111998558,8.96000,0.00
,,, 0.36115998030,9.20000,0.00
,,, 0.36120000482,9.12000,0.08000
,,, 0.36123999953,8.96000,0.00
,,, 0.36127999425,8.88000,0.08000
,,, 0.36131998897,8.96000,0.00
,,, 0.36135998368,8.96000,0.08000
,,, 0.36139997840,8.88000,0.00
,,, 0.36144000292,8.96000,0.00
,,, 0.36147999763,8.64000,-0.08000
,,, 0.36151999235,8.88000,0.00
,,, 0.36155998707,9.12000,0.00
,,, 0.36159998178,8.80000,0.00
,,, 0.36163997650,8.96000,0.00
,,, 0.36168000102,8.96000,0.00
,,, 0.36171999574,9.28000,0.00
,,, 0.36175999045,9.12000,0.00
,,, 0.36179998517,8.96000,0.00
,,, 0.36183997989,9.20000,0.00
,,, 0.36188000441,9.12000,0.08000
,,, 0.36191999912,9.12000,0.00
,,, 0.36195999384,8.96000,0.00
,,, 0.36199998856,8.96000,0.00
,,, 0.36203998327,8.80000,0.08000
,,, 0.36207997799,8.88000,0.00
,,, 0.36212000251,8.88000,0.00
,,, 0.36215999722,8.64000,-0.08000
,,, 0.36219999194,8.88000,0.00
,,, 0.36223998666,8.96000,0.00
,,, 0.36227998137,8.88000,-0.08000
,,, 0.36231997609,8.96000,0.00
,,, 0.36236000061,8.96000,0.00
,,, 0.36239999533,9.28000,0.08000
,,, 0.36243999004,9.12000,0.08000
,,, 0.36247998476,8.96000,0.00
,,, 0.36251997948,9.20000,0.08000
,,, 0.36256000400,9.12000,0.00
,,, 0.36259999871,9.12000,0.00
,,, 0.36263999343,8.96000,0.08000
,,, 0.36267998815,8.96000,0.00
,,, 0.36271998286,8.72000,0.08000
,,, 0.36275997758,8.88000,0.00
,,, 0.36280000210,8.96000,0.00
,,, 0.36283999681,8.64000,-0.08000
,,, 0.36287999153,8.88000,0.00
,,, 0.36291998625,8.96000,0.00
,,, 0.36295998096,8.88000,-0.08000
,,, 0.36300000548,9.12000,0.00
,,, 0.36304000020,8.96000,0.00
,,, 0.36307999492,9.36000,0.00
,,, 0.36311998963,9.12000,0.00
,,, 0.36315998435,8.96000,0.00
,,, 0.36319997907,9.20000,0.00
,,, 0.36324000359,9.12000,0.00
,,, 0.36327999830,8.96000,0.00
,,, 0.36331999302,8.88000,0.08000
,,, 0.36335998774,8.88000,0.00
,,, 0.36339998245,8.72000,0.08000
,,, 0.36343997717,8.88000,0.00
,,, 0.36348000169,8.96000,0.00
,,, 0.36351999640,8.72000,-0.08000
,,, 0.36355999112,8.96000,0.00
,,, 0.36359998584,8.96000,0.00
,,, 0.36363998055,8.80000,-0.08000
,,, 0.36368000507,8.96000,0.00
,,, 0.36371999979,9.12000,0.00
,,, 0.36375999451,9.28000,0.08000
,,, 0.36379998922,9.12000,0.00
,,, 0.36383998394,9.12000,0.00
,,, 0.36387997866,9.20000,0.08000
,,, 0.36392000318,9.12000,0.00
,,, 0.36395999789,8.96000,0.00
,,, 0.36399999261,8.88000,0.00
,,, 0.36403998733,8.96000,0.00
,,, 0.36407998204,8.80000,0.08000
,,, 0.36411997676,8.88000,0.00
,,, 0.36416000128,8.96000,0.00
,,, 0.36419999599,8.72000,-0.08000
,,, 0.36423999071,8.96000,0.00
,,, 0.36427998543,9.12000,0.00
,,, 0.36431998014,8.88000,-0.08000
,,, 0.36436000466,8.96000,0.00
,,, 0.36439999938,9.12000,0.00
,,, 0.36443999410,9.28000,0.08000
,,, 0.36447998881,9.12000,0.00
,,, 0.36451998353,8.96000,0.00
,,, 0.36455997825,9.20000,0.08000
,,, 0.36460000277,9.12000,0.00
,,, 0.36463999748,8.96000,0.00
,,, 0.36467999220,8.88000,0.00
,,, 0.36471998692,8.96000,0.00
,,, 0.36475998163,8.80000,0.08000
,,, 0.36479997635,8.88000,0.00
,,, 0.36484000087,8.96000,0.00
,,, 0.36487999558,8.72000,-0.08000
,,, 0.36491999030,8.96000,0.00
,,, 0.36495998502,9.12000,0.00
,,, 0.36499997973,8.88000,0.00
,,, 0.36504000425,8.96000,0.00
,,, 0.36507999897,9.12000,0.00
,,, 0.36511999369,9.20000,0.08000
,,, 0.36515998840,9.12000,0.32000
,,, 0.36519998312,8.96000,8.88000
,,, 0.36523997784,9.12000,8.96000
,,, 0.36528000236,9.12000,0.08000
,,, 0.36531999707,9.12000,0.08000
,,, 0.36535999179,9.12000,0.40000
,,, 0.36539998651,8.96000,8.96000
,,, 0.36543998122,9.20000,9.12000
,,, 0.36547997594,8.96000,0.00
,,, 0.36552000046,8.96000,0.08000
,,, 0.36555999517,8.80000,0.32000
,,, 0.36559998989,8.96000,8.88000
,,, 0.36563998461,8.96000,8.96000
,,, 0.36567997932,8.96000,0.00
,,, 0.36572000384,8.88000,0.08000
,,, 0.36575999856,9.12000,0.32000
,,, 0.36579999328,9.12000,8.88000
,,, 0.36583998799,9.12000,9.12000
,,, 0.36587998271,9.12000,0.08000
,,, 0.36591997743,8.96000,0.08000
,,, 0.36596000195,8.96000,0.32000
,,, 0.36599999666,8.96000,8.96000
,,, 0.36603999138,9.12000,8.96000
,,, 0.36607998610,8.96000,0.08000
,,, 0.36611998081,9.12000,0.16000
,,, 0.36616000533,8.96000,0.32000
,,, 0.36620000005,8.96000,8.96000
,,, 0.36623999476,8.88000,8.96000
,,, 0.36627998948,8.96000,0.08000
,,, 0.36631998420,8.96000,0.08000
,,, 0.36635997891,8.96000,0.32000
,,, 0.36640000343,8.96000,8.88000
,,, 0.36643999815,8.96000,8.96000
,,, 0.36647999287,9.12000,0.08000
,,, 0.36651998758,8.96000,0.08000
,,, 0.36655998230,9.12000,0.32000
,,, 0.36659997702,8.96000,8.96000
,,, 0.36664000154,8.96000,8.96000
,,, 0.36667999625,8.96000,0.08000
,,, 0.36671999097,9.12000,0.08000
,,, 0.36675998569,9.12000,0.32000
,,, 0.36679998040,8.96000,8.96000
,,, 0.36684000492,9.12000,8.96000
,,, 0.36687999964,8.96000,0.08000
,,, 0.36691999435,8.96000,0.16000
,,, 0.36695998907,8.96000,0.32000
,,, 0.36699998379,8.96000,8.88000
,,, 0.36703997850,8.96000,8.96000
,,, 0.36708000302,8.96000,0.08000
,,, 0.36711999774,8.96000,0.08000
,,, 0.36715999246,8.96000,0.32000
,,, 0.36719998717,8.96000,8.96000
,,, 0.36723998189,8.96000,8.96000
,,, 0.36727997661,8.96000,0.08000
,,, 0.36732000113,8.96000,0.08000
,,, 0.36735999584,8.96000,0.32000
,,, 0.36739999056,9.12000,8.96000
,,, 0.36743998528,8.96000,8.96000
,,, 0.36747997999,9.12000,0.08000
,,, 0.36752000451,8.96000,0.08000
,,, 0.36755999923,8.96000,0.32000
,,, 0.36759999394,8.96000,8.88000
,,, 0.36763998866,8.96000,8.96000
,,, 0.36767998338,8.96000,0.08000
,,, 0.36771997809,8.96000,0.08000
,,, 0.36776000261,8.96000,0.32000
,,, 0.36779999733,8.96000,8.88000
,,, 0.36783999205,8.96000,8.96000
,,, 0.36787998676,8.96000,0.08000
,,, 0.36791998148,9.12000,0.08000
,,, 0.36795997620,8.96000,0.32000
,,, 0.36800000072,9.12000,8.96000
,,, 0.36803999543,9.12000,8.96000
,,, 0.36807999015,9.12000,0.08000
,,, 0.36811998487,9.12000,0.16000
,,, 0.36815997958,9.12000,0.32000
,,, 0.36820000410,8.96000,8.88000
,,, 0.36823999882,8.96000,8.96000
,,, 0.36827999353,8.96000,0.08000
,,, 0.36831998825,8.96000,0.08000
,,, 0.36835998297,8.96000,0.32000
,,, 0.36839997768,8.96000,8.88000
,,, 0.36844000220,8.96000,8.96000
,,, 0.36847999692,8.96000,0.08000
,,, 0.36851999164,8.96000,0.08000
,,, 0.36855998635,8.96000,0.32000
,,, 0.36859998107,9.12000,8.88000
,,, 0.36864000559,8.96000,8.96000
,,, 0.36868000031,8.96000,0.08000
,,, 0.36871999502,8.96000,0.16000
,,, 0.36875998974,9.12000,0.32000
,,, 0.36879998446,8.96000,8.88000
,,, 0.36883997917,9.12000,8.96000
,,, 0.36888000369,9.12000,0.00
,,, 0.36891999841,8.96000,0.08000
,,, 0.36895999312,9.12000,0.32000
,,, 0.36899998784,8.96000,8.88000
,,, 0.36903998256,9.12000,8.96000
,,, 0.36907997727,8.96000,0.00
,,, 0.36912000179,8.96000,0.08000
,,, 0.36915999651,8.96000,0.32000
,,, 0.36919999123,8.88000,8.88000
,,, 0.36923998594,8.96000,8.96000
,,, 0.36927998066,8.96000,0.00
,,, 0.36932000518,9.12000,0.08000
,,, 0.36935999990,8.96000,0.32000
,,, 0.36939999461,8.96000,8.88000
,,, 0.36943998933,9.12000,8.96000
,,, 0.36947998405,8.96000,0.08000
,,, 0.36951997876,8.96000,0.08000
,,, 0.36956000328,9.12000,0.32000
,,, 0.36959999800,8.96000,8.96000
,,, 0.36963999271,8.96000,8.96000
,,, 0.36967998743,8.96000,0.08000
,,, 0.36971998215,8.96000,0.08000
,,, 0.36975997686,8.96000,0.32000
,,, 0.36980000138,8.96000,8.88000
,,, 0.36983999610,8.96000,8.96000
,,, 0.36987999082,8.88000,0.00
,,, 0.36991998553,8.96000,0.08000
,,, 0.36995998025,8.96000,0.32000
,,, 0.37000000477,8.96000,8.88000
,,, 0.37003999949,8.96000,8.96000
,,, 0.37007999420,9.12000,0.00
,,, 0.37011998892,9.12000,0.08000
,,, 0.37015998363,9.12000,0.32000
,,, 0.37019997835,9.12000,8.88000
,,, 0.37024000287,9.12000,8.96000
,,, 0.37027999759,9.12000,0.08000
,,, 0.37031999230,9.12000,0.16000
,,, 0.37035998702,8.88000,0.32000
,,, 0.37039998174,9.12000,8.88000
,,, 0.37043997645,8.96000,8.96000
,,, 0.37048000097,8.96000,0.08000
,,, 0.37051999569,8.96000,0.08000
,,, 0.37055999041,8.80000,0.24000
,,, 0.37059998512,8.96000,8.88000
,,, 0.37063997984,8.96000,8.96000
,,, 0.37068000436,9.12000,0.00
,,, 0.37071999907,9.12000,0.08000
,,, 0.37075999379,8.96000,0.32000
,,, 0.37079998851,9.20000,8.96000
,,, 0.37083998322,9.12000,8.96000
,,, 0.37087997794,9.12000,0.00
,,, 0.37092000246,9.12000,0.16000
,,, 0.37095999718,8.96000,0.32000
,,, 0.37099999189,9.12000,8.96000
,,, 0.37103998661,8.96000,9.12000
,,, 0.37107998133,8.96000,0.00
,,, 0.37111997604,8.88000,0.08000
,,, 0.37116000056,8.88000,0.32000
,,, 0.37119999528,8.96000,8.88000
,,, 0.37123999000,8.72000,8.88000
,,, 0.37127998471,8.88000,0.00
,,, 0.37131997943,8.96000,0.08000
,,, 0.37136000395,8.88000,0.32000
,,, 0.37139999866,9.12000,8.96000
,,, 0.37143999338,8.96000,8.96000
,,, 0.37147998810,9.20000,0.00
,,, 0.37151998281,9.12000,0.08000
,,, 0.37155997753,9.12000,0.32000
,,, 0.37160000205,9.12000,8.88000
,,, 0.37163999677,9.12000,8.96000
,,, 0.37167999148,9.20000,0.08000
,,, 0.37171998620,8.96000,0.16000
,,, 0.37175998092,8.96000,0.32000
,,, 0.37180000544,8.96000,8.88000
,,, 0.37184000015,8.96000,8.96000
,,, 0.37187999487,8.96000,0.00
,,, 0.37191998959,8.72000,0.00
,,, 0.37195998430,8.88000,0.32000
,,, 0.37199997902,8.96000,8.88000
,,, 0.37204000354,8.80000,8.88000
,,, 0.37207999825,8.96000,0.00
,,, 0.37211999297,8.96000,0.08000
,,, 0.37215998769,9.20000,0.40000
,,, 0.37219998240,9.12000,8.96000
,,, 0.37223997712,9.12000,8.96000
,,, 0.37228000164,9.20000,0.08000
,,, 0.37231999636,9.12000,0.08000
,,, 0.37235999107,9.28000,0.40000
,,, 0.37239998579,8.96000,8.96000
,,, 0.37243998051,8.96000,8.96000
,,, 0.37248000503,8.96000,0.08000
,,, 0.37251999974,9.12000,0.08000
,,, 0.37255999446,8.96000,0.32000
,,, 0.37259998918,8.64000,8.80000
,,, 0.37263998389,8.88000,8.96000
,,, 0.37267997861,8.96000,0.00
,,, 0.37272000313,8.80000,0.08000
,,, 0.37275999784,8.96000,0.32000
,,, 0.37279999256,8.96000,8.88000
,,, 0.37283998728,9.12000,8.96000
,,, 0.37287998199,9.12000,0.00
,,, 0.37291997671,9.12000,0.08000
,,, 0.37296000123,9.12000,0.32000
,,, 0.37299999595,9.12000,8.96000
,,, 0.37303999066,9.20000,9.12000
,,, 0.37307998538,9.12000,0.08000
,,, 0.37311998010,8.96000,0.08000
,,, 0.37316000462,9.12000,0.40000
,,, 0.37319999933,8.96000,8.88000
,,, 0.37323999405,9.12000,8.96000
,,, 0.37327998877,8.72000,0.00
,,, 0.37331998348,8.88000,0.08000
,,, 0.37335997820,8.96000,0.32000
,,, 0.37340000272,8.80000,8.80000
,,, 0.37343999743,8.96000,8.96000
,,, 0.37347999215,9.12000,0.00
,,, 0.37351998687,9.20000,0.08000
,,, 0.37355998158,9.12000,0.32000
,,, 0.37359997630,9.12000,8.96000
,,, 0.37364000082,9.20000,9.12000
,,, 0.37367999554,9.12000,0.00
,,, 0.37371999025,9.36000,0.24000
,,, 0.37375998497,9.12000,0.40000
,,, 0.37379997969,8.96000,8.88000
,,, 0.37384000421,9.20000,9.12000
,,, 0.37387999892,9.12000,0.08000
,,, 0.37391999364,8.96000,0.08000
,,, 0.37395998836,8.72000,0.32000
,,, 0.37399998307,8.80000,8.88000
,,, 0.37403997779,8.96000,8.96000
,,, 0.37408000231,8.80000,0.00
,,, 0.37411999702,8.88000,0.08000
,,, 0.37415999174,9.12000,0.32000
,,, 0.37419998646,9.12000,8.88000
,,, 0.37423998117,9.12000,8.96000
,,, 0.37427997589,8.96000,0.08000
,,, 0.37432000041,9.12000,0.08000
,,, 0.37435999513,9.12000,0.32000
,,, 0.37439998984,9.36000,9.12000
,,, 0.37443998456,9.12000,8.96000
,,, 0.37447997928,8.96000,0.08000
,,, 0.37452000380,9.12000,0.16000
,,, 0.37455999851,8.96000,0.32000
,,, 0.37459999323,9.12000,8.88000
,,, 0.37463998795,8.72000,8.88000
,,, 0.37467998266,8.88000,0.00
,,, 0.37471997738,8.96000,0.08000
,,, 0.37476000190,8.88000,0.24000
,,, 0.37479999661,8.96000,8.88000
,,, 0.37483999133,8.96000,8.96000
,,, 0.37487998605,9.12000,0.00
,,, 0.37491998076,9.12000,0.08000
,,, 0.37496000528,9.12000,0.32000
,,, 0.37500000000,8.96000,8.88000
,,, 0.37503999472,8.96000,8.96000
,,, 0.37507998943,9.28000,0.08000
,,, 0.37511998415,9.12000,0.08000
,,, 0.37515997887,8.96000,0.32000
,,, 0.37520000339,9.12000,0.08000
,,, 0.37523999810,8.96000,0.00
,,, 0.37527999282,9.12000,0.00
,,, 0.37531998754,8.80000,0.08000
,,, 0.37535998225,8.88000,0.32000
,,, 0.37539997697,8.96000,0.00
,,, 0.37544000149,8.88000,0.00
,,, 0.37547999620,8.96000,0.00
,,, 0.37551999092,8.96000,0.08000
,,, 0.37555998564,8.96000,0.32000
,,, 0.37559998035,9.12000,0.00
,,, 0.37564000487,9.12000,0.00
,,, 0.37567999959,9.12000,0.00
,,, 0.37571999431,8.96000,0.08000
,,, 0.37575998902,9.20000,0.32000
,,, 0.37579998374,9.12000,0.00
,,, 0.37583997846,8.96000,0.00
,,, 0.37588000298,9.12000,0.00
,,, 0.37591999769,8.96000,0.08000
,,, 0.37595999241,8.96000,0.32000
,,, 0.37599998713,8.88000,0.00
,,, 0.37603998184,8.96000,0.00
,,, 0.37607997656,8.96000,-0.08000
,,, 0.37612000108,8.96000,0.08000
,,, 0.37615999579,8.96000,0.32000
,,, 0.37619999051,8.96000,0.00
,,, 0.37623998523,8.96000,0.00
,,, 0.37627997994,9.12000,0.00
,,, 0.37632000446,8.96000,0.08000
,,, 0.37635999918,8.96000,0.32000
,,, 0.37639999390,9.12000,0.00
,,, 0.37643998861,9.12000,0.00
,,, 0.37647998333,8.96000,0.00
,,, 0.37651997805,8.96000,0.08000
,,, 0.37656000257,9.12000,0.32000
,,, 0.37659999728,8.96000,0.00
,,, 0.37663999200,8.96000,0.00
,,, 0.37667998672,8.96000,0.00
,,, 0.37671998143,8.96000,0.08000
,,, 0.37675997615,8.96000,0.32000
,,, 0.37680000067,8.96000,0.00
,,, 0.37683999538,8.96000,0.00
,,, 0.37687999010,8.96000,0.00
,,, 0.37691998482,8.96000,0.08000
,,, 0.37695997953,9.12000,0.24000
,,, 0.37700000405,8.96000,0.00
,,, 0.37703999877,8.96000,0.00
,,, 0.37707999349,9.12000,0.00
,,, 0.37711998820,8.96000,0.08000
,,, 0.37715998292,8.96000,0.32000
,,, 0.37719997764,8.96000,0.00
,,, 0.37724000216,9.12000,0.00
,,, 0.37727999687,8.96000,0.00
,,, 0.37731999159,8.96000,0.08000
,,, 0.37735998631,8.96000,0.32000
,,, 0.37739998102,8.96000,0.00
,,, 0.37743997574,8.96000,0.00
,,, 0.37748000026,8.96000,-0.08000
,,, 0.37751999497,8.88000,0.08000
,,, 0.37755998969,9.12000,0.32000
,,, 0.37759998441,9.12000,0.00
,,, 0.37763997912,8.96000,0.00
,,, 0.37768000364,8.96000,0.00
,,, 0.37771999836,9.12000,0.08000
,,, 0.37775999308,8.96000,0.32000
,,, 0.37779998779,9.12000,0.00
,,, 0.37783998251,9.12000,0.00
,,, 0.37787997723,8.96000,0.00
,,, 0.37792000175,9.12000,0.08000
,,, 0.37795999646,9.12000,0.32000
,,, 0.37799999118,8.96000,0.00
,,, 0.37803998590,8.96000,0.00
,,, 0.37807998061,8.96000,0.00
,,, 0.37812000513,8.96000,0.08000
,,, 0.37815999985,9.12000,0.32000
,,, 0.37819999456,9.12000,0.00
,,, 0.37823998928,9.12000,0.00
,,, 0.37827998400,8.96000,-0.08000
,,, 0.37831997871,8.96000,0.08000
,,, 0.37836000323,9.12000,0.32000
,,, 0.37839999795,8.96000,0.00
,,, 0.37843999267,8.96000,0.00
,,, 0.37847998738,8.96000,0.00
,,, 0.37851998210,8.96000,0.08000
,,, 0.37855997682,9.12000,0.32000
,,, 0.37860000134,8.96000,-0.08000
,,, 0.37863999605,8.96000,0.00
,,, 0.37867999077,9.12000,0.00
,,, 0.37871998549,9.12000,0.08000
,,, 0.37875998020,8.96000,0.32000
,,, 0.37880000472,8.96000,0.00
,,, 0.37883999944,9.12000,0.00
,,, 0.37887999415,8.96000,0.00
,,, 0.37891998887,8.96000,0.08000
,,, 0.37895998359,8.96000,0.32000
,,, 0.37899997830,8.96000,0.00
,,, 0.37904000282,9.12000,0.00
,,, 0.37907999754,8.96000,0.00
,,, 0.37911999226,8.96000,0.08000
,,, 0.37915998697,8.88000,0.24000
,,, 0.37919998169,8.96000,0.00
,,, 0.37923997641,9.12000,0.00
,,, 0.37928000093,8.96000,-0.08000
,,, 0.37931999564,8.96000,0.08000
,,, 0.37935999036,9.12000,0.32000
,,, 0.37939998507,9.12000,0.00
,,, 0.37943997979,9.12000,0.00
,,, 0.37948000431,8.96000,0.00
,,, 0.37951999903,9.12000,0.08000
,,, 0.37955999374,8.96000,0.32000
,,, 0.37959998846,9.12000,0.00
,,, 0.37963998318,9.12000,0.00
,,, 0.37967997789,8.96000,0.00
,,, 0.37972000241,9.12000,0.08000
,,, 0.37975999713,8.96000,0.32000
,,, 0.37979999185,9.12000,0.00
,,, 0.37983998656,8.96000,0.00
,,, 0.37987998128,9.12000,0.00
,,, 0.37991997600,8.96000,0.08000
,,, 0.37996000051,8.88000,0.32000
,,, 0.37999999523,8.96000,0.00
,,, 0.38003998995,8.96000,0.00
,,, 0.38007998466,9.20000,0.00
,,, 0.38011997938,9.12000,0.08000
,,, 0.38016000390,8.96000,0.32000
,,, 0.38019999862,9.12000,0.00
,,, 0.38023999333,9.12000,0.00
,,, 0.38027998805,8.96000,0.00
,,, 0.38031998277,8.96000,0.08000
,,, 0.38035997748,8.96000,0.32000
,,, 0.38040000200,9.12000,0.00
,,, 0.38043999672,8.96000,0.00
,,, 0.38047999144,8.96000,0.00
,,, 0.38051998615,8.80000,0.08000
,,, 0.38055998087,8.88000,0.32000
,,, 0.38059997559,8.96000,0.00
,,, 0.38064000010,8.80000,-0.08000
,,, 0.38067999482,8.96000,0.00
,,, 0.38071998954,9.12000,0.08000
,,, 0.38075998425,9.20000,0.32000
,,, 0.38079997897,9.20000,0.00
,,, 0.38084000349,8.96000,0.00
,,, 0.38087999821,9.20000,0.00
,,, 0.38091999292,9.12000,0.08000
,,, 0.38095998764,8.96000,0.32000
,,, 0.38099998236,9.12000,0.08000
,,, 0.38103997707,8.96000,0.00
,,, 0.38108000159,8.96000,-0.08000
,,, 0.38111999631,8.88000,0.08000
,,, 0.38115999103,8.96000,0.32000
,,, 0.38119998574,8.80000,0.00
,,, 0.38123998046,8.80000,0.00
,,, 0.38128000498,8.88000,0.00
,,, 0.38131999969,8.72000,0.00
,,, 0.38135999441,8.96000,0.32000
,,, 0.38139998913,8.96000,0.00
,,, 0.38143998384,9.20000,0.00
,,, 0.38147997856,9.12000,0.00
,,, 0.38152000308,9.12000,0.08000
,,, 0.38155999780,9.28000,0.40000
,,, 0.38159999251,9.12000,0.00
,,, 0.38163998723,8.96000,0.00
,,, 0.38167998195,9.12000,0.00
,,, 0.38171997666,9.12000,0.08000
,,, 0.38176000118,8.96000,0.32000
,,, 0.38179999590,8.96000,0.00
,,, 0.38183999062,8.96000,0.00
,,, 0.38187998533,8.80000,0.00
,,, 0.38191998005,8.80000,0.08000
,,, 0.38196000457,8.96000,0.24000
,,, 0.38199999928,8.64000,-0.08000
,,, 0.38203999400,8.88000,0.00
,,, 0.38207998872,8.96000,0.00
,,, 0.38211998343,9.12000,0.08000
,,, 0.38215997815,9.12000,0.32000
,,, 0.38220000267,9.12000,0.00
,,, 0.38223999739,9.28000,0.00
,,, 0.38227999210,9.12000,0.00
,,, 0.38231998682,8.96000,0.08000
,,, 0.38235998154,9.20000,0.40000
,,, 0.38239997625,9.12000,0.00
,,, 0.38244000077,9.12000,0.00
,,, 0.38247999549,8.96000,0.00
,,, 0.38251999021,9.12000,0.08000
,,, 0.38255998492,8.88000,0.32000
,,, 0.38259997964,8.80000,0.00
,,, 0.38264000416,8.88000,0.00
,,, 0.38267999887,8.56000,-0.08000
,,, 0.38271999359,8.88000,0.08000
,,, 0.38275998831,8.96000,0.32000
,,, 0.38279998302,8.96000,-0.08000
,,, 0.38283997774,9.12000,0.00
,,, 0.38288000226,8.96000,0.00
,,, 0.38291999698,9.20000,0.08000
,,, 0.38295999169,9.12000,0.32000
,,, 0.38299998641,9.12000,0.00
,,, 0.38303998113,9.20000,0.08000
,,, 0.38307997584,9.12000,0.00
,,, 0.38312000036,9.12000,0.08000
,,, 0.38315999508,9.12000,0.32000
,,, 0.38319998980,8.96000,0.00
,,, 0.38323998451,8.96000,0.00
,,, 0.38327997923,8.80000,0.00
,,, 0.38332000375,8.96000,0.08000
,,, 0.38335999846,8.56000,0.24000
,,, 0.38339999318,8.88000,0.00
,,, 0.38343998790,8.96000,0.00
,,, 0.38347998261,8.80000,-0.08000
,,, 0.38351997733,8.96000,0.08000
,,, 0.38356000185,8.96000,0.32000
,,, 0.38359999657,9.12000,-0.08000
,,, 0.38363999128,9.12000,0.00
,,, 0.38367998600,9.12000,0.00
,,, 0.38371998072,9.28000,0.24000
,,, 0.38375997543,9.12000,0.32000
,,, 0.38379999995,9.12000,0.00
,,, 0.38383999467,9.20000,0.08000
,,, 0.38387998939,8.96000,0.00
,,, 0.38391998410,8.96000,0.08000
,,, 0.38395997882,8.80000,0.32000
,,, 0.38400000334,9.12000,0.00
,,, 0.38403999805,8.64000,0.00
,,, 0.38407999277,8.88000,0.00
,,, 0.38411998749,8.96000,0.16000
,,, 0.38415998220,8.80000,0.24000
,,, 0.38419997692,9.12000,0.00
,,, 0.38424000144,8.96000,0.00
,,, 0.38427999616,8.96000,-0.08000
,,, 0.38431999087,9.12000,0.08000
,,, 0.38435998559,9.12000,0.32000
,,, 0.38439998031,9.28000,0.00
,,, 0.38444000483,9.12000,0.00
,,, 0.38447999954,9.12000,0.00
,,, 0.38451999426,9.12000,0.16000
,,, 0.38455998898,9.12000,0.32000
,,, 0.38459998369,9.12000,0.00
,,, 0.38463997841,8.80000,0.00
,,, 0.38468000293,8.88000,0.00
,,, 0.38471999764,8.80000,0.08000
,,, 0.38475999236,8.88000,0.32000
,,, 0.38479998708,8.96000,0.00
,,, 0.38483998179,8.72000,-0.08000
,,, 0.38487997651,8.96000,-0.08000
,,, 0.38492000103,8.96000,0.08000
,,, 0.38495999575,8.88000,0.24000
,,, 0.38499999046,8.96000,0.00
,,, 0.38503998518,8.96000,0.00
,,, 0.38507997990,9.20000,0.00
,,, 0.38512000442,9.12000,0.08000
,,, 0.38515999913,8.96000,0.32000
,,, 0.38519999385,9.12000,0.00
,,, 0.38523998857,8.96000,0.00
,,, 0.38527998328,9.12000,0.00
,,, 0.38531997800,8.96000,0.00
,,, 0.38536000252,8.96000,0.00
,,, 0.38539999723,8.88000,0.00
,,, 0.38543999195,8.96000,0.00
,,, 0.38547998667,9.12000,0.00
,,, 0.38551998138,8.80000,0.00
,,, 0.38555997610,8.96000,0.00
,,, 0.38560000062,8.96000,0.00
,,, 0.38563999534,8.88000,0.00
,,, 0.38567999005,8.96000,0.00
,,, 0.38571998477,9.12000,0.00
,,, 0.38575997949,9.12000,0.00
,,, 0.38580000401,8.96000,0.00
,,, 0.38583999872,9.12000,0.00
,,, 0.38587999344,9.12000,0.00
,,, 0.38591998816,8.96000,0.00
,,, 0.38595998287,9.12000,0.00
,,, 0.38599997759,9.12000,0.00
,,, 0.38604000211,9.12000,0.00
,,, 0.38607999682,8.96000,0.00
,,, 0.38611999154,9.12000,0.00
,,, 0.38615998626,8.96000,0.00
,,, 0.38619998097,8.88000,0.00
,,, 0.38623997569,8.96000,0.00
,,, 0.38628000021,8.96000,0.00
,,, 0.38631999493,8.88000,0.00
,,, 0.38635998964,8.96000,0.00
,,, 0.38639998436,9.12000,0.00
,,, 0.38643997908,9.12000,0.00
,,, 0.38648000360,9.12000,0.00
,,, 0.38651999831,9.12000,0.00
,,, 0.38655999303,8.96000,0.00
,,, 0.38659998775,9.12000,0.00
,,, 0.38663998246,8.96000,0.00
,,, 0.38667997718,8.96000,0.00
,,, 0.38672000170,8.96000,0.00
,,, 0.38675999641,8.96000,0.00
,,, 0.38679999113,9.12000,0.00
,,, 0.38683998585,8.96000,0.00
,,, 0.38687998056,8.96000,0.00
,,, 0.38692000508,9.12000,0.00
,,, 0.38695999980,8.96000,0.00
,,, 0.38699999452,8.96000,0.00
,,, 0.38703998923,8.96000,0.00
,,, 0.38707998395,8.96000,0.00
,,, 0.38711997867,8.96000,0.00
,,, 0.38716000319,8.96000,0.00
,,, 0.38719999790,8.96000,0.00
,,, 0.38723999262,8.96000,0.00
,,, 0.38727998734,8.96000,0.00
,,, 0.38731998205,8.96000,0.00
,,, 0.38735997677,9.12000,0.00
,,, 0.38740000129,8.96000,0.00
,,, 0.38743999600,8.96000,0.00
,,, 0.38747999072,8.96000,0.00
,,, 0.38751998544,9.12000,0.00
,,, 0.38755998015,8.96000,0.00
,,, 0.38760000467,9.12000,0.00
,,, 0.38763999939,8.96000,0.00
,,, 0.38767999411,8.96000,0.00
,,, 0.38771998882,8.96000,0.00
,,, 0.38775998354,9.12000,0.00
,,, 0.38779997826,9.12000,0.00
,,, 0.38784000278,8.96000,0.00
,,, 0.38787999749,9.12000,0.00
,,, 0.38791999221,9.12000,0.00
,,, 0.38795998693,9.12000,0.00
,,, 0.38799998164,8.96000,0.00
,,, 0.38803997636,8.96000,0.08000
,,, 0.38808000088,8.96000,0.00
,,, 0.38811999559,8.96000,0.00
,,, 0.38815999031,8.96000,0.00
,,, 0.38819998503,8.96000,0.00
,,, 0.38823997974,8.88000,0.00
,,, 0.38828000426,8.96000,0.00
,,, 0.38831999898,8.96000,0.00
,,, 0.38835999370,8.96000,0.00
,,, 0.38839998841,8.96000,0.00
,,, 0.38843998313,8.96000,0.00
,,, 0.38847997785,9.12000,0.00
,,, 0.38852000237,8.96000,0.00
,,, 0.38855999708,8.96000,0.00
,,, 0.38859999180,9.12000,0.00
,,, 0.38863998652,8.96000,0.00
,,, 0.38867998123,8.96000,0.00
,,, 0.38871997595,8.96000,0.00
,,, 0.38876000047,8.96000,0.00
,,, 0.38879999518,8.96000,0.00
,,, 0.38883998990,8.96000,0.00
,,, 0.38887998462,8.96000,0.00
,,, 0.38891997933,8.88000,0.00
,,, 0.38896000385,8.96000,0.00
,,, 0.38899999857,8.96000,0.00
,,, 0.38903999329,8.96000,0.00
,,, 0.38907998800,9.12000,0.00
,,, 0.38911998272,8.96000,0.00
,,, 0.38915997744,9.12000,0.00
,,, 0.38920000196,9.12000,0.00
,,, 0.38923999667,8.96000,0.00
,,, 0.38927999139,9.12000,0.00
,,, 0.38931998610,9.12000,0.00
,,, 0.38935998082,8.96000,0.00
,,, 0.38939997554,8.96000,0.00
,,, 0.38944000006,9.12000,0.00
,,, 0.38947999477,9.12000,0.00
,,, 0.38951998949,8.96000,0.08000
,,, 0.38955998421,8.96000,0.00
,,, 0.38959997892,8.88000,0.00
,,, 0.38964000344,8.96000,0.00
,,, 0.38967999816,8.96000,0.00
,,, 0.38971999288,8.96000,0.00
,,, 0.38975998759,8.96000,0.00
,,, 0.38979998231,8.96000,0.00
,,, 0.38983997703,9.12000,0.00
,,, 0.38988000154,9.12000,0.00
,,, 0.38991999626,9.12000,0.00
,,, 0.38995999098,8.96000,0.00
,,, 0.38999998569,9.12000,0.00
,,, 0.39003998041,8.96000,0.08000
,,, 0.39008000493,9.12000,0.00
,,, 0.39011999965,8.96000,0.00
,,, 0.39015999436,9.20000,0.08000
,,, 0.39019998908,8.96000,0.00
,,, 0.39023998380,9.12000,0.00
,,, 0.39027997851,8.96000,0.00
,,, 0.39032000303,8.88000,0.00
,,, 0.39035999775,8.96000,0.00
,,, 0.39039999247,8.96000,0.00
,,, 0.39043998718,8.96000,0.00
,,, 0.39047998190,8.96000,0.00
,,, 0.39051997662,8.88000,0.00
,,, 0.39056000113,8.96000,0.00
,,, 0.39059999585,9.12000,0.00
,,, 0.39063999057,8.96000,0.00
,,, 0.39067998528,9.12000,0.00
,,, 0.39071998000,8.96000,0.00
,,, 0.39076000452,9.20000,0.08000
,,, 0.39079999924,9.12000,0.00
,,, 0.39083999395,9.20000,0.00
,,, 0.39087998867,9.12000,0.00
,,, 0.39091998339,8.96000,0.00
,,, 0.39095997810,8.96000,0.08000
,,, 0.39100000262,8.96000,0.00
,,, 0.39103999734,9.12000,0.00
,,, 0.39107999206,8.80000,0.00
,,, 0.39111998677,8.88000,0.00
,,, 0.39115998149,8.96000,0.00
,,, 0.39119997621,8.72000,-0.08000
,,, 0.39124000072,8.96000,0.00
,,, 0.39127999544,9.12000,0.00
,,, 0.39131999016,8.96000,0.00
,,, 0.39135998487,8.96000,0.00
,,, 0.39139997959,8.96000,0.00
,,, 0.39144000411,9.20000,0.00
,,, 0.39147999883,9.12000,0.00
,,, 0.39151999354,9.20000,0.08000
,,, 0.39155998826,9.20000,0.08000
,,, 0.39159998298,9.12000,0.00
,,, 0.39163997769,9.12000,0.08000
,,, 0.39168000221,8.96000,0.00
,,, 0.39171999693,8.96000,0.08000
,,, 0.39175999165,8.80000,0.08000
,,, 0.39179998636,8.88000,0.00
,,, 0.39183998108,8.88000,0.00
,,, 0.39187997580,8.72000,-0.08000
,,, 0.39192000031,8.96000,0.00
,,, 0.39195999503,8.96000,0.08000
,,, 0.39199998975,8.88000,-0.08000
,,, 0.39203998446,8.96000,0.00
,,, 0.39207997918,9.12000,0.00
,,, 0.39212000370,9.28000,0.00
,,, 0.39215999842,9.12000,0.00
,,, 0.39219999313,9.12000,0.08000
,,, 0.39223998785,9.20000,0.00
,,, 0.39227998257,9.12000,0.00
,,, 0.39231997728,9.12000,0.08000
,,, 0.39236000180,8.96000,0.00
,,, 0.39239999652,8.96000,0.00
,,, 0.39243999124,8.80000,0.08000
,,, 0.39247998595,8.96000,0.00
,,, 0.39251998067,8.96000,0.00
,,, 0.39255997539,8.72000,-0.08000
,,, 0.39259999990,8.88000,0.00
,,, 0.39263999462,8.96000,0.00
,,, 0.39267998934,8.80000,0.00
,,, 0.39271998405,8.96000,0.00
,,, 0.39275997877,8.96000,0.00
,,, 0.39280000329,9.20000,0.00
,,, 0.39283999801,9.12000,0.00
,,, 0.39287999272,9.20000,0.00
,,, 0.39291998744,9.12000,0.08000
,,, 0.39295998216,8.96000,0.00
,,, 0.39299997687,9.12000,0.08000
,,, 0.39304000139,8.96000,0.08000
,,, 0.39307999611,8.96000,0.00
,,, 0.39311999083,8.80000,0.08000
,,, 0.39315998554,8.88000,0.00
,,, 0.39319998026,8.96000,0.00
,,, 0.39324000478,8.56000,0.00
,,, 0.39327999949,8.88000,0.00
,,, 0.39331999421,9.12000,0.00
,,, 0.39335998893,8.80000,0.00
,,, 0.39339998364,8.96000,0.00
,,, 0.39343997836,9.12000,0.00
,,, 0.39348000288,9.20000,0.00
,,, 0.39351999760,9.12000,0.00
,,, 0.39355999231,9.12000,0.00
,,, 0.39359998703,9.20000,0.00
,,, 0.39363998175,9.12000,0.00
,,, 0.39367997646,9.20000,0.08000
,,, 0.39372000098,9.12000,0.08000
,,, 0.39375999570,8.96000,0.00
,,, 0.39379999042,8.96000,0.08000
,,, 0.39383998513,8.96000,0.00
,,, 0.39387997985,8.96000,0.00
,,, 0.39392000437,8.72000,0.00
,,, 0.39395999908,8.88000,0.00
,,, 0.39399999380,9.12000,0.00
,,, 0.39403998852,8.80000,0.00
,,, 0.39407998323,8.96000,0.00
,,, 0.39411997795,8.96000,0.00
,,, 0.39416000247,9.12000,0.00
,,, 0.39419999719,9.12000,0.00
,,, 0.39423999190,9.12000,0.00
,,, 0.39427998662,9.20000,0.00
,,, 0.39431998134,9.12000,0.00
,,, 0.39435997605,9.28000,0.08000
,,, 0.39440000057,9.12000,0.08000
,,, 0.39443999529,8.96000,0.00
,,, 0.39447999001,9.12000,0.08000
,,, 0.39451998472,8.96000,0.08000
,,, 0.39455997944,8.96000,0.00
,,, 0.39460000396,8.72000,0.00
,,, 0.39463999867,8.88000,0.00
,,, 0.39467999339,8.96000,0.00
,,, 0.39471998811,8.80000,0.00
,,, 0.39475998282,8.96000,0.00
,,, 0.39479997754,9.12000,0.00
,,, 0.39484000206,8.96000,0.00
,,, 0.39487999678,8.96000,0.00
,,, 0.39491999149,8.96000,0.00
,,, 0.39495998621,9.12000,0.00
,,, 0.39499998093,9.12000,0.00
,,, 0.39503997564,9.28000,0.00
,,, 0.39508000016,9.12000,0.08000
,,, 0.39511999488,8.96000,0.08000
,,, 0.39515998960,9.12000,0.08000
,,, 0.39519998431,9.12000,0.00
,,, 0.39523997903,8.96000,0.00
,,, 0.39528000355,8.80000,0.08000
,,, 0.39531999826,8.96000,0.00
,,, 0.39535999298,8.96000,0.00
,,, 0.39539998770,8.96000,0.00
,,, 0.39543998241,8.96000,0.00
,,, 0.39547997713,8.96000,0.00
,,, 0.39552000165,8.96000,0.00
,,, 0.39555999637,9.12000,0.00
,,, 0.39559999108,8.96000,0.00
,,, 0.39563998580,8.96000,0.08000
,,, 0.39567998052,8.96000,0.00
,,, 0.39571997523,9.20000,0.00
,,, 0.39575999975,9.12000,0.00
,,, 0.39579999447,8.96000,0.00
,,, 0.39583998919,9.12000,0.00
,,, 0.39587998390,9.12000,0.00
,,, 0.39591997862,9.12000,0.00
,,, 0.39596000314,8.96000,0.00
,,, 0.39599999785,9.12000,0.00
,,, 0.39603999257,9.12000,0.00
,,, 0.39607998729,9.12000,0.08000
,,, 0.39611998200,8.96000,0.00
,,, 0.39615997672,9.12000,0.00
,,, 0.39620000124,8.96000,0.00
,,, 0.39623999596,9.12000,0.00
,,, 0.39627999067,8.96000,0.00
,,, 0.39631998539,8.96000,0.00
,,, 0.39635998011,8.96000,0.00
,,, 0.39640000463,9.20000,0.00
,,, 0.39643999934,8.96000,0.00
,,, 0.39647999406,9.12000,0.00
,,, 0.39651998878,9.12000,0.00
,,, 0.39655998349,8.96000,0.00
,,, 0.39659997821,9.12000,0.00
,,, 0.39664000273,9.12000,0.00
,,, 0.39667999744,8.96000,0.00
,,, 0.39671999216,8.96000,0.08000
,,, 0.39675998688,9.12000,0.00
,,, 0.39679998159,8.96000,0.00
,,, 0.39683997631,8.96000,0.00
,,, 0.39688000083,8.96000,0.00
,,, 0.39691999555,8.96000,0.00
,,, 0.39695999026,8.96000,0.00
,,, 0.39699998498,9.12000,0.00
,,, 0.39703997970,8.96000,0.00
,,, 0.39708000422,9.12000,0.00
,,, 0.39711999893,9.12000,0.00
,,, 0.39715999365,9.12000,0.00
,,, 0.39719998837,9.12000,0.00
,,, 0.39723998308,9.12000,0.00
,,, 0.39727997780,8.96000,0.00
,,, 0.39732000232,9.12000,0.08000
,,, 0.39735999703,9.12000,0.00
,,, 0.39739999175,8.96000,0.00
,,, 0.39743998647,9.12000,0.00
,,, 0.39747998118,8.96000,0.00
,,, 0.39751997590,8.96000,0.00
,,, 0.39756000042,8.88000,0.00
,,, 0.39759999514,9.12000,0.00
,,, 0.39763998985,9.12000,0.00
,,, 0.39767998457,9.12000,0.00
,,, 0.39771997929,8.96000,0.00
,,, 0.39776000381,9.12000,0.00
,,, 0.39779999852,8.96000,0.00
,,, 0.39783999324,9.12000,0.00
,,, 0.39787998796,9.12000,0.00
,,, 0.39791998267,8.96000,0.00
,,, 0.39795997739,9.12000,0.00
,,, 0.39800000191,8.96000,0.00
,,, 0.39803999662,8.96000,0.00
,,, 0.39807999134,9.12000,0.00
,,, 0.39811998606,9.12000,0.00
,,, 0.39815998077,9.12000,0.08000
,,, 0.39819997549,8.96000,0.00
,,, 0.39824000001,8.96000,0.00
,,, 0.39827999473,8.96000,0.00
,,, 0.39831998944,9.12000,0.00
,,, 0.39835998416,8.96000,0.00
,,, 0.39839997888,8.96000,0.00
,,, 0.39844000340,8.96000,0.00
,,, 0.39847999811,9.12000,0.00
,,, 0.39851999283,8.96000,0.00
,,, 0.39855998755,8.96000,0.00
,,, 0.39859998226,9.12000,0.00
,,, 0.39863997698,8.96000,0.00
,,, 0.39868000150,9.12000,0.00
,,, 0.39871999621,9.12000,0.00
,,, 0.39875999093,9.12000,0.00
,,, 0.39879998565,9.12000,0.00
,,, 0.39883998036,8.96000,0.00
,,, 0.39887997508,8.96000,0.00
,,, 0.39891999960,8.88000,0.00
,,, 0.39895999432,8.96000,0.00
,,, 0.39899998903,9.12000,0.00
,,, 0.39903998375,8.96000,0.00
,,, 0.39907997847,9.12000,0.00
,,, 0.39912000299,8.96000,0.00
,,, 0.39915999770,9.12000,0.00
,,, 0.39919999242,9.12000,0.00
,,, 0.39923998713,8.88000,0.00
,,, 0.39927998185,8.96000,0.00
,,, 0.39931997657,9.12000,0.00
,,, 0.39936000109,9.12000,0.00
,,, 0.39939999580,9.12000,0.00
,,, 0.39943999052,8.96000,0.00
,,, 0.39947998524,9.12000,0.00
,,, 0.39951997995,9.12000,0.00
,,, 0.39956000447,8.96000,0.00
,,, 0.39959999919,9.12000,0.00
,,, 0.39963999391,9.12000,0.00
,,, 0.39967998862,8.96000,0.00
,,, 0.39971998334,8.88000,0.00
,,, 0.39975997806,8.96000,0.00
,,, 0.39980000257,8.88000,0.00
,,, 0.39983999729,9.12000,0.00
,,, 0.39987999201,9.12000,0.00
,,, 0.39991998672,8.88000,0.00
,,, 0.39995998144,9.12000,0.00
,,, 0.39999997616,9.12000,0.00
,,, 0.40004000068,9.20000,0.00
,,, 0.40007999539,9.12000,0.00
,,, 0.40011999011,9.12000,0.00
,,, 0.40015998483,9.12000,0.00
,,, 0.40019997954,9.12000,0.08000
,,, 0.40024000406,8.96000,0.00
,,, 0.40027999878,8.96000,0.00
,,, 0.40031999350,8.96000,0.00
,,, 0.40035998821,8.96000,0.00
,,, 0.40039998293,8.88000,0.00
,,, 0.40043997765,8.96000,0.00
,,, 0.40048000216,8.88000,0.00
,,, 0.40051999688,8.88000,0.00
,,, 0.40055999160,9.12000,0.00
,,, 0.40059998631,8.80000,-0.08000
,,, 0.40063998103,8.96000,0.00
,,, 0.40067997575,8.96000,0.00
,,, 0.40072000027,9.20000,0.00
,,, 0.40075999498,9.12000,0.00
,,, 0.40079998970,8.96000,0.00
,,, 0.40083998442,9.12000,0.00
,,, 0.40087997913,9.12000,0.00
,,, 0.40092000365,9.12000,0.00
,,, 0.40095999837,9.12000,0.08000
,,, 0.40099999309,8.96000,0.08000
,,, 0.40103998780,9.12000,0.00
,,, 0.40107998252,8.96000,0.00
,,, 0.40111997724,8.96000,0.00
,,, 0.40116000175,8.88000,0.00
,,, 0.40119999647,8.80000,0.00
,,, 0.40123999119,8.96000,0.00
,,, 0.40127998590,8.56000,-0.08000
,,, 0.40131998062,8.88000,0.00
,,, 0.40135997534,8.96000,0.00
,,, 0.40139999986,8.96000,-0.08000
,,, 0.40143999457,9.12000,0.00
,,, 0.40147998929,9.12000,0.00
,,, 0.40151998401,9.28000,0.00
,,, 0.40155997872,9.12000,0.00
,,, 0.40160000324,9.12000,0.00
,,, 0.40163999796,9.20000,0.08000
,,, 0.40167999268,9.12000,0.00
,,, 0.40171998739,9.12000,0.00
,,, 0.40175998211,9.12000,0.08000
,,, 0.40179997683,8.96000,0.00
,,, 0.40184000134,8.96000,0.00
,,, 0.40187999606,8.88000,0.00
,,, 0.40191999078,8.96000,0.00
,,, 0.40195998549,8.56000,0.00
,,, 0.40199998021,8.88000,0.00
,,, 0.40204000473,8.96000,0.00
,,, 0.40207999945,8.80000,-0.08000
,,, 0.40211999416,8.96000,0.00
,,, 0.40215998888,9.12000,0.00
,,, 0.40219998360,8.96000,0.00
,,, 0.40223997831,9.12000,0.00
,,, 0.40228000283,9.12000,0.00
,,, 0.40231999755,9.28000,0.08000
,,, 0.40235999227,9.12000,0.00
,,, 0.40239998698,8.96000,0.00
,,, 0.40243998170,9.20000,0.00
,,, 0.40247997642,8.96000,0.00
,,, 0.40252000093,8.96000,0.00
,,, 0.40255999565,8.88000,0.00
,,, 0.40259999037,8.96000,0.00
,,, 0.40263998508,8.72000,0.00
,,, 0.40267997980,8.80000,0.00
,,, 0.40272000432,8.96000,0.00
,,, 0.40275999904,8.72000,-0.08000
,,, 0.40279999375,8.96000,0.00
,,, 0.40283998847,8.96000,0.00
,,, 0.40287998319,8.80000,-0.08000
,,, 0.40291997790,9.12000,0.00
,,, 0.40296000242,8.96000,0.00
,,, 0.40299999714,9.28000,0.00
,,, 0.40303999186,9.12000,0.00
,,, 0.40307998657,9.12000,0.00
,,, 0.40311998129,9.20000,0.08000
,,, 0.40315997601,9.12000,0.00
,,, 0.40320000052,8.96000,0.00
,,, 0.40323999524,8.96000,0.00
,,, 0.40327998996,8.96000,0.00
,,, 0.40331998467,8.88000,0.08000
,,, 0.40335997939,8.96000,0.00
,,, 0.40340000391,8.96000,0.00
,,, 0.40343999863,8.56000,-0.08000
,,, 0.40347999334,8.80000,0.00
,,, 0.40351998806,8.96000,0.00
,,, 0.40355998278,8.80000,-0.08000
,,, 0.40359997749,8.96000,0.00
,,, 0.40364000201,8.96000,0.00
,,, 0.40367999673,9.20000,0.00
,,, 0.40371999145,9.12000,0.00
,,, 0.40375998616,9.12000,0.00
,,, 0.40379998088,9.20000,0.00
,,, 0.40383997560,9.12000,0.00
,,, 0.40388000011,8.96000,0.00
,,, 0.40391999483,9.12000,0.08000
,,, 0.40395998955,8.96000,0.00
,,, 0.40399998426,9.12000,0.08000
,,, 0.40403997898,8.96000,0.00
,,, 0.40408000350,9.12000,0.00
,,, 0.40411999822,8.56000,0.00
,,, 0.40415999293,8.88000,0.00
,,, 0.40419998765,8.96000,0.00
,,, 0.40423998237,8.72000,-0.08000
,,, 0.40427997708,8.88000,0.00
,,, 0.40432000160,8.96000,0.00
,,, 0.40435999632,9.20000,0.00
,,, 0.40439999104,9.12000,0.00
,,, 0.40443998575,9.12000,0.00
,,, 0.40447998047,9.20000,0.08000
,,, 0.40451997519,9.12000,0.00
,,, 0.40455999970,8.96000,0.00
,,, 0.40459999442,8.96000,0.08000
,,, 0.40463998914,8.96000,0.00
,,, 0.40467998385,9.12000,0.08000
,,, 0.40471997857,8.96000,0.00
,,, 0.40476000309,8.96000,0.00
,,, 0.40479999781,8.72000,-0.08000
,,, 0.40483999252,8.88000,0.00
,,, 0.40487998724,8.96000,0.00
,,, 0.40491998196,8.80000,0.00
,,, 0.40495997667,8.96000,0.00
,,, 0.40500000119,8.96000,0.00
,,, 0.40503999591,9.20000,0.00
,,, 0.40507999063,9.12000,0.00
,,, 0.40511998534,8.96000,0.00
,,, 0.40515998006,9.12000,0.00
,,, 0.40520000458,9.12000,0.00
,,, 0.40523999929,9.12000,0.00
,,, 0.40527999401,8.96000,0.00
,,, 0.40531998873,8.96000,0.00
,,, 0.40535998344,9.12000,0.08000
,,, 0.40539997816,8.96000,0.08000
,,, 0.40544000268,8.96000,0.00
,,, 0.40547999740,8.80000,0.00
,,, 0.40551999211,8.96000,0.08000
,,, 0.40555998683,8.96000,0.32000
,,, 0.40559998155,8.88000,8.88000
,,, 0.40563997626,8.96000,8.96000
,,, 0.40568000078,8.88000,0.08000
,,, 0.40571999550,9.12000,0.08000
,,, 0.40575999022,9.12000,0.32000
,,, 0.40579998493,8.96000,8.88000
,,, 0.40583997965,9.12000,8.96000
,,, 0.40588000417,9.12000,0.08000
,,, 0.40591999888,9.12000,0.08000
,,, 0.40595999360,9.12000,0.32000
,,, 0.40599998832,8.96000,8.88000
,,, 0.40603998303,9.12000,9.12000
,,, 0.40607997775,8.96000,0.08000
,,, 0.40612000227,9.12000,0.08000
,,, 0.40615999699,8.88000,0.24000
,,, 0.40619999170,8.96000,8.88000
,,, 0.40623998642,8.96000,8.96000
,,, 0.40627998114,8.88000,0.00
,,, 0.40631997585,8.96000,0.08000
,,, 0.40636000037,8.96000,0.32000
,,, 0.40639999509,8.96000,8.96000
,,, 0.40643998981,8.96000,8.96000
,,, 0.40647998452,8.96000,0.00
,,, 0.40651997924,9.12000,0.08000
,,, 0.40656000376,9.12000,0.32000
,,, 0.40659999847,8.96000,8.88000
,,, 0.40663999319,8.96000,9.12000
,,, 0.40667998791,8.96000,0.08000
,,, 0.40671998262,8.96000,0.08000
,,, 0.40675997734,8.96000,0.32000
,,, 0.40680000186,9.12000,8.96000
,,, 0.40683999658,8.88000,8.96000
,,, 0.40687999129,8.96000,0.08000
,,, 0.40691998601,9.12000,0.08000
,,, 0.40695998073,8.96000,0.32000
,,, 0.40699997544,8.96000,8.88000
,,, 0.40703999996,8.96000,8.96000
,,, 0.40707999468,9.12000,0.00
,,, 0.40711998940,8.96000,0.08000
,,, 0.40715998411,8.96000,0.32000
,,, 0.40719997883,8.96000,8.88000
,,, 0.40724000335,8.96000,8.96000
,,, 0.40727999806,9.12000,0.08000
,,, 0.40731999278,8.96000,0.08000
,,, 0.40735998750,8.96000,0.32000
,,, 0.40739998221,9.12000,8.96000
,,, 0.40743997693,9.12000,8.96000
,,, 0.40748000145,8.96000,0.08000
,,, 0.40751999617,8.96000,0.08000
,,, 0.40755999088,8.96000,0.24000
,,, 0.40759998560,8.96000,8.88000
,,, 0.40763998032,8.96000,8.96000
,,, 0.40767997503,8.96000,0.00
,,, 0.40771999955,8.96000,0.08000
,,, 0.40775999427,9.12000,0.32000
,,, 0.40779998899,8.96000,8.96000
,,, 0.40783998370,9.12000,8.96000
,,, 0.40787997842,9.12000,0.08000
,,, 0.40792000294,9.12000,0.08000
,,, 0.40795999765,8.96000,0.32000
,,, 0.40799999237,9.12000,8.96000
,,, 0.40803998709,8.96000,9.12000
,,, 0.40807998180,9.12000,0.08000
,,, 0.40811997652,9.12000,0.08000
,,, 0.40816000104,8.96000,0.32000
,,, 0.40819999576,8.88000,8.88000
,,, 0.40823999047,8.88000,8.96000
,,, 0.40827998519,8.96000,0.08000
,,, 0.40831997991,8.88000,0.08000
,,, 0.40836000443,9.12000,0.32000
,,, 0.40839999914,8.96000,8.96000
,,, 0.40843999386,8.96000,8.96000
,,, 0.40847998857,8.96000,0.00
,,, 0.40851998329,8.96000,0.08000
,,, 0.40855997801,9.12000,0.32000
,,, 0.40860000253,8.96000,8.88000
,,, 0.40863999724,8.96000,8.96000
,,, 0.40867999196,9.12000,0.08000
,,, 0.40871998668,9.12000,0.08000
,,, 0.40875998139,9.12000,0.32000
,,, 0.40879997611,9.12000,8.96000
,,, 0.40884000063,8.96000,8.96000
,,, 0.40887999535,8.96000,0.08000
,,, 0.40891999006,8.96000,0.08000
,,, 0.40895998478,8.96000,0.32000
,,, 0.40899997950,8.88000,8.88000
,,, 0.40904000401,8.96000,8.96000
,,, 0.40907999873,9.12000,0.00
,,, 0.40911999345,8.88000,0.08000
,,, 0.40915998816,9.12000,0.32000
,,, 0.40919998288,8.96000,8.88000
,,, 0.40923997760,9.12000,8.96000
,,, 0.40928000212,9.12000,0.00
,,, 0.40931999683,9.12000,0.08000
,,, 0.40935999155,8.96000,0.32000
,,, 0.40939998627,8.96000,8.88000
,,, 0.40943998098,9.12000,8.96000
,,, 0.40947997570,8.96000,0.08000
,,, 0.40952000022,9.12000,0.08000
,,, 0.40955999494,9.12000,0.32000
,,, 0.40959998965,8.96000,8.88000
,,, 0.40963998437,8.96000,8.88000
,,, 0.40967997909,8.80000,0.08000
,,, 0.40972000360,8.96000,0.08000
,,, 0.40975999832,9.12000,0.32000
,,, 0.40979999304,8.88000,8.88000
,,, 0.40983998775,8.96000,8.96000
,,, 0.40987998247,8.96000,0.08000
,,, 0.40991997719,8.96000,0.08000
,,, 0.40996000171,8.96000,0.24000
,,, 0.40999999642,8.96000,8.96000
,,, 0.41003999114,9.20000,8.96000
,,, 0.41007998586,9.12000,0.08000
,,, 0.41011998057,8.96000,0.08000
,,, 0.41015997529,9.12000,0.32000
,,, 0.41019999981,8.96000,8.88000
,,, 0.41023999453,9.20000,9.12000
,,, 0.41027998924,8.96000,0.08000
,,, 0.41031998396,8.96000,0.08000
,,, 0.41035997868,9.12000,0.32000
,,, 0.41040000319,8.96000,8.88000
,,, 0.41043999791,8.96000,8.96000
,,, 0.41047999263,8.80000,0.00
,,, 0.41051998734,8.88000,0.08000
,,, 0.41055998206,8.96000,0.24000
,,, 0.41059997678,8.96000,8.88000
,,, 0.41064000130,8.96000,8.96000
,,, 0.41067999601,8.96000,0.00
,,, 0.41071999073,9.12000,0.08000
,,, 0.41075998545,9.12000,0.32000
,,, 0.41079998016,9.12000,8.88000
,,, 0.41083997488,9.12000,8.96000
,,, 0.41087999940,9.12000,0.08000
,,, 0.41091999412,9.28000,0.16000
,,, 0.41095998883,9.12000,0.32000
,,, 0.41099998355,8.96000,8.88000
,,, 0.41103997827,8.96000,9.12000
,,, 0.41108000278,8.96000,0.08000
,,, 0.41111999750,8.96000,0.08000
,,, 0.41115999222,8.72000,0.32000
,,, 0.41119998693,8.88000,8.88000
,,, 0.41123998165,8.96000,8.88000
,,, 0.41127997637,8.80000,0.00
,,, 0.41132000089,8.96000,0.08000
,,, 0.41135999560,9.12000,0.24000
,,, 0.41139999032,9.12000,8.88000
,,, 0.41143998504,9.12000,8.96000
,,, 0.41147997975,9.12000,0.00
,,, 0.41152000427,9.12000,0.08000
,,, 0.41155999899,8.96000,0.24000
,,, 0.41159999371,9.44000,9.20000
,,, 0.41163998842,9.12000,9.12000
,,, 0.41167998314,9.12000,0.08000
,,, 0.41171997786,9.20000,0.16000
,,, 0.41176000237,9.12000,0.32000
,,, 0.41179999709,8.96000,8.88000
,,, 0.41183999181,8.80000,8.96000
,,, 0.41187998652,8.88000,0.00
,,, 0.41191998124,8.96000,0.08000
,,, 0.41195997596,8.72000,0.24000
,,, 0.41200000048,8.88000,8.80000
,,, 0.41203999519,8.96000,8.96000
,,, 0.41207998991,8.88000,0.00
,,, 0.41211998463,9.12000,0.08000
,,, 0.41215997934,9.12000,0.32000
,,, 0.41220000386,9.12000,8.88000
,,, 0.41223999858,9.12000,8.96000
,,, 0.41227999330,9.52000,0.08000
,,, 0.41231998801,9.20000,0.08000
,,, 0.41235998273,9.12000,0.32000
,,, 0.41239997745,9.28000,8.96000
,,, 0.41244000196,9.12000,8.96000
,,, 0.41247999668,8.96000,0.08000
,,, 0.41251999140,8.88000,0.24000
,,, 0.41255998611,8.88000,0.32000
,,, 0.41259998083,8.96000,8.88000
,,, 0.41263997555,8.80000,8.96000
,,, 0.41268000007,8.88000,0.00
,,, 0.41271999478,8.96000,0.08000
,,, 0.41275998950,8.80000,0.24000
,,, 0.41279998422,8.96000,8.88000
,,, 0.41283997893,8.96000,8.96000
,,, 0.41288000345,8.96000,0.00
,,, 0.41291999817,8.96000,0.08000
,,, 0.41295999289,9.44000,0.32000
,,, 0.41299998760,9.20000,8.96000
,,, 0.41303998232,9.12000,8.96000
,,, 0.41307997704,9.36000,0.08000
,,, 0.41312000155,9.12000,0.16000
,,, 0.41315999627,8.96000,0.32000
,,, 0.41319999099,8.96000,8.96000
,,, 0.41323998570,8.96000,8.96000
,,, 0.41327998042,8.96000,0.08000
,,, 0.41331997514,8.88000,0.08000
,,, 0.41335999966,8.96000,0.32000
,,, 0.41339999437,8.96000,8.88000
,,, 0.41343998909,8.80000,8.88000
,,, 0.41347998381,8.88000,0.00
,,, 0.41351997852,8.96000,0.08000
,,, 0.41356000304,8.88000,0.24000
,,, 0.41359999776,8.96000,8.88000
,,, 0.41363999248,9.28000,8.96000
,,, 0.41367998719,9.20000,0.08000
,,, 0.41371998191,9.12000,0.08000
,,, 0.41375997663,9.36000,0.32000
,,, 0.41380000114,9.12000,8.96000
,,, 0.41383999586,9.12000,8.96000
,,, 0.41387999058,9.20000,0.16000
,,, 0.41391998529,8.96000,0.08000
,,, 0.41395998001,8.96000,0.32000
,,, 0.41399997473,9.12000,8.96000
,,, 0.41403999925,8.96000,8.96000
,,, 0.41407999396,8.96000,0.08000
,,, 0.41411998868,8.72000,0.08000
,,, 0.41415998340,8.96000,0.32000
,,, 0.41419997811,8.96000,8.88000
,,, 0.41424000263,8.88000,8.88000
,,, 0.41427999735,8.96000,0.00
,,, 0.41431999207,8.96000,0.00
,,, 0.41435998678,9.12000,0.24000
,,, 0.41439998150,9.12000,8.88000
,,, 0.41443997622,9.12000,8.96000
,,, 0.41448000073,9.12000,0.00
,,, 0.41451999545,9.12000,0.08000
,,, 0.41455999017,9.20000,0.32000
,,, 0.41459998488,8.96000,8.96000
,,, 0.41463997960,8.96000,8.96000
,,, 0.41468000412,9.12000,0.08000
,,, 0.41471999884,8.96000,0.08000
,,, 0.41475999355,8.96000,0.24000
,,, 0.41479998827,8.80000,8.88000
,,, 0.41483998299,8.96000,8.96000
,,, 0.41487997770,8.96000,0.00
,,, 0.41492000222,8.88000,0.08000
,,, 0.41495999694,8.96000,0.24000
,,, 0.41499999166,8.80000,8.80000
,,, 0.41503998637,9.12000,8.96000
,,, 0.41507998109,9.12000,0.00
,,, 0.41511997581,8.96000,0.08000
,,, 0.41516000032,9.12000,0.24000
,,, 0.41519999504,8.96000,8.88000
,,, 0.41523998976,9.20000,9.12000
,,, 0.41527998447,9.12000,0.00
,,, 0.41531997919,8.96000,0.08000
,,, 0.41536000371,9.12000,0.32000
,,, 0.41539999843,9.12000,8.88000
,,, 0.41543999314,9.12000,8.96000
,,, 0.41547998786,8.88000,0.00
,,, 0.41551998258,8.96000,0.08000
,,, 0.41555997729,8.96000,0.32000
,,, 0.41560000181,8.88000,0.00
,,, 0.41563999653,8.96000,0.00
,,, 0.41567999125,8.80000,-0.08000
,,, 0.41571998596,9.12000,0.08000
,,, 0.41575998068,9.12000,0.32000
,,, 0.41579997540,8.96000,0.00
,,, 0.41583999991,9.12000,0.00
,,, 0.41587999463,9.12000,0.00
,,, 0.41591998935,9.12000,0.08000
,,, 0.41595998406,8.96000,0.32000
,,, 0.41599997878,9.12000,0.00
,,, 0.41604000330,9.12000,0.00
,,, 0.41607999802,8.96000,0.00
,,, 0.41611999273,8.96000,0.08000
,,, 0.41615998745,8.96000,0.24000
,,, 0.41619998217,8.96000,0.00
,,, 0.41623997688,9.12000,0.00
,,, 0.41628000140,8.96000,0.00
,,, 0.41631999612,8.96000,0.08000
,,, 0.41635999084,9.12000,0.24000
,,, 0.41639998555,8.96000,0.00
,,, 0.41643998027,8.96000,0.00
,,, 0.41647997499,8.96000,0.00
,,, 0.41651999950,9.12000,0.08000
,,, 0.41655999422,8.96000,0.24000
,,, 0.41659998894,9.12000,0.00
,,, 0.41663998365,8.96000,0.00
,,, 0.41667997837,9.12000,0.00
,,, 0.41672000289,9.12000,0.08000
,,, 0.41675999761,8.96000,0.24000
,,, 0.41679999232,8.96000,0.00
,,, 0.41683998704,9.12000,0.00
,,, 0.41687998176,8.96000,0.00
,,, 0.41691997647,9.12000,0.08000
,,, 0.41696000099,8.96000,0.24000
,,, 0.41699999571,8.96000,0.00
,,, 0.41703999043,8.96000,0.00
,,, 0.41707998514,8.96000,0.00
,,, 0.41711997986,8.96000,0.08000
,,, 0.41715997458,8.96000,0.32000
,,, 0.41719999909,8.96000,0.00
,,, 0.41723999381,8.96000,0.00
,,, 0.41727998853,9.12000,0.00
,,, 0.41731998324,8.96000,0.08000
,,, 0.41735997796,8.96000,0.24000
,,, 0.41740000248,9.12000,0.00
,,, 0.41743999720,8.96000,0.00
,,, 0.41747999191,9.12000,0.00
,,, 0.41751998663,8.96000,0.08000
,,, 0.41755998135,8.96000,0.32000
,,, 0.41759997606,9.12000,0.00
,,, 0.41764000058,8.96000,0.00
,,, 0.41767999530,8.96000,0.00
,,, 0.41771999002,8.88000,0.08000
,,, 0.41775998473,8.96000,0.32000
,,, 0.41779997945,8.96000,0.00
,,, 0.41784000397,9.12000,0.00
,,, 0.41787999868,9.12000,-0.08000
,,, 0.41791999340,8.96000,0.08000
,,, 0.41795998812,9.12000,0.24000
,,, 0.41799998283,8.96000,-0.08000
,,, 0.41803997755,8.96000,0.00
,,, 0.41808000207,8.96000,0.00
,,, 0.41811999679,8.96000,0.08000
,,, 0.41815999150,8.96000,0.32000
,,, 0.41819998622,8.96000,0.00
,,, 0.41823998094,8.96000,0.00
,,, 0.41827997565,8.96000,0.00
,,, 0.41832000017,8.96000,0.08000
,,, 0.41835999489,8.96000,0.24000
,,, 0.41839998960,8.96000,0.00
,,, 0.41843998432,8.96000,0.00
,,, 0.41847997904,8.96000,0.00
,,, 0.41852000356,8.88000,0.08000
,,, 0.41855999827,8.96000,0.24000
,,, 0.41859999299,9.12000,0.00
,,, 0.41863998771,9.12000,0.00
,,, 0.41867998242,8.96000,0.00
,,, 0.41871997714,8.96000,0.08000
,,, 0.41876000166,9.12000,0.24000
,,, 0.41879999638,8.96000,0.00
,,, 0.41883999109,8.96000,0.00
,,, 0.41887998581,8.96000,0.00
,,, 0.41891998053,9.12000,0.08000
,,, 0.41895997524,9.12000,0.24000
,,, 0.41899999976,8.96000,0.00
,,, 0.41903999448,8.96000,0.00
,,, 0.41907998919,8.96000,0.00
,,, 0.41911998391,8.96000,0.08000
,,, 0.41915997863,9.12000,0.32000
,,, 0.41920000315,8.80000,0.00
,,, 0.41923999786,8.96000,0.00
,,, 0.41927999258,9.12000,0.00
,,, 0.41931998730,8.96000,0.08000
,,, 0.41935998201,9.12000,0.32000
,,, 0.41939997673,9.12000,0.00
,,, 0.41944000125,8.96000,0.00
,,, 0.41947999597,8.96000,0.00
,,, 0.41951999068,9.12000,0.08000
,,, 0.41955998540,9.12000,0.24000
,,, 0.41959998012,9.12000,0.00
,,, 0.41963997483,8.96000,0.00
,,, 0.41967999935,8.96000,0.00
,,, 0.41971999407,8.96000,0.08000
,,, 0.41975998878,8.96000,0.24000
,,, 0.41979998350,8.88000,0.00
,,, 0.41983997822,8.96000,0.00
,,, 0.41988000274,8.80000,0.00
,,, 0.41991999745,8.96000,0.08000
,,, 0.41995999217,9.12000,0.32000
,,, 0.41999998689,8.88000,0.00
,,, 0.42003998160,8.96000,0.00
,,, 0.42007997632,8.96000,0.00
,,, 0.42012000084,8.96000,0.08000
,,, 0.42015999556,9.12000,0.24000
,,, 0.42019999027,9.12000,0.00
,,, 0.42023998499,9.12000,0.00
,,, 0.42027997971,9.12000,0.00
,,, 0.42032000422,8.96000,0.08000
,,, 0.42035999894,9.12000,0.24000
,,, 0.42039999366,8.96000,0.00
,,, 0.42043998837,8.96000,0.00
,,, 0.42047998309,8.96000,0.00
,,, 0.42051997781,8.96000,0.08000
,,, 0.42056000233,9.12000,0.32000
,,, 0.42059999704,8.96000,0.00
,,, 0.42063999176,8.96000,0.00
,,, 0.42067998648,8.80000,0.00
,,, 0.42071998119,8.96000,0.08000
,,, 0.42075997591,9.12000,0.32000
,,, 0.42080000043,8.80000,0.00
,,, 0.42083999515,8.96000,0.00
,,, 0.42087998986,8.96000,0.00
,,, 0.42091998458,9.20000,0.08000
,,, 0.42095997930,9.12000,0.24000
,,, 0.42100000381,9.12000,-0.32000
,,, 0.42103999853,9.20000,0.00
,,, 0.42107999325,8.96000,0.00
,,, 0.42111998796,9.12000,0.08000
,,, 0.42115998268,9.20000,0.32000
,,, 0.42119997740,8.96000,0.00
,,, 0.42124000192,9.20000,0.08000
,,, 0.42127999663,8.96000,0.00
,,, 0.42131999135,8.96000,0.08000
,,, 0.42135998607,8.80000,0.24000
,,, 0.42139998078,8.80000,0.00
,,, 0.42143997550,8.96000,0.00
,,, 0.42148000002,8.72000,-0.08000
,,, 0.42151999474,8.88000,0.08000
,,, 0.42155998945,8.96000,0.32000
,,, 0.42159998417,9.12000,0.00
,,, 0.42163997889,9.12000,0.00
,,, 0.42168000340,8.96000,0.00
,,, 0.42171999812,9.12000,0.08000
,,, 0.42175999284,9.12000,0.24000
,,, 0.42179998755,8.96000,0.00
,,, 0.42183998227,9.20000,0.08000
,,, 0.42187997699,9.12000,0.00
,,, 0.42192000151,9.44000,0.24000
,,, 0.42195999622,9.12000,0.32000
,,, 0.42199999094,8.96000,0.00
,,, 0.42203998566,8.72000,0.00
,,, 0.42207998037,8.80000,0.00
,,, 0.42211997509,8.88000,0.08000
,,, 0.42215999961,8.72000,0.24000
,,, 0.42219999433,8.88000,0.00
,,, 0.42223998904,8.96000,0.00
,,, 0.42227998376,8.88000,-0.08000
,,, 0.42231997848,9.12000,0.08000
,,, 0.42236000299,9.12000,0.32000
,,, 0.42239999771,9.12000,0.00
,,, 0.42243999243,9.12000,0.00
,,, 0.42247998714,8.96000,0.00
,,, 0.42251998186,9.20000,0.16000
,,, 0.42255997658,8.96000,0.32000
,,, 0.42260000110,9.44000,0.16000
,,, 0.42263999581,9.12000,0.00
,,, 0.42267999053,8.96000,0.00
,,, 0.42271998525,8.72000,0.08000
,,, 0.42275997996,8.88000,0.24000
,,, 0.42279997468,8.96000,0.00
,,, 0.42283999920,8.72000,-0.08000
,,, 0.42287999392,8.88000,0.00
,,, 0.42291998863,8.96000,0.08000
,,, 0.42295998335,8.88000,0.24000
,,, 0.42299997807,8.96000,0.00
,,, 0.42304000258,8.96000,0.00
,,, 0.42307999730,9.12000,0.00
,,, 0.42311999202,9.12000,0.08000
,,, 0.42315998673,9.12000,0.32000
,,, 0.42319998145,9.20000,-0.32000
,,, 0.42323997617,8.96000,0.00
,,, 0.42328000069,9.44000,0.08000
,,, 0.42331999540,9.12000,0.08000
,,, 0.42335999012,9.12000,0.32000
,,, 0.42339998484,8.72000,0.00
,,, 0.42343997955,8.88000,0.00
,,, 0.42348000407,8.96000,0.00
,,, 0.42351999879,8.72000,0.08000
,,, 0.42355999351,8.88000,0.24000
,,, 0.42359998822,8.96000,0.00
,,, 0.42363998294,8.96000,-0.08000
,,, 0.42367997766,9.12000,0.00
,,, 0.42372000217,8.96000,0.08000
,,, 0.42375999689,9.12000,0.24000
,,, 0.42379999161,8.96000,0.00
,,, 0.42383998632,9.12000,0.00
,,, 0.42387998104,9.20000,0.08000
,,, 0.42391997576,9.12000,0.08000
,,, 0.42396000028,9.44000,0.40000
,,, 0.42399999499,9.12000,0.00
,,, 0.42403998971,9.12000,0.00
,,, 0.42407998443,8.72000,0.00
,,, 0.42411997914,8.80000,0.08000
,,, 0.42416000366,8.96000,0.24000
,,, 0.42419999838,8.72000,-0.40000
,,, 0.42423999310,8.88000,0.00
,,, 0.42427998781,8.96000,0.00
,,, 0.42431998253,8.96000,0.08000
,,, 0.42435997725,9.12000,0.24000
,,, 0.42440000176,8.96000,0.00
,,, 0.42443999648,9.12000,0.00
,,, 0.42447999120,8.96000,0.00
,,, 0.42451998591,8.96000,0.08000
,,, 0.42455998063,9.20000,0.32000
,,, 0.42459997535,8.96000,0.00
,,, 0.42463999987,9.44000,0.08000
,,, 0.42467999458,9.12000,0.08000
,,, 0.42471998930,8.96000,0.08000
,,, 0.42475998402,8.80000,0.32000
,,, 0.42479997873,8.80000,0.00
,,, 0.42484000325,8.96000,0.00
,,, 0.42487999797,8.80000,0.00
,,, 0.42491999269,8.96000,0.08000
,,, 0.42495998740,8.96000,0.24000
,,, 0.42499998212,8.88000,0.00
,,, 0.42503997684,9.12000,0.00
,,, 0.42508000135,8.96000,0.00
,,, 0.42511999607,9.12000,0.08000
,,, 0.42515999079,8.96000,0.32000
,,, 0.42519998550,8.96000,0.00
,,, 0.42523998022,9.12000,0.08000
,,, 0.42527997494,8.96000,0.00
,,, 0.42531999946,9.20000,0.16000
,,, 0.42535999417,9.12000,0.32000
,,, 0.42539998889,8.96000,0.00
,,, 0.42543998361,8.96000,0.08000
,,, 0.42547997832,8.88000,0.00
,,, 0.42552000284,8.96000,0.08000
,,, 0.42555999756,8.96000,0.32000
,,, 0.42559999228,8.96000,-0.32000
,,, 0.42563998699,8.96000,0.00
,,, 0.42567998171,8.88000,-0.08000
,,, 0.42571997643,8.96000,0.00
,,, 0.42576000094,9.12000,0.00
,,, 0.42579999566,9.12000,0.00
,,, 0.42583999038,8.96000,0.00
,,, 0.42587998509,8.96000,0.00
,,, 0.42591997981,9.12000,0.00
,,, 0.42595997453,9.12000,0.00
,,, 0.42599999905,9.12000,0.00
,,, 0.42603999376,9.12000,0.00
,,, 0.42607998848,8.96000,0.00
,,, 0.42611998320,8.96000,0.00
,,, 0.42615997791,8.96000,0.00
,,, 0.42620000243,9.12000,0.00
,,, 0.42623999715,8.96000,0.00
,,, 0.42627999187,8.96000,0.00
,,, 0.42631998658,8.96000,0.00
,,, 0.42635998130,8.96000,0.08000
,,, 0.42639997602,8.96000,0.00
,,, 0.42644000053,8.96000,0.00
,,, 0.42647999525,8.96000,0.00
,,, 0.42651998997,8.96000,0.00
,,, 0.42655998468,8.96000,0.00
,,, 0.42659997940,8.96000,0.00
,,, 0.42664000392,8.96000,0.00
,,, 0.42667999864,9.12000,0.00
,,, 0.42671999335,8.96000,0.00
,,, 0.42675998807,8.96000,0.00
,,, 0.42679998279,8.96000,0.08000
,,, 0.42683997750,9.12000,0.00
,,, 0.42688000202,8.96000,0.00
,,, 0.42691999674,9.12000,0.00
,,, 0.42695999146,8.96000,0.00
,,, 0.42699998617,9.12000,0.00
,,, 0.42703998089,8.96000,0.00
,,, 0.42707997561,9.12000,0.00
,,, 0.42712000012,8.96000,0.00
,,, 0.42715999484,8.96000,0.00
,,, 0.42719998956,8.96000,0.00
,,, 0.42723998427,9.12000,0.00
,,, 0.42727997899,9.12000,0.00
,,, 0.42732000351,9.12000,0.00
,,, 0.42735999823,8.96000,0.00
,,, 0.42739999294,9.12000,0.00
,,, 0.42743998766,8.96000,0.00
,,, 0.42747998238,9.12000,0.00
,,, 0.42751997709,9.12000,0.08000
,,, 0.42756000161,8.96000,0.00
,,, 0.42759999633,8.96000,0.00
,,, 0.42763999104,8.96000,0.00
,,, 0.42767998576,9.12000,0.00
,,, 0.42771998048,8.96000,0.00
,,, 0.42775997519,9.12000,0.00
,,, 0.42779999971,8.96000,0.00
,,, 0.42783999443,8.96000,0.00
,,, 0.42787998915,8.96000,0.00
,,, 0.42791998386,9.12000,0.00
,,, 0.42795997858,8.96000,0.00
,,, 0.42800000310,8.96000,0.00
,,, 0.42803999782,8.96000,0.00
,,, 0.42807999253,8.96000,0.00
,,, 0.42811998725,9.12000,0.00
,,, 0.42815998197,9.20000,0.00
,,, 0.42819997668,8.96000,0.00
,,, 0.42824000120,9.12000,0.00
,,, 0.42827999592,8.96000,0.00
,,, 0.42831999063,8.96000,0.00
,,, 0.42835998535,8.96000,0.00
,,, 0.42839998007,8.88000,0.00
,,, 0.42843997478,8.96000,0.00
,,, 0.42847999930,8.96000,0.00
,,, 0.42851999402,8.96000,0.00
,,, 0.42855998874,8.96000,0.00
,,, 0.42859998345,9.12000,0.00
,,, 0.42863997817,8.96000,0.00
,,, 0.42868000269,9.12000,0.00
,,, 0.42871999741,8.96000,0.00
,,, 0.42875999212,9.12000,0.00
,,, 0.42879998684,8.96000,0.00
,,, 0.42883998156,9.20000,0.00
,,, 0.42887997627,9.12000,0.00
,,, 0.42892000079,8.96000,0.00
,,, 0.42895999551,9.12000,0.00
,,, 0.42899999022,8.96000,0.00
,,, 0.42903998494,8.96000,0.00
,,, 0.42907997966,8.96000,0.00
,,, 0.42911997437,8.96000,0.00
,,, 0.42915999889,8.96000,0.00
,,, 0.42919999361,8.96000,0.00
,,, 0.42923998833,9.12000,0.00
,,, 0.42927998304,9.12000,0.00
,,, 0.42931997776,8.88000,0.00
,,, 0.42936000228,8.96000,0.00
,,, 0.42939999700,8.96000,0.00
,,, 0.42943999171,8.96000,0.00
,,, 0.42947998643,8.96000,0.00
,,, 0.42951998115,9.12000,0.00
,,, 0.42955997586,9.12000,0.00
,,, 0.42960000038,8.96000,0.00
,,, 0.42963999510,9.12000,0.00
,,, 0.42967998981,8.96000,0.00
,,, 0.42971998453,9.12000,0.00
,,, 0.42975997925,9.12000,0.00
,,, 0.42980000377,8.96000,0.00
,,, 0.42983999848,9.12000,0.00
,,, 0.42987999320,9.12000,0.00
,,, 0.42991998792,8.96000,0.00
,,, 0.42995998263,9.12000,0.00
,,, 0.42999997735,8.80000,0.00
,,, 0.43004000187,8.96000,0.00
,,, 0.43007999659,8.96000,0.00
,,, 0.43011999130,9.12000,0.00
,,, 0.43015998602,8.96000,0.00
,,, 0.43019998074,8.96000,0.00
,,, 0.43023997545,9.12000,0.00
,,, 0.43027999997,9.12000,0.00
,,, 0.43031999469,9.12000,0.00
,,, 0.43035998940,8.96000,0.00
,,, 0.43039998412,8.96000,0.00
,,, 0.43043997884,9.20000,0.08000
,,, 0.43048000336,9.12000,0.00
,,, 0.43051999807,9.12000,0.00
,,, 0.43055999279,9.12000,0.08000
,,, 0.43059998751,8.96000,0.00
,,, 0.43063998222,8.96000,0.00
,,, 0.43067997694,8.88000,0.00
,,, 0.43072000146,8.88000,0.00
,,, 0.43075999618,8.96000,0.00
,,, 0.43079999089,8.96000,0.00
,,, 0.43083998561,8.96000,0.00
,,, 0.43087998033,8.80000,-0.08000
,,, 0.43091997504,8.96000,0.00
,,, 0.43095999956,9.12000,0.00
,,, 0.43099999428,8.96000,0.00
,,, 0.43103998899,9.12000,0.00
,,, 0.43107998371,9.12000,0.00
,,, 0.43111997843,9.36000,0.08000
,,, 0.43116000295,9.12000,0.00
,,, 0.43119999766,9.12000,0.00
,,, 0.43123999238,9.20000,0.08000
,,, 0.43127998710,9.12000,0.00
,,, 0.43131998181,8.96000,0.00
,,, 0.43135997653,8.88000,0.08000
,,, 0.43140000105,8.96000,0.00
,,, 0.43143999577,9.12000,0.00
,,, 0.43147999048,8.88000,0.00
,,, 0.43151998520,8.96000,0.00
,,, 0.43155997992,8.64000,-0.08000
,,, 0.43159997463,8.88000,-0.08000
,,, 0.43163999915,8.96000,0.00
,,, 0.43167999387,8.72000,-0.08000
,,, 0.43171998858,9.12000,0.00
,,, 0.43175998330,8.96000,0.00
,,, 0.43179997802,9.36000,0.00
,,, 0.43184000254,9.20000,0.00
,,, 0.43187999725,8.96000,0.00
,,, 0.43191999197,9.28000,0.00
,,, 0.43195998669,9.12000,0.00
,,, 0.43199998140,8.96000,0.00
,,, 0.43203997612,8.96000,0.08000
,,, 0.43208000064,8.96000,0.00
,,, 0.43211999536,9.12000,0.00
,,, 0.43215999007,8.96000,0.00
,,, 0.43219998479,8.96000,0.00
,,, 0.43223997951,8.80000,0.00
,,, 0.43227997422,8.80000,0.00
,,, 0.43231999874,8.96000,0.00
,,, 0.43235999346,8.64000,-0.08000
,,, 0.43239998817,8.88000,0.00
,,, 0.43243998289,8.96000,0.00
,,, 0.43247997761,9.20000,0.00
,,, 0.43252000213,9.12000,0.00
,,, 0.43255999684,9.12000,0.00
,,, 0.43259999156,9.28000,0.00
,,, 0.43263998628,9.12000,0.00
,,, 0.43267998099,8.96000,0.00
,,, 0.43271997571,9.20000,0.08000
,,, 0.43276000023,8.96000,0.00
,,, 0.43279999495,8.96000,0.00
,,, 0.43283998966,8.96000,0.00
,,, 0.43287998438,8.96000,0.08000
,,, 0.43291997910,8.88000,0.00
,,, 0.43296000361,8.80000,0.00
,,, 0.43299999833,8.88000,0.00
,,, 0.43303999305,8.64000,-0.08000
,,, 0.43307998776,8.88000,0.00
,,, 0.43311998248,8.96000,0.00
,,, 0.43315997720,9.12000,-0.08000
,,, 0.43320000172,9.12000,0.00
,,, 0.43323999643,9.12000,0.00
,,, 0.43327999115,9.12000,0.00
,,, 0.43331998587,9.12000,0.00
,,, 0.43335998058,8.96000,0.00
,,, 0.43339997530,9.20000,0.08000
,,, 0.43343999982,9.12000,0.08000
,,, 0.43347999454,8.96000,0.00
,,, 0.43351998925,9.12000,0.08000
,,, 0.43355998397,8.96000,0.00
,,, 0.43359997869,8.80000,0.00
,,, 0.43364000320,8.80000,0.00
,,, 0.43367999792,8.88000,0.00
,,, 0.43371999264,8.56000,-0.08000
,,, 0.43375998735,8.88000,0.00
,,, 0.43379998207,8.96000,0.00
,,, 0.43383997679,9.12000,0.00
,,, 0.43388000131,9.12000,0.00
,,, 0.43391999602,9.12000,0.00
,,, 0.43395999074,9.20000,0.00
,,, 0.43399998546,9.12000,0.00
,,, 0.43403998017,8.96000,0.00
,,, 0.43407997489,9.20000,0.08000
,,, 0.43411999941,8.96000,0.08000
,,, 0.43415999413,8.96000,0.00
,,, 0.43419998884,9.12000,0.08000
,,, 0.43423998356,8.96000,0.08000
,,, 0.43427997828,8.88000,0.00
,,, 0.43432000279,8.80000,0.00
,,, 0.43435999751,8.96000,0.00
,,, 0.43439999223,8.56000,-0.08000
,,, 0.43443998694,8.88000,0.00
,,, 0.43447998166,8.96000,0.00
,,, 0.43451997638,8.96000,-0.08000
,,, 0.43456000090,9.12000,0.00
,,, 0.43459999561,9.12000,0.00
,,, 0.43463999033,9.12000,0.00
,,, 0.43467998505,9.12000,0.00
,,, 0.43471997976,9.12000,0.00
,,, 0.43475997448,9.20000,0.08000
,,, 0.43479999900,9.12000,0.00
,,, 0.43483999372,8.96000,0.00
,,, 0.43487998843,9.12000,0.00
,,, 0.43491998315,8.96000,0.00
,,, 0.43495997787,8.96000,0.00
,,, 0.43500000238,8.88000,0.00
,,, 0.43503999710,8.96000,0.00
,,, 0.43507999182,8.72000,0.00
,,, 0.43511998653,8.96000,0.00
,,, 0.43515998125,8.96000,0.00
,,, 0.43519997597,8.88000,0.00
,,, 0.43524000049,8.96000,0.00
,,, 0.43527999520,9.12000,0.00
,,, 0.43531998992,8.96000,0.00
,,, 0.43535998464,9.12000,0.00
,,, 0.43539997935,8.96000,0.00
,,, 0.43544000387,9.20000,0.08000
,,, 0.43547999859,8.96000,0.00
,,, 0.43551999331,8.96000,0.00
,,, 0.43555998802,9.12000,0.00
,,, 0.43559998274,8.96000,0.00
,,, 0.43563997746,8.96000,0.00
,,, 0.43568000197,8.88000,0.00
,,, 0.43571999669,8.96000,0.00
,,, 0.43575999141,8.80000,0.00
,,, 0.43579998612,8.96000,0.00
,,, 0.43583998084,9.12000,0.00
,,, 0.43587997556,8.88000,0.00
,,, 0.43592000008,8.96000,0.00
,,, 0.43595999479,9.12000,0.00
,,, 0.43599998951,8.96000,0.00
,,, 0.43603998423,8.96000,0.00
,,, 0.43607997894,9.12000,0.00
,,, 0.43612000346,9.12000,0.00
,,, 0.43615999818,8.96000,0.00
,,, 0.43619999290,8.96000,0.00
,,, 0.43623998761,9.12000,0.00
,,, 0.43627998233,8.96000,0.00
,,, 0.43631997705,8.96000,0.00
,,, 0.43636000156,9.12000,0.00
,,, 0.43639999628,8.96000,0.00
,,, 0.43643999100,8.96000,0.00
,,, 0.43647998571,8.96000,0.00
,,, 0.43651998043,9.12000,0.00
,,, 0.43655997515,8.88000,0.00
,,, 0.43659999967,8.96000,0.00
,,, 0.43663999438,8.96000,0.00
,,, 0.43667998910,8.96000,0.00
,,, 0.43671998382,9.12000,0.00
,,, 0.43675997853,8.96000,0.00
,,, 0.43680000305,9.12000,0.00
,,, 0.43683999777,9.12000,0.00
,,, 0.43687999249,8.96000,0.00
,,, 0.43691998720,8.96000,0.00
,,, 0.43695998192,8.96000,0.00
,,, 0.43699997663,8.96000,0.00
,,, 0.43704000115,8.96000,0.00
,,, 0.43707999587,8.96000,0.00
,,, 0.43711999059,8.96000,0.00
,,, 0.43715998530,8.96000,0.00
,,, 0.43719998002,8.96000,0.00
,,, 0.43723997474,8.96000,0.00
,,, 0.43727999926,8.96000,0.00
,,, 0.43731999397,9.12000,0.00
,,, 0.43735998869,8.96000,0.00
,,, 0.43739998341,9.12000,0.00
,,, 0.43743997812,9.12000,0.00
,,, 0.43748000264,8.96000,0.00
,,, 0.43751999736,8.96000,0.00
,,, 0.43755999207,8.96000,0.00
,,, 0.43759998679,9.12000,0.00
,,, 0.43763998151,9.12000,0.00
,,, 0.43767997622,9.12000,0.08000
,,, 0.43772000074,9.12000,0.00
,,, 0.43775999546,8.96000,0.00
,,, 0.43779999018,9.12000,0.00
,,, 0.43783998489,8.96000,0.00
,,, 0.43787997961,9.12000,0.00
,,, 0.43791997433,9.12000,0.08000
,,, 0.43795999885,8.96000,0.00
,,, 0.43799999356,8.96000,0.00
,,, 0.43803998828,8.96000,0.00
,,, 0.43807998300,8.96000,0.00
,,, 0.43811997771,8.96000,0.00
,,, 0.43816000223,9.12000,0.00
,,, 0.43819999695,8.96000,0.00
,,, 0.43823999166,9.12000,0.00
,,, 0.43827998638,8.96000,0.00
,,, 0.43831998110,9.12000,0.00
,,, 0.43835997581,9.12000,0.00
,,, 0.43840000033,8.96000,0.00
,,, 0.43843999505,8.96000,0.00
,,, 0.43847998977,9.12000,0.00
,,, 0.43851998448,9.12000,0.00
,,, 0.43855997920,9.12000,0.08000
,,, 0.43860000372,8.96000,0.08000
,,, 0.43863999844,8.96000,0.00
,,, 0.43867999315,8.96000,0.00
,,, 0.43871998787,8.96000,0.00
,,, 0.43875998259,8.96000,0.00
,,, 0.43879997730,8.96000,0.00
,,, 0.43884000182,8.88000,0.00
,,, 0.43887999654,8.96000,0.00
,,, 0.43891999125,8.96000,0.00
,,, 0.43895998597,8.96000,0.00
,,, 0.43899998069,8.96000,0.00
,,, 0.43903997540,9.12000,0.00
,,, 0.43907999992,9.12000,0.00
,,, 0.43911999464,8.96000,0.00
,,, 0.43915998936,9.12000,0.00
,,, 0.43919998407,8.88000,0.00
,,, 0.43923997879,9.12000,0.00
,,, 0.43928000331,8.96000,0.00
,,, 0.43931999803,9.12000,0.00
,,, 0.43935999274,8.96000,0.00
,,, 0.43939998746,9.12000,0.08000
,,, 0.43943998218,9.12000,0.08000
,,, 0.43947997689,9.12000,0.00
,,, 0.43952000141,8.96000,0.00
,,, 0.43955999613,8.96000,0.00
,,, 0.43959999084,9.12000,0.08000
,,, 0.43963998556,8.96000,0.00
,,, 0.43967998028,8.96000,0.00
,,, 0.43971997499,8.96000,0.00
,,, 0.43975999951,8.96000,0.00
,,, 0.43979999423,9.12000,0.00
,,, 0.43983998895,8.96000,0.00
,,, 0.43987998366,8.96000,0.00
,,, 0.43991997838,8.96000,0.00
,,, 0.43996000290,9.20000,0.00
,,, 0.43999999762,9.12000,0.00
,,, 0.44003999233,8.96000,0.00
,,, 0.44007998705,9.20000,0.00
,,, 0.44011998177,9.12000,0.00
,,, 0.44015997648,9.12000,0.08000
,,, 0.44020000100,8.88000,0.00
,,, 0.44023999572,8.96000,0.00
,,, 0.44027999043,9.12000,0.00
,,, 0.44031998515,8.88000,0.00
,,, 0.44035997987,8.96000,0.00
,,, 0.44039997458,8.96000,0.00
,,, 0.44043999910,8.96000,0.00
,,, 0.44047999382,9.12000,0.00
,,, 0.44051998854,8.96000,0.00
,,, 0.44055998325,9.12000,0.00
,,, 0.44059997797,8.96000,0.00
,,, 0.44064000249,9.28000,0.00
,,, 0.44067999721,9.12000,0.00
,,, 0.44071999192,9.12000,0.00
,,, 0.44075998664,9.20000,0.08000
,,, 0.44079998136,9.12000,0.00
,,, 0.44083997607,8.96000,0.00
,,, 0.44088000059,8.80000,0.00
,,, 0.44091999531,8.88000,0.00
,,, 0.44095999002,8.96000,0.00
,,, 0.44099998474,8.88000,0.00
,,, 0.44103997946,8.88000,0.00
,,, 0.44107997417,8.96000,0.00
,,, 0.44111999869,8.88000,0.00
,,, 0.44115999341,8.96000,0.00
,,, 0.44119998813,8.96000,0.00
,,, 0.44123998284,8.96000,0.00
,,, 0.44127997756,9.20000,0.00
,,, 0.44132000208,9.44000,0.08000
,,, 0.44135999680,9.12000,0.08000
,,, 0.44139999151,9.12000,0.00
,,, 0.44143998623,9.28000,0.08000
,,, 0.44147998095,9.12000,0.00
,,, 0.44151997566,8.96000,0.00
,,, 0.44156000018,8.80000,0.08000
,,, 0.44159999490,8.88000,0.00
,,, 0.44163998961,8.96000,0.00
,,, 0.44167998433,8.80000,0.00
,,, 0.44171997905,8.96000,0.00
,,, 0.44176000357,8.96000,0.00
,,, 0.44179999828,8.96000,-0.08000
,,, 0.44183999300,9.12000,0.00
,,, 0.44187998772,9.12000,0.00
,,, 0.44191998243,9.12000,0.00
,,, 0.44195997715,9.12000,0.00
,,, 0.44200000167,9.44000,0.08000
,,, 0.44203999639,9.12000,0.08000
,,, 0.44207999110,9.12000,0.00
,,, 0.44211998582,9.36000,0.08000
,,, 0.44215998054,9.12000,0.08000
,,, 0.44219997525,8.96000,0.00
,,, 0.44223999977,8.80000,0.08000
,,, 0.44227999449,8.88000,0.08000
,,, 0.44231998920,8.96000,0.00
,,, 0.44235998392,8.80000,0.00
,,, 0.44239997864,8.96000,0.00
,,, 0.44244000316,8.96000,0.00
,,, 0.44247999787,8.88000,0.00
,,, 0.44251999259,8.96000,0.00
,,, 0.44255998731,9.12000,0.00
,,, 0.44259998202,8.96000,0.00
,,, 0.44263997674,9.12000,0.00
,,, 0.44268000126,9.44000,0.00
,,, 0.44271999598,9.20000,0.00
,,, 0.44275999069,8.96000,0.08000
,,, 0.44279998541,9.36000,0.08000
,,, 0.44283998013,9.12000,0.08000
,,, 0.44287997484,9.12000,0.00
,,, 0.44291999936,8.88000,0.08000
,,, 0.44295999408,8.88000,0.00
,,, 0.44299998879,8.96000,0.00
,,, 0.44303998351,8.80000,0.00
,,, 0.44307997823,8.88000,0.00
,,, 0.44312000275,8.96000,0.00
,,, 0.44315999746,8.80000,0.00
,,, 0.44319999218,8.96000,0.00
,,, 0.44323998690,8.96000,0.00
,,, 0.44327998161,8.96000,0.00
,,, 0.44331997633,8.96000,0.00
,,, 0.44336000085,9.44000,0.08000
,,, 0.44339999557,9.12000,0.00
,,, 0.44343999028,8.96000,0.00
,,, 0.44347998500,9.36000,0.08000
,,, 0.44351997972,9.12000,0.00
,,, 0.44355997443,8.96000,0.08000
,,, 0.44359999895,9.12000,0.08000
,,, 0.44363999367,8.88000,0.00
,,, 0.44367998838,8.96000,0.08000
,,, 0.44371998310,8.88000,0.08000
,,, 0.44375997782,8.96000,0.00
,,, 0.44380000234,8.96000,0.00
,,, 0.44383999705,8.72000,0.00
,,, 0.44387999177,8.96000,0.00
,,, 0.44391998649,9.12000,0.00
,,, 0.44395998120,8.88000,0.00
,,, 0.44399997592,8.96000,0.00
,,, 0.44404000044,9.28000,0.00
,,, 0.44407999516,9.12000,0.00
,,, 0.44411998987,9.12000,0.00
,,, 0.44415998459,9.28000,0.00
,,, 0.44419997931,9.12000,0.00
,,, 0.44423997402,9.12000,0.00
,,, 0.44427999854,9.12000,0.08000
,,, 0.44431999326,9.12000,0.08000
,,, 0.44435998797,8.96000,0.00
,,, 0.44439998269,8.96000,0.00
,,, 0.44443997741,8.96000,0.00
,,, 0.44448000193,8.96000,0.00
,,, 0.44451999664,8.72000,0.00
,,, 0.44455999136,8.96000,0.00
,,, 0.44459998608,8.96000,0.00
,,, 0.44463998079,8.88000,0.00
,,, 0.44467997551,8.96000,0.00
,,, 0.44472000003,9.12000,0.00
,,, 0.44475999475,9.12000,0.00
,,, 0.44479998946,9.12000,0.00
,,, 0.44483998418,9.12000,0.00
,,, 0.44487997890,9.12000,0.00
,,, 0.44492000341,9.12000,0.00
,,, 0.44495999813,9.20000,0.08000
,,, 0.44499999285,8.96000,0.00
,,, 0.44503998756,8.96000,0.00
,,, 0.44507998228,9.12000,0.00
,,, 0.44511997700,8.96000,0.08000
,,, 0.44516000152,8.96000,0.00
,,, 0.44519999623,8.80000,0.00
,,, 0.44523999095,8.96000,0.00
,,, 0.44527998567,8.96000,0.00
,,, 0.44531998038,8.88000,0.00
,,, 0.44535997510,9.12000,0.00
,,, 0.44539999962,8.80000,-0.08000
,,, 0.44543999434,9.12000,0.00
,,, 0.44547998905,9.12000,0.00
,,, 0.44551998377,8.96000,-0.08000
,,, 0.44555997849,9.12000,0.00
,,, 0.44560000300,8.96000,0.00
,,, 0.44563999772,9.20000,0.08000
,,, 0.44567999244,8.96000,0.00
,,, 0.44571998715,8.96000,0.00
,,, 0.44575998187,9.12000,0.00
,,, 0.44579997659,8.96000,0.00
,,, 0.44584000111,8.96000,0.00
,,, 0.44587999582,8.88000,0.00
,,, 0.44591999054,8.96000,0.08000
,,, 0.44595998526,8.96000,0.24000
,,, 0.44599997997,8.96000,1.52000
,,, 0.44603997469,8.96000,8.96000
,,, 0.44607999921,8.88000,0.00
,,, 0.44611999393,8.96000,0.08000
,,, 0.44615998864,9.12000,0.24000
,,, 0.44619998336,8.96000,0.88000
,,, 0.44623997808,9.12000,8.96000
,,, 0.44628000259,8.96000,0.00
,,, 0.44631999731,9.12000,0.08000
,,, 0.44635999203,9.12000,0.24000
,,, 0.44639998674,8.96000,8.88000
,,, 0.44643998146,8.96000,8.96000
,,, 0.44647997618,8.96000,0.08000
,,, 0.44652000070,8.96000,0.08000
,,, 0.44655999541,8.96000,0.24000
,,, 0.44659999013,8.96000,3.28000
,,, 0.44663998485,8.96000,8.96000
,,, 0.44667997956,8.96000,0.08000
,,, 0.44671997428,8.96000,0.08000
,,, 0.44675999880,8.96000,0.24000
,,, 0.44679999352,8.96000,0.72000
,,, 0.44683998823,8.96000,8.96000
,,, 0.44687998295,8.96000,0.00
,,, 0.44691997766,9.12000,0.08000
,,, 0.44696000218,8.96000,0.24000
,,, 0.44699999690,9.12000,3.20000
,,, 0.44703999162,8.96000,8.96000
,,, 0.44707998633,8.96000,0.08000
,,, 0.44711998105,8.96000,0.08000
,,, 0.44715997577,8.96000,0.24000
,,, 0.44720000029,9.12000,1.36000
,,, 0.44723999500,9.12000,8.96000
,,, 0.44727998972,8.96000,0.08000
,,, 0.44731998444,8.96000,0.08000
,,, 0.44735997915,8.96000,0.24000
,,, 0.44739997387,9.12000,7.20000
,,, 0.44743999839,8.96000,8.96000
,,, 0.44747999310,8.96000,0.08000
,,, 0.44751998782,9.12000,0.08000
,,, 0.44755998254,8.96000,0.24000
,,, 0.44759997725,9.12000,1.04000
,,, 0.44764000177,9.12000,8.96000
,,, 0.44767999649,9.12000,0.08000
,,, 0.44771999121,8.96000,0.08000
,,, 0.44775998592,8.96000,0.24000
,,, 0.44779998064,8.96000,7.44000
,,, 0.44783997536,8.96000,8.96000
,,, 0.44787999988,8.96000,0.08000
,,, 0.44791999459,9.12000,0.08000
,,, 0.44795998931,8.96000,0.24000
,,, 0.44799998403,8.96000,1.36000
,,, 0.44803997874,8.96000,8.96000
,,, 0.44808000326,9.12000,0.08000
,,, 0.44811999798,8.96000,0.08000
,,, 0.44815999269,8.88000,0.24000
,,, 0.44819998741,8.96000,0.80000
,,, 0.44823998213,8.96000,8.96000
,,, 0.44827997684,8.96000,0.08000
,,, 0.44832000136,8.96000,0.08000
,,, 0.44835999608,8.96000,0.24000
,,, 0.44839999080,9.12000,3.68000
,,, 0.44843998551,9.12000,8.96000
,,, 0.44847998023,9.12000,0.08000
,,, 0.44851997495,8.96000,0.08000
,,, 0.44855999947,8.96000,0.24000
,,, 0.44859999418,9.12000,8.88000
,,, 0.44863998890,8.96000,8.96000
,,, 0.44867998362,8.96000,0.08000
,,, 0.44871997833,8.96000,0.08000
,,, 0.44876000285,8.96000,0.24000
,,, 0.44879999757,9.12000,1.84000
,,, 0.44883999228,8.96000,8.96000
,,, 0.44887998700,8.96000,0.08000
,,, 0.44891998172,8.88000,0.08000
,,, 0.44895997643,8.96000,0.24000
,,, 0.44900000095,8.96000,1.04000
,,, 0.44903999567,8.80000,8.88000
,,, 0.44907999039,8.96000,0.00
,,, 0.44911998510,8.96000,0.08000
,,, 0.44915997982,8.96000,0.24000
,,, 0.44919997454,9.12000,0.80000
,,, 0.44923999906,9.12000,8.96000
,,, 0.44927999377,9.12000,0.08000
,,, 0.44931998849,9.12000,0.08000
,,, 0.44935998321,8.96000,0.24000
,,, 0.44939997792,8.96000,0.88000
,,, 0.44944000244,8.96000,8.96000
,,, 0.44947999716,9.12000,0.00
,,, 0.44951999187,9.12000,0.16000
,,, 0.44955998659,8.96000,0.24000
,,, 0.44959998131,9.12000,2.64000
,,, 0.44963997602,8.96000,8.96000
,,, 0.44968000054,8.96000,0.00
,,, 0.44971999526,8.88000,0.08000
,,, 0.44975998998,8.88000,0.24000
,,, 0.44979998469,9.12000,3.28000
,,, 0.44983997941,8.88000,8.88000
,,, 0.44987997413,8.96000,0.00
,,, 0.44991999865,8.96000,0.08000
,,, 0.44995999336,8.96000,0.24000
,,, 0.44999998808,8.96000,1.28000
,,, 0.45003998280,9.12000,8.88000
,,, 0.45007997751,8.96000,0.08000
,,, 0.45012000203,8.96000,0.08000
,,, 0.45015999675,8.96000,0.24000
,,, 0.45019999146,9.12000,1.04000
,,, 0.45023998618,8.96000,8.96000
,,, 0.45027998090,9.20000,0.08000
,,, 0.45031997561,9.12000,0.08000
,,, 0.45036000013,8.96000,0.24000
,,, 0.45039999485,8.96000,4.00000
,,, 0.45043998957,8.88000,8.96000
,,, 0.45047998428,8.96000,0.08000
,,, 0.45051997900,8.88000,0.08000
,,, 0.45055997372,8.96000,0.24000
,,, 0.45059999824,8.96000,0.72000
,,, 0.45063999295,8.80000,8.88000
,,, 0.45067998767,8.96000,0.00
,,, 0.45071998239,8.96000,0.08000
,,, 0.45075997710,8.96000,0.24000
,,, 0.45080000162,9.12000,2.08000
,,, 0.45083999634,8.96000,8.96000
,,, 0.45087999105,9.20000,0.08000
,,, 0.45091998577,8.96000,0.08000
,,, 0.45095998049,9.12000,0.24000
,,, 0.45099997520,9.12000,0.88000
,,, 0.45103999972,9.12000,8.96000
,,, 0.45107999444,9.20000,0.08000
,,, 0.45111998916,8.96000,0.08000
,,, 0.45115998387,8.96000,0.24000
,,, 0.45119997859,8.96000,4.32000
,,, 0.45124000311,8.88000,8.96000
,,, 0.45127999783,8.96000,0.08000
,,, 0.45131999254,8.72000,0.00
,,, 0.45135998726,8.88000,0.24000
,,, 0.45139998198,8.96000,0.80000
,,, 0.45143997669,8.80000,8.88000
,,, 0.45148000121,8.96000,0.00
,,, 0.45151999593,8.96000,0.08000
,,, 0.45155999064,9.20000,0.24000
,,, 0.45159998536,9.12000,3.68000
,,, 0.45163998008,9.12000,8.96000
,,, 0.45167997479,9.12000,0.00
,,, 0.45171999931,9.12000,0.08000
,,, 0.45175999403,9.20000,0.32000
,,, 0.45179998875,8.96000,0.88000
,,, 0.45183998346,8.96000,8.96000
,,, 0.45187997818,8.96000,0.08000
,,, 0.45192000270,8.96000,0.08000
,,, 0.45195999742,8.96000,0.24000
,,, 0.45199999213,8.72000,0.64000
,,, 0.45203998685,8.88000,8.88000
,,, 0.45207998157,8.96000,0.00
,,, 0.45211997628,8.80000,0.08000
,,, 0.45216000080,8.88000,0.24000
,,, 0.45219999552,8.96000,1.60000
,,, 0.45223999023,9.20000,8.96000
,,, 0.45227998495,9.12000,0.08000
,,, 0.45231997967,9.12000,0.08000
,,, 0.45235997438,9.12000,0.24000
,,, 0.45239999890,9.12000,6.48000
,,, 0.45243999362,9.28000,9.20000
,,, 0.45247998834,9.12000,0.08000
,,, 0.45251998305,8.96000,0.08000
,,, 0.45255997777,9.12000,0.32000
,,, 0.45260000229,8.96000,0.88000
,,, 0.45263999701,9.12000,8.96000
,,, 0.45267999172,8.72000,0.00
,,, 0.45271998644,8.88000,0.08000
,,, 0.45275998116,8.96000,0.24000
,,, 0.45279997587,8.72000,0.72000
,,, 0.45284000039,8.88000,8.96000
,,, 0.45287999511,8.96000,0.00
,,, 0.45291998982,9.12000,0.08000
,,, 0.45295998454,9.12000,0.24000
,,, 0.45299997926,8.96000,0.72000
,,, 0.45303997397,9.20000,8.96000
,,, 0.45307999849,9.12000,0.00
,,, 0.45311999321,9.44000,0.24000
,,, 0.45315998793,9.12000,0.32000
,,, 0.45319998264,8.96000,8.24000
,,, 0.45323997736,9.12000,9.12000
,,, 0.45328000188,8.96000,0.08000
,,, 0.45331999660,8.96000,0.08000
,,, 0.45335999131,8.72000,0.24000
,,, 0.45339998603,8.88000,0.96000
,,, 0.45343998075,8.96000,8.96000
,,, 0.45347997546,8.80000,0.00
,,, 0.45351999998,8.88000,0.08000
,,, 0.45355999470,8.96000,0.24000
,,, 0.45359998941,8.96000,0.96000
,,, 0.45363998413,9.12000,8.96000
,,, 0.45367997885,8.96000,0.08000
,,, 0.45372000337,9.12000,0.08000
,,, 0.45375999808,8.96000,0.24000
,,, 0.45379999280,9.44000,0.80000
,,, 0.45383998752,9.20000,8.96000
,,, 0.45387998223,9.12000,0.08000
,,, 0.45391997695,9.28000,0.16000
,,, 0.45396000147,8.96000,0.24000
,,, 0.45399999619,8.96000,0.80000
,,, 0.45403999090,8.72000,8.96000
,,, 0.45407998562,8.88000,0.00
,,, 0.45411998034,8.96000,0.08000
,,, 0.45415997505,8.80000,0.24000
,,, 0.45419999957,8.88000,1.44000
,,, 0.45423999429,8.96000,8.88000
,,, 0.45427998900,8.88000,0.00
,,, 0.45431998372,8.96000,0.08000
,,, 0.45435997844,8.96000,0.24000
,,, 0.45440000296,9.12000,0.64000
,,, 0.45443999767,9.12000,8.96000
,,, 0.45447999239,9.44000,0.08000
,,, 0.45451998711,9.20000,0.08000
,,, 0.45455998182,9.12000,0.32000
,,, 0.45459997654,9.28000,1.60000
,,, 0.45464000106,9.12000,8.96000
,,, 0.45467999578,8.96000,0.00
,,, 0.45471999049,8.88000,0.16000
,,, 0.45475998521,8.96000,0.24000
,,, 0.45479997993,8.96000,0.88000
,,, 0.45483997464,8.88000,8.88000
,,, 0.45487999916,8.96000,0.00
,,, 0.45491999388,8.96000,0.08000
,,, 0.45495998859,8.88000,0.24000
,,, 0.45499998331,8.96000,0.72000
,,, 0.45503997803,8.96000,8.96000
,,, 0.45508000255,9.12000,0.00
,,, 0.45511999726,9.12000,0.08000
,,, 0.45515999198,9.20000,0.24000
,,, 0.45519998670,9.12000,0.88000
,,, 0.45523998141,9.12000,8.96000
,,, 0.45527997613,9.20000,0.00
,,, 0.45532000065,9.12000,0.08000
,,, 0.45535999537,8.96000,0.24000
,,, 0.45539999008,9.12000,0.80000
,,, 0.45543998480,8.96000,8.96000
,,, 0.45547997952,8.96000,0.00
,,, 0.45551997423,9.12000,0.08000
,,, 0.45555999875,8.96000,0.32000
,,, 0.45559999347,8.96000,1.04000
,,, 0.45563998818,8.88000,8.88000
,,, 0.45567998290,8.96000,0.00
,,, 0.45571997762,8.96000,0.08000
,,, 0.45576000214,8.88000,0.24000
,,, 0.45579999685,8.96000,0.72000
,,, 0.45583999157,8.96000,8.88000
,,, 0.45587998629,9.12000,0.00
,,, 0.45591998100,9.12000,0.08000
,,, 0.45595997572,9.12000,0.24000
,,, 0.45600000024,9.12000,-0.40000
,,, 0.45603999496,8.96000,0.00
,,, 0.45607998967,9.12000,0.00
,,, 0.45611998439,8.96000,0.08000
,,, 0.45615997910,8.96000,0.24000
,,, 0.45619997382,9.12000,-0.40000
,,, 0.45623999834,8.96000,0.00
,,, 0.45627999306,8.96000,0.00
,,, 0.45631998777,8.96000,0.08000
,,, 0.45635998249,8.96000,0.24000
,,, 0.45639997721,8.96000,-0.40000
,,, 0.45644000173,9.12000,0.00
,,, 0.45647999644,8.96000,0.00
,,, 0.45651999116,8.96000,0.08000
,,, 0.45655998588,8.96000,0.24000
,,, 0.45659998059,8.96000,-0.40000
,,, 0.45663997531,8.96000,0.00
,,, 0.45667999983,8.96000,0.00
,,, 0.45671999454,9.12000,0.08000
,,, 0.45675998926,9.12000,0.24000
,,, 0.45679998398,9.12000,-0.40000
,,, 0.45683997869,8.96000,0.00
,,, 0.45688000321,8.96000,-0.08000
,,, 0.45691999793,9.12000,0.08000
,,, 0.45695999265,8.96000,0.24000
,,, 0.45699998736,8.96000,-0.40000
,,, 0.45703998208,8.96000,0.00
,,, 0.45707997680,8.96000,0.00
,,, 0.45712000132,8.96000,0.08000
,,, 0.45715999603,8.96000,0.24000
,,, 0.45719999075,8.96000,-0.40000
,,, 0.45723998547,8.96000,0.00
,,, 0.45727998018,8.96000,0.00
,,, 0.45731997490,8.96000,0.08000
,,, 0.45735999942,8.96000,0.24000
,,, 0.45739999413,9.12000,-0.40000
,,, 0.45743998885,9.12000,0.00
,,, 0.45747998357,9.12000,0.00
,,, 0.45751997828,8.96000,0.08000
,,, 0.45756000280,9.12000,0.24000
,,, 0.45759999752,8.96000,-0.40000
,,, 0.45763999224,8.96000,0.00
,,, 0.45767998695,8.96000,0.00
,,, 0.45771998167,8.96000,0.08000
,,, 0.45775997639,8.96000,0.24000
,,, 0.45780000091,8.96000,-0.40000
,,, 0.45783999562,8.96000,0.00
,,, 0.45787999034,8.96000,0.00
,,, 0.45791998506,8.96000,0.08000
,,, 0.45795997977,8.96000,0.24000
,,, 0.45799997449,8.96000,-0.40000
,,, 0.45803999901,8.96000,0.00
,,, 0.45807999372,8.96000,0.00
,,, 0.45811998844,9.12000,0.08000
,,, 0.45815998316,8.96000,0.24000
,,, 0.45819997787,8.96000,-0.40000
,,, 0.45824000239,8.96000,0.00
,,, 0.45827999711,8.96000,0.00
,,, 0.45831999183,8.96000,0.08000
,,, 0.45835998654,8.96000,0.24000
,,, 0.45839998126,8.96000,-0.40000
,,, 0.45843997598,8.96000,0.00
,,, 0.45848000050,9.12000,0.00
,,, 0.45851999521,8.96000,0.08000
,,, 0.45855998993,8.96000,0.24000
,,, 0.45859998465,8.96000,-0.40000
,,, 0.45863997936,9.12000,0.00
,,, 0.45867997408,8.88000,-0.08000
,,, 0.45871999860,8.96000,0.08000
,,, 0.45875999331,8.96000,0.24000
,,, 0.45879998803,9.12000,-0.40000
,,, 0.45883998275,9.12000,0.00
,,, 0.45887997746,9.12000,-0.08000
,,, 0.45892000198,8.96000,0.00
,,, 0.45895999670,9.12000,0.24000
,,, 0.45899999142,8.96000,-0.40000
,,, 0.45903998613,9.12000,0.00
,,, 0.45907998085,9.12000,0.00
,,, 0.45911997557,9.12000,0.08000
,,, 0.45916000009,9.12000,0.24000
,,, 0.45919999480,9.12000,-0.40000
,,, 0.45923998952,9.12000,0.00
,,, 0.45927998424,8.96000,0.00
,,, 0.45931997895,8.96000,0.08000
,,, 0.45935997367,8.80000,0.24000
,,, 0.45939999819,9.12000,-0.40000
,,, 0.45943999290,8.96000,0.00
,,, 0.45947998762,8.96000,0.00
,,, 0.45951998234,8.96000,0.08000
,,, 0.45955997705,9.12000,0.24000
,,, 0.45960000157,8.96000,-0.40000
,,, 0.45963999629,9.12000,0.00
,,, 0.45967999101,9.12000,0.00
,,, 0.45971998572,9.12000,0.08000
,,, 0.45975998044,9.12000,0.24000
,,, 0.45979997516,9.12000,-0.40000
,,, 0.45983999968,9.12000,0.00
,,, 0.45987999439,9.12000,0.00
,,, 0.45991998911,8.96000,0.08000
,,, 0.45995998383,8.88000,0.24000
,,, 0.45999997854,8.96000,-0.40000
,,, 0.46004000306,8.80000,0.00
,,, 0.46007999778,8.96000,0.00
,,, 0.46011999249,8.96000,0.08000
,,, 0.46015998721,8.96000,0.24000
,,, 0.46019998193,9.12000,-0.40000
,,, 0.46023997664,9.12000,0.00
,,, 0.46028000116,8.96000,0.00
,,, 0.46031999588,8.96000,0.08000
,,, 0.46035999060,9.12000,0.24000
,,, 0.46039998531,9.12000,-0.40000
,,, 0.46043998003,8.96000,0.00
,,, 0.46047997475,8.96000,0.00
,,, 0.46051999927,9.12000,0.08000
,,, 0.46055999398,8.96000,0.24000
,,, 0.46059998870,8.96000,-0.40000
,,, 0.46063998342,8.80000,0.00
,,, 0.46067997813,8.96000,0.00
,,, 0.46072000265,8.80000,0.08000
,,, 0.46075999737,8.88000,0.24000
,,, 0.46079999208,8.96000,-0.40000
,,, 0.46083998680,8.80000,-0.08000
,,, 0.46087998152,8.88000,0.00
,,, 0.46091997623,9.12000,0.08000
,,, 0.46096000075,8.96000,0.24000
,,, 0.46099999547,8.96000,-0.40000
,,, 0.46103999019,8.96000,0.00
,,, 0.46107998490,9.28000,0.00
,,, 0.46111997962,9.12000,0.08000
,,, 0.46115997434,8.96000,0.24000
,,, 0.46119999886,9.20000,-0.32000
,,, 0.46123999357,8.96000,0.00
,,, 0.46127998829,9.12000,0.00
,,, 0.46131998301,8.88000,0.16000
,,, 0.46135997772,8.88000,0.24000
,,, 0.46140000224,8.80000,-0.24000
,,, 0.46143999696,8.88000,0.00
,,, 0.46147999167,8.96000,0.00
,,, 0.46151998639,8.64000,0.00
,,, 0.46155998111,8.88000,0.24000
,,, 0.46159997582,9.12000,-0.40000
,,, 0.46164000034,8.80000,-0.08000
,,, 0.46167999506,8.96000,0.00
,,, 0.46171998978,9.12000,0.08000
,,, 0.46175998449,9.28000,0.24000
,,, 0.46179997921,9.12000,-0.40000
,,, 0.46183997393,9.12000,0.00
,,, 0.46187999845,9.20000,0.00
,,, 0.46191999316,8.96000,0.08000
,,, 0.46195998788,9.12000,0.32000
,,, 0.46199998260,9.12000,-0.32000
,,, 0.46203997731,8.96000,0.00
,,, 0.46208000183,8.96000,0.08000
,,, 0.46211999655,8.88000,0.08000
,,, 0.46215999126,8.96000,0.24000
,,, 0.46219998598,8.64000,-0.40000
,,, 0.46223998070,8.96000,0.00
,,, 0.46227997541,8.96000,0.00
,,, 0.46231999993,8.80000,0.00
,,, 0.46235999465,8.88000,0.24000
,,, 0.46239998937,9.12000,-0.40000
,,, 0.46243998408,9.20000,0.00
,,, 0.46247997880,9.12000,0.00
,,, 0.46251997352,9.12000,0.08000
,,, 0.46255999804,9.20000,0.24000
,,, 0.46259999275,9.12000,-0.40000
,,, 0.46263998747,9.12000,0.00
,,, 0.46267998219,9.12000,0.00
,,, 0.46271997690,8.96000,0.08000
,,, 0.46276000142,9.28000,0.40000
,,, 0.46279999614,9.12000,-0.32000
,,, 0.46283999085,8.96000,0.00
,,, 0.46287998557,8.72000,-0.08000
,,, 0.46291998029,8.80000,0.08000
,,, 0.46295997500,8.96000,0.24000
,,, 0.46299999952,8.72000,-0.40000
,,, 0.46303999424,8.88000,0.00
,,, 0.46307998896,8.96000,0.00
,,, 0.46311998367,9.12000,0.00
,,, 0.46315997839,9.12000,0.24000
,,, 0.46320000291,8.96000,-0.40000
,,, 0.46323999763,9.12000,0.00
,,, 0.46327999234,9.12000,0.00
,,, 0.46331998706,8.96000,0.08000
,,, 0.46335998178,9.20000,0.32000
,,, 0.46339997649,9.12000,-0.40000
,,, 0.46344000101,9.44000,0.08000
,,, 0.46347999573,9.12000,0.00
,,, 0.46351999044,8.96000,0.08000
,,, 0.46355998516,8.72000,0.32000
,,, 0.46359997988,8.88000,-0.40000
,,, 0.46363997459,8.88000,0.00
,,, 0.46367999911,8.72000,-0.08000
,,, 0.46371999383,8.80000,0.08000
,,, 0.46375998855,8.96000,0.24000
,,, 0.46379998326,8.80000,-0.40000
,,, 0.46383997798,8.96000,0.00
,,, 0.46388000250,9.12000,0.00
,,, 0.46391999722,9.12000,0.00
,,, 0.46395999193,8.96000,0.24000
,,, 0.46399998665,8.96000,-0.40000
,,, 0.46403998137,9.20000,0.08000
,,, 0.46407997608,9.12000,0.00
,,, 0.46412000060,9.52000,0.24000
,,, 0.46415999532,9.12000,0.32000
,,, 0.46419999003,9.12000,-0.40000
,,, 0.46423998475,8.80000,0.08000
,,, 0.46427997947,8.88000,0.00
,,, 0.46431997418,8.96000,0.08000
,,, 0.46435999870,8.80000,0.24000
,,, 0.46439999342,8.96000,-0.40000
,,, 0.46443998814,9.12000,0.00
,,, 0.46447998285,8.88000,-0.08000
,,, 0.46451997757,8.96000,0.08000
,,, 0.46456000209,8.96000,0.24000
,,, 0.46459999681,9.12000,-0.40000
,,, 0.46463999152,9.12000,0.00
,,, 0.46467998624,8.96000,0.00
,,, 0.46471998096,9.20000,0.08000
,,, 0.46475997567,9.12000,0.32000
,,, 0.46480000019,9.12000,-0.40000
,,, 0.46483999491,9.12000,0.00
,,, 0.46487998962,9.12000,0.00
,,, 0.46491998434,9.12000,0.16000
,,, 0.46495997906,8.96000,0.24000
,,, 0.46499997377,8.96000,-0.40000
,,, 0.46503999829,8.88000,0.00
,,, 0.46507999301,8.96000,0.00
,,, 0.46511998773,8.96000,0.08000
,,, 0.46515998244,8.80000,0.16000
,,, 0.46519997716,8.88000,-0.40000
,,, 0.46524000168,9.12000,0.00
,,, 0.46527999640,8.96000,0.00
,,, 0.46531999111,8.96000,0.08000
,,, 0.46535998583,9.12000,0.24000
,,, 0.46539998055,9.20000,-0.40000
,,, 0.46543997526,8.96000,0.00
,,, 0.46547999978,9.12000,0.00
,,, 0.46551999450,9.12000,0.08000
,,, 0.46555998921,8.96000,0.24000
,,, 0.46559998393,9.20000,-0.32000
,,, 0.46563997865,8.96000,0.00
,,, 0.46567997336,9.12000,0.00
,,, 0.46571999788,9.12000,0.08000
,,, 0.46575999260,9.12000,0.24000
,,, 0.46579998732,8.96000,-0.40000
,,, 0.46583998203,8.88000,0.00
,,, 0.46587997675,8.88000,0.00
,,, 0.46592000127,8.96000,0.08000
,,, 0.46595999599,8.96000,0.24000
,,, 0.46599999070,8.96000,-0.40000
,,, 0.46603998542,8.96000,0.00
,,, 0.46607998013,9.12000,0.00
,,, 0.46611997485,9.12000,0.00
,,, 0.46615999937,9.12000,0.00
,,, 0.46619999409,9.12000,0.00
,,, 0.46623998880,9.12000,0.00
,,, 0.46627998352,9.12000,0.00
,,, 0.46631997824,8.96000,0.00
,,, 0.46636000276,8.96000,0.00
,,, 0.46639999747,8.96000,0.00
,,, 0.46643999219,9.12000,0.00
,,, 0.46647998691,8.96000,0.00
,,, 0.46651998162,8.96000,0.00
,,, 0.46655997634,8.96000,0.00
,,, 0.46660000086,9.12000,0.00
,,, 0.46663999557,8.96000,0.00
,,, 0.46667999029,8.96000,0.00
,,, 0.46671998501,8.96000,0.00
,,, 0.46675997972,9.12000,0.00
,,, 0.46679997444,9.12000,0.00
,,, 0.46683999896,8.96000,0.00
,,, 0.46687999368,9.12000,0.00
,,, 0.46691998839,8.96000,0.00
,,, 0.46695998311,9.12000,0.00
,,, 0.46699997783,9.12000,0.00
,,, 0.46704000235,9.12000,0.00
,,, 0.46707999706,9.12000,0.00
,,, 0.46711999178,8.96000,0.00
,,, 0.46715998650,9.12000,0.00
,,, 0.46719998121,9.12000,0.00
,,, 0.46723997593,9.12000,0.00
,,, 0.46728000045,8.96000,0.00
,,, 0.46731999516,8.96000,0.00
,,, 0.46735998988,8.96000,0.00
,,, 0.46739998460,9.12000,0.00
,,, 0.46743997931,8.96000,0.00
,,, 0.46747997403,9.12000,0.00
,,, 0.46751999855,9.12000,0.00
,,, 0.46755999327,8.96000,0.00
,,, 0.46759998798,8.96000,0.00
,,, 0.46763998270,9.12000,0.00
,,, 0.46767997742,9.12000,0.00
,,, 0.46772000194,9.12000,0.00
,,, 0.46775999665,9.12000,0.00
,,, 0.46779999137,8.96000,0.00
,,, 0.46783998609,9.12000,0.00
,,, 0.46787998080,9.12000,0.00
,,, 0.46791997552,8.96000,0.00
,,, 0.46796000004,9.12000,0.00
,,, 0.46799999475,9.12000,0.00
,,, 0.46803998947,9.12000,0.00
,,, 0.46807998419,9.12000,0.00
,,, 0.46811997890,8.96000,0.00
,,, 0.46815997362,8.96000,0.00
,,, 0.46819999814,8.96000,0.00
,,, 0.46823999286,8.96000,0.00
,,, 0.46827998757,8.96000,0.00
,,, 0.46831998229,8.88000,0.00
,,, 0.46835997701,8.96000,0.00
,,, 0.46840000153,8.96000,0.00
,,, 0.46843999624,8.96000,0.00
,,, 0.46847999096,9.12000,0.00
,,, 0.46851998568,9.12000,0.00
,,, 0.46855998039,9.20000,0.00
,,, 0.46859997511,8.96000,0.00
,,, 0.46863999963,9.12000,0.00
,,, 0.46867999434,8.96000,0.00
,,, 0.46871998906,8.96000,0.00
,,, 0.46875998378,8.96000,0.00
,,, 0.46879997849,8.96000,0.00
,,, 0.46884000301,8.96000,0.00
,,, 0.46887999773,9.12000,0.00
,,, 0.46891999245,8.96000,0.00
,,, 0.46895998716,8.96000,0.00
,,, 0.46899998188,8.88000,0.00
,,, 0.46903997660,8.96000,0.00
,,, 0.46908000112,9.12000,0.00
,,, 0.46911999583,8.96000,0.00
,,, 0.46915999055,8.96000,0.00
,,, 0.46919998527,8.96000,0.00
,,, 0.46923997998,9.12000,0.00
,,, 0.46927997470,8.96000,0.00
,,, 0.46931999922,8.96000,0.00
,,, 0.46935999393,9.12000,0.00
,,, 0.46939998865,9.12000,0.00
,,, 0.46943998337,8.96000,0.00
,,, 0.46947997808,9.12000,0.00
,,, 0.46952000260,9.12000,0.00
,,, 0.46955999732,8.96000,0.00
,,, 0.46959999204,8.96000,0.00
,,, 0.46963998675,8.96000,0.00
,,, 0.46967998147,8.96000,0.00
,,, 0.46971997619,8.96000,0.00
,,, 0.46976000071,8.96000,0.08000
,,, 0.46979999542,8.80000,0.00
,,, 0.46983999014,8.96000,0.00
,,, 0.46987998486,8.96000,0.00
,,, 0.46991997957,9.12000,0.00
,,, 0.46995997429,9.12000,0.08000
,,, 0.46999999881,9.12000,0.00
,,, 0.47003999352,9.12000,0.00
,,, 0.47007998824,9.12000,0.00
,,, 0.47011998296,8.96000,0.00
,,, 0.47015997767,9.12000,0.00
,,, 0.47020000219,8.96000,0.00
,,, 0.47023999691,8.96000,0.00
,,, 0.47027999163,9.12000,0.00
,,, 0.47031998634,8.96000,0.00
,,, 0.47035998106,8.96000,0.00
,,, 0.47039997578,8.80000,0.00
,,, 0.47044000030,8.96000,0.00
,,, 0.47047999501,8.80000,0.00
,,, 0.47051998973,8.96000,0.00
,,, 0.47055998445,8.96000,0.00
,,, 0.47059997916,8.96000,0.00
,,, 0.47063997388,9.12000,0.08000
,,, 0.47067999840,8.96000,0.00
,,, 0.47071999311,9.12000,0.00
,,, 0.47075998783,8.96000,0.00
,,, 0.47079998255,8.96000,0.00
,,, 0.47083997726,9.20000,0.08000
,,, 0.47088000178,9.12000,0.00
,,, 0.47091999650,8.96000,0.00
,,, 0.47095999122,9.12000,0.00
,,, 0.47099998593,8.96000,0.00
,,, 0.47103998065,8.96000,0.00
,,, 0.47107997537,8.88000,0.00
,,, 0.47111999989,8.96000,0.00
,,, 0.47115999460,8.72000,0.00
,,, 0.47119998932,8.96000,0.00
,,, 0.47123998404,8.96000,0.00
,,, 0.47127997875,8.80000,-0.08000
,,, 0.47131997347,9.12000,-0.08000
,,, 0.47135999799,9.12000,0.00
,,, 0.47139999270,8.96000,0.00
,,, 0.47143998742,9.12000,0.00
,,, 0.47147998214,9.12000,0.00
,,, 0.47151997685,9.28000,0.00
,,, 0.47156000137,9.12000,0.00
,,, 0.47159999609,8.96000,0.00
,,, 0.47163999081,9.20000,0.00
,,, 0.47167998552,8.96000,0.00
,,, 0.47171998024,8.96000,0.00
,,, 0.47175997496,8.88000,0.08000
,,, 0.47179999948,8.88000,0.00
,,, 0.47183999419,8.72000,0.00
,,, 0.47187998891,8.88000,0.00
,,, 0.47191998363,8.96000,0.00
,,, 0.47195997834,8.72000,-0.08000
,,, 0.47200000286,8.88000,0.00
,,, 0.47203999758,9.12000,0.00
,,, 0.47207999229,8.88000,-0.08000
,,, 0.47211998701,9.12000,0.00
,,, 0.47215998173,9.12000,0.00
,,, 0.47219997644,9.28000,0.00
,,, 0.47224000096,9.12000,0.00
,,, 0.47227999568,9.12000,0.08000
,,, 0.47231999040,9.20000,0.08000
,,, 0.47235998511,9.12000,0.00
,,, 0.47239997983,8.96000,0.00
,,, 0.47243997455,9.12000,0.08000
,,, 0.47247999907,8.96000,0.00
,,, 0.47251999378,8.88000,0.08000
,,, 0.47255998850,8.88000,0.00
,,, 0.47259998322,8.96000,0.00
,,, 0.47263997793,8.56000,-0.08000
,,, 0.47268000245,8.80000,0.00
,,, 0.47271999717,8.96000,0.00
,,, 0.47275999188,8.80000,-0.08000
,,, 0.47279998660,8.96000,0.00
,,, 0.47283998132,8.96000,0.00
,,, 0.47287997603,9.28000,0.00
,,, 0.47292000055,9.12000,0.00
,,, 0.47295999527,8.96000,0.00
,,, 0.47299998999,9.20000,0.08000
,,, 0.47303998470,9.12000,0.00
,,, 0.47307997942,8.96000,0.00
,,, 0.47311997414,9.12000,0.08000
,,, 0.47315999866,8.96000,0.00
,,, 0.47319999337,9.20000,0.16000
,,, 0.47323998809,8.96000,0.00
,,, 0.47327998281,8.96000,0.00
,,, 0.47331997752,8.72000,0.00
,,, 0.47336000204,8.88000,0.00
,,, 0.47339999676,8.96000,0.00
,,, 0.47343999147,8.72000,-0.08000
,,, 0.47347998619,8.88000,0.00
,,, 0.47351998091,8.96000,0.00
,,, 0.47355997562,9.12000,-0.08000
,,, 0.47360000014,9.12000,0.00
,,, 0.47363999486,9.12000,0.00
,,, 0.47367998958,9.12000,0.00
,,, 0.47371998429,9.12000,0.00
,,, 0.47375997901,9.12000,0.00
,,, 0.47379997373,9.20000,0.00
,,, 0.47383999825,9.12000,0.00
,,, 0.47387999296,9.44000,0.08000
,,, 0.47391998768,9.12000,0.00
,,, 0.47395998240,9.12000,0.00
,,, 0.47399997711,8.80000,0.08000
,,, 0.47404000163,8.80000,0.00
,,, 0.47407999635,8.88000,0.00
,,, 0.47411999106,8.72000,0.00
,,, 0.47415998578,8.88000,0.00
,,, 0.47419998050,8.96000,0.00
,,, 0.47423997521,8.80000,-0.08000
,,, 0.47427999973,8.96000,0.00
,,, 0.47431999445,9.12000,0.00
,,, 0.47435998917,8.88000,0.00
,,, 0.47439998388,9.12000,0.00
,,, 0.47443997860,9.12000,0.00
,,, 0.47447997332,9.20000,0.08000
,,, 0.47451999784,9.12000,0.00
,,, 0.47455999255,9.20000,0.08000
,,, 0.47459998727,9.12000,0.00
,,, 0.47463998199,9.12000,0.00
,,, 0.47467997670,8.96000,0.08000
,,, 0.47472000122,8.96000,0.00
,,, 0.47475999594,8.96000,0.00
,,, 0.47479999065,8.88000,0.08000
,,, 0.47483998537,8.96000,0.00
,,, 0.47487998009,9.12000,0.00
,,, 0.47491997480,8.80000,0.00
,,, 0.47495999932,8.96000,0.00
,,, 0.47499999404,8.96000,0.00
,,, 0.47503998876,8.96000,0.00
,,, 0.47507998347,9.12000,0.00
,,, 0.47511997819,9.12000,0.00
,,, 0.47516000271,9.12000,0.00
,,, 0.47519999743,9.12000,0.00
,,, 0.47523999214,9.12000,0.00
,,, 0.47527998686,9.12000,0.00
,,, 0.47531998158,9.12000,0.00
,,, 0.47535997629,9.20000,0.08000
,,, 0.47540000081,8.96000,0.00
,,, 0.47543999553,8.96000,0.00
,,, 0.47547999024,9.12000,0.00
,,, 0.47551998496,8.96000,0.00
,,, 0.47555997968,8.96000,0.00
,,, 0.47559997439,8.88000,0.00
,,, 0.47563999891,8.96000,0.00
,,, 0.47567999363,8.96000,0.00
,,, 0.47571998835,8.88000,0.00
,,, 0.47575998306,8.88000,0.00
,,, 0.47579997778,8.96000,0.00
,,, 0.47584000230,9.12000,0.00
,,, 0.47587999701,8.96000,0.00
,,, 0.47591999173,9.12000,0.00
,,, 0.47595998645,9.12000,0.00
,,, 0.47599998116,8.96000,0.00
,,, 0.47603997588,9.12000,0.00
,,, 0.47608000040,8.96000,0.00
,,, 0.47611999512,9.12000,0.00
,,, 0.47615998983,9.12000,0.00
,,, 0.47619998455,9.12000,0.00
,,, 0.47623997927,9.12000,0.00
,,, 0.47627997398,8.96000,0.00
,,, 0.47631999850,8.96000,0.00
,,, 0.47635999322,8.96000,0.00
,,, 0.47639998794,8.88000,0.00
,,, 0.47643998265,8.96000,0.00
,,, 0.47647997737,9.12000,0.00
,,, 0.47652000189,8.96000,0.00
,,, 0.47655999660,8.96000,0.00
,,, 0.47659999132,8.96000,0.00
,,, 0.47663998604,9.12000,0.00
,,, 0.47667998075,8.96000,0.00
,,, 0.47671997547,9.12000,0.08000
,,, 0.47675999999,8.96000,0.00
,,, 0.47679999471,9.12000,0.00
,,, 0.47683998942,8.96000,0.08000
,,, 0.47687998414,8.96000,0.00
,,, 0.47691997886,9.12000,0.00
,,, 0.47695997357,8.88000,0.00
,,, 0.47699999809,8.96000,0.00
,,, 0.47703999281,8.96000,0.00
,,, 0.47707998753,8.96000,0.00
,,, 0.47711998224,8.96000,0.00
,,, 0.47715997696,8.96000,0.00
,,, 0.47720000148,8.96000,0.00
,,, 0.47723999619,8.96000,0.00
,,, 0.47727999091,8.96000,0.00
,,, 0.47731998563,9.12000,0.00
,,, 0.47735998034,8.96000,0.00
,,, 0.47739997506,9.12000,0.00
,,, 0.47743999958,8.96000,0.00
,,, 0.47747999430,8.96000,0.00
,,, 0.47751998901,9.12000,0.00
,,, 0.47755998373,8.96000,0.00
,,, 0.47759997845,9.12000,0.00
,,, 0.47763997316,8.88000,0.00
,,, 0.47767999768,8.96000,0.00
,,, 0.47771999240,9.12000,0.00
,,, 0.47775998712,9.12000,0.00
,,, 0.47779998183,8.96000,0.00
,,, 0.47783997655,8.96000,0.08000
,,, 0.47788000107,8.96000,0.00
,,, 0.47791999578,9.12000,0.08000
,,, 0.47795999050,8.96000,0.00
,,, 0.47799998522,8.96000,0.00
,,, 0.47803997993,9.12000,0.00
,,, 0.47807997465,9.12000,0.00
,,, 0.47811999917,9.12000,0.00
,,, 0.47815999389,9.12000,0.00
,,, 0.47819998860,9.12000,0.00
,,, 0.47823998332,8.96000,0.00
,,, 0.47827997804,8.96000,0.00
,,, 0.47832000256,8.96000,0.00
,,, 0.47835999727,8.96000,0.00
,,, 0.47839999199,8.96000,0.00
,,, 0.47843998671,8.96000,0.00
,,, 0.47847998142,8.96000,0.00
,,, 0.47851997614,8.96000,0.00
,,, 0.47856000066,9.12000,0.00
,,, 0.47859999537,9.12000,0.08000
,,, 0.47863999009,8.96000,0.00
,,, 0.47867998481,9.12000,0.00
,,, 0.47871997952,9.12000,0.00
,,, 0.47875997424,9.12000,0.00
,,, 0.47879999876,9.12000,0.00
,,, 0.47883999348,8.96000,0.00
,,, 0.47887998819,9.12000,0.00
,,, 0.47891998291,9.12000,0.00
,,, 0.47895997763,9.12000,0.00
,,, 0.47900000215,8.96000,0.00
,,, 0.47903999686,8.96000,0.00
,,, 0.47907999158,8.96000,0.00
,,, 0.47911998630,8.96000,0.00
,,, 0.47915998101,8.96000,0.00
,,, 0.47919997573,8.96000,0.00
,,, 0.47924000025,8.96000,0.00
,,, 0.47927999496,8.96000,0.00
,,, 0.47931998968,9.12000,0.00
,,, 0.47935998440,8.96000,0.00
,,, 0.47939997911,8.96000,0.00
,,, 0.47943997383,9.12000,0.00
,,, 0.47947999835,8.96000,0.00
,,, 0.47951999307,8.96000,0.00
,,, 0.47955998778,9.12000,0.00
,,, 0.47959998250,9.12000,0.00
,,, 0.47963997722,8.96000,0.00
,,, 0.47968000174,9.12000,0.00
,,, 0.47971999645,9.12000,0.00
,,, 0.47975999117,8.96000,0.00
,,, 0.47979998589,9.12000,0.00
,,, 0.47983998060,8.96000,0.00
,,, 0.47987997532,8.96000,0.00
,,, 0.47991999984,8.88000,0.00
,,, 0.47995999455,8.96000,0.00
,,, 0.47999998927,8.96000,0.00
,,, 0.48003998399,8.96000,0.00
,,, 0.48007997870,8.96000,0.08000
,,, 0.48011997342,8.96000,0.00
,,, 0.48015999794,9.12000,0.00
,,, 0.48019999266,8.96000,0.00
,,, 0.48023998737,9.12000,0.00
,,, 0.48027998209,9.12000,0.00
,,, 0.48031997681,8.96000,0.00
,,, 0.48036000133,9.20000,0.08000
,,, 0.48039999604,9.12000,0.00
,,, 0.48043999076,8.96000,0.00
,,, 0.48047998548,9.12000,0.08000
,,, 0.48051998019,8.96000,0.00
,,, 0.48055997491,9.12000,0.00
,,, 0.48059999943,8.88000,0.08000
,,, 0.48063999414,8.96000,0.00
,,, 0.48067998886,8.96000,0.00
,,, 0.48071998358,8.88000,0.00
,,, 0.48075997829,9.12000,0.00
,,, 0.48079997301,8.72000,-0.08000
,,, 0.48083999753,8.96000,0.00
,,, 0.48087999225,9.12000,0.00
,,, 0.48091998696,8.80000,-0.08000
,,, 0.48095998168,8.96000,0.00
,,, 0.48099997640,8.96000,0.00
,,, 0.48104000092,9.28000,0.00
,,, 0.48107999563,9.12000,0.08000
,,, 0.48111999035,9.12000,0.00
,,, 0.48115998507,9.20000,0.08000
,,, 0.48119997978,9.12000,0.00
,,, 0.48123997450,9.12000,0.08000
,,, 0.48127999902,8.96000,0.08000
,,, 0.48131999373,8.88000,0.00
,,, 0.48135998845,8.96000,0.00
,,, 0.48139998317,8.88000,0.00
,,, 0.48143997788,9.12000,0.00
,,, 0.48148000240,8.72000,0.00
,,, 0.48151999712,8.80000,-0.08000
,,, 0.48155999184,9.12000,0.00
,,, 0.48159998655,8.64000,-0.08000
,,, 0.48163998127,8.88000,0.00
,,, 0.48167997599,8.96000,0.00
,,, 0.48172000051,9.36000,0.00
,,, 0.48175999522,9.12000,0.08000
,,, 0.48179998994,8.96000,0.00
,,, 0.48183998466,9.28000,0.00
,,, 0.48187997937,9.12000,0.00
,,, 0.48191997409,9.12000,0.08000
,,, 0.48195999861,9.12000,0.08000
,,, 0.48199999332,8.96000,0.00
,,, 0.48203998804,8.96000,0.00
,,, 0.48207998276,8.96000,0.08000
,,, 0.48211997747,8.96000,0.00
,,, 0.48216000199,8.80000,0.00
,,, 0.48219999671,8.80000,0.00
,,, 0.48223999143,8.96000,0.00
,,, 0.48227998614,8.56000,-0.08000
,,, 0.48231998086,8.96000,0.00
,,, 0.48235997558,9.12000,0.00
,,, 0.48240000010,9.20000,0.00
,,, 0.48243999481,8.96000,0.00
,,, 0.48247998953,9.12000,0.00
,,, 0.48251998425,9.28000,0.00
,,, 0.48255997896,9.12000,0.00
,,, 0.48259997368,8.96000,0.00
,,, 0.48263999820,9.20000,0.08000
,,, 0.48267999291,8.96000,0.00
,,, 0.48271998763,9.12000,0.00
,,, 0.48275998235,9.12000,0.08000
,,, 0.48279997706,8.96000,0.08000
,,, 0.48284000158,8.88000,0.00
,,, 0.48287999630,8.80000,0.00
,,, 0.48291999102,8.88000,0.00
,,, 0.48295998573,8.64000,-0.08000
,,, 0.48299998045,8.88000,0.00
,,, 0.48303997517,8.96000,0.00
,,, 0.48307999969,8.96000,-0.08000
,,, 0.48311999440,9.12000,0.00
,,, 0.48315998912,9.12000,0.00
,,, 0.48319998384,9.20000,0.00
,,, 0.48323997855,9.12000,0.00
,,, 0.48327997327,8.96000,0.00
,,, 0.48331999779,9.28000,0.08000
,,, 0.48335999250,9.12000,0.08000
,,, 0.48339998722,9.12000,0.00
,,, 0.48343998194,9.12000,0.08000
,,, 0.48347997665,8.96000,0.00
,,, 0.48352000117,8.96000,0.00
,,, 0.48355999589,8.80000,0.00
,,, 0.48359999061,8.96000,0.00
,,, 0.48363998532,8.56000,0.00
,,, 0.48367998004,8.88000,0.00
,,, 0.48371997476,9.12000,0.00
,,, 0.48375999928,8.80000,-0.08000
,,, 0.48379999399,8.96000,0.00
,,, 0.48383998871,9.12000,0.00
,,, 0.48387998343,8.96000,0.00
,,, 0.48391997814,9.12000,0.00
,,, 0.48396000266,9.12000,0.00
,,, 0.48399999738,9.28000,0.08000
,,, 0.48403999209,9.12000,0.08000
,,, 0.48407998681,9.12000,0.00
,,, 0.48411998153,9.20000,0.08000
,,, 0.48415997624,8.96000,0.00
,,, 0.48420000076,8.96000,0.00
,,, 0.48423999548,8.88000,0.00
,,, 0.48427999020,8.88000,0.00
,,, 0.48431998491,8.80000,0.08000
,,, 0.48435997963,8.88000,0.00
,,, 0.48439997435,8.96000,0.00
,,, 0.48443999887,8.72000,-0.08000
,,, 0.48447999358,8.88000,-0.08000
,,, 0.48451998830,8.96000,0.00
,,, 0.48455998302,8.88000,0.00
,,, 0.48459997773,8.96000,0.00
,,, 0.48464000225,8.96000,0.00
,,, 0.48467999697,9.28000,0.00
,,, 0.48471999168,9.20000,0.00
,,, 0.48475998640,9.12000,0.00
,,, 0.48479998112,9.12000,0.00
,,, 0.48483997583,9.12000,0.00
,,, 0.48488000035,8.96000,0.00
,,, 0.48491999507,9.12000,0.08000
,,, 0.48495998979,8.96000,0.00
,,, 0.48499998450,9.20000,0.08000
,,, 0.48503997922,8.96000,0.08000
,,, 0.48507997394,8.96000,0.00
,,, 0.48511999846,8.80000,0.00
,,, 0.48515999317,8.88000,0.00
,,, 0.48519998789,8.96000,0.00
,,, 0.48523998260,8.88000,0.00
,,, 0.48527997732,8.96000,0.00
,,, 0.48532000184,8.96000,0.00
,,, 0.48535999656,9.12000,-0.08000
,,, 0.48539999127,8.96000,0.00
,,, 0.48543998599,8.96000,0.00
,,, 0.48547998071,9.12000,0.00
,,, 0.48551997542,8.96000,0.00
,,, 0.48555999994,8.96000,0.00
,,, 0.48559999466,9.12000,0.08000
,,, 0.48563998938,9.12000,0.00
,,, 0.48567998409,9.20000,0.08000
,,, 0.48571997881,8.96000,0.00
,,, 0.48575997353,8.96000,0.00
,,, 0.48579999804,8.96000,0.08000
,,, 0.48583999276,8.96000,0.00
,,, 0.48587998748,8.96000,0.00
,,, 0.48591998219,8.96000,0.00
,,, 0.48595997691,8.96000,0.00
,,, 0.48600000143,8.96000,0.00
,,, 0.48603999615,8.96000,0.00
,,, 0.48607999086,8.96000,0.00
,,, 0.48611998558,9.12000,0.00
,,, 0.48615998030,8.96000,0.00
,,, 0.48619997501,8.96000,0.00
,,, 0.48623999953,8.96000,0.00
,,, 0.48627999425,8.96000,0.00
,,, 0.48631998897,9.12000,0.08000
,,, 0.48635998368,9.12000,0.24000
,,, 0.48639997840,9.12000,0.64000
,,, 0.48643997312,8.96000,8.96000
,,, 0.48647999763,9.12000,0.08000
,,, 0.48651999235,8.96000,0.08000
,,, 0.48655998707,8.96000,0.24000
,,, 0.48659998178,8.96000,0.72000
,,, 0.48663997650,8.96000,8.96000
,,, 0.48668000102,8.96000,0.00
,,, 0.48671999574,8.96000,0.08000
,,, 0.48675999045,8.96000,0.24000
,,, 0.48679998517,9.12000,0.72000
,,, 0.48683997989,9.12000,8.96000
,,, 0.48687997460,8.96000,0.00
,,, 0.48691999912,8.96000,0.08000
,,, 0.48695999384,9.12000,0.24000
,,, 0.48699998856,8.96000,0.64000
,,, 0.48703998327,8.96000,8.96000
,,, 0.48707997799,9.12000,0.08000
,,, 0.48712000251,9.12000,0.08000
,,, 0.48715999722,9.12000,0.24000
,,, 0.48719999194,9.12000,0.64000
,,, 0.48723998666,9.12000,8.96000
,,, 0.48727998137,9.12000,0.00
,,, 0.48731997609,8.96000,0.08000
,,, 0.48736000061,8.96000,0.24000
,,, 0.48739999533,8.88000,0.72000
,,, 0.48743999004,8.96000,8.96000
,,, 0.48747998476,8.96000,0.00
,,, 0.48751997948,8.96000,0.08000
,,, 0.48755997419,8.96000,0.24000
,,, 0.48759999871,8.96000,0.72000
,,, 0.48763999343,8.96000,8.96000
,,, 0.48767998815,8.96000,0.08000
,,, 0.48771998286,8.96000,0.08000
,,, 0.48775997758,9.12000,0.24000
,,, 0.48780000210,8.96000,0.72000
,,, 0.48783999681,9.12000,8.96000
,,, 0.48787999153,9.12000,0.08000
,,, 0.48791998625,9.12000,0.08000
,,, 0.48795998096,8.96000,0.24000
,,, 0.48799997568,8.96000,0.72000
,,, 0.48804000020,9.12000,8.96000
,,, 0.48807999492,8.96000,0.08000
,,, 0.48811998963,8.96000,0.08000
,,, 0.48815998435,8.96000,0.24000
,,, 0.48819997907,8.96000,0.72000
,,, 0.48823997378,8.96000,8.96000
,,, 0.48827999830,8.96000,0.08000
,,, 0.48831999302,8.96000,0.08000
,,, 0.48835998774,8.96000,0.24000
,,, 0.48839998245,8.96000,0.64000
,,, 0.48843997717,8.96000,8.88000
,,, 0.48848000169,8.96000,0.00
,,, 0.48851999640,9.12000,0.08000
,,, 0.48855999112,9.12000,0.24000
,,, 0.48859998584,8.96000,0.72000
,,, 0.48863998055,9.12000,8.96000
,,, 0.48867997527,9.12000,0.00
,,, 0.48871999979,9.12000,0.08000
,,, 0.48875999451,8.96000,0.24000
,,, 0.48879998922,8.96000,0.72000
,,, 0.48883998394,8.96000,8.96000
,,, 0.48887997866,8.96000,0.00
,,, 0.48891997337,8.96000,0.08000
,,, 0.48895999789,8.96000,0.24000
,,, 0.48899999261,8.88000,0.64000
,,, 0.48903998733,8.96000,8.96000
,,, 0.48907998204,9.12000,0.08000
,,, 0.48911997676,9.12000,0.08000
,,, 0.48916000128,8.96000,0.24000
,,, 0.48919999599,9.12000,0.64000
,,, 0.48923999071,9.12000,8.96000
,,, 0.48927998543,9.12000,0.08000
,,, 0.48931998014,9.12000,0.08000
,,, 0.48935997486,9.12000,0.24000
,,, 0.48939999938,9.12000,0.64000
,,, 0.48943999410,9.12000,8.96000
,,, 0.48947998881,9.12000,0.08000
,,, 0.48951998353,8.96000,0.08000
,,, 0.48955997825,8.96000,0.24000
,,, 0.48959997296,9.12000,0.64000
,,, 0.48963999748,8.96000,8.96000
,,, 0.48967999220,8.88000,0.00
,,, 0.48971998692,8.96000,0.08000
,,, 0.48975998163,8.96000,0.24000
,,, 0.48979997635,8.96000,0.72000
,,, 0.48984000087,9.12000,8.96000
,,, 0.48987999558,8.88000,0.00
,,, 0.48991999030,9.12000,0.08000
,,, 0.48995998502,8.96000,0.24000
,,, 0.48999997973,9.12000,0.64000
,,, 0.49003997445,9.12000,8.96000
,,, 0.49007999897,9.12000,0.08000
,,, 0.49011999369,9.20000,0.08000
,,, 0.49015998840,8.96000,0.32000
,,, 0.49019998312,9.12000,0.64000
,,, 0.49023997784,9.12000,8.96000
,,, 0.49028000236,8.96000,0.08000
,,, 0.49031999707,8.96000,0.08000
,,, 0.49035999179,8.80000,0.24000
,,, 0.49039998651,8.88000,0.72000
,,, 0.49043998122,8.96000,8.96000
,,, 0.49047997594,8.88000,0.00
,,, 0.49052000046,8.96000,0.08000
,,, 0.49055999517,8.72000,0.24000
,,, 0.49059998989,8.88000,0.64000
,,, 0.49063998461,8.96000,8.96000
,,, 0.49067997932,8.88000,0.00
,,, 0.49071997404,8.96000,0.08000
,,, 0.49075999856,8.96000,0.24000
,,, 0.49079999328,9.28000,0.64000
,,, 0.49083998799,9.12000,8.96000
,,, 0.49087998271,8.96000,0.00
,,, 0.49091997743,9.12000,0.08000
,,, 0.49096000195,9.12000,0.24000
,,, 0.49099999666,8.96000,0.64000
,,, 0.49103999138,9.12000,8.96000
,,, 0.49107998610,8.96000,0.08000
,,, 0.49111998081,8.96000,0.08000
,,, 0.49115997553,8.88000,0.24000
,,, 0.49120000005,8.96000,0.72000
,,, 0.49123999476,8.80000,8.88000
,,, 0.49127998948,8.80000,0.00
,,, 0.49131998420,8.96000,0.08000
,,, 0.49135997891,8.64000,0.16000
,,, 0.49139997363,8.88000,0.64000
,,, 0.49143999815,8.96000,8.96000
,,, 0.49147999287,9.12000,0.00
,,, 0.49151998758,9.12000,0.08000
,,, 0.49155998230,9.12000,0.24000
,,, 0.49159997702,9.28000,0.64000
,,, 0.49164000154,9.12000,8.96000
,,, 0.49167999625,8.96000,0.08000
,,, 0.49171999097,9.20000,0.16000
,,, 0.49175998569,9.12000,0.24000
,,, 0.49179998040,8.96000,0.72000
,,, 0.49183997512,9.12000,8.96000
,,, 0.49187999964,8.96000,0.08000
,,, 0.49191999435,8.96000,0.08000
,,, 0.49195998907,8.80000,0.24000
,,, 0.49199998379,8.88000,0.64000
,,, 0.49203997850,8.56000,8.80000
,,, 0.49207997322,8.88000,0.00
,,, 0.49211999774,8.88000,0.08000
,,, 0.49215999246,8.80000,0.16000
,,, 0.49219998717,8.96000,0.64000
,,, 0.49223998189,9.12000,8.96000
,,, 0.49227997661,9.12000,0.00
,,, 0.49232000113,9.12000,0.08000
,,, 0.49235999584,9.12000,0.24000
,,, 0.49239999056,9.36000,0.72000
,,, 0.49243998528,9.12000,8.96000
,,, 0.49247997999,8.96000,0.08000
,,, 0.49251997471,9.20000,0.08000
,,, 0.49255999923,9.12000,0.24000
,,, 0.49259999394,9.12000,0.64000
,,, 0.49263998866,8.88000,8.96000
,,, 0.49267998338,8.88000,0.00
,,, 0.49271997809,8.72000,0.08000
,,, 0.49275997281,8.88000,0.24000
,,, 0.49279999733,8.96000,0.72000
,,, 0.49283999205,8.64000,8.80000
,,, 0.49287998676,8.96000,0.00
,,, 0.49291998148,8.96000,0.08000
,,, 0.49295997620,8.80000,0.16000
,,, 0.49300000072,8.96000,0.64000
,,, 0.49303999543,9.12000,8.96000
,,, 0.49307999015,9.20000,0.00
,,, 0.49311998487,9.12000,0.08000
,,, 0.49315997958,9.12000,0.24000
,,, 0.49319997430,9.28000,0.64000
,,, 0.49323999882,9.12000,8.96000
,,, 0.49327999353,8.96000,0.08000
,,, 0.49331998825,9.12000,0.16000
,,, 0.49335998297,8.96000,0.24000
,,, 0.49339997768,9.12000,0.80000
,,, 0.49344000220,8.96000,8.96000
,,, 0.49347999692,8.96000,0.08000
,,, 0.49351999164,8.56000,0.00
,,, 0.49355998635,8.88000,0.24000
,,, 0.49359998107,8.96000,0.64000
,,, 0.49363997579,8.72000,8.80000
,,, 0.49368000031,8.96000,0.00
,,, 0.49371999502,8.96000,0.08000
,,, 0.49375998974,9.20000,0.24000
,,, 0.49379998446,9.12000,0.64000
,,, 0.49383997917,9.12000,8.96000
,,, 0.49387997389,9.12000,0.00
,,, 0.49391999841,9.12000,0.08000
,,, 0.49395999312,9.12000,0.24000
,,, 0.49399998784,9.12000,0.72000
,,, 0.49403998256,9.12000,8.96000
,,, 0.49407997727,9.28000,0.16000
,,, 0.49412000179,9.12000,0.08000
,,, 0.49415999651,8.96000,0.24000
,,, 0.49419999123,8.64000,0.72000
,,, 0.49423998594,8.80000,8.88000
,,, 0.49427998066,8.96000,0.08000
,,, 0.49431997538,8.72000,0.00
,,, 0.49435999990,8.88000,0.24000
,,, 0.49439999461,8.96000,0.64000
,,, 0.49443998933,9.12000,8.88000
,,, 0.49447998405,8.96000,0.08000
,,, 0.49451997876,9.12000,0.08000
,,, 0.49455997348,9.12000,0.24000
,,, 0.49459999800,9.12000,0.64000
,,, 0.49463999271,9.12000,8.96000
,,, 0.49467998743,9.12000,0.08000
,,, 0.49471998215,9.12000,0.08000
,,, 0.49475997686,9.28000,0.32000
,,, 0.49480000138,9.12000,0.72000
,,, 0.49483999610,8.96000,8.96000
,,, 0.49487999082,8.80000,0.00
,,, 0.49491998553,8.80000,0.08000
,,, 0.49495998025,8.96000,0.24000
,,, 0.49499997497,8.80000,0.64000
,,, 0.49503999949,8.96000,8.88000
,,, 0.49507999420,8.96000,0.00
,,, 0.49511998892,9.12000,0.08000
,,, 0.49515998363,9.12000,0.24000
,,, 0.49519997835,9.12000,0.64000
,,, 0.49523997307,8.96000,8.88000
,,, 0.49527999759,9.12000,0.00
,,, 0.49531999230,8.96000,0.08000
,,, 0.49535998702,9.12000,0.24000
,,, 0.49539998174,8.96000,0.64000
,,, 0.49543997645,9.20000,9.12000
,,, 0.49548000097,9.12000,0.00
,,, 0.49551999569,8.96000,0.08000
,,, 0.49555999041,8.88000,0.24000
,,, 0.49559998512,8.88000,0.64000
,,, 0.49563997984,8.96000,8.96000
,,, 0.49567997456,8.96000,0.00
,,, 0.49571999907,8.96000,0.08000
,,, 0.49575999379,9.12000,0.24000
,,, 0.49579998851,9.12000,0.64000
,,, 0.49583998322,9.12000,8.96000
,,, 0.49587997794,8.96000,0.00
,,, 0.49591997266,9.12000,0.08000
,,, 0.49595999718,8.96000,0.24000
,,, 0.49599999189,9.12000,0.64000
,,, 0.49603998661,9.12000,8.96000
,,, 0.49607998133,9.12000,0.00
,,, 0.49611997604,9.12000,0.08000
,,, 0.49616000056,9.12000,0.24000
,,, 0.49619999528,8.96000,0.64000
,,, 0.49623999000,8.88000,8.88000
,,, 0.49627998471,8.96000,0.00
,,, 0.49631997943,8.96000,0.08000
,,, 0.49635997415,8.88000,0.24000
,,, 0.49639999866,8.96000,-0.40000
,,, 0.49643999338,9.12000,0.00
,,, 0.49647998810,9.12000,0.00
,,, 0.49651998281,9.12000,0.08000
,,, 0.49655997753,8.96000,0.24000
,,, 0.49660000205,8.96000,-0.40000
,,, 0.49663999677,9.12000,0.00
,,, 0.49667999148,9.12000,0.00
,,, 0.49671998620,9.12000,0.08000
,,, 0.49675998092,8.96000,0.24000
,,, 0.49679997563,9.12000,-0.32000
,,, 0.49684000015,8.96000,0.00
,,, 0.49687999487,9.12000,0.00
,,, 0.49691998959,8.96000,0.08000
,,, 0.49695998430,8.96000,0.24000
,,, 0.49699997902,8.96000,-0.32000
,,, 0.49703997374,8.96000,0.00
,,, 0.49707999825,8.96000,0.00
,,, 0.49711999297,8.96000,0.00
,,, 0.49715998769,8.96000,0.24000
,,, 0.49719998240,9.12000,-0.32000
,,, 0.49723997712,8.96000,0.00
,,, 0.49728000164,9.12000,-0.08000
,,, 0.49731999636,8.96000,0.08000
,,, 0.49735999107,8.96000,0.24000
,,, 0.49739998579,9.12000,-0.40000
,,, 0.49743998051,8.96000,0.00
,,, 0.49747997522,9.12000,0.00
,,, 0.49751999974,9.12000,0.08000
,,, 0.49755999446,8.96000,0.24000
,,, 0.49759998918,9.12000,-0.32000
,,, 0.49763998389,8.96000,0.00
,,, 0.49767997861,9.12000,0.00
,,, 0.49771997333,8.96000,0.08000
,,, 0.49775999784,8.96000,0.24000
,,, 0.49779999256,8.96000,-0.40000
,,, 0.49783998728,8.96000,0.00
,,, 0.49787998199,8.96000,0.00
,,, 0.49791997671,8.96000,0.08000
,,, 0.49796000123,8.96000,0.24000
,,, 0.49799999595,8.96000,-0.40000
,,, 0.49803999066,8.96000,0.00
,,, 0.49807998538,9.12000,0.00
,,, 0.49811998010,8.96000,0.08000
,,, 0.49815997481,9.12000,0.24000
,,, 0.49819999933,9.12000,-0.32000
,,, 0.49823999405,9.12000,0.00
,,, 0.49827998877,8.96000,0.00
,,, 0.49831998348,8.96000,0.08000
,,, 0.49835997820,8.96000,0.24000
,,, 0.49839997292,9.12000,-0.40000
,,, 0.49843999743,8.96000,0.00
,,, 0.49847999215,9.12000,0.00
,,, 0.49851998687,8.96000,0.08000
,,, 0.49855998158,8.96000,0.24000
,,, 0.49859997630,8.96000,-0.40000
,,, 0.49864000082,8.96000,0.00
,,, 0.49867999554,9.12000,0.00
,,, 0.49871999025,9.12000,0.08000
,,, 0.49875998497,8.96000,0.24000
,,, 0.49879997969,9.12000,-0.40000
,,, 0.49883997440,8.96000,0.00
,,, 0.49887999892,8.96000,-0.08000
,,, 0.49891999364,8.96000,0.08000
,,, 0.49895998836,9.12000,0.24000
,,, 0.49899998307,9.12000,-0.32000
,,, 0.49903997779,8.96000,0.00
,,, 0.49907997251,9.12000,0.00
,,, 0.49911999702,9.12000,0.08000
,,, 0.49915999174,9.12000,0.24000
,,, 0.49919998646,8.96000,-0.32000
,,, 0.49923998117,9.12000,0.00
,,, 0.49927997589,8.96000,0.00
,,, 0.49932000041,8.96000,0.08000
,,, 0.49935999513,8.96000,0.24000
,,, 0.49939998984,8.96000,-0.32000
,,, 0.49943998456,8.96000,0.00
,,, 0.49947997928,8.96000,0.00
,,, 0.49951997399,8.96000,0.08000
,,, 0.49955999851,8.96000,0.16000
,,, 0.49959999323,8.96000,-0.40000
,,, 0.49963998795,9.12000,0.00
,,, 0.49967998266,9.12000,-0.08000
,,, 0.49971997738,8.96000,0.08000
,,, 0.49976000190,9.12000,0.24000
,,, 0.49979999661,8.96000,-0.40000
,,, 0.49983999133,8.96000,0.00
,,, 0.49987998605,8.96000,0.00
,,, 0.49991998076,9.12000,0.08000
,,, 0.49995997548,8.96000,0.24000
,,, 0.50000000000,8.96000,-0.32000
,,, 0.50003999472,8.96000,0.00
,,, 0.50007998943,9.12000,0.00
,,, 0.50011998415,8.88000,0.08000
,,, 0.50015997887,8.96000,0.24000
,,, 0.50019997358,8.96000,-0.32000
,,, 0.50023996830,8.96000,0.00
,,, 0.50027996302,8.96000,0.00
,,, 0.50031995773,9.12000,0.00
,,, 0.50036001205,9.12000,0.24000
,,, 0.50040000677,8.96000,-0.32000
,,, 0.50044000149,9.12000,-0.08000
,,, 0.50047999620,9.12000,0.00
,,, 0.50051999092,8.96000,0.08000
,,, 0.50055998564,9.20000,0.32000
,,, 0.50059998035,9.12000,-0.32000
,,, 0.50063997507,8.96000,0.00
,,, 0.50067996979,9.12000,0.00
,,, 0.50071996450,8.96000,0.08000
,,, 0.50075995922,8.96000,0.24000
,,, 0.50080001354,8.80000,-0.32000
,,, 0.50084000826,8.96000,0.00
,,, 0.50088000298,8.96000,0.00
,,, 0.50091999769,8.88000,0.08000
,,, 0.50095999241,8.96000,0.24000
,,, 0.50099998713,8.80000,-0.40000
,,, 0.50103998184,8.88000,0.00
,,, 0.50107997656,9.12000,0.00
,,, 0.50111997128,9.12000,0.00
,,, 0.50115996599,9.12000,0.24000
,,, 0.50119996071,8.96000,-0.32000
,,, 0.50124001503,9.36000,0.00
,,, 0.50128000975,9.12000,0.00
,,, 0.50132000446,9.12000,0.08000
,,, 0.50135999918,9.20000,0.32000
,,, 0.50139999390,9.12000,-0.32000
,,, 0.50143998861,8.96000,0.00
,,, 0.50147998333,8.88000,0.08000
,,, 0.50151997805,9.12000,0.08000
,,, 0.50155997276,8.96000,0.24000
,,, 0.50159996748,8.88000,-0.40000
,,, 0.50163996220,8.88000,0.00
,,, 0.50168001652,8.56000,-0.08000
,,, 0.50172001123,8.80000,0.08000
,,, 0.50176000595,8.96000,0.24000
,,, 0.50180000067,8.72000,-0.48000
,,, 0.50183999538,9.12000,0.00
,,, 0.50187999010,9.12000,0.00
,,, 0.50191998482,9.36000,0.08000
,,, 0.50195997953,9.12000,0.24000
,,, 0.50199997425,8.96000,-0.40000
,,, 0.50203996897,9.28000,0.08000
,,, 0.50207996368,9.12000,0.00
,,, 0.50211995840,8.96000,0.08000
,,, 0.50216001272,9.12000,0.32000
,,, 0.50220000744,8.96000,-0.32000
,,, 0.50224000216,8.96000,0.00
,,, 0.50227999687,8.96000,0.00
,,, 0.50231999159,8.96000,0.08000
,,, 0.50235998631,8.80000,0.16000
,,, 0.50239998102,8.80000,-0.32000
,,, 0.50243997574,8.96000,0.00
,,, 0.50247997046,8.56000,-0.08000
,,, 0.50251996517,8.88000,0.08000
,,, 0.50255995989,8.96000,0.24000
,,, 0.50260001421,9.12000,-0.40000
,,, 0.50264000893,9.12000,0.00
,,, 0.50268000364,9.12000,0.00
,,, 0.50271999836,9.20000,0.08000
,,, 0.50275999308,9.12000,0.24000
,,, 0.50279998779,9.12000,-0.32000
,,, 0.50283998251,9.20000,0.08000
,,, 0.50287997723,9.12000,0.00
,,, 0.50291997194,8.96000,0.08000
,,, 0.50295996666,9.12000,0.24000
,,, 0.50299996138,8.96000,-0.32000
,,, 0.50304001570,8.88000,0.00
,,, 0.50308001041,8.88000,0.00
,,, 0.50312000513,8.88000,0.08000
,,, 0.50315999985,8.56000,0.16000
,,, 0.50319999456,8.80000,-0.40000
,,, 0.50323998928,8.96000,0.00
,,, 0.50327998400,8.80000,-0.08000
,,, 0.50331997871,8.96000,0.00
,,, 0.50335997343,8.96000,0.24000
,,, 0.50339996815,9.12000,-0.40000
,,, 0.50343996286,9.12000,0.00
,,, 0.50347995758,9.12000,0.00
,,, 0.50352001190,9.28000,0.08000
,,, 0.50356000662,9.12000,0.24000
,,, 0.50360000134,9.12000,-0.32000
,,, 0.50363999605,9.20000,0.00
,,, 0.50367999077,9.12000,0.00
,,, 0.50371998549,9.12000,0.08000
,,, 0.50375998020,8.88000,0.24000
,,, 0.50379997492,8.88000,-0.32000
,,, 0.50383996964,8.72000,0.08000
,,, 0.50387996435,8.88000,0.00
,,, 0.50391995907,8.96000,0.08000
,,, 0.50396001339,8.64000,0.16000
,,, 0.50400000811,8.88000,-0.40000
,,, 0.50404000282,8.96000,0.00
,,, 0.50407999754,8.80000,-0.08000
,,, 0.50411999226,8.88000,0.08000
,,, 0.50415998697,9.12000,0.24000
,,, 0.50419998169,9.36000,-0.32000
,,, 0.50423997641,9.12000,0.00
,,, 0.50427997112,9.12000,0.00
,,, 0.50431996584,9.20000,0.08000
,,, 0.50435996056,9.12000,0.24000
,,, 0.50440001488,9.12000,-0.32000
,,, 0.50444000959,8.96000,0.08000
,,, 0.50448000431,8.96000,0.00
,,, 0.50451999903,9.12000,0.16000
,,, 0.50455999374,9.12000,0.24000
,,, 0.50459998846,9.12000,-0.32000
,,, 0.50463998318,8.64000,0.00
,,, 0.50467997789,8.80000,-0.08000
,,, 0.50471997261,8.96000,0.08000
,,, 0.50475996733,8.80000,0.24000
,,, 0.50479996204,8.96000,-0.32000
,,, 0.50484001637,9.12000,0.00
,,, 0.50488001108,9.12000,0.00
,,, 0.50492000580,9.12000,0.08000
,,, 0.50496000051,9.12000,0.24000
,,, 0.50499999523,9.12000,-0.32000
,,, 0.50503998995,8.96000,0.00
,,, 0.50507998466,8.96000,0.00
,,, 0.50511997938,9.12000,0.08000
,,, 0.50515997410,9.12000,0.24000
,,, 0.50519996881,9.28000,-0.24000
,,, 0.50523996353,9.12000,0.00
,,, 0.50527995825,8.96000,0.00
,,, 0.50532001257,8.80000,0.08000
,,, 0.50536000729,8.88000,0.24000
,,, 0.50540000200,8.96000,-0.32000
,,, 0.50543999672,8.88000,0.00
,,, 0.50547999144,8.96000,0.00
,,, 0.50551998615,8.96000,0.08000
,,, 0.50555998087,8.96000,0.24000
,,, 0.50559997559,9.12000,-0.32000
,,, 0.50563997030,9.12000,0.00
,,, 0.50567996502,8.96000,-0.08000
,,, 0.50571995974,9.12000,0.08000
,,, 0.50576001406,8.96000,0.24000
,,, 0.50580000877,9.12000,-0.32000
,,, 0.50584000349,8.96000,0.00
,,, 0.50587999821,9.20000,0.00
,,, 0.50591999292,9.12000,0.08000
,,, 0.50595998764,9.12000,0.24000
,,, 0.50599998236,8.96000,-0.32000
,,, 0.50603997707,8.96000,0.00
,,, 0.50607997179,9.12000,0.00
,,, 0.50611996651,8.96000,0.08000
,,, 0.50615996122,8.96000,0.24000
,,, 0.50620001554,8.96000,-0.32000
,,, 0.50624001026,9.12000,0.00
,,, 0.50628000498,9.12000,0.00
,,, 0.50631999969,9.12000,0.08000
,,, 0.50635999441,8.96000,0.24000
,,, 0.50639998913,8.96000,-0.40000
,,, 0.50643998384,8.96000,0.00
,,, 0.50647997856,8.96000,0.00
,,, 0.50651997328,8.96000,0.00
,,, 0.50655996799,8.96000,0.00
,,, 0.50659996271,8.96000,0.00
,,, 0.50663995743,8.96000,0.00
,,, 0.50668001175,8.96000,0.00
,,, 0.50672000647,8.96000,0.00
,,, 0.50676000118,9.12000,0.00
,,, 0.50679999590,8.96000,0.00
,,, 0.50683999062,8.96000,0.00
,,, 0.50687998533,8.96000,0.00
,,, 0.50691998005,8.88000,0.00
,,, 0.50695997477,8.96000,0.00
,,, 0.50699996948,9.12000,0.08000
,,, 0.50703996420,8.96000,0.00
,,, 0.50707995892,8.96000,0.00
,,, 0.50712001324,9.12000,0.00
,,, 0.50716000795,9.12000,0.00
,,, 0.50720000267,8.96000,0.00
,,, 0.50723999739,9.12000,0.00
,,, 0.50727999210,9.12000,0.00
,,, 0.50731998682,8.96000,0.00
,,, 0.50735998154,8.96000,0.00
,,, 0.50739997625,9.12000,0.08000
,,, 0.50743997097,8.96000,0.00
,,, 0.50747996569,9.12000,0.00
,,, 0.50751996040,8.96000,0.00
,,, 0.50756001472,8.96000,0.00
,,, 0.50760000944,8.96000,0.00
,,, 0.50764000416,8.96000,0.00
,,, 0.50767999887,9.12000,0.00
,,, 0.50771999359,8.96000,0.00
,,, 0.50775998831,8.96000,0.00
,,, 0.50779998302,8.96000,0.00
,,, 0.50783997774,9.12000,0.00
,,, 0.50787997246,8.96000,0.00
,,, 0.50791996717,9.12000,0.00
,,, 0.50795996189,9.12000,0.00
,,, 0.50800001621,9.12000,0.00
,,, 0.50804001093,9.20000,0.00
,,, 0.50808000565,9.12000,0.00
,,, 0.50812000036,9.12000,0.00
,,, 0.50815999508,8.96000,0.00
,,, 0.50819998980,8.96000,0.00
,,, 0.50823998451,8.96000,0.00
,,, 0.50827997923,8.88000,0.00
,,, 0.50831997395,8.96000,0.00
,,, 0.50835996866,8.96000,0.00
,,, 0.50839996338,8.96000,0.00
,,, 0.50843995810,9.12000,0.00
,,, 0.50848001242,8.96000,0.00
,,, 0.50852000713,8.88000,0.00
,,, 0.50856000185,8.96000,0.00
,,, 0.50859999657,8.96000,0.00
,,, 0.50863999128,9.12000,0.00
,,, 0.50867998600,9.12000,0.00
,,, 0.50871998072,9.12000,0.00
,,, 0.50875997543,9.12000,0.00
,,, 0.50879997015,9.12000,0.00
,,, 0.50883996487,9.12000,0.00
,,, 0.50887995958,8.96000,0.00
,,, 0.50892001390,8.96000,0.00
,,, 0.50896000862,9.12000,0.08000
,,, 0.50900000334,9.12000,0.00
,,, 0.50903999805,8.96000,0.00
,,, 0.50907999277,9.12000,0.00
,,, 0.50911998749,8.96000,0.00
,,, 0.50915998220,9.12000,0.00
,,, 0.50919997692,8.96000,0.00
,,, 0.50923997164,8.96000,0.00
,,, 0.50927996635,8.96000,0.00
,,, 0.50931996107,8.96000,0.00
,,, 0.50936001539,9.12000,0.00
,,, 0.50940001011,8.96000,0.00
,,, 0.50944000483,9.12000,0.00
,,, 0.50947999954,9.12000,0.00
,,, 0.50951999426,9.12000,0.00
,,, 0.50955998898,8.96000,0.00
