Record Length,20480,,Source,CH1,CH2
Sample Interval,CH1:0.0000040000000 CH2:0.0000040000000,,Second,Volt,Volt
Vertical Units,CH1:V CH2:V,,-0.04090800136,0.00,0.00
Vertical Scale,CH1:2.00 CH2:2.00,,-0.04090400040,0.00,0.00
Vertical Offset,CH1:0.00 CH2:0.00,,-0.04089999944,0.00,0.00
Horizontal Units,s,,-0.04089599848,0.00,-0.08000
Horizontal Scale,0.0024999999,,-0.04089200124,-0.08000,0.00
Model Number,SDS1102CML+,,-0.04088800028,0.00,0.00
Serial Number,SDS1MEBX2R2171,,-0.04088399932,0.00,0.00
Software Version,6.01.01.20,,-0.04087999836,0.00,0.00
,,,-0.04087600112,0.00,0.00
,,,-0.04087200016,0.00,0.00
,,,-0.04086799920,0.00,0.00
,,,-0.04086399823,0.00,0.00
,,,-0.04086000100,0.00,0.08000
,,,-0.04085600004,-0.08000,0.00
,,,-0.04085199907,0.00,0.00
,,,-0.04084799811,0.00,0.00
,,,-0.04084400088,-0.08000,0.00
,,,-0.04083999991,0.00,0.00
,,,-0.04083599895,0.00,0.00
,,,-0.04083200172,-0.08000,0.00
,,,-0.04082800075,0.00,0.00
,,,-0.04082399979,0.00,0.00
,,,-0.04081999883,0.00,0.00
,,,-0.04081600159,0.00,0.00
,,,-0.04081200063,0.00,0.00
,,,-0.04080799967,0.00,0.00
,,,-0.04080399871,0.00,0.00
,,,-0.04080000147,0.00,0.00
,,,-0.04079600051,0.00,0.00
,,,-0.04079199955,0.00,0.00
,,,-0.04078799859,-0.08000,0.00
,,,-0.04078400135,0.00,0.00
,,,-0.04078000039,0.00,0.00
,,,-0.04077599943,0.00,0.00
,,,-0.04077199847,0.00,0.00
,,,-0.04076800123,0.00,0.00
,,,-0.04076400027,0.00,0.00
,,,-0.04075999931,0.00,0.00
,,,-0.04075599834,0.00,0.00
,,,-0.04075200111,0.00,0.00
,,,-0.04074800014,0.00,0.00
,,,-0.04074399918,0.00,0.00
,,,-0.04073999822,0.00,0.00
,,,-0.04073600098,0.00,0.00
,,,-0.04073200002,0.00,0.00
,,,-0.04072799906,-0.08000,0.00
,,,-0.04072399810,0.00,0.00
,,,-0.04072000086,0.00,0.00
,,,-0.04071599990,0.00,0.00
,,,-0.04071199894,0.00,0.00
,,,-0.04070800170,0.00,0.00
,,,-0.04070400074,0.00,0.00
,,,-0.04069999978,0.00,0.00
,,,-0.04069599882,0.00,0.00
,,,-0.04069200158,0.00,0.00
,,,-0.04068800062,0.00,0.00
,,,-0.04068399966,0.00,0.00
,,,-0.04067999870,-0.08000,0.00
,,,-0.04067600146,0.00,0.00
,,,-0.04067200050,0.00,0.08000
,,,-0.04066799954,0.00,0.00
,,,-0.04066399857,0.00,0.00
,,,-0.04066000134,0.00,0.00
,,,-0.04065600038,0.00,0.00
,,,-0.04065199941,0.00,0.00
,,,-0.04064799845,0.00,0.00
,,,-0.04064400122,0.00,0.00
,,,-0.04064000025,0.00,0.00
,,,-0.04063599929,0.00,0.00
,,,-0.04063199833,0.00,0.00
,,,-0.04062800109,-0.08000,0.00
,,,-0.04062400013,0.00,-0.08000
,,,-0.04061999917,0.00,0.00
,,,-0.04061599821,0.00,0.00
,,,-0.04061200097,0.00,0.00
,,,-0.04060800001,0.00,0.00
,,,-0.04060399905,0.00,-0.08000
,,,-0.04059999809,0.00,0.00
,,,-0.04059600085,0.00,0.00
,,,-0.04059199989,0.00,0.00
,,,-0.04058799893,0.00,0.00
,,,-0.04058400169,0.00,0.00
,,,-0.04058000073,0.00,0.00
,,,-0.04057599977,0.00,0.00
,,,-0.04057199880,0.00,0.00
,,,-0.04056800157,-0.08000,0.00
,,,-0.04056400061,0.00,0.00
,,,-0.04055999964,0.00,0.00
,,,-0.04055599868,0.00,0.00
,,,-0.04055200145,0.00,0.00
,,,-0.04054800048,0.00,0.00
,,,-0.04054399952,0.00,0.00
,,,-0.04053999856,0.00,-0.08000
,,,-0.04053600132,-0.08000,0.00
,,,-0.04053200036,0.00,0.00
,,,-0.04052799940,0.00,0.00
,,,-0.04052399844,0.00,0.00
,,,-0.04052000120,0.00,0.00
,,,-0.04051600024,0.00,0.08000
,,,-0.04051199928,0.00,0.00
,,,-0.04050799832,0.00,0.00
,,,-0.04050400108,0.00,0.00
,,,-0.04050000012,0.00,0.00
,,,-0.04049599916,-0.08000,0.00
,,,-0.04049199820,0.00,0.00
,,,-0.04048800096,0.00,0.00
,,,-0.04048400000,0.00,0.00
,,,-0.04047999904,0.00,0.00
,,,-0.04047599807,-0.08000,0.00
,,,-0.04047200084,0.00,0.00
,,,-0.04046799988,0.00,0.00
,,,-0.04046399891,0.00,0.00
,,,-0.04046000168,0.00,0.00
,,,-0.04045600072,0.00,0.00
,,,-0.04045199975,0.00,0.00
,,,-0.04044799879,0.00,0.00
,,,-0.04044400156,0.00,0.00
,,,-0.04044000059,0.00,0.00
,,,-0.04043599963,0.00,0.00
,,,-0.04043199867,0.00,0.00
,,,-0.04042800143,0.00,0.00
,,,-0.04042400047,-0.08000,0.00
,,,-0.04041999951,0.00,0.00
,,,-0.04041599855,0.00,0.00
,,,-0.04041200131,0.00,0.00
,,,-0.04040800035,0.00,0.00
,,,-0.04040399939,0.00,0.00
,,,-0.04039999843,-0.08000,0.00
,,,-0.04039600119,0.00,0.00
,,,-0.04039200023,0.00,0.00
,,,-0.04038799927,0.00,0.00
,,,-0.04038399830,-0.08000,0.00
,,,-0.04038000107,0.00,0.00
,,,-0.04037600011,-0.08000,0.00
,,,-0.04037199914,0.00,0.00
,,,-0.04036799818,0.00,0.00
,,,-0.04036400095,0.00,-0.08000
,,,-0.04035999998,0.00,0.00
,,,-0.04035599902,0.00,0.00
,,,-0.04035199806,0.00,0.00
,,,-0.04034800082,0.00,0.00
,,,-0.04034399986,0.00,0.00
,,,-0.04033999890,0.00,0.00
,,,-0.04033600166,0.00,0.08000
,,,-0.04033200070,0.00,0.00
,,,-0.04032799974,0.00,0.00
,,,-0.04032399878,0.00,-0.08000
,,,-0.04032000154,0.00,0.00
,,,-0.04031600058,0.00,0.00
,,,-0.04031199962,0.00,0.00
,,,-0.04030799866,0.00,0.00
,,,-0.04030400142,0.00,0.00
,,,-0.04030000046,0.00,0.00
,,,-0.04029599950,0.00,0.00
,,,-0.04029199854,0.00,0.00
,,,-0.04028800130,0.00,0.00
,,,-0.04028400034,0.00,0.00
,,,-0.04027999938,0.00,0.00
,,,-0.04027599841,0.00,0.00
,,,-0.04027200118,0.00,0.00
,,,-0.04026800022,0.00,0.00
,,,-0.04026399925,0.00,0.00
,,,-0.04025999829,0.00,0.00
,,,-0.04025600106,0.00,0.00
,,,-0.04025200009,0.00,0.00
,,,-0.04024799913,0.00,0.00
,,,-0.04024399817,0.00,0.00
,,,-0.04024000093,0.00,0.00
,,,-0.04023599997,0.00,0.00
,,,-0.04023199901,0.00,0.00
,,,-0.04022799805,0.00,0.08000
,,,-0.04022400081,0.00,0.00
,,,-0.04021999985,0.00,0.00
,,,-0.04021599889,0.00,0.00
,,,-0.04021200165,0.00,0.00
,,,-0.04020800069,0.00,0.00
,,,-0.04020399973,-0.08000,0.00
,,,-0.04019999877,0.00,-0.08000
,,,-0.04019600153,-0.08000,0.00
,,,-0.04019200057,0.00,0.00
,,,-0.04018799961,0.00,0.00
,,,-0.04018399864,0.00,0.00
,,,-0.04018000141,0.00,0.00
,,,-0.04017600045,0.00,0.00
,,,-0.04017199948,-0.08000,-0.08000
,,,-0.04016799852,0.00,0.00
,,,-0.04016400129,0.00,0.00
,,,-0.04016000032,0.00,0.00
,,,-0.04015599936,-0.08000,0.00
,,,-0.04015199840,0.00,0.00
,,,-0.04014800116,0.00,0.00
,,,-0.04014400020,-0.08000,0.08000
,,,-0.04013999924,0.00,0.00
,,,-0.04013599828,0.00,0.00
,,,-0.04013200104,0.00,0.00
,,,-0.04012800008,0.00,0.00
,,,-0.04012399912,0.00,0.00
,,,-0.04011999816,0.00,0.00
,,,-0.04011600092,-0.08000,0.00
,,,-0.04011199996,0.00,0.00
,,,-0.04010799900,0.00,0.00
,,,-0.04010400176,0.00,0.00
,,,-0.04010000080,0.00,0.00
,,,-0.04009599984,-0.08000,0.00
,,,-0.04009199888,0.00,0.00
,,,-0.04008800164,0.00,0.00
,,,-0.04008400068,0.00,0.00
,,,-0.04007999972,-0.08000,0.00
,,,-0.04007599875,0.00,0.00
,,,-0.04007200152,-0.08000,0.00
,,,-0.04006800056,-0.08000,0.00
,,,-0.04006399959,0.00,0.00
,,,-0.04005999863,0.00,0.08000
,,,-0.04005600139,0.00,0.00
,,,-0.04005200043,0.00,0.00
,,,-0.04004799947,0.00,0.00
,,,-0.04004399851,-0.08000,0.00
,,,-0.04004000127,0.00,0.00
,,,-0.04003600031,0.00,0.00
,,,-0.04003199935,-0.08000,0.00
,,,-0.04002799839,0.00,0.00
,,,-0.04002400115,0.00,0.00
,,,-0.04002000019,0.00,0.00
,,,-0.04001599923,0.00,0.00
,,,-0.04001199827,0.00,0.00
,,,-0.04000800103,0.00,0.00
,,,-0.04000400007,0.00,0.00
,,,-0.03999999911,0.00,0.00
,,,-0.03999599814,0.00,0.00
,,,-0.03999200091,0.00,0.00
,,,-0.03998799995,0.00,0.00
,,,-0.03998399898,0.00,0.00
,,,-0.03998000175,0.00,0.00
,,,-0.03997600079,0.00,0.00
,,,-0.03997199982,0.00,0.00
,,,-0.03996799886,0.00,0.00
,,,-0.03996400163,0.00,0.00
,,,-0.03996000066,-0.08000,0.00
,,,-0.03995599970,0.00,0.00
,,,-0.03995199874,0.00,0.08000
,,,-0.03994800150,0.00,-0.08000
,,,-0.03994400054,-0.08000,0.00
,,,-0.03993999958,0.00,0.00
,,,-0.03993599862,0.00,0.00
,,,-0.03993200138,0.00,-0.08000
,,,-0.03992800042,0.00,0.00
,,,-0.03992399946,0.00,0.00
,,,-0.03991999850,0.00,-0.08000
,,,-0.03991600126,0.00,0.00
,,,-0.03991200030,0.00,0.00
,,,-0.03990799934,0.00,0.00
,,,-0.03990399837,0.00,0.00
,,,-0.03990000114,0.00,-0.08000
,,,-0.03989600018,0.00,0.00
,,,-0.03989199921,0.00,0.00
,,,-0.03988799825,0.00,0.00
,,,-0.03988400102,-0.08000,0.00
,,,-0.03988000005,0.00,0.00
,,,-0.03987599909,-0.08000,0.00
,,,-0.03987199813,0.00,0.00
,,,-0.03986800089,0.00,0.00
,,,-0.03986399993,0.00,0.08000
,,,-0.03985999897,0.00,0.00
,,,-0.03985600173,0.00,0.08000
,,,-0.03985200077,0.00,0.08000
,,,-0.03984799981,0.00,0.00
,,,-0.03984399885,0.00,0.00
,,,-0.03984000161,0.00,0.00
,,,-0.03983600065,0.00,0.00
,,,-0.03983199969,0.00,0.00
,,,-0.03982799873,0.00,0.00
,,,-0.03982400149,0.00,0.00
,,,-0.03982000053,0.00,0.00
,,,-0.03981599957,0.00,-0.08000
,,,-0.03981199861,-0.08000,0.00
,,,-0.03980800137,-0.08000,-0.08000
,,,-0.03980400041,0.00,0.00
,,,-0.03979999945,0.00,0.00
,,,-0.03979599848,-0.08000,0.00
,,,-0.03979200125,0.00,0.00
,,,-0.03978800029,0.00,0.00
,,,-0.03978399932,0.00,0.00
,,,-0.03977999836,0.00,0.00
,,,-0.03977600113,0.00,0.00
,,,-0.03977200016,0.00,0.00
,,,-0.03976799920,-0.08000,0.00
,,,-0.03976399824,-0.08000,0.00
,,,-0.03976000100,0.00,0.00
,,,-0.03975600004,0.00,0.00
,,,-0.03975199908,0.00,0.00
,,,-0.03974799812,0.00,0.00
,,,-0.03974400088,-0.08000,0.00
,,,-0.03973999992,0.00,0.00
,,,-0.03973599896,-0.08000,0.00
,,,-0.03973200172,0.00,0.00
,,,-0.03972800076,0.00,0.00
,,,-0.03972399980,0.00,0.00
,,,-0.03971999884,0.00,0.00
,,,-0.03971600160,-0.08000,0.00
,,,-0.03971200064,0.00,0.00
,,,-0.03970799968,0.00,0.00
,,,-0.03970399871,0.00,0.00
,,,-0.03970000148,0.00,0.00
,,,-0.03969600052,0.00,0.00
,,,-0.03969199955,-0.08000,0.00
,,,-0.03968799859,0.00,0.00
,,,-0.03968400136,0.00,0.00
,,,-0.03968000039,0.00,0.00
,,,-0.03967599943,0.00,0.00
,,,-0.03967199847,0.00,0.00
,,,-0.03966800123,0.00,0.00
,,,-0.03966400027,0.00,0.00
,,,-0.03965999931,0.00,0.00
,,,-0.03965599835,0.00,0.08000
,,,-0.03965200111,0.00,0.00
,,,-0.03964800015,0.00,0.00
,,,-0.03964399919,0.00,0.00
,,,-0.03963999823,0.00,0.00
,,,-0.03963600099,-0.08000,0.00
,,,-0.03963200003,0.00,0.00
,,,-0.03962799907,0.00,0.00
,,,-0.03962399811,0.00,-0.08000
,,,-0.03962000087,0.00,-0.08000
,,,-0.03961599991,-0.08000,0.00
,,,-0.03961199895,-0.08000,0.00
,,,-0.03960800171,0.00,0.00
,,,-0.03960400075,-0.08000,0.00
,,,-0.03959999979,0.00,0.00
,,,-0.03959599882,0.00,0.00
,,,-0.03959200159,0.00,0.00
,,,-0.03958800063,0.00,0.00
,,,-0.03958399966,0.00,0.00
,,,-0.03957999870,0.00,0.00
,,,-0.03957600147,-0.08000,0.00
,,,-0.03957200050,0.00,0.00
,,,-0.03956799954,-0.08000,0.00
,,,-0.03956399858,0.00,0.00
,,,-0.03956000134,0.00,0.00
,,,-0.03955600038,-0.08000,0.00
,,,-0.03955199942,0.00,0.00
,,,-0.03954799846,0.00,0.00
,,,-0.03954400122,-0.08000,0.00
,,,-0.03954000026,0.00,0.00
,,,-0.03953599930,0.00,0.00
,,,-0.03953199834,0.00,0.00
,,,-0.03952800110,0.00,0.00
,,,-0.03952400014,0.00,0.00
,,,-0.03951999918,0.00,0.00
,,,-0.03951599821,0.00,0.00
,,,-0.03951200098,-0.08000,0.00
,,,-0.03950800002,0.00,0.00
,,,-0.03950399905,0.00,0.00
,,,-0.03949999809,0.00,0.00
,,,-0.03949600086,0.00,0.00
,,,-0.03949199989,0.00,0.00
,,,-0.03948799893,0.00,0.00
,,,-0.03948400170,0.00,0.00
,,,-0.03948000073,0.00,0.08000
,,,-0.03947599977,0.00,0.00
,,,-0.03947199881,0.00,0.00
,,,-0.03946800157,0.00,0.00
,,,-0.03946400061,0.00,0.00
,,,-0.03945999965,-0.08000,0.00
,,,-0.03945599869,0.00,0.00
,,,-0.03945200145,0.00,0.00
,,,-0.03944800049,0.00,0.00
,,,-0.03944399953,0.00,0.00
,,,-0.03943999857,0.00,0.00
,,,-0.03943600133,0.00,0.00
,,,-0.03943200037,0.00,0.00
,,,-0.03942799941,-0.08000,0.00
,,,-0.03942399845,0.00,0.00
,,,-0.03942000121,0.00,0.00
,,,-0.03941600025,0.00,0.00
,,,-0.03941199929,0.00,0.00
,,,-0.03940799832,-0.08000,0.00
,,,-0.03940400109,0.00,0.00
,,,-0.03940000013,0.00,0.00
,,,-0.03939599916,0.00,0.00
,,,-0.03939199820,0.00,0.00
,,,-0.03938800097,0.00,0.00
,,,-0.03938400000,0.00,0.00
,,,-0.03937999904,-0.08000,0.00
,,,-0.03937599808,0.00,0.00
,,,-0.03937200084,0.00,0.00
,,,-0.03936799988,0.00,0.00
,,,-0.03936399892,0.00,0.00
,,,-0.03936000168,0.00,0.08000
,,,-0.03935600072,-0.08000,0.00
,,,-0.03935199976,0.00,-0.08000
,,,-0.03934799880,-0.08000,0.00
,,,-0.03934400156,0.00,0.00
,,,-0.03934000060,0.00,0.00
,,,-0.03933599964,0.00,0.00
,,,-0.03933199868,0.00,0.00
,,,-0.03932800144,0.00,0.00
,,,-0.03932400048,0.00,0.00
,,,-0.03931999952,0.00,0.00
,,,-0.03931599855,0.00,0.00
,,,-0.03931200132,0.00,0.00
,,,-0.03930800036,0.00,0.00
,,,-0.03930399939,0.00,0.00
,,,-0.03929999843,0.00,0.00
,,,-0.03929600120,-0.08000,0.00
,,,-0.03929200023,-0.08000,0.00
,,,-0.03928799927,-0.08000,0.00
,,,-0.03928399831,0.00,0.00
,,,-0.03928000107,0.00,0.00
,,,-0.03927600011,0.00,0.00
,,,-0.03927199915,0.00,0.00
,,,-0.03926799819,0.00,0.00
,,,-0.03926400095,0.00,0.00
,,,-0.03925999999,0.00,0.00
,,,-0.03925599903,0.00,0.00
,,,-0.03925199807,0.00,0.00
,,,-0.03924800083,-0.08000,0.00
,,,-0.03924399987,-0.08000,0.00
,,,-0.03923999891,0.00,0.00
,,,-0.03923600167,0.00,0.00
,,,-0.03923200071,0.00,0.00
,,,-0.03922799975,-0.08000,0.00
,,,-0.03922399879,0.00,0.00
,,,-0.03922000155,0.00,0.00
,,,-0.03921600059,0.00,0.00
,,,-0.03921199962,0.00,0.08000
,,,-0.03920799866,0.00,0.00
,,,-0.03920400143,0.00,0.00
,,,-0.03920000046,-0.08000,0.00
,,,-0.03919599950,-0.08000,0.00
,,,-0.03919199854,-0.08000,0.00
,,,-0.03918800130,0.00,0.00
,,,-0.03918400034,0.00,0.00
,,,-0.03917999938,0.00,0.00
,,,-0.03917599842,0.00,0.00
,,,-0.03917200118,0.00,0.00
,,,-0.03916800022,0.00,0.00
,,,-0.03916399926,0.00,0.00
,,,-0.03915999830,0.00,0.00
,,,-0.03915600106,0.00,0.00
,,,-0.03915200010,0.00,0.00
,,,-0.03914799914,0.00,0.00
,,,-0.03914399818,0.00,0.00
,,,-0.03914000094,0.00,0.00
,,,-0.03913599998,0.00,0.00
,,,-0.03913199902,-0.08000,-0.08000
,,,-0.03912799805,0.00,0.00
,,,-0.03912400082,0.00,0.00
,,,-0.03911999986,0.00,0.00
,,,-0.03911599889,0.00,0.00
,,,-0.03911200166,-0.08000,0.00
,,,-0.03910800070,0.00,0.08000
,,,-0.03910399973,0.00,0.00
,,,-0.03909999877,0.00,0.00
,,,-0.03909600154,0.00,0.00
,,,-0.03909200057,0.00,0.00
,,,-0.03908799961,0.00,0.00
,,,-0.03908399865,0.00,0.00
,,,-0.03908000141,0.00,0.00
,,,-0.03907600045,0.00,-0.08000
,,,-0.03907199949,-0.08000,0.00
,,,-0.03906799853,0.00,0.00
,,,-0.03906400129,0.00,0.08000
,,,-0.03906000033,-0.08000,0.00
,,,-0.03905599937,0.00,0.00
,,,-0.03905199841,0.00,0.00
,,,-0.03904800117,0.00,0.00
,,,-0.03904400021,0.00,0.08000
,,,-0.03903999925,0.00,0.00
,,,-0.03903599828,0.00,0.00
,,,-0.03903200105,0.00,0.00
,,,-0.03902800009,-0.08000,0.00
,,,-0.03902399912,0.00,0.00
,,,-0.03901999816,-0.08000,0.00
,,,-0.03901600093,0.00,0.00
,,,-0.03901199996,0.00,0.00
,,,-0.03900799900,-0.08000,0.00
,,,-0.03900399804,0.00,0.00
,,,-0.03900000080,0.00,0.00
,,,-0.03899599984,0.00,0.00
,,,-0.03899199888,0.00,0.00
,,,-0.03898800164,0.00,0.00
,,,-0.03898400068,0.00,0.00
,,,-0.03897999972,0.00,0.00
,,,-0.03897599876,0.00,0.00
,,,-0.03897200152,0.00,0.00
,,,-0.03896800056,0.00,0.00
,,,-0.03896399960,0.00,0.00
,,,-0.03895999864,0.00,0.00
,,,-0.03895600140,0.00,0.00
,,,-0.03895200044,0.00,0.00
,,,-0.03894799948,0.00,0.00
,,,-0.03894399852,0.00,0.00
,,,-0.03894000128,-0.08000,0.00
,,,-0.03893600032,0.00,0.00
,,,-0.03893199936,0.00,0.00
,,,-0.03892799839,0.00,0.00
,,,-0.03892400116,-0.08000,0.00
,,,-0.03892000020,0.00,0.00
,,,-0.03891599923,0.00,0.00
,,,-0.03891199827,0.00,0.00
,,,-0.03890800104,0.00,0.00
,,,-0.03890400007,0.00,0.00
,,,-0.03889999911,0.00,0.00
,,,-0.03889599815,0.00,0.00
,,,-0.03889200091,0.00,0.00
,,,-0.03888799995,0.00,0.00
,,,-0.03888399899,0.00,0.00
,,,-0.03888000175,0.00,0.00
,,,-0.03887600079,0.00,0.00
,,,-0.03887199983,0.00,0.00
,,,-0.03886799887,0.00,0.00
,,,-0.03886400163,0.00,0.00
,,,-0.03886000067,0.00,0.00
,,,-0.03885599971,0.00,0.00
,,,-0.03885199875,0.00,-0.08000
,,,-0.03884800151,0.00,0.00
,,,-0.03884400055,0.00,0.00
,,,-0.03883999959,-0.08000,0.00
,,,-0.03883599862,0.00,0.00
,,,-0.03883200139,0.00,0.00
,,,-0.03882800043,0.00,0.08000
,,,-0.03882399946,0.00,0.00
,,,-0.03881999850,0.00,0.00
,,,-0.03881600127,-0.08000,0.00
,,,-0.03881200030,0.00,0.00
,,,-0.03880799934,0.00,0.00
,,,-0.03880399838,-0.08000,0.00
,,,-0.03880000114,0.00,0.00
,,,-0.03879600018,0.00,0.00
,,,-0.03879199922,0.00,0.00
,,,-0.03878799826,0.00,0.00
,,,-0.03878400102,-0.08000,0.00
,,,-0.03878000006,0.00,0.00
,,,-0.03877599910,0.00,0.08000
,,,-0.03877199814,0.00,0.00
,,,-0.03876800090,0.00,0.00
,,,-0.03876399994,-0.08000,0.00
,,,-0.03875999898,-0.08000,0.00
,,,-0.03875600174,0.00,0.00
,,,-0.03875200078,0.00,0.00
,,,-0.03874799982,0.00,0.00
,,,-0.03874399886,0.00,0.00
,,,-0.03874000162,0.00,-0.08000
,,,-0.03873600066,0.00,0.00
,,,-0.03873199970,0.00,0.00
,,,-0.03872799873,0.00,0.00
,,,-0.03872400150,0.00,0.00
,,,-0.03872000054,0.00,-0.08000
,,,-0.03871599957,-0.08000,0.00
,,,-0.03871199861,0.00,0.00
,,,-0.03870800138,0.00,-0.08000
,,,-0.03870400041,0.00,0.00
,,,-0.03869999945,0.00,0.00
,,,-0.03869599849,0.00,0.00
,,,-0.03869200125,0.00,0.00
,,,-0.03868800029,0.00,0.00
,,,-0.03868399933,0.00,-0.08000
,,,-0.03867999837,0.00,0.00
,,,-0.03867600113,0.00,-0.08000
,,,-0.03867200017,-0.08000,0.00
,,,-0.03866799921,0.00,0.00
,,,-0.03866399825,0.00,-0.08000
,,,-0.03866000101,0.00,0.00
,,,-0.03865600005,0.00,0.00
,,,-0.03865199909,0.00,0.00
,,,-0.03864799812,0.00,0.00
,,,-0.03864400089,0.00,-0.08000
,,,-0.03863999993,0.00,0.00
,,,-0.03863599896,-0.08000,0.00
,,,-0.03863200173,-0.08000,0.00
,,,-0.03862800077,0.00,0.00
,,,-0.03862399980,0.00,0.00
,,,-0.03861999884,-0.08000,0.00
,,,-0.03861600161,0.00,0.00
,,,-0.03861200064,0.00,0.00
,,,-0.03860799968,0.00,-0.08000
,,,-0.03860399872,0.00,0.00
,,,-0.03860000148,0.00,0.00
,,,-0.03859600052,0.00,0.00
,,,-0.03859199956,0.00,0.00
,,,-0.03858799860,0.00,0.00
,,,-0.03858400136,0.00,0.00
,,,-0.03858000040,0.00,0.00
,,,-0.03857599944,0.00,0.00
,,,-0.03857199848,-0.08000,0.00
,,,-0.03856800124,-0.08000,0.00
,,,-0.03856400028,-0.08000,0.00
,,,-0.03855999932,0.00,0.00
,,,-0.03855599836,0.00,0.00
,,,-0.03855200112,-0.08000,0.00
,,,-0.03854800016,0.00,0.00
,,,-0.03854399920,0.00,0.00
,,,-0.03853999823,0.00,0.00
,,,-0.03853600100,0.00,0.00
,,,-0.03853200004,0.00,-0.08000
,,,-0.03852799907,0.00,0.00
,,,-0.03852399811,0.00,-0.08000
,,,-0.03852000087,0.00,0.00
,,,-0.03851599991,-0.08000,0.00
,,,-0.03851199895,0.00,0.00
,,,-0.03850800171,0.00,-0.08000
,,,-0.03850400075,-0.08000,0.00
,,,-0.03849999979,0.00,0.00
,,,-0.03849599883,0.00,0.00
,,,-0.03849200159,0.00,-0.08000
,,,-0.03848800063,0.00,0.00
,,,-0.03848399967,-0.08000,0.00
,,,-0.03847999871,0.00,0.00
,,,-0.03847600147,0.00,-0.08000
,,,-0.03847200051,0.00,0.00
,,,-0.03846799955,0.00,0.00
,,,-0.03846399859,-0.08000,0.00
,,,-0.03846000135,0.00,0.00
,,,-0.03845600039,0.00,0.00
,,,-0.03845199943,0.00,0.00
,,,-0.03844799846,0.00,0.00
,,,-0.03844400123,0.00,0.00
,,,-0.03844000027,0.00,-0.08000
,,,-0.03843599930,0.00,0.00
,,,-0.03843199834,0.00,-0.08000
,,,-0.03842800111,0.00,0.00
,,,-0.03842400014,0.00,0.00
,,,-0.03841999918,-0.08000,0.00
,,,-0.03841599822,0.00,-0.08000
,,,-0.03841200098,-0.08000,0.00
,,,-0.03840800002,0.00,0.00
,,,-0.03840399906,0.00,0.00
,,,-0.03839999810,0.00,0.00
,,,-0.03839600086,0.00,0.00
,,,-0.03839199990,0.00,-0.08000
,,,-0.03838799894,0.08000,0.00
,,,-0.03838400170,0.00,0.00
,,,-0.03838000074,0.00,0.00
,,,-0.03837599978,0.00,0.00
,,,-0.03837199882,0.00,0.08000
,,,-0.03836800158,0.00,0.00
,,,-0.03836400062,0.00,0.00
,,,-0.03835999966,0.00,0.00
,,,-0.03835599869,0.00,0.00
,,,-0.03835200146,0.00,0.00
,,,-0.03834800050,0.00,0.00
,,,-0.03834399953,0.00,0.00
,,,-0.03833999857,0.00,0.00
,,,-0.03833600134,0.00,0.00
,,,-0.03833200037,0.00,0.00
,,,-0.03832799941,-0.08000,0.00
,,,-0.03832399845,-0.08000,0.00
,,,-0.03832000121,0.00,0.00
,,,-0.03831600025,0.00,0.00
,,,-0.03831199929,0.00,0.00
,,,-0.03830799833,0.00,0.00
,,,-0.03830400109,0.00,0.00
,,,-0.03830000013,-0.08000,0.00
,,,-0.03829599917,0.00,-0.08000
,,,-0.03829199821,0.00,0.00
,,,-0.03828800097,0.00,0.00
,,,-0.03828400001,-0.08000,0.00
,,,-0.03827999905,0.00,0.00
,,,-0.03827599809,-0.08000,0.00
,,,-0.03827200085,0.00,0.00
,,,-0.03826799989,0.00,0.00
,,,-0.03826399893,-0.08000,0.00
,,,-0.03826000169,0.00,0.00
,,,-0.03825600073,0.00,0.00
,,,-0.03825199977,0.00,0.00
,,,-0.03824799880,0.00,-0.08000
,,,-0.03824400157,0.00,0.00
,,,-0.03824000061,0.00,0.00
,,,-0.03823599964,0.00,0.00
,,,-0.03823199868,0.00,0.00
,,,-0.03822800145,-0.08000,0.00
,,,-0.03822400048,-0.08000,-0.08000
,,,-0.03821999952,0.00,0.00
,,,-0.03821599856,0.00,0.00
,,,-0.03821200132,0.00,0.00
,,,-0.03820800036,0.00,0.00
,,,-0.03820399940,0.00,0.00
,,,-0.03819999844,-0.08000,0.00
,,,-0.03819600120,-0.08000,0.00
,,,-0.03819200024,0.00,0.00
,,,-0.03818799928,-0.08000,0.08000
,,,-0.03818399832,0.00,0.00
,,,-0.03818000108,0.00,0.00
,,,-0.03817600012,0.00,0.00
,,,-0.03817199916,0.00,0.00
,,,-0.03816799819,0.00,0.00
,,,-0.03816400096,0.00,0.00
,,,-0.03816000000,0.00,0.00
,,,-0.03815599903,0.00,0.00
,,,-0.03815199807,0.00,0.00
,,,-0.03814800084,0.00,0.00
,,,-0.03814399987,0.00,0.00
,,,-0.03813999891,0.00,0.00
,,,-0.03813600168,0.00,0.00
,,,-0.03813200071,0.00,0.00
,,,-0.03812799975,0.00,0.00
,,,-0.03812399879,0.00,0.00
,,,-0.03812000155,0.00,0.00
,,,-0.03811600059,0.00,-0.08000
,,,-0.03811199963,0.00,0.00
,,,-0.03810799867,0.00,0.00
,,,-0.03810400143,0.00,0.00
,,,-0.03810000047,0.00,0.00
,,,-0.03809599951,-0.08000,0.00
,,,-0.03809199855,-0.08000,0.00
,,,-0.03808800131,0.00,0.00
,,,-0.03808400035,0.00,0.00
,,,-0.03807999939,0.00,0.00
,,,-0.03807599843,0.00,0.00
,,,-0.03807200119,0.00,0.00
,,,-0.03806800023,0.00,0.00
,,,-0.03806399927,-0.08000,0.00
,,,-0.03805999830,-0.08000,0.00
,,,-0.03805600107,0.00,0.00
,,,-0.03805200011,0.00,0.00
,,,-0.03804799914,0.00,0.00
,,,-0.03804399818,0.00,0.00
,,,-0.03804000095,0.00,0.00
,,,-0.03803599998,-0.08000,0.00
,,,-0.03803199902,-0.08000,0.00
,,,-0.03802799806,0.00,0.00
,,,-0.03802400082,-0.08000,-0.08000
,,,-0.03801999986,0.00,0.00
,,,-0.03801599890,0.00,0.00
,,,-0.03801200166,0.00,0.00
,,,-0.03800800070,0.00,0.00
,,,-0.03800399974,0.00,0.00
,,,-0.03799999878,0.00,0.00
,,,-0.03799600154,0.00,0.00
,,,-0.03799200058,0.00,0.00
,,,-0.03798799962,0.00,0.00
,,,-0.03798399866,0.00,0.00
,,,-0.03798000142,0.00,0.00
,,,-0.03797600046,0.00,0.00
,,,-0.03797199950,0.00,0.00
,,,-0.03796799853,0.00,0.00
,,,-0.03796400130,0.00,0.00
,,,-0.03796000034,-0.08000,0.00
,,,-0.03795599937,0.00,0.00
,,,-0.03795199841,0.00,0.00
,,,-0.03794800118,0.00,0.00
,,,-0.03794400021,0.00,0.08000
,,,-0.03793999925,0.00,0.00
,,,-0.03793599829,0.00,0.00
,,,-0.03793200105,-0.08000,0.00
,,,-0.03792800009,-0.08000,0.00
,,,-0.03792399913,0.00,0.00
,,,-0.03791999817,-0.08000,0.00
,,,-0.03791600093,0.00,0.00
,,,-0.03791199997,0.00,0.00
,,,-0.03790799901,0.00,0.00
,,,-0.03790399805,0.00,0.00
,,,-0.03790000081,0.00,0.00
,,,-0.03789599985,0.00,0.00
,,,-0.03789199889,0.00,0.00
,,,-0.03788800165,0.00,0.08000
,,,-0.03788400069,0.00,0.00
,,,-0.03787999973,0.00,-0.08000
,,,-0.03787599877,-0.08000,0.00
,,,-0.03787200153,0.00,0.00
,,,-0.03786800057,0.00,0.00
,,,-0.03786399961,0.00,0.00
,,,-0.03785999864,0.00,0.00
,,,-0.03785600141,0.00,0.00
,,,-0.03785200045,0.00,0.00
,,,-0.03784799948,0.00,0.00
,,,-0.03784399852,0.00,0.00
,,,-0.03784000129,0.00,0.00
,,,-0.03783600032,0.00,0.00
,,,-0.03783199936,0.00,0.00
,,,-0.03782799840,0.00,0.00
,,,-0.03782400116,0.00,-0.08000
,,,-0.03782000020,0.00,0.00
,,,-0.03781599924,0.00,0.00
,,,-0.03781199828,0.00,-0.08000
,,,-0.03780800104,-0.08000,0.00
,,,-0.03780400008,0.00,0.00
,,,-0.03779999912,-0.08000,0.00
,,,-0.03779599816,0.00,0.00
,,,-0.03779200092,0.00,0.00
,,,-0.03778799996,0.00,0.00
,,,-0.03778399900,0.00,0.00
,,,-0.03778000176,0.00,0.00
,,,-0.03777600080,-0.08000,0.00
,,,-0.03777199984,-0.08000,0.00
,,,-0.03776799887,0.00,0.00
,,,-0.03776400164,0.00,0.08000
,,,-0.03776000068,0.00,0.00
,,,-0.03775599971,0.00,0.00
,,,-0.03775199875,0.00,0.00
,,,-0.03774800152,0.00,0.08000
,,,-0.03774400055,0.00,0.00
,,,-0.03773999959,0.00,0.00
,,,-0.03773599863,0.00,0.00
,,,-0.03773200139,0.00,-0.08000
,,,-0.03772800043,0.00,0.00
,,,-0.03772399947,0.00,0.00
,,,-0.03771999851,0.00,0.00
,,,-0.03771600127,-0.08000,0.00
,,,-0.03771200031,0.00,0.00
,,,-0.03770799935,-0.08000,0.08000
,,,-0.03770399839,0.00,0.00
,,,-0.03770000115,0.00,0.00
,,,-0.03769600019,-0.08000,0.00
,,,-0.03769199923,0.00,0.00
,,,-0.03768799827,0.00,0.00
,,,-0.03768400103,0.00,0.00
,,,-0.03768000007,0.00,0.00
,,,-0.03767599910,0.00,0.00
,,,-0.03767199814,0.00,0.00
,,,-0.03766800091,0.00,-0.08000
,,,-0.03766399994,0.00,0.00
,,,-0.03765999898,-0.08000,0.00
,,,-0.03765600175,0.00,-0.08000
,,,-0.03765200078,0.00,0.00
,,,-0.03764799982,0.00,0.00
,,,-0.03764399886,0.00,0.00
,,,-0.03764000162,0.00,0.00
,,,-0.03763600066,0.00,0.00
,,,-0.03763199970,0.00,0.00
,,,-0.03762799874,0.00,0.00
,,,-0.03762400150,0.00,0.00
,,,-0.03762000054,0.00,0.00
,,,-0.03761599958,0.00,0.00
,,,-0.03761199862,0.00,0.00
,,,-0.03760800138,0.00,0.00
,,,-0.03760400042,0.00,0.08000
,,,-0.03759999946,0.00,0.00
,,,-0.03759599850,0.00,0.00
,,,-0.03759200126,0.00,0.00
,,,-0.03758800030,0.00,0.00
,,,-0.03758399934,0.00,0.00
,,,-0.03757999837,0.00,0.00
,,,-0.03757600114,0.00,0.00
,,,-0.03757200018,0.00,0.00
,,,-0.03756799921,0.00,0.00
,,,-0.03756399825,-0.08000,0.00
,,,-0.03756000102,0.00,0.00
,,,-0.03755600005,0.00,0.00
,,,-0.03755199909,0.00,0.00
,,,-0.03754799813,0.00,0.00
,,,-0.03754400089,0.00,0.00
,,,-0.03753999993,0.00,0.00
,,,-0.03753599897,0.00,0.00
,,,-0.03753200173,0.00,0.00
,,,-0.03752800077,0.00,0.00
,,,-0.03752399981,0.00,0.00
,,,-0.03751999885,0.00,0.00
,,,-0.03751600161,0.00,0.00
,,,-0.03751200065,0.00,0.00
,,,-0.03750799969,0.00,0.00
,,,-0.03750399873,0.00,0.00
,,,-0.03750000149,0.00,0.00
,,,-0.03749600053,0.00,0.00
,,,-0.03749199957,0.00,0.00
,,,-0.03748799860,0.00,0.00
,,,-0.03748400137,0.00,-0.08000
,,,-0.03748000041,0.00,-0.08000
,,,-0.03747599944,0.00,0.00
,,,-0.03747199848,0.00,0.00
,,,-0.03746800125,0.00,0.00
,,,-0.03746400028,0.00,0.00
,,,-0.03745999932,0.00,0.00
,,,-0.03745599836,0.00,0.00
,,,-0.03745200112,0.00,0.08000
,,,-0.03744800016,-0.08000,-0.08000
,,,-0.03744399920,0.00,0.00
,,,-0.03743999824,0.00,0.00
,,,-0.03743600100,0.00,0.00
,,,-0.03743200004,0.00,0.00
,,,-0.03742799908,0.00,0.00
,,,-0.03742399812,0.00,0.00
,,,-0.03742000088,0.00,0.00
,,,-0.03741599992,0.00,0.00
,,,-0.03741199896,0.00,0.00
,,,-0.03740800172,0.00,0.00
,,,-0.03740400076,0.00,0.00
,,,-0.03739999980,0.00,0.08000
,,,-0.03739599884,0.00,0.00
,,,-0.03739200160,0.00,0.00
,,,-0.03738800064,0.00,0.00
,,,-0.03738399968,0.00,0.00
,,,-0.03737999871,0.00,0.00
,,,-0.03737600148,0.00,0.00
,,,-0.03737200052,0.00,0.00
,,,-0.03736799955,0.00,0.00
,,,-0.03736399859,-0.08000,0.00
,,,-0.03736000136,0.00,0.00
,,,-0.03735600039,0.00,0.00
,,,-0.03735199943,0.00,0.00
,,,-0.03734799847,0.00,0.00
,,,-0.03734400123,0.00,0.08000
,,,-0.03734000027,0.00,0.00
,,,-0.03733599931,-0.08000,0.00
,,,-0.03733199835,0.00,0.00
,,,-0.03732800111,-0.08000,0.00
,,,-0.03732400015,-0.08000,0.00
,,,-0.03731999919,0.00,0.00
,,,-0.03731599823,0.00,0.00
,,,-0.03731200099,0.00,0.00
,,,-0.03730800003,0.00,0.00
,,,-0.03730399907,-0.08000,-0.08000
,,,-0.03729999810,0.00,-0.08000
,,,-0.03729600087,0.00,0.00
,,,-0.03729199991,0.00,0.00
,,,-0.03728799894,0.00,0.00
,,,-0.03728400171,-0.08000,0.00
,,,-0.03728000075,0.00,0.00
,,,-0.03727599978,0.00,0.00
,,,-0.03727199882,0.00,0.00
,,,-0.03726800159,0.00,0.00
,,,-0.03726400062,-0.08000,0.00
,,,-0.03725999966,0.00,0.00
,,,-0.03725599870,0.00,0.00
,,,-0.03725200146,0.00,0.00
,,,-0.03724800050,0.00,0.00
,,,-0.03724399954,-0.08000,0.00
,,,-0.03723999858,0.00,0.00
,,,-0.03723600134,-0.08000,0.00
,,,-0.03723200038,0.00,0.00
,,,-0.03722799942,0.00,0.00
,,,-0.03722399846,0.00,0.00
,,,-0.03722000122,-0.08000,0.00
,,,-0.03721600026,0.00,0.00
,,,-0.03721199930,0.00,0.00
,,,-0.03720799834,0.00,0.00
,,,-0.03720400110,0.00,0.00
,,,-0.03720000014,-0.08000,0.00
,,,-0.03719599918,0.00,0.00
,,,-0.03719199821,0.00,0.00
,,,-0.03718800098,-0.08000,0.00
,,,-0.03718400002,0.00,0.00
,,,-0.03717999905,0.00,0.08000
,,,-0.03717599809,0.00,0.00
,,,-0.03717200086,0.00,0.00
,,,-0.03716799989,0.00,0.00
,,,-0.03716399893,0.00,0.00
,,,-0.03716000170,-0.08000,0.00
,,,-0.03715600073,0.00,0.00
,,,-0.03715199977,0.00,0.00
,,,-0.03714799881,0.00,0.00
,,,-0.03714400157,0.00,0.00
,,,-0.03714000061,0.00,0.00
,,,-0.03713599965,0.00,0.00
,,,-0.03713199869,0.00,0.00
,,,-0.03712800145,0.00,0.00
,,,-0.03712400049,0.00,0.00
,,,-0.03711999953,0.00,0.00
,,,-0.03711599857,0.00,0.00
,,,-0.03711200133,0.00,0.00
,,,-0.03710800037,0.00,0.08000
,,,-0.03710399941,0.00,0.00
,,,-0.03709999844,0.00,0.00
,,,-0.03709600121,0.00,0.00
,,,-0.03709200025,-0.08000,0.00
,,,-0.03708799928,0.00,0.00
,,,-0.03708399832,0.00,0.00
,,,-0.03708000109,0.00,0.00
,,,-0.03707600012,0.00,0.00
,,,-0.03707199916,-0.08000,0.00
,,,-0.03706799820,0.00,0.00
,,,-0.03706400096,0.00,0.00
,,,-0.03706000000,0.00,0.00
,,,-0.03705599904,0.00,0.00
,,,-0.03705199808,-0.08000,0.00
,,,-0.03704800084,0.00,0.00
,,,-0.03704399988,0.00,0.00
,,,-0.03703999892,0.00,0.00
,,,-0.03703600168,-0.08000,0.00
,,,-0.03703200072,0.00,0.00
,,,-0.03702799976,0.00,0.00
,,,-0.03702399880,-0.08000,-0.08000
,,,-0.03702000156,-0.08000,0.00
,,,-0.03701600060,0.00,0.00
,,,-0.03701199964,-0.08000,0.00
,,,-0.03700799868,0.00,0.00
,,,-0.03700400144,0.00,0.00
,,,-0.03700000048,0.00,0.00
,,,-0.03699599952,0.00,0.00
,,,-0.03699199855,0.00,0.00
,,,-0.03698800132,0.00,0.00
,,,-0.03698400036,0.00,0.00
,,,-0.03697999939,-0.08000,0.00
,,,-0.03697599843,0.00,0.00
,,,-0.03697200119,0.00,0.00
,,,-0.03696800023,0.00,0.00
,,,-0.03696399927,-0.08000,0.00
,,,-0.03695999831,0.00,0.00
,,,-0.03695600107,0.00,-0.08000
,,,-0.03695200011,0.00,0.00
,,,-0.03694799915,0.00,0.00
,,,-0.03694399819,0.00,0.00
,,,-0.03694000095,0.00,0.00
,,,-0.03693599999,0.00,0.00
,,,-0.03693199903,0.00,0.00
,,,-0.03692799807,0.00,0.00
,,,-0.03692400083,0.00,0.00
,,,-0.03691999987,0.00,0.00
,,,-0.03691599891,0.00,0.00
,,,-0.03691200167,0.00,0.00
,,,-0.03690800071,0.00,0.00
,,,-0.03690399975,0.00,0.00
,,,-0.03689999878,-0.08000,0.00
,,,-0.03689600155,-0.08000,0.00
,,,-0.03689200059,0.00,0.00
,,,-0.03688799962,0.00,-0.08000
,,,-0.03688399866,0.00,0.00
,,,-0.03688000143,0.00,0.00
,,,-0.03687600046,0.00,0.00
,,,-0.03687199950,0.00,0.00
,,,-0.03686799854,0.00,0.00
,,,-0.03686400130,0.00,0.00
,,,-0.03686000034,0.00,0.00
,,,-0.03685599938,0.00,0.08000
,,,-0.03685199842,0.00,0.00
,,,-0.03684800118,0.00,0.00
,,,-0.03684400022,0.00,-0.08000
,,,-0.03683999926,0.00,-0.08000
,,,-0.03683599830,0.00,0.00
,,,-0.03683200106,0.00,0.00
,,,-0.03682800010,-0.08000,0.00
,,,-0.03682399914,0.00,0.00
,,,-0.03681999817,-0.08000,0.00
,,,-0.03681600094,0.00,0.00
,,,-0.03681199998,-0.08000,0.00
,,,-0.03680799901,0.00,0.00
,,,-0.03680399805,0.00,0.00
,,,-0.03680000082,0.00,0.00
,,,-0.03679599985,0.00,0.00
,,,-0.03679199889,0.00,0.00
,,,-0.03678800166,0.00,0.00
,,,-0.03678400069,0.00,-0.08000
,,,-0.03677999973,0.00,0.00
,,,-0.03677599877,-0.08000,0.00
,,,-0.03677200153,-0.08000,-0.08000
,,,-0.03676800057,0.00,0.00
,,,-0.03676399961,-0.08000,0.00
,,,-0.03675999865,0.00,0.00
,,,-0.03675600141,0.00,0.00
,,,-0.03675200045,0.00,0.00
,,,-0.03674799949,0.00,0.00
,,,-0.03674399853,0.00,0.00
,,,-0.03674000129,0.00,0.00
,,,-0.03673600033,0.00,0.08000
,,,-0.03673199937,0.00,0.00
,,,-0.03672799841,0.00,0.00
,,,-0.03672400117,-0.08000,0.00
,,,-0.03672000021,0.00,0.00
,,,-0.03671599925,0.00,0.08000
,,,-0.03671199828,0.00,0.00
,,,-0.03670800105,-0.08000,0.00
,,,-0.03670400009,0.00,0.08000
,,,-0.03669999912,0.00,0.00
,,,-0.03669599816,0.00,0.00
,,,-0.03669200093,0.00,0.00
,,,-0.03668799996,-0.08000,0.00
,,,-0.03668399900,0.00,0.00
,,,-0.03668000177,0.00,0.00
,,,-0.03667600080,0.00,0.00
,,,-0.03667199984,0.00,0.08000
,,,-0.03666799888,0.00,0.00
,,,-0.03666400164,0.00,0.00
,,,-0.03666000068,-0.08000,0.00
,,,-0.03665599972,0.00,0.00
,,,-0.03665199876,0.00,0.00
,,,-0.03664800152,0.00,0.00
,,,-0.03664400056,0.00,0.00
,,,-0.03663999960,0.00,0.00
,,,-0.03663599864,0.00,0.00
,,,-0.03663200140,0.00,0.00
,,,-0.03662800044,0.00,0.00
,,,-0.03662399948,0.00,0.00
,,,-0.03661999851,0.00,0.00
,,,-0.03661600128,0.00,0.00
,,,-0.03661200032,0.00,0.00
,,,-0.03660799935,0.00,0.00
,,,-0.03660399839,-0.08000,0.00
,,,-0.03660000116,0.00,0.00
,,,-0.03659600019,0.00,0.00
,,,-0.03659199923,0.00,0.00
,,,-0.03658799827,0.00,0.00
,,,-0.03658400103,-0.08000,0.00
,,,-0.03658000007,0.00,0.00
,,,-0.03657599911,0.00,0.00
,,,-0.03657199815,0.00,0.00
,,,-0.03656800091,0.00,0.00
,,,-0.03656399995,0.00,0.00
,,,-0.03655999899,0.00,0.00
,,,-0.03655600175,0.00,0.00
,,,-0.03655200079,0.00,0.00
,,,-0.03654799983,0.00,0.00
,,,-0.03654399887,0.00,0.00
,,,-0.03654000163,0.00,0.00
,,,-0.03653600067,0.00,0.00
,,,-0.03653199971,0.00,0.00
,,,-0.03652799875,0.00,0.00
,,,-0.03652400151,0.00,0.00
,,,-0.03652000055,0.00,0.00
,,,-0.03651599959,0.00,0.00
,,,-0.03651199862,-0.08000,0.00
,,,-0.03650800139,-0.08000,0.00
,,,-0.03650400043,0.00,0.00
,,,-0.03649999946,0.00,0.00
,,,-0.03649599850,0.00,0.00
,,,-0.03649200127,0.00,0.00
,,,-0.03648800030,-0.08000,0.00
,,,-0.03648399934,0.00,0.00
,,,-0.03647999838,0.00,0.00
,,,-0.03647600114,0.00,0.00
,,,-0.03647200018,0.00,0.00
,,,-0.03646799922,0.00,0.08000
,,,-0.03646399826,0.00,0.00
,,,-0.03646000102,0.00,0.00
,,,-0.03645600006,0.00,0.00
,,,-0.03645199910,0.00,0.00
,,,-0.03644799814,0.00,0.00
,,,-0.03644400090,0.00,0.00
,,,-0.03643999994,0.00,0.00
,,,-0.03643599898,0.00,0.00
,,,-0.03643200174,0.00,0.00
,,,-0.03642800078,0.00,0.00
,,,-0.03642399982,0.00,0.00
,,,-0.03641999885,0.00,0.00
,,,-0.03641600162,0.00,0.00
,,,-0.03641200066,-0.08000,0.00
,,,-0.03640799969,0.00,0.00
,,,-0.03640399873,0.00,0.00
,,,-0.03640000150,0.00,0.00
,,,-0.03639600053,0.00,0.00
,,,-0.03639199957,-0.08000,0.00
,,,-0.03638799861,0.00,0.00
,,,-0.03638400137,0.00,0.00
,,,-0.03638000041,0.00,0.00
,,,-0.03637599945,0.00,0.00
,,,-0.03637199849,0.00,0.00
,,,-0.03636800125,0.00,0.00
,,,-0.03636400029,0.00,0.00
,,,-0.03635999933,0.00,0.00
,,,-0.03635599837,0.00,0.00
,,,-0.03635200113,0.00,0.00
,,,-0.03634800017,-0.08000,0.00
,,,-0.03634399921,0.00,0.00
,,,-0.03633999825,0.00,0.00
,,,-0.03633600101,-0.08000,0.00
,,,-0.03633200005,0.00,0.00
,,,-0.03632799909,0.00,0.00
,,,-0.03632399812,0.00,0.00
,,,-0.03632000089,0.00,0.00
,,,-0.03631599993,-0.08000,0.00
,,,-0.03631199896,-0.08000,0.00
,,,-0.03630800173,0.00,0.00
,,,-0.03630400077,0.00,0.00
,,,-0.03629999980,0.00,0.00
,,,-0.03629599884,0.00,0.00
,,,-0.03629200161,0.00,0.08000
,,,-0.03628800064,0.00,0.08000
,,,-0.03628399968,-0.08000,0.00
,,,-0.03627999872,0.00,0.00
,,,-0.03627600148,0.00,0.00
,,,-0.03627200052,0.00,0.00
,,,-0.03626799956,0.00,0.00
,,,-0.03626399860,0.00,0.00
,,,-0.03626000136,0.00,0.00
,,,-0.03625600040,0.00,0.08000
,,,-0.03625199944,0.00,0.00
,,,-0.03624799848,-0.08000,0.00
,,,-0.03624400124,0.00,0.00
,,,-0.03624000028,0.00,0.00
,,,-0.03623599932,0.00,0.00
,,,-0.03623199835,0.00,0.00
,,,-0.03622800112,0.00,0.00
,,,-0.03622400016,0.00,0.00
,,,-0.03621999919,0.00,0.00
,,,-0.03621599823,0.00,0.00
,,,-0.03621200100,0.00,0.00
,,,-0.03620800003,0.00,0.00
,,,-0.03620399907,0.00,0.00
,,,-0.03619999811,0.00,0.00
,,,-0.03619600087,0.00,0.00
,,,-0.03619199991,0.00,0.00
,,,-0.03618799895,0.00,0.08000
,,,-0.03618400171,0.00,0.00
,,,-0.03618000075,-0.08000,0.00
,,,-0.03617599979,0.00,0.00
,,,-0.03617199883,0.00,0.00
,,,-0.03616800159,0.00,0.00
,,,-0.03616400063,0.00,0.00
,,,-0.03615999967,-0.08000,0.00
,,,-0.03615599871,0.00,0.00
,,,-0.03615200147,-0.08000,0.00
,,,-0.03614800051,-0.08000,0.00
,,,-0.03614399955,0.00,0.00
,,,-0.03613999858,0.00,0.00
,,,-0.03613600135,-0.08000,0.00
,,,-0.03613200039,0.00,0.00
,,,-0.03612799942,0.00,0.00
,,,-0.03612399846,0.00,0.00
,,,-0.03612000123,0.00,0.00
,,,-0.03611600026,-0.08000,0.00
,,,-0.03611199930,0.00,0.00
,,,-0.03610799834,0.00,0.08000
,,,-0.03610400110,0.00,0.00
,,,-0.03610000014,0.00,0.00
,,,-0.03609599918,0.00,0.00
,,,-0.03609199822,0.00,0.00
,,,-0.03608800098,0.00,0.00
,,,-0.03608400002,0.00,0.00
,,,-0.03607999906,0.00,0.00
,,,-0.03607599810,0.00,0.08000
,,,-0.03607200086,0.00,0.00
,,,-0.03606799990,0.00,0.00
,,,-0.03606399894,0.00,0.00
,,,-0.03606000170,0.00,0.00
,,,-0.03605600074,0.00,0.00
,,,-0.03605199978,0.00,0.00
,,,-0.03604799882,0.00,0.00
,,,-0.03604400158,0.00,0.00
,,,-0.03604000062,0.00,0.00
,,,-0.03603599966,0.00,0.00
,,,-0.03603199869,0.00,0.00
,,,-0.03602800146,0.00,0.00
,,,-0.03602400050,-0.08000,0.00
,,,-0.03601999953,0.00,0.00
,,,-0.03601599857,0.00,0.00
,,,-0.03601200134,0.00,0.00
,,,-0.03600800037,0.00,0.00
,,,-0.03600399941,0.00,0.00
,,,-0.03599999845,0.00,0.00
,,,-0.03599600121,0.00,0.00
,,,-0.03599200025,0.00,0.08000
,,,-0.03598799929,0.00,0.00
,,,-0.03598399833,0.00,0.00
,,,-0.03598000109,0.00,0.00
,,,-0.03597600013,0.00,0.00
,,,-0.03597199917,0.00,0.00
,,,-0.03596799821,0.00,0.00
,,,-0.03596400097,0.00,0.00
,,,-0.03596000001,0.00,0.00
,,,-0.03595599905,0.00,0.00
,,,-0.03595199808,0.00,0.00
,,,-0.03594800085,0.00,0.00
,,,-0.03594399989,0.00,0.00
,,,-0.03593999892,0.00,0.00
,,,-0.03593600169,0.00,0.00
,,,-0.03593200073,0.00,0.00
,,,-0.03592799976,0.00,0.00
,,,-0.03592399880,0.00,0.00
,,,-0.03592000157,0.00,0.00
,,,-0.03591600060,0.00,0.00
,,,-0.03591199964,0.00,0.00
,,,-0.03590799868,0.00,0.00
,,,-0.03590400144,0.00,0.00
,,,-0.03590000048,0.00,0.00
,,,-0.03589599952,-0.08000,0.00
,,,-0.03589199856,0.00,0.00
,,,-0.03588800132,0.00,0.00
,,,-0.03588400036,0.00,0.00
,,,-0.03587999940,0.00,0.00
,,,-0.03587599844,0.00,0.00
,,,-0.03587200120,0.00,0.00
,,,-0.03586800024,0.00,0.00
,,,-0.03586399928,-0.08000,0.00
,,,-0.03585999832,0.00,0.00
,,,-0.03585600108,0.00,0.00
,,,-0.03585200012,0.00,0.00
,,,-0.03584799916,-0.08000,0.00
,,,-0.03584399819,0.00,0.00
,,,-0.03584000096,0.00,0.00
,,,-0.03583600000,0.00,0.00
,,,-0.03583199903,0.00,0.00
,,,-0.03582799807,0.00,0.00
,,,-0.03582400084,0.00,0.00
,,,-0.03581999987,-0.08000,0.00
,,,-0.03581599891,0.00,0.00
,,,-0.03581200168,0.00,0.00
,,,-0.03580800071,0.00,0.00
,,,-0.03580399975,0.00,0.00
,,,-0.03579999879,0.00,0.00
,,,-0.03579600155,0.00,0.08000
,,,-0.03579200059,-0.08000,0.00
,,,-0.03578799963,0.00,0.00
,,,-0.03578399867,0.00,0.00
,,,-0.03578000143,0.00,0.08000
,,,-0.03577600047,0.00,0.00
,,,-0.03577199951,0.00,0.00
,,,-0.03576799855,0.00,0.00
,,,-0.03576400131,0.00,0.00
,,,-0.03576000035,0.00,0.00
,,,-0.03575599939,0.00,0.00
,,,-0.03575199842,0.00,0.00
,,,-0.03574800119,0.00,0.00
,,,-0.03574400023,0.00,0.00
,,,-0.03573999926,0.00,0.00
,,,-0.03573599830,0.00,-0.08000
,,,-0.03573200107,0.00,0.00
,,,-0.03572800010,0.00,0.00
,,,-0.03572399914,0.00,0.00
,,,-0.03571999818,0.00,0.00
,,,-0.03571600094,0.00,0.00
,,,-0.03571199998,-0.08000,0.00
,,,-0.03570799902,-0.08000,0.00
,,,-0.03570399806,-0.08000,0.08000
,,,-0.03570000082,0.00,0.00
,,,-0.03569599986,0.00,0.00
,,,-0.03569199890,0.00,0.00
,,,-0.03568800166,0.00,0.00
,,,-0.03568400070,0.00,0.00
,,,-0.03567999974,0.00,0.08000
,,,-0.03567599878,0.00,0.00
,,,-0.03567200154,-0.08000,0.00
,,,-0.03566800058,0.00,0.00
,,,-0.03566399962,0.00,0.00
,,,-0.03565999866,-0.08000,0.00
,,,-0.03565600142,0.00,0.00
,,,-0.03565200046,0.00,0.00
,,,-0.03564799950,0.00,0.00
,,,-0.03564399853,0.00,0.00
,,,-0.03564000130,-0.08000,0.00
,,,-0.03563600034,0.00,0.00
,,,-0.03563199937,-0.08000,0.00
,,,-0.03562799841,0.00,-0.08000
,,,-0.03562400118,0.00,0.00
,,,-0.03562000021,0.00,0.00
,,,-0.03561599925,-0.08000,0.00
,,,-0.03561199829,0.00,0.00
,,,-0.03560800105,0.00,0.00
,,,-0.03560400009,0.00,0.00
,,,-0.03559999913,0.00,0.00
,,,-0.03559599817,0.00,0.00
,,,-0.03559200093,0.00,0.00
,,,-0.03558799997,0.00,0.00
,,,-0.03558399901,0.00,0.00
,,,-0.03558000177,0.00,0.00
,,,-0.03557600081,0.00,0.00
,,,-0.03557199985,0.00,0.00
,,,-0.03556799889,0.00,0.00
,,,-0.03556400165,0.00,0.00
,,,-0.03556000069,0.00,0.00
,,,-0.03555599973,-0.08000,0.00
,,,-0.03555199876,-0.08000,0.00
,,,-0.03554800153,-0.08000,-0.08000
,,,-0.03554400057,0.00,0.00
,,,-0.03553999960,-0.08000,0.00
,,,-0.03553599864,0.00,0.00
,,,-0.03553200141,0.00,0.00
,,,-0.03552800044,0.00,-0.08000
,,,-0.03552399948,0.00,0.08000
,,,-0.03551999852,0.00,0.00
,,,-0.03551600128,0.00,0.00
,,,-0.03551200032,0.00,0.00
,,,-0.03550799936,0.00,0.00
,,,-0.03550399840,0.00,0.00
,,,-0.03550000116,0.00,0.00
,,,-0.03549600020,0.00,0.00
,,,-0.03549199924,0.00,-0.08000
,,,-0.03548799828,0.00,0.00
,,,-0.03548400104,0.00,0.00
,,,-0.03548000008,0.00,0.00
,,,-0.03547599912,0.00,0.00
,,,-0.03547199816,0.00,0.00
,,,-0.03546800092,0.00,0.00
,,,-0.03546399996,0.00,0.00
,,,-0.03545999900,-0.08000,0.00
,,,-0.03545600176,0.00,0.00
,,,-0.03545200080,0.00,0.00
,,,-0.03544799984,0.00,0.00
,,,-0.03544399887,0.00,0.00
,,,-0.03544000164,0.00,0.00
,,,-0.03543600067,0.00,0.00
,,,-0.03543199971,0.00,0.00
,,,-0.03542799875,0.00,0.08000
,,,-0.03542400151,0.00,0.00
,,,-0.03542000055,0.00,0.00
,,,-0.03541599959,0.00,0.00
,,,-0.03541199863,0.00,0.00
,,,-0.03540800139,0.00,0.00
,,,-0.03540400043,0.00,0.00
,,,-0.03539999947,0.00,0.00
,,,-0.03539599851,0.00,0.00
,,,-0.03539200127,-0.08000,0.00
,,,-0.03538800031,0.00,0.08000
,,,-0.03538399935,0.00,0.00
,,,-0.03537999839,0.00,0.00
,,,-0.03537600115,0.00,0.00
,,,-0.03537200019,0.00,0.00
,,,-0.03536799923,0.00,0.00
,,,-0.03536399826,0.00,0.00
,,,-0.03536000103,0.00,0.00
,,,-0.03535600007,0.00,0.00
,,,-0.03535199910,0.00,0.08000
,,,-0.03534799814,0.00,0.08000
,,,-0.03534400091,0.00,0.08000
,,,-0.03533999994,0.00,0.00
,,,-0.03533599898,0.00,0.08000
,,,-0.03533200175,0.00,0.08000
,,,-0.03532800078,-0.08000,0.00
,,,-0.03532399982,0.00,0.00
,,,-0.03531999886,0.00,0.00
,,,-0.03531600162,0.00,0.00
,,,-0.03531200066,0.00,0.00
,,,-0.03530799970,0.00,0.00
,,,-0.03530399874,0.00,0.00
,,,-0.03530000150,0.00,-0.08000
,,,-0.03529600054,0.00,0.00
,,,-0.03529199958,-0.08000,0.00
,,,-0.03528799862,-0.08000,0.00
,,,-0.03528400138,0.00,0.00
,,,-0.03528000042,0.00,0.00
,,,-0.03527599946,0.00,0.00
,,,-0.03527199849,0.00,0.00
,,,-0.03526800126,0.00,0.00
,,,-0.03526400030,0.00,0.00
,,,-0.03525999933,0.00,-0.08000
,,,-0.03525599837,0.00,0.00
,,,-0.03525200114,0.00,0.00
,,,-0.03524800017,0.00,0.00
,,,-0.03524399921,0.00,0.00
,,,-0.03523999825,0.00,0.00
,,,-0.03523600101,-0.08000,0.00
,,,-0.03523200005,0.00,-0.08000
,,,-0.03522799909,-0.08000,0.00
,,,-0.03522399813,0.00,0.00
,,,-0.03522000089,0.00,0.00
,,,-0.03521599993,0.00,0.00
,,,-0.03521199897,0.00,0.00
,,,-0.03520800173,0.00,0.00
,,,-0.03520400077,0.00,0.00
,,,-0.03519999981,0.00,0.00
,,,-0.03519599885,0.00,0.00
,,,-0.03519200161,-0.08000,0.00
,,,-0.03518800065,0.00,0.00
,,,-0.03518399969,0.00,0.00
,,,-0.03517999873,0.00,0.00
,,,-0.03517600149,0.00,0.00
,,,-0.03517200053,-0.08000,0.00
,,,-0.03516799957,0.00,0.00
,,,-0.03516399860,0.00,-0.08000
,,,-0.03516000137,0.00,0.00
,,,-0.03515600041,0.00,0.00
,,,-0.03515199944,0.00,0.00
,,,-0.03514799848,0.00,0.00
,,,-0.03514400125,0.00,0.00
,,,-0.03514000028,0.00,0.00
,,,-0.03513599932,0.00,0.00
,,,-0.03513199836,0.00,0.00
,,,-0.03512800112,0.00,0.00
,,,-0.03512400016,0.00,0.00
,,,-0.03511999920,-0.08000,0.00
,,,-0.03511599824,-0.08000,0.00
,,,-0.03511200100,0.00,0.00
,,,-0.03510800004,0.00,0.00
,,,-0.03510399908,0.00,0.00
,,,-0.03509999812,0.00,0.00
,,,-0.03509600088,0.00,0.00
,,,-0.03509199992,0.00,0.00
,,,-0.03508799896,0.00,0.00
,,,-0.03508400172,0.00,0.00
,,,-0.03508000076,0.00,0.00
,,,-0.03507599980,0.00,0.00
,,,-0.03507199883,0.00,0.08000
,,,-0.03506800160,0.00,0.00
,,,-0.03506400064,0.00,0.00
,,,-0.03505999967,0.00,0.00
,,,-0.03505599871,0.00,0.00
,,,-0.03505200148,0.00,0.00
,,,-0.03504800051,0.00,0.00
,,,-0.03504399955,0.00,0.00
,,,-0.03503999859,-0.08000,0.00
,,,-0.03503600135,0.00,0.00
,,,-0.03503200039,0.00,0.00
,,,-0.03502799943,0.00,0.00
,,,-0.03502399847,0.00,0.00
,,,-0.03502000123,-0.08000,0.00
,,,-0.03501600027,0.00,0.00
,,,-0.03501199931,0.00,0.00
,,,-0.03500799835,0.00,0.00
,,,-0.03500400111,0.00,0.00
,,,-0.03500000015,0.00,0.00
,,,-0.03499599919,0.00,0.00
,,,-0.03499199823,0.00,0.08000
,,,-0.03498800099,0.00,0.00
,,,-0.03498400003,0.00,0.00
,,,-0.03497999907,-0.08000,0.08000
,,,-0.03497599810,0.00,0.00
,,,-0.03497200087,-0.08000,0.00
,,,-0.03496799991,0.00,0.00
,,,-0.03496399894,0.00,0.00
,,,-0.03496000171,0.00,0.00
,,,-0.03495600075,0.00,0.00
,,,-0.03495199978,0.00,0.00
,,,-0.03494799882,0.00,0.00
,,,-0.03494400159,0.00,0.00
,,,-0.03494000062,0.00,0.00
,,,-0.03493599966,0.00,0.00
,,,-0.03493199870,0.00,0.00
,,,-0.03492800146,0.00,0.00
,,,-0.03492400050,-0.08000,0.00
,,,-0.03491999954,0.00,0.00
,,,-0.03491599858,0.00,0.00
,,,-0.03491200134,0.00,0.00
,,,-0.03490800038,0.00,0.08000
,,,-0.03490399942,0.00,0.00
,,,-0.03489999846,0.00,0.00
,,,-0.03489600122,0.00,0.00
,,,-0.03489200026,0.00,0.00
,,,-0.03488799930,0.00,0.00
,,,-0.03488399833,0.00,0.00
,,,-0.03488000110,0.00,0.00
,,,-0.03487600014,0.00,0.00
,,,-0.03487199917,0.00,0.00
,,,-0.03486799821,0.00,0.00
,,,-0.03486400098,-0.16000,0.00
,,,-0.03486000001,0.00,0.00
,,,-0.03485599905,0.00,0.00
,,,-0.03485199809,0.00,0.00
,,,-0.03484800085,0.00,0.00
,,,-0.03484399989,0.00,0.00
,,,-0.03483999893,0.00,0.00
,,,-0.03483600169,0.00,0.00
,,,-0.03483200073,0.00,0.00
,,,-0.03482799977,0.00,0.00
,,,-0.03482399881,0.00,0.00
,,,-0.03482000157,0.00,0.00
,,,-0.03481600061,0.00,0.00
,,,-0.03481199965,0.00,0.00
,,,-0.03480799869,0.00,0.00
,,,-0.03480400145,0.00,0.00
,,,-0.03480000049,0.00,0.00
,,,-0.03479599953,0.00,0.00
,,,-0.03479199857,0.00,-0.08000
,,,-0.03478800133,0.00,0.00
,,,-0.03478400037,0.00,0.00
,,,-0.03477999941,0.00,0.00
,,,-0.03477599844,0.00,0.00
,,,-0.03477200121,0.00,0.00
,,,-0.03476800025,0.00,0.00
,,,-0.03476399928,0.00,0.00
,,,-0.03475999832,0.00,0.00
,,,-0.03475600109,-0.08000,0.00
,,,-0.03475200012,0.00,0.00
,,,-0.03474799916,0.00,0.00
,,,-0.03474399820,0.00,0.00
,,,-0.03474000096,0.00,0.00
,,,-0.03473600000,0.00,0.00
,,,-0.03473199904,0.00,0.00
,,,-0.03472799808,-0.08000,0.00
,,,-0.03472400084,0.00,0.00
,,,-0.03471999988,0.00,0.08000
,,,-0.03471599892,0.00,0.00
,,,-0.03471200168,0.00,0.00
,,,-0.03470800072,0.00,0.00
,,,-0.03470399976,0.00,0.00
,,,-0.03469999880,0.00,0.00
,,,-0.03469600156,0.00,0.00
,,,-0.03469200060,0.00,0.00
,,,-0.03468799964,0.00,0.00
,,,-0.03468399867,0.00,0.00
,,,-0.03468000144,0.00,0.00
,,,-0.03467600048,0.00,0.00
,,,-0.03467199951,0.00,0.00
,,,-0.03466799855,0.00,0.00
,,,-0.03466400132,0.00,0.00
,,,-0.03466000035,0.00,0.00
,,,-0.03465599939,0.00,0.00
,,,-0.03465199843,0.00,0.00
,,,-0.03464800119,-0.08000,0.00
,,,-0.03464400023,0.00,0.00
,,,-0.03463999927,0.00,0.00
,,,-0.03463599831,0.00,0.00
,,,-0.03463200107,0.00,0.00
,,,-0.03462800011,0.00,0.08000
,,,-0.03462399915,0.00,0.00
,,,-0.03461999819,0.00,0.00
,,,-0.03461600095,0.00,0.08000
,,,-0.03461199999,0.00,0.00
,,,-0.03460799903,0.00,-0.08000
,,,-0.03460399806,0.00,0.00
,,,-0.03460000083,0.00,0.00
,,,-0.03459599987,0.00,0.00
,,,-0.03459199890,0.00,0.00
,,,-0.03458800167,0.00,0.08000
,,,-0.03458400071,0.00,0.00
,,,-0.03457999974,-0.08000,0.08000
,,,-0.03457599878,0.00,0.00
,,,-0.03457200155,0.00,0.00
,,,-0.03456800058,0.00,0.00
,,,-0.03456399962,-0.08000,0.00
,,,-0.03455999866,0.00,0.00
,,,-0.03455600142,0.00,0.00
,,,-0.03455200046,0.00,0.00
,,,-0.03454799950,0.00,0.00
,,,-0.03454399854,0.00,0.00
,,,-0.03454000130,0.00,0.00
,,,-0.03453600034,0.00,0.00
,,,-0.03453199938,0.00,0.00
,,,-0.03452799842,0.00,0.00
,,,-0.03452400118,0.00,0.00
,,,-0.03452000022,0.00,-0.08000
,,,-0.03451599926,0.00,0.00
,,,-0.03451199830,0.00,0.00
,,,-0.03450800106,0.00,0.08000
,,,-0.03450400010,0.00,0.00
,,,-0.03449999914,0.00,0.00
,,,-0.03449599817,0.00,0.00
,,,-0.03449200094,0.00,0.00
,,,-0.03448799998,0.00,0.00
,,,-0.03448399901,0.00,0.00
,,,-0.03447999805,0.00,0.00
,,,-0.03447600082,0.00,0.00
,,,-0.03447199985,0.00,0.00
,,,-0.03446799889,0.00,0.00
,,,-0.03446400166,0.00,0.00
,,,-0.03446000069,0.00,0.00
,,,-0.03445599973,0.00,0.00
,,,-0.03445199877,0.00,0.00
,,,-0.03444800153,0.00,0.00
,,,-0.03444400057,0.00,0.00
,,,-0.03443999961,0.00,0.00
,,,-0.03443599865,0.00,0.00
,,,-0.03443200141,0.00,0.00
,,,-0.03442800045,0.00,0.00
,,,-0.03442399949,0.00,0.00
,,,-0.03441999853,0.00,0.00
,,,-0.03441600129,0.00,0.00
,,,-0.03441200033,0.00,0.00
,,,-0.03440799937,-0.08000,0.00
,,,-0.03440399840,0.00,0.00
,,,-0.03440000117,0.00,0.00
,,,-0.03439600021,0.00,0.00
,,,-0.03439199924,0.00,0.00
,,,-0.03438799828,0.00,0.00
,,,-0.03438400105,-0.08000,0.00
,,,-0.03438000008,0.00,0.00
,,,-0.03437599912,0.00,0.00
,,,-0.03437199816,0.00,0.00
,,,-0.03436800092,0.00,0.00
,,,-0.03436399996,-0.08000,-0.08000
,,,-0.03435999900,0.00,0.00
,,,-0.03435600176,-0.08000,0.00
,,,-0.03435200080,0.00,0.00
,,,-0.03434799984,0.00,0.00
,,,-0.03434399888,0.00,0.00
,,,-0.03434000164,0.00,0.00
,,,-0.03433600068,0.00,0.00
,,,-0.03433199972,-0.08000,0.08000
,,,-0.03432799876,0.00,0.00
,,,-0.03432400152,0.00,0.00
,,,-0.03432000056,0.00,0.00
,,,-0.03431599960,0.00,0.00
,,,-0.03431199864,0.00,0.00
,,,-0.03430800140,0.00,0.00
,,,-0.03430400044,0.00,0.00
,,,-0.03429999948,0.00,0.00
,,,-0.03429599851,0.00,0.00
,,,-0.03429200128,0.00,0.00
,,,-0.03428800032,0.00,0.00
,,,-0.03428399935,0.00,0.00
,,,-0.03427999839,0.00,0.00
,,,-0.03427600116,0.00,0.00
,,,-0.03427200019,0.00,0.00
,,,-0.03426799923,0.00,-0.08000
,,,-0.03426399827,0.00,0.00
,,,-0.03426000103,0.00,0.00
,,,-0.03425600007,0.00,0.00
,,,-0.03425199911,0.00,0.00
,,,-0.03424799815,0.00,0.00
,,,-0.03424400091,0.00,0.00
,,,-0.03423999995,0.00,-0.08000
,,,-0.03423599899,0.00,0.00
,,,-0.03423200175,0.00,0.00
,,,-0.03422800079,-0.08000,0.00
,,,-0.03422399983,0.00,0.00
,,,-0.03421999887,0.00,0.00
,,,-0.03421600163,0.00,-0.08000
,,,-0.03421200067,0.00,0.08000
,,,-0.03420799971,0.00,0.00
,,,-0.03420399874,0.00,0.00
,,,-0.03420000151,0.00,0.00
,,,-0.03419600055,0.00,0.00
,,,-0.03419199958,0.00,0.08000
,,,-0.03418799862,0.00,0.00
,,,-0.03418400139,0.00,0.08000
,,,-0.03418000042,0.00,0.00
,,,-0.03417599946,0.00,0.00
,,,-0.03417199850,0.00,0.00
,,,-0.03416800126,-0.08000,0.00
,,,-0.03416400030,0.00,0.00
,,,-0.03415999934,0.00,0.00
,,,-0.03415599838,0.00,0.00
,,,-0.03415200114,0.00,0.00
,,,-0.03414800018,0.00,0.00
,,,-0.03414399922,0.00,0.00
,,,-0.03413999826,0.00,0.00
,,,-0.03413600102,0.00,0.00
,,,-0.03413200006,0.00,0.00
,,,-0.03412799910,0.00,0.00
,,,-0.03412399814,-0.08000,0.00
,,,-0.03412000090,0.00,0.00
,,,-0.03411599994,0.00,0.00
,,,-0.03411199898,0.00,0.00
,,,-0.03410800174,0.00,0.00
,,,-0.03410400078,0.00,0.00
,,,-0.03409999982,0.00,-0.08000
,,,-0.03409599885,0.00,0.00
,,,-0.03409200162,0.00,0.00
,,,-0.03408800066,0.00,0.00
,,,-0.03408399969,0.00,0.00
,,,-0.03407999873,0.00,-0.08000
,,,-0.03407600150,0.00,0.00
,,,-0.03407200053,-0.08000,0.00
,,,-0.03406799957,0.00,0.00
,,,-0.03406399861,0.00,0.00
,,,-0.03406000137,0.00,0.00
,,,-0.03405600041,0.00,0.00
,,,-0.03405199945,-0.08000,0.00
,,,-0.03404799849,0.00,0.00
,,,-0.03404400125,0.00,0.00
,,,-0.03404000029,0.00,-0.08000
,,,-0.03403599933,0.00,0.00
,,,-0.03403199837,0.00,0.00
,,,-0.03402800113,-0.08000,0.00
,,,-0.03402400017,0.00,0.00
,,,-0.03401999921,0.00,0.08000
,,,-0.03401599824,-0.08000,0.00
,,,-0.03401200101,0.00,0.00
,,,-0.03400800005,0.00,0.08000
,,,-0.03400399908,0.00,0.00
,,,-0.03399999812,0.00,0.00
,,,-0.03399600089,0.00,0.00
,,,-0.03399199992,0.00,0.00
,,,-0.03398799896,0.00,0.00
,,,-0.03398400173,0.00,0.00
,,,-0.03398000076,0.00,0.00
,,,-0.03397599980,0.00,0.00
,,,-0.03397199884,-0.08000,0.00
,,,-0.03396800160,-0.08000,0.00
,,,-0.03396400064,-0.08000,-0.08000
,,,-0.03395999968,0.00,0.00
,,,-0.03395599872,-0.08000,0.08000
,,,-0.03395200148,-0.08000,0.00
,,,-0.03394800052,0.00,0.00
,,,-0.03394399956,0.00,-0.08000
,,,-0.03393999860,0.00,0.00
,,,-0.03393600136,0.00,0.00
,,,-0.03393200040,0.00,0.00
,,,-0.03392799944,0.00,0.08000
,,,-0.03392399848,0.00,0.00
,,,-0.03392000124,-0.08000,0.00
,,,-0.03391600028,-0.08000,0.00
,,,-0.03391199932,0.00,0.08000
,,,-0.03390799835,0.00,0.00
,,,-0.03390400112,0.00,0.00
,,,-0.03390000015,0.00,0.00
,,,-0.03389599919,0.00,-0.08000
,,,-0.03389199823,0.00,0.00
,,,-0.03388800099,-0.08000,0.00
,,,-0.03388400003,0.00,0.00
,,,-0.03387999907,0.00,0.00
,,,-0.03387599811,0.00,0.00
,,,-0.03387200087,0.00,0.00
,,,-0.03386799991,-0.08000,0.00
,,,-0.03386399895,0.00,0.00
,,,-0.03386000171,0.00,0.00
,,,-0.03385600075,0.00,0.00
,,,-0.03385199979,0.00,0.00
,,,-0.03384799883,0.00,0.00
,,,-0.03384400159,0.00,0.00
,,,-0.03384000063,0.00,0.00
,,,-0.03383599967,0.00,0.00
,,,-0.03383199871,0.00,0.00
,,,-0.03382800147,0.00,-0.08000
,,,-0.03382400051,0.00,0.00
,,,-0.03381999955,0.00,0.00
,,,-0.03381599858,0.00,0.00
,,,-0.03381200135,0.00,0.00
,,,-0.03380800039,0.00,0.00
,,,-0.03380399942,0.00,0.00
,,,-0.03379999846,0.00,0.00
,,,-0.03379600123,-0.08000,0.00
,,,-0.03379200026,0.00,0.00
,,,-0.03378799930,0.00,0.00
,,,-0.03378399834,0.00,0.00
,,,-0.03378000110,0.00,0.00
,,,-0.03377600014,0.00,0.00
,,,-0.03377199918,-0.08000,0.00
,,,-0.03376799822,0.00,0.00
,,,-0.03376400098,0.00,0.00
,,,-0.03376000002,0.00,0.00
,,,-0.03375599906,0.00,0.00
,,,-0.03375199810,0.00,0.00
,,,-0.03374800086,0.00,0.00
,,,-0.03374399990,0.00,0.00
,,,-0.03373999894,0.00,0.00
,,,-0.03373600170,-0.08000,0.08000
,,,-0.03373200074,-0.08000,0.00
,,,-0.03372799978,0.00,0.00
,,,-0.03372399881,0.00,0.00
,,,-0.03372000158,0.00,0.00
,,,-0.03371600062,0.00,0.00
,,,-0.03371199965,0.00,0.00
,,,-0.03370799869,-0.08000,0.00
,,,-0.03370400146,0.00,-0.08000
,,,-0.03370000049,0.00,0.00
,,,-0.03369599953,0.00,0.00
,,,-0.03369199857,0.00,0.00
,,,-0.03368800133,0.00,0.00
,,,-0.03368400037,0.00,0.08000
,,,-0.03367999941,0.00,-0.08000
,,,-0.03367599845,0.00,0.00
,,,-0.03367200121,0.00,0.00
,,,-0.03366800025,0.00,0.08000
,,,-0.03366399929,0.00,0.00
,,,-0.03365999833,0.00,0.00
,,,-0.03365600109,0.00,0.00
,,,-0.03365200013,0.00,0.00
,,,-0.03364799917,0.00,0.00
,,,-0.03364399821,0.00,0.00
,,,-0.03364000097,-0.08000,0.00
,,,-0.03363600001,0.00,0.00
,,,-0.03363199905,0.00,0.00
,,,-0.03362799808,0.00,0.08000
,,,-0.03362400085,0.00,0.00
,,,-0.03361999989,0.00,0.00
,,,-0.03361599892,0.00,0.00
,,,-0.03361200169,0.00,0.00
,,,-0.03360800073,0.00,0.00
,,,-0.03360399976,0.00,0.00
,,,-0.03359999880,0.00,0.00
,,,-0.03359600157,0.00,0.08000
,,,-0.03359200060,0.00,0.00
,,,-0.03358799964,0.00,0.00
,,,-0.03358399868,0.00,0.00
,,,-0.03358000144,0.00,0.00
,,,-0.03357600048,0.00,0.00
,,,-0.03357199952,-0.08000,0.00
,,,-0.03356799856,0.00,0.00
,,,-0.03356400132,0.00,0.00
,,,-0.03356000036,0.00,0.00
,,,-0.03355599940,0.00,0.00
,,,-0.03355199844,0.00,0.00
,,,-0.03354800120,0.00,0.00
,,,-0.03354400024,0.00,0.00
,,,-0.03353999928,-0.08000,0.00
,,,-0.03353599831,-0.08000,0.00
,,,-0.03353200108,0.00,0.00
,,,-0.03352800012,-0.08000,0.00
,,,-0.03352399915,0.00,0.00
,,,-0.03351999819,0.00,0.00
,,,-0.03351600096,0.00,0.00
,,,-0.03351199999,-0.08000,0.00
,,,-0.03350799903,0.00,0.00
,,,-0.03350399807,0.00,0.00
,,,-0.03350000083,0.00,0.00
,,,-0.03349599987,0.00,-0.08000
,,,-0.03349199891,0.00,0.00
,,,-0.03348800167,-0.08000,0.00
,,,-0.03348400071,0.00,0.00
,,,-0.03347999975,0.00,0.00
,,,-0.03347599879,-0.08000,0.00
,,,-0.03347200155,0.00,0.00
,,,-0.03346800059,0.00,0.00
,,,-0.03346399963,0.00,0.00
,,,-0.03345999867,0.00,0.00
,,,-0.03345600143,0.00,0.00
,,,-0.03345200047,-0.08000,0.00
,,,-0.03344799951,0.00,0.00
,,,-0.03344399855,0.00,0.00
,,,-0.03344000131,-0.08000,0.00
,,,-0.03343600035,0.00,0.00
,,,-0.03343199939,0.00,0.00
,,,-0.03342799842,0.00,0.00
,,,-0.03342400119,0.00,0.00
,,,-0.03342000023,-0.08000,0.00
,,,-0.03341599926,0.00,0.00
,,,-0.03341199830,0.00,0.00
,,,-0.03340800107,0.00,-0.08000
,,,-0.03340400010,0.08000,0.00
,,,-0.03339999914,0.00,0.00
,,,-0.03339599818,-0.08000,0.00
,,,-0.03339200094,0.00,-0.08000
,,,-0.03338799998,0.00,0.00
,,,-0.03338399902,0.00,0.00
,,,-0.03337999806,0.00,0.00
,,,-0.03337600082,0.00,0.00
,,,-0.03337199986,0.00,-0.08000
,,,-0.03336799890,0.00,0.00
,,,-0.03336400166,-0.08000,0.00
,,,-0.03336000070,-0.08000,0.00
,,,-0.03335599974,0.00,0.00
,,,-0.03335199878,0.00,0.00
,,,-0.03334800154,0.00,0.00
,,,-0.03334400058,0.00,0.00
,,,-0.03333999962,0.00,0.00
,,,-0.03333599865,0.00,0.00
,,,-0.03333200142,-0.08000,0.08000
,,,-0.03332800046,-0.08000,0.00
,,,-0.03332399949,0.00,0.00
,,,-0.03331999853,0.00,0.00
,,,-0.03331600130,0.00,0.00
,,,-0.03331200033,0.00,0.00
,,,-0.03330799937,0.00,0.00
,,,-0.03330399841,0.00,0.00
,,,-0.03330000117,0.00,0.00
,,,-0.03329600021,0.00,0.00
,,,-0.03329199925,0.00,0.00
,,,-0.03328799829,0.00,-0.08000
,,,-0.03328400105,0.00,0.00
,,,-0.03328000009,0.00,0.00
,,,-0.03327599913,0.00,0.00
,,,-0.03327199817,0.00,0.00
,,,-0.03326800093,0.00,0.00
,,,-0.03326399997,0.00,0.00
,,,-0.03325999901,0.00,0.00
,,,-0.03325600177,0.00,0.00
,,,-0.03325200081,-0.08000,0.00
,,,-0.03324799985,0.00,0.00
,,,-0.03324399889,-0.08000,0.00
,,,-0.03324000165,0.00,0.00
,,,-0.03323600069,0.00,0.00
,,,-0.03323199973,0.00,0.00
,,,-0.03322799876,0.00,0.00
,,,-0.03322400153,0.00,0.00
,,,-0.03322000057,0.00,0.00
,,,-0.03321599960,0.00,0.00
,,,-0.03321199864,-0.08000,0.00
,,,-0.03320800141,0.00,0.00
,,,-0.03320400044,0.00,0.00
,,,-0.03319999948,0.00,0.00
,,,-0.03319599852,-0.08000,0.00
,,,-0.03319200128,0.00,0.00
,,,-0.03318800032,0.00,0.00
,,,-0.03318399936,0.00,0.08000
,,,-0.03317999840,0.00,0.00
,,,-0.03317600116,0.00,0.00
,,,-0.03317200020,0.00,0.00
,,,-0.03316799924,0.00,0.00
,,,-0.03316399828,0.00,0.00
,,,-0.03316000104,0.00,0.00
,,,-0.03315600008,0.00,0.00
,,,-0.03315199912,0.00,0.00
,,,-0.03314799815,0.00,-0.08000
,,,-0.03314400092,0.00,0.00
,,,-0.03313999996,0.00,0.00
,,,-0.03313599899,0.00,0.00
,,,-0.03313200176,0.00,0.00
,,,-0.03312800080,0.00,0.00
,,,-0.03312399983,0.00,0.00
,,,-0.03311999887,0.00,0.00
,,,-0.03311600164,0.00,0.00
,,,-0.03311200067,0.00,0.00
,,,-0.03310799971,0.00,0.00
,,,-0.03310399875,0.00,0.08000
,,,-0.03310000151,0.00,0.00
,,,-0.03309600055,0.00,0.00
,,,-0.03309199959,0.00,-0.08000
,,,-0.03308799863,-0.08000,0.00
,,,-0.03308400139,0.00,0.00
,,,-0.03308000043,0.00,-0.08000
,,,-0.03307599947,0.00,0.00
,,,-0.03307199851,-0.08000,0.00
,,,-0.03306800127,0.00,0.00
,,,-0.03306400031,0.00,0.00
,,,-0.03305999935,0.00,0.08000
,,,-0.03305599838,0.00,0.00
,,,-0.03305200115,0.00,0.00
,,,-0.03304800019,0.00,0.00
,,,-0.03304399922,0.00,0.00
,,,-0.03303999826,0.00,0.00
,,,-0.03303600103,0.00,0.00
,,,-0.03303200006,0.00,0.00
,,,-0.03302799910,0.00,0.00
,,,-0.03302399814,0.00,0.00
,,,-0.03302000090,0.00,0.00
,,,-0.03301599994,0.00,0.00
,,,-0.03301199898,0.00,0.08000
,,,-0.03300800174,0.00,0.00
,,,-0.03300400078,-0.08000,0.00
,,,-0.03299999982,-0.08000,0.08000
,,,-0.03299599886,0.00,0.00
,,,-0.03299200162,0.00,0.00
,,,-0.03298800066,0.00,0.00
,,,-0.03298399970,0.00,0.00
,,,-0.03297999874,0.00,0.00
,,,-0.03297600150,-0.08000,0.00
,,,-0.03297200054,0.00,-0.08000
,,,-0.03296799958,0.00,0.00
,,,-0.03296399862,0.00,0.00
,,,-0.03296000138,0.00,0.00
,,,-0.03295600042,0.00,0.00
,,,-0.03295199946,0.00,0.00
,,,-0.03294799849,-0.08000,0.00
,,,-0.03294400126,0.00,0.00
,,,-0.03294000030,0.00,0.00
,,,-0.03293599933,0.00,0.00
,,,-0.03293199837,0.00,0.00
,,,-0.03292800114,0.00,0.00
,,,-0.03292400017,0.00,0.00
,,,-0.03291999921,0.00,0.00
,,,-0.03291599825,0.00,0.00
,,,-0.03291200101,0.00,0.00
,,,-0.03290800005,0.00,0.00
,,,-0.03290399909,0.00,0.00
,,,-0.03289999813,-0.08000,0.00
,,,-0.03289600089,0.00,0.00
,,,-0.03289199993,0.00,0.00
,,,-0.03288799897,0.00,0.00
,,,-0.03288400173,-0.08000,0.00
,,,-0.03288000077,0.00,0.00
,,,-0.03287599981,0.00,0.00
,,,-0.03287199885,-0.08000,0.00
,,,-0.03286800161,0.00,0.08000
,,,-0.03286400065,0.00,0.00
,,,-0.03285999969,0.00,-0.08000
,,,-0.03285599872,0.00,0.00
,,,-0.03285200149,0.00,0.00
,,,-0.03284800053,0.00,0.00
,,,-0.03284399956,0.00,0.00
,,,-0.03283999860,0.00,0.00
,,,-0.03283600137,0.00,0.00
,,,-0.03283200040,0.00,0.00
,,,-0.03282799944,0.00,0.00
,,,-0.03282399848,0.00,0.00
,,,-0.03282000124,0.00,0.00
,,,-0.03281600028,0.00,0.00
,,,-0.03281199932,0.00,0.08000
,,,-0.03280799836,0.00,0.00
,,,-0.03280400112,0.00,0.00
,,,-0.03280000016,0.00,0.00
,,,-0.03279599920,0.00,0.00
,,,-0.03279199824,0.00,0.00
,,,-0.03278800100,0.00,0.00
,,,-0.03278400004,0.00,0.00
,,,-0.03277999908,0.00,0.00
,,,-0.03277599812,0.00,0.00
,,,-0.03277200088,0.00,0.00
,,,-0.03276799992,0.00,0.00
,,,-0.03276399896,0.00,0.00
,,,-0.03276000172,0.00,0.00
,,,-0.03275600076,0.00,0.00
,,,-0.03275199980,0.00,0.00
,,,-0.03274799883,-0.08000,0.00
,,,-0.03274400160,0.00,0.00
,,,-0.03274000064,0.00,0.00
,,,-0.03273599967,0.00,0.00
,,,-0.03273199871,0.00,0.00
,,,-0.03272800148,0.00,0.00
,,,-0.03272400051,0.00,0.00
,,,-0.03271999955,-0.08000,0.00
,,,-0.03271599859,0.00,0.00
,,,-0.03271200135,0.00,0.00
,,,-0.03270800039,0.00,0.00
,,,-0.03270399943,0.00,0.00
,,,-0.03269999847,-0.08000,0.08000
,,,-0.03269600123,0.00,0.00
,,,-0.03269200027,0.00,0.08000
,,,-0.03268799931,-0.08000,0.00
,,,-0.03268399835,0.00,0.00
,,,-0.03268000111,-0.08000,0.00
,,,-0.03267600015,0.00,0.00
,,,-0.03267199919,0.00,0.00
,,,-0.03266799822,0.00,0.00
,,,-0.03266400099,0.00,-0.08000
,,,-0.03266000003,0.00,0.00
,,,-0.03265599906,0.00,0.00
,,,-0.03265199810,0.00,0.00
,,,-0.03264800087,0.00,0.00
,,,-0.03264399990,0.00,0.00
,,,-0.03263999894,0.00,0.00
,,,-0.03263600171,-0.08000,0.08000
,,,-0.03263200074,-0.08000,0.00
,,,-0.03262799978,0.00,0.00
,,,-0.03262399882,0.00,0.00
,,,-0.03262000158,0.00,0.00
,,,-0.03261600062,0.00,0.00
,,,-0.03261199966,0.00,0.00
,,,-0.03260799870,0.00,0.00
,,,-0.03260400146,-0.08000,0.00
,,,-0.03260000050,0.00,0.00
,,,-0.03259599954,0.00,0.00
,,,-0.03259199858,0.00,0.00
,,,-0.03258800134,0.00,0.00
,,,-0.03258400038,0.00,0.00
,,,-0.03257999942,0.00,-0.08000
,,,-0.03257599846,0.00,0.00
,,,-0.03257200122,-0.08000,0.00
,,,-0.03256800026,-0.08000,0.08000
,,,-0.03256399930,0.00,0.00
,,,-0.03255999833,-0.08000,0.00
,,,-0.03255600110,0.00,-0.08000
,,,-0.03255200014,0.00,0.00
,,,-0.03254799917,0.00,0.00
,,,-0.03254399821,0.00,-0.08000
,,,-0.03254000098,-0.08000,0.00
,,,-0.03253600001,0.00,0.00
,,,-0.03253199905,0.00,0.00
,,,-0.03252799809,0.00,0.00
,,,-0.03252400085,0.00,0.00
,,,-0.03251999989,0.00,0.00
,,,-0.03251599893,0.00,0.00
,,,-0.03251200169,0.00,0.00
,,,-0.03250800073,0.00,0.00
,,,-0.03250399977,0.00,0.00
,,,-0.03249999881,0.00,0.00
,,,-0.03249600157,0.00,0.00
,,,-0.03249200061,0.00,0.00
,,,-0.03248799965,0.00,0.00
,,,-0.03248399869,0.00,0.00
,,,-0.03248000145,0.00,0.00
,,,-0.03247600049,-0.08000,0.00
,,,-0.03247199953,0.00,0.00
,,,-0.03246799856,-0.08000,0.00
,,,-0.03246400133,0.00,0.00
,,,-0.03246000037,0.00,0.00
,,,-0.03245599940,0.00,0.00
,,,-0.03245199844,0.00,0.00
,,,-0.03244800121,0.00,0.00
,,,-0.03244400024,0.00,0.00
,,,-0.03243999928,0.00,0.00
,,,-0.03243599832,0.00,0.00
,,,-0.03243200108,0.00,0.00
,,,-0.03242800012,0.00,0.00
,,,-0.03242399916,0.00,0.00
,,,-0.03241999820,0.00,0.00
,,,-0.03241600096,0.00,0.00
,,,-0.03241200000,0.00,0.00
,,,-0.03240799904,-0.08000,-0.08000
,,,-0.03240399808,0.00,0.00
,,,-0.03240000084,0.00,0.00
,,,-0.03239599988,-0.08000,0.00
,,,-0.03239199892,0.00,-0.08000
,,,-0.03238800168,0.00,0.00
,,,-0.03238400072,0.00,0.00
,,,-0.03237999976,0.00,0.00
,,,-0.03237599880,-0.08000,0.00
,,,-0.03237200156,0.00,0.00
,,,-0.03236800060,0.00,0.00
,,,-0.03236399963,0.00,0.00
,,,-0.03235999867,0.00,0.00
,,,-0.03235600144,0.00,-0.08000
,,,-0.03235200047,0.00,0.08000
,,,-0.03234799951,0.00,0.00
,,,-0.03234399855,0.00,0.00
,,,-0.03234000131,0.00,0.00
,,,-0.03233600035,0.00,0.00
,,,-0.03233199939,0.00,0.00
,,,-0.03232799843,0.00,0.00
,,,-0.03232400119,0.00,0.00
,,,-0.03232000023,0.00,0.08000
,,,-0.03231599927,0.00,0.00
,,,-0.03231199831,0.00,0.00
,,,-0.03230800107,0.00,0.00
,,,-0.03230400011,0.00,0.00
,,,-0.03229999915,0.00,0.00
,,,-0.03229599819,0.00,0.00
,,,-0.03229200095,0.00,0.00
,,,-0.03228799999,0.00,0.00
,,,-0.03228399903,0.00,-0.08000
,,,-0.03227999806,-0.08000,0.00
,,,-0.03227600083,-0.08000,0.00
,,,-0.03227199987,0.00,0.00
,,,-0.03226799890,0.00,0.00
,,,-0.03226400167,0.00,0.00
,,,-0.03226000071,0.00,0.00
,,,-0.03225599974,0.00,0.00
,,,-0.03225199878,0.00,0.00
,,,-0.03224800155,0.00,0.00
,,,-0.03224400058,0.00,0.00
,,,-0.03223999962,0.00,0.00
,,,-0.03223599866,0.00,0.00
,,,-0.03223200142,0.00,0.00
,,,-0.03222800046,0.00,0.00
,,,-0.03222399950,0.00,0.00
,,,-0.03221999854,0.00,0.00
,,,-0.03221600130,0.00,0.00
,,,-0.03221200034,0.00,0.00
,,,-0.03220799938,0.00,0.00
,,,-0.03220399842,0.00,0.00
,,,-0.03220000118,-0.08000,-0.08000
,,,-0.03219600022,0.00,0.00
,,,-0.03219199926,-0.08000,0.00
,,,-0.03218799829,0.00,0.00
,,,-0.03218400106,0.00,0.00
,,,-0.03218000010,0.00,0.00
,,,-0.03217599913,0.00,0.00
,,,-0.03217199817,0.00,0.00
,,,-0.03216800094,0.00,0.00
,,,-0.03216399997,0.00,0.00
,,,-0.03215999901,0.00,0.00
,,,-0.03215600178,0.00,0.00
,,,-0.03215200081,0.00,0.00
,,,-0.03214799985,0.00,0.00
,,,-0.03214399889,0.00,0.00
,,,-0.03214000165,0.00,0.00
,,,-0.03213600069,0.00,0.00
,,,-0.03213199973,0.00,0.08000
,,,-0.03212799877,-0.08000,-0.08000
,,,-0.03212400153,0.00,0.08000
,,,-0.03212000057,0.00,0.00
,,,-0.03211599961,0.00,0.00
,,,-0.03211199865,0.00,0.00
,,,-0.03210800141,0.00,0.00
,,,-0.03210400045,0.00,0.00
,,,-0.03209999949,0.00,0.00
,,,-0.03209599853,0.00,-0.08000
,,,-0.03209200129,0.00,0.00
,,,-0.03208800033,0.00,0.00
,,,-0.03208399937,0.00,-0.08000
,,,-0.03207999840,0.00,0.00
,,,-0.03207600117,0.00,0.00
,,,-0.03207200021,0.00,0.00
,,,-0.03206799924,0.00,0.00
,,,-0.03206399828,-0.08000,0.00
,,,-0.03206000105,0.00,0.00
,,,-0.03205600008,0.00,0.00
,,,-0.03205199912,0.00,-0.08000
,,,-0.03204799816,0.00,0.00
,,,-0.03204400092,-0.08000,0.00
,,,-0.03203999996,0.00,0.00
,,,-0.03203599900,-0.08000,0.08000
,,,-0.03203200176,0.00,0.00
,,,-0.03202800080,0.00,0.00
,,,-0.03202399984,0.00,0.00
,,,-0.03201999888,0.00,0.00
,,,-0.03201600164,0.00,0.00
,,,-0.03201200068,0.00,0.00
,,,-0.03200799972,0.00,0.00
,,,-0.03200399876,0.00,0.00
,,,-0.03200000152,0.00,-0.08000
,,,-0.03199600056,0.00,0.00
,,,-0.03199199960,-0.08000,0.00
,,,-0.03198799863,0.00,0.00
,,,-0.03198400140,-0.08000,0.00
,,,-0.03198000044,0.00,0.00
,,,-0.03197599947,0.00,0.00
,,,-0.03197199851,0.00,0.00
,,,-0.03196800128,0.00,0.00
,,,-0.03196400031,0.00,0.00
,,,-0.03195999935,0.00,0.08000
,,,-0.03195599839,0.00,0.00
,,,-0.03195200115,0.00,0.00
,,,-0.03194800019,0.00,0.00
,,,-0.03194399923,0.00,0.00
,,,-0.03193999827,0.00,0.00
,,,-0.03193600103,0.00,0.00
,,,-0.03193200007,0.00,0.00
,,,-0.03192799911,0.00,0.08000
,,,-0.03192399815,0.00,0.00
,,,-0.03192000091,0.00,0.00
,,,-0.03191599995,-0.08000,0.08000
,,,-0.03191199899,0.00,0.00
,,,-0.03190800175,-0.08000,0.00
,,,-0.03190400079,0.00,0.00
,,,-0.03189999983,0.00,0.00
,,,-0.03189599887,0.00,0.00
,,,-0.03189200163,0.00,0.00
,,,-0.03188800067,0.00,0.00
,,,-0.03188399971,0.00,0.00
,,,-0.03187999874,-0.08000,0.00
,,,-0.03187600151,0.00,0.00
,,,-0.03187200055,-0.08000,0.00
,,,-0.03186799958,0.00,0.00
,,,-0.03186399862,0.00,0.00
,,,-0.03186000139,0.00,0.00
,,,-0.03185600042,0.00,0.00
,,,-0.03185199946,0.00,0.00
,,,-0.03184799850,0.00,0.00
,,,-0.03184400126,0.00,0.00
,,,-0.03184000030,0.00,0.00
,,,-0.03183599934,0.00,0.00
,,,-0.03183199838,0.00,0.00
,,,-0.03182800114,0.00,0.00
,,,-0.03182400018,0.00,0.00
,,,-0.03181999922,0.00,0.00
,,,-0.03181599826,-0.08000,0.00
,,,-0.03181200102,0.00,0.00
,,,-0.03180800006,0.00,0.00
,,,-0.03180399910,0.00,0.00
,,,-0.03179999813,0.00,0.00
,,,-0.03179600090,0.00,0.00
,,,-0.03179199994,0.00,0.08000
,,,-0.03178799897,0.00,0.00
,,,-0.03178400174,0.00,0.00
,,,-0.03178000078,0.00,0.00
,,,-0.03177599981,0.00,0.00
,,,-0.03177199885,0.00,0.00
,,,-0.03176800162,0.00,0.08000
,,,-0.03176400065,0.00,0.00
,,,-0.03175999969,0.00,0.00
,,,-0.03175599873,0.00,0.00
,,,-0.03175200149,0.00,0.00
,,,-0.03174800053,0.00,0.00
,,,-0.03174399957,0.00,0.00
,,,-0.03173999861,0.00,0.00
,,,-0.03173600137,0.00,0.00
,,,-0.03173200041,0.00,0.00
,,,-0.03172799945,-0.08000,0.00
,,,-0.03172399849,-0.08000,0.00
,,,-0.03172000125,0.00,0.00
,,,-0.03171600029,0.00,0.00
,,,-0.03171199933,0.00,0.00
,,,-0.03170799837,0.00,0.00
,,,-0.03170400113,0.00,0.00
,,,-0.03170000017,0.00,0.08000
,,,-0.03169599921,-0.08000,0.00
,,,-0.03169199824,0.00,0.00
,,,-0.03168800101,0.00,0.00
,,,-0.03168400005,0.00,0.00
,,,-0.03167999908,0.00,0.00
,,,-0.03167599812,0.00,0.00
,,,-0.03167200089,0.00,0.00
,,,-0.03166799992,0.00,0.00
,,,-0.03166399896,0.00,-0.08000
,,,-0.03166000172,0.00,0.08000
,,,-0.03165600076,0.00,0.00
,,,-0.03165199980,0.00,0.00
,,,-0.03164799884,0.00,0.08000
,,,-0.03164400160,0.00,0.00
,,,-0.03164000064,0.00,0.00
,,,-0.03163599968,0.00,0.00
,,,-0.03163199872,0.00,0.00
,,,-0.03162800148,0.00,0.00
,,,-0.03162400052,-0.08000,0.00
,,,-0.03161999956,0.00,0.00
,,,-0.03161599860,0.00,0.00
,,,-0.03161200136,0.00,0.00
,,,-0.03160800040,0.00,0.00
,,,-0.03160399944,0.00,0.00
,,,-0.03159999847,0.00,0.00
,,,-0.03159600124,0.00,0.00
,,,-0.03159200028,0.00,0.00
,,,-0.03158799931,0.00,0.00
,,,-0.03158399835,-0.08000,0.00
,,,-0.03158000112,0.00,0.00
,,,-0.03157600015,0.00,0.00
,,,-0.03157199919,0.00,0.00
,,,-0.03156799823,0.00,0.00
,,,-0.03156400099,0.00,0.00
,,,-0.03156000003,-0.08000,0.00
,,,-0.03155599907,0.00,0.00
,,,-0.03155199811,0.00,0.08000
,,,-0.03154800087,0.00,0.00
,,,-0.03154399991,0.00,0.00
,,,-0.03153999895,0.00,0.00
,,,-0.03153600171,0.00,0.00
,,,-0.03153200075,0.00,0.00
,,,-0.03152799979,-0.08000,0.00
,,,-0.03152399883,0.00,0.08000
,,,-0.03152000159,0.00,0.08000
,,,-0.03151600063,0.00,0.00
,,,-0.03151199967,0.00,0.00
,,,-0.03150799870,0.00,0.00
,,,-0.03150400147,0.00,0.00
,,,-0.03150000051,0.00,0.00
,,,-0.03149599954,0.00,0.00
,,,-0.03149199858,0.00,-0.08000
,,,-0.03148800135,0.00,0.00
,,,-0.03148400038,0.00,0.00
,,,-0.03147999942,-0.08000,0.00
,,,-0.03147599846,0.00,0.00
,,,-0.03147200122,0.00,0.00
,,,-0.03146800026,0.00,0.00
,,,-0.03146399930,-0.08000,0.00
,,,-0.03145999834,0.00,0.00
,,,-0.03145600110,0.00,0.00
,,,-0.03145200014,0.00,0.00
,,,-0.03144799918,0.00,0.00
,,,-0.03144399822,-0.08000,0.00
,,,-0.03144000098,0.00,0.00
,,,-0.03143600002,0.00,0.00
,,,-0.03143199906,0.00,0.00
,,,-0.03142799810,0.00,0.00
,,,-0.03142400086,0.00,0.00
,,,-0.03141999990,0.00,0.00
,,,-0.03141599894,0.00,0.00
,,,-0.03141200170,0.00,0.00
,,,-0.03140800074,0.00,0.00
,,,-0.03140399978,0.00,0.00
,,,-0.03139999881,0.00,0.00
,,,-0.03139600158,0.00,0.00
,,,-0.03139200062,0.00,0.00
,,,-0.03138799965,0.00,0.00
,,,-0.03138399869,0.00,0.00
,,,-0.03138000146,-0.08000,0.00
,,,-0.03137600049,0.00,0.00
,,,-0.03137199953,0.00,0.00
,,,-0.03136799857,0.00,0.00
,,,-0.03136400133,0.00,0.08000
,,,-0.03136000037,0.00,0.00
,,,-0.03135599941,-0.08000,0.00
,,,-0.03135199845,0.00,0.00
,,,-0.03134800121,0.00,0.00
,,,-0.03134400025,0.00,0.00
,,,-0.03133999929,-0.08000,0.00
,,,-0.03133599833,0.00,0.08000
,,,-0.03133200109,0.00,0.00
,,,-0.03132800013,0.00,0.00
,,,-0.03132399917,0.00,0.00
,,,-0.03131999820,0.00,0.00
,,,-0.03131600097,0.00,0.00
,,,-0.03131200001,0.00,0.00
,,,-0.03130799904,0.00,0.00
,,,-0.03130399808,0.00,0.00
,,,-0.03130000085,0.00,-0.08000
,,,-0.03129599988,0.00,0.00
,,,-0.03129199892,0.00,0.00
,,,-0.03128800169,0.00,0.00
,,,-0.03128400072,0.00,0.00
,,,-0.03127999976,0.00,0.00
,,,-0.03127599880,0.00,0.08000
,,,-0.03127200156,0.00,-0.08000
,,,-0.03126800060,0.00,0.00
,,,-0.03126399964,0.00,0.00
,,,-0.03125999868,0.00,0.00
,,,-0.03125600144,0.00,0.00
,,,-0.03125200048,0.00,-0.08000
,,,-0.03124799952,0.00,0.00
,,,-0.03124400042,0.00,0.00
,,,-0.03123999946,0.00,0.00
,,,-0.03123600036,0.00,0.00
,,,-0.03123199940,0.00,0.00
,,,-0.03122800030,0.00,0.00
,,,-0.03122399934,0.00,0.00
,,,-0.03122000024,0.00,0.08000
,,,-0.03121599928,0.00,0.00
,,,-0.03121200018,0.00,0.00
,,,-0.03120799921,0.00,0.00
,,,-0.03120400012,0.00,0.00
,,,-0.03119999915,0.00,0.00
,,,-0.03119600005,0.00,0.08000
,,,-0.03119199909,0.00,0.00
,,,-0.03118799999,0.00,0.00
,,,-0.03118399903,0.00,0.00
,,,-0.03117999993,0.00,0.00
,,,-0.03117600083,0.00,0.00
,,,-0.03117199987,0.00,0.00
,,,-0.03116800077,0.00,0.00
,,,-0.03116399981,0.00,0.00
,,,-0.03116000071,0.00,0.00
,,,-0.03115599975,-0.08000,0.00
,,,-0.03115200065,0.00,0.00
,,,-0.03114799969,0.00,0.00
,,,-0.03114400059,0.00,0.00
,,,-0.03113999963,0.00,0.00
,,,-0.03113600053,0.00,0.00
,,,-0.03113199957,0.00,0.00
,,,-0.03112800047,0.00,0.00
,,,-0.03112399951,0.00,0.00
,,,-0.03112000041,0.00,0.00
,,,-0.03111599945,0.00,0.00
,,,-0.03111200035,-0.08000,0.00
,,,-0.03110799938,0.00,0.00
,,,-0.03110400029,0.00,0.00
,,,-0.03109999932,0.00,0.00
,,,-0.03109600022,0.00,0.00
,,,-0.03109199926,0.00,0.00
,,,-0.03108800016,0.00,0.00
,,,-0.03108399920,0.00,0.00
,,,-0.03108000010,0.00,0.00
,,,-0.03107599914,0.00,0.00
,,,-0.03107200004,0.00,0.00
,,,-0.03106799908,0.00,0.00
,,,-0.03106399998,0.00,0.00
,,,-0.03105999902,0.00,0.08000
,,,-0.03105599992,0.00,0.00
,,,-0.03105200082,0.00,0.00
,,,-0.03104799986,-0.08000,0.00
,,,-0.03104400076,0.00,0.00
,,,-0.03103999980,0.00,0.00
,,,-0.03103600070,0.00,0.00
,,,-0.03103199974,0.00,0.00
,,,-0.03102800064,0.00,0.00
,,,-0.03102399968,0.00,0.00
,,,-0.03102000058,0.00,0.00
,,,-0.03101599962,0.00,0.00
,,,-0.03101200052,0.00,0.00
,,,-0.03100799955,-0.08000,0.00
,,,-0.03100400046,0.00,0.00
,,,-0.03099999949,0.00,0.00
,,,-0.03099600039,0.00,0.00
,,,-0.03099199943,0.00,0.00
,,,-0.03098800033,0.00,0.00
,,,-0.03098399937,0.00,0.00
,,,-0.03098000027,0.00,0.00
,,,-0.03097599931,0.00,0.00
,,,-0.03097200021,0.00,0.00
,,,-0.03096799925,0.00,0.00
,,,-0.03096400015,0.00,0.00
,,,-0.03095999919,0.00,0.00
,,,-0.03095600009,0.00,0.00
,,,-0.03095199913,0.00,0.00
,,,-0.03094800003,0.00,0.00
,,,-0.03094399907,0.00,0.00
,,,-0.03093999997,0.00,0.00
,,,-0.03093599901,0.00,0.00
,,,-0.03093199991,0.00,0.00
,,,-0.03092800081,0.00,0.00
,,,-0.03092399985,0.00,0.00
,,,-0.03092000075,0.00,0.00
,,,-0.03091599979,0.00,0.00
,,,-0.03091200069,0.00,0.00
,,,-0.03090799972,0.00,0.00
,,,-0.03090400063,-0.08000,-0.08000
,,,-0.03089999966,0.00,0.00
,,,-0.03089600056,0.00,0.00
,,,-0.03089199960,0.00,0.00
,,,-0.03088800050,0.00,0.00
,,,-0.03088399954,0.00,0.00
,,,-0.03088000044,0.00,0.00
,,,-0.03087599948,0.00,0.00
,,,-0.03087200038,0.00,0.00
,,,-0.03086799942,0.00,0.00
,,,-0.03086400032,-0.08000,0.00
,,,-0.03085999936,-0.08000,0.00
,,,-0.03085600026,0.00,0.00
,,,-0.03085199930,0.00,0.00
,,,-0.03084800020,-0.08000,0.00
,,,-0.03084399924,0.00,0.00
,,,-0.03084000014,0.00,0.00
,,,-0.03083599918,0.00,0.00
,,,-0.03083200008,0.00,0.00
,,,-0.03082799911,0.00,0.00
,,,-0.03082400002,0.00,0.08000
,,,-0.03081999905,0.00,0.00
,,,-0.03081599995,-0.08000,0.00
,,,-0.03081199899,-0.08000,0.00
,,,-0.03080799989,0.00,0.00
,,,-0.03080400079,-0.08000,0.00
,,,-0.03079999983,0.00,0.00
,,,-0.03079600073,0.00,0.00
,,,-0.03079199977,0.00,0.00
,,,-0.03078800067,0.00,0.00
,,,-0.03078399971,-0.08000,0.00
,,,-0.03078000061,0.00,-0.08000
,,,-0.03077599965,0.00,0.00
,,,-0.03077200055,0.00,0.00
,,,-0.03076799959,0.00,-0.08000
,,,-0.03076400049,0.00,0.00
,,,-0.03075999953,0.00,-0.08000
,,,-0.03075600043,0.00,0.00
,,,-0.03075199947,0.00,0.00
,,,-0.03074800037,-0.08000,0.00
,,,-0.03074399941,-0.08000,0.00
,,,-0.03074000031,0.00,0.00
,,,-0.03073599935,0.00,0.00
,,,-0.03073200025,0.00,0.00
,,,-0.03072799928,0.00,0.00
,,,-0.03072400019,0.00,0.00
,,,-0.03071999922,0.00,0.00
,,,-0.03071600012,0.00,0.00
,,,-0.03071199916,0.00,0.08000
,,,-0.03070800006,0.00,0.00
,,,-0.03070399910,0.00,0.00
,,,-0.03070000000,0.00,0.00
,,,-0.03069599904,0.00,0.00
,,,-0.03069199994,0.00,0.00
,,,-0.03068800084,0.00,0.00
,,,-0.03068399988,0.00,0.00
,,,-0.03068000078,0.00,0.00
,,,-0.03067599982,0.00,0.00
,,,-0.03067200072,0.00,0.00
,,,-0.03066799976,0.00,0.00
,,,-0.03066400066,0.00,0.00
,,,-0.03065999970,0.00,0.00
,,,-0.03065600060,0.00,0.00
,,,-0.03065199964,0.00,0.00
,,,-0.03064800054,0.00,0.00
,,,-0.03064399958,0.00,0.00
,,,-0.03064000048,-0.08000,0.00
,,,-0.03063599952,0.00,-0.08000
,,,-0.03063200042,0.00,0.00
,,,-0.03062799945,-0.08000,0.00
,,,-0.03062400036,0.00,0.00
,,,-0.03061999939,-0.08000,0.00
,,,-0.03061600029,0.00,0.00
,,,-0.03061199933,0.00,0.00
,,,-0.03060800023,0.00,-0.08000
,,,-0.03060399927,0.00,0.00
,,,-0.03060000017,0.00,0.00
,,,-0.03059599921,0.00,0.00
,,,-0.03059200011,0.00,0.00
,,,-0.03058799915,0.00,0.00
,,,-0.03058400005,0.00,0.00
,,,-0.03057999909,0.00,0.00
,,,-0.03057599999,0.00,0.00
,,,-0.03057199903,0.00,0.00
,,,-0.03056799993,-0.08000,0.00
,,,-0.03056400083,0.00,0.00
,,,-0.03055999987,0.00,0.00
,,,-0.03055600077,0.00,0.00
,,,-0.03055199981,-0.08000,0.00
,,,-0.03054800071,0.00,0.00
,,,-0.03054399975,0.00,0.00
,,,-0.03054000065,0.00,0.00
,,,-0.03053599969,0.00,0.00
,,,-0.03053200059,0.00,0.00
,,,-0.03052799962,0.00,0.00
,,,-0.03052400053,-0.08000,0.00
,,,-0.03051999956,0.00,0.00
,,,-0.03051600046,0.00,0.00
,,,-0.03051199950,0.00,0.00
,,,-0.03050800040,0.00,0.00
,,,-0.03050399944,-0.08000,0.00
,,,-0.03050000034,0.00,0.00
,,,-0.03049599938,0.00,0.00
,,,-0.03049200028,0.00,0.00
,,,-0.03048799932,0.00,0.00
,,,-0.03048400022,-0.08000,0.00
,,,-0.03047999926,-0.08000,0.00
,,,-0.03047600016,0.00,0.00
,,,-0.03047199920,0.00,0.00
,,,-0.03046800010,0.00,0.00
,,,-0.03046399914,0.00,0.00
,,,-0.03046000004,0.00,0.00
,,,-0.03045599908,0.00,0.00
,,,-0.03045199998,0.00,0.00
,,,-0.03044799902,0.00,0.00
,,,-0.03044399992,-0.08000,0.00
,,,-0.03044000082,-0.08000,0.00
,,,-0.03043599986,0.00,0.00
,,,-0.03043200076,0.00,-0.08000
,,,-0.03042799979,-0.08000,-0.08000
,,,-0.03042400070,0.00,0.08000
,,,-0.03041999973,0.00,-0.08000
,,,-0.03041600063,0.00,0.00
,,,-0.03041199967,0.00,-0.08000
,,,-0.03040800057,0.00,0.00
,,,-0.03040399961,0.00,0.00
,,,-0.03040000051,0.00,0.00
,,,-0.03039599955,0.00,0.00
,,,-0.03039200045,0.00,0.00
,,,-0.03038799949,0.00,0.00
,,,-0.03038400039,0.00,0.00
,,,-0.03037999943,0.00,0.00
,,,-0.03037600033,-0.08000,0.00
,,,-0.03037199937,-0.08000,-0.08000
,,,-0.03036800027,0.00,0.00
,,,-0.03036399931,-0.08000,0.00
,,,-0.03036000021,0.00,0.00
,,,-0.03035599925,0.00,0.00
,,,-0.03035200015,-0.08000,0.00
,,,-0.03034799919,0.00,0.00
,,,-0.03034400009,-0.08000,0.00
,,,-0.03033999912,0.00,0.00
,,,-0.03033600003,-0.08000,0.00
,,,-0.03033199906,0.00,0.00
,,,-0.03032799996,-0.08000,0.00
,,,-0.03032399900,0.00,0.00
,,,-0.03031999990,0.00,0.00
,,,-0.03031600080,0.00,0.08000
,,,-0.03031199984,-0.08000,0.00
,,,-0.03030800074,0.00,0.00
,,,-0.03030399978,0.00,0.00
,,,-0.03030000068,0.00,0.00
,,,-0.03029599972,0.00,0.00
,,,-0.03029200062,-0.08000,0.00
,,,-0.03028799966,0.00,0.08000
,,,-0.03028400056,0.00,0.00
,,,-0.03027999960,0.00,0.00
,,,-0.03027600050,0.00,0.00
,,,-0.03027199954,0.00,0.00
,,,-0.03026800044,-0.08000,0.00
,,,-0.03026399948,0.00,0.08000
,,,-0.03026000038,0.00,0.00
,,,-0.03025599942,-0.08000,0.00
,,,-0.03025200032,0.00,0.00
,,,-0.03024799936,0.00,0.00
,,,-0.03024400026,-0.08000,0.00
,,,-0.03023999929,0.00,0.00
,,,-0.03023600020,-0.08000,0.00
,,,-0.03023199923,0.00,0.00
,,,-0.03022800013,0.00,0.00
,,,-0.03022399917,0.00,0.00
,,,-0.03022000007,-0.08000,0.00
,,,-0.03021599911,0.00,0.00
,,,-0.03021200001,0.00,0.00
,,,-0.03020799905,0.00,0.00
,,,-0.03020399995,-0.08000,0.00
,,,-0.03020000085,0.00,0.00
,,,-0.03019599989,0.00,0.00
,,,-0.03019200079,0.00,0.00
,,,-0.03018799983,0.00,0.00
,,,-0.03018400073,0.00,0.00
,,,-0.03017999977,0.00,0.00
,,,-0.03017600067,0.00,0.00
,,,-0.03017199971,0.00,0.00
,,,-0.03016800061,0.00,0.00
,,,-0.03016399965,0.00,0.00
,,,-0.03016000055,0.00,0.00
,,,-0.03015599959,0.00,0.00
,,,-0.03015200049,0.00,0.00
,,,-0.03014799953,0.00,0.08000
,,,-0.03014400043,0.00,0.00
,,,-0.03013999946,0.00,0.00
,,,-0.03013600037,0.00,0.00
,,,-0.03013199940,0.00,0.00
,,,-0.03012800030,0.00,0.00
,,,-0.03012399934,0.00,0.00
,,,-0.03012000024,0.00,0.00
,,,-0.03011599928,0.00,0.00
,,,-0.03011200018,0.00,-0.08000
,,,-0.03010799922,0.00,0.00
,,,-0.03010400012,0.00,0.00
,,,-0.03009999916,0.00,0.00
,,,-0.03009600006,0.00,0.00
,,,-0.03009199910,0.00,0.00
,,,-0.03008800000,0.00,0.00
,,,-0.03008399904,0.00,0.00
,,,-0.03007999994,0.00,0.08000
,,,-0.03007600084,0.00,0.00
,,,-0.03007199988,0.00,-0.08000
,,,-0.03006800078,0.00,-0.08000
,,,-0.03006399982,0.00,0.00
,,,-0.03006000072,0.00,0.00
,,,-0.03005599976,0.00,0.00
,,,-0.03005200066,0.00,0.00
,,,-0.03004799969,0.00,0.00
,,,-0.03004400060,0.00,0.00
,,,-0.03003999963,0.00,0.00
,,,-0.03003600053,0.00,0.00
,,,-0.03003199957,0.00,0.00
,,,-0.03002800047,0.00,0.00
,,,-0.03002399951,0.00,0.00
,,,-0.03002000041,0.00,-0.08000
,,,-0.03001599945,0.00,0.00
,,,-0.03001200035,-0.08000,0.00
,,,-0.03000799939,0.00,0.08000
,,,-0.03000400029,0.00,0.00
,,,-0.02999999933,0.00,0.00
,,,-0.02999600023,0.00,0.00
,,,-0.02999199927,0.00,0.00
,,,-0.02998800017,0.00,0.00
,,,-0.02998399921,0.00,0.00
,,,-0.02998000011,0.00,0.00
,,,-0.02997599915,0.00,0.00
,,,-0.02997200005,-0.08000,0.00
,,,-0.02996799909,0.00,0.00
,,,-0.02996399999,0.00,0.00
,,,-0.02995999902,-0.08000,0.00
,,,-0.02995599993,0.00,0.00
,,,-0.02995200083,0.00,0.00
,,,-0.02994799986,0.00,0.00
,,,-0.02994400077,0.00,0.00
,,,-0.02993999980,0.00,0.00
,,,-0.02993600070,0.00,0.00
,,,-0.02993199974,0.00,0.00
,,,-0.02992800064,0.00,0.00
,,,-0.02992399968,0.00,0.00
,,,-0.02992000058,0.00,0.00
,,,-0.02991599962,0.00,0.00
,,,-0.02991200052,0.00,0.00
,,,-0.02990799956,-0.08000,-0.08000
,,,-0.02990400046,0.00,0.00
,,,-0.02989999950,0.00,0.00
,,,-0.02989600040,0.00,0.00
,,,-0.02989199944,0.00,0.00
,,,-0.02988800034,0.00,0.00
,,,-0.02988399938,0.00,0.00
,,,-0.02988000028,0.00,0.00
,,,-0.02987599932,0.00,0.00
,,,-0.02987200022,0.00,0.00
,,,-0.02986799926,-0.08000,0.00
,,,-0.02986400016,0.00,0.00
,,,-0.02985999919,0.00,0.00
,,,-0.02985600010,0.00,0.00
,,,-0.02985199913,0.00,0.00
,,,-0.02984800003,0.00,-0.08000
,,,-0.02984399907,0.00,0.00
,,,-0.02983999997,0.00,0.00
,,,-0.02983599901,0.00,0.00
,,,-0.02983199991,0.00,0.00
,,,-0.02982800081,0.00,0.00
,,,-0.02982399985,0.00,0.00
,,,-0.02982000075,0.00,0.00
,,,-0.02981599979,0.00,0.00
,,,-0.02981200069,0.00,0.00
,,,-0.02980799973,0.00,0.00
,,,-0.02980400063,0.00,0.00
,,,-0.02979999967,0.00,0.00
,,,-0.02979600057,0.00,0.00
,,,-0.02979199961,-0.08000,0.00
,,,-0.02978800051,-0.08000,0.00
,,,-0.02978399955,0.00,0.00
,,,-0.02978000045,0.00,0.00
,,,-0.02977599949,0.00,0.00
,,,-0.02977200039,0.00,0.00
,,,-0.02976799943,0.00,0.00
,,,-0.02976400033,0.00,0.00
,,,-0.02975999936,0.00,0.00
,,,-0.02975600027,0.00,-0.08000
,,,-0.02975199930,0.00,0.08000
,,,-0.02974800020,0.00,0.00
,,,-0.02974399924,0.00,0.00
,,,-0.02974000014,0.00,0.00
,,,-0.02973599918,0.00,0.00
,,,-0.02973200008,0.00,0.00
,,,-0.02972799912,0.00,0.00
,,,-0.02972400002,0.00,0.00
,,,-0.02971999906,0.00,0.08000
,,,-0.02971599996,0.00,0.00
,,,-0.02971199900,0.00,0.00
,,,-0.02970799990,-0.08000,0.00
,,,-0.02970400080,0.00,0.00
,,,-0.02969999984,-0.08000,0.00
,,,-0.02969600074,0.00,-0.08000
,,,-0.02969199978,0.00,0.00
,,,-0.02968800068,-0.08000,0.00
,,,-0.02968399972,0.00,0.00
,,,-0.02968000062,0.00,0.00
,,,-0.02967599966,0.00,0.00
,,,-0.02967200056,0.00,0.00
,,,-0.02966799960,0.00,0.00
,,,-0.02966400050,0.00,0.00
,,,-0.02965999953,0.00,0.00
,,,-0.02965600044,0.00,-0.08000
,,,-0.02965199947,0.00,0.00
,,,-0.02964800037,-0.08000,0.00
,,,-0.02964399941,0.00,0.00
,,,-0.02964000031,0.00,0.00
,,,-0.02963599935,0.00,-0.08000
,,,-0.02963200025,0.00,0.00
,,,-0.02962799929,0.00,0.08000
,,,-0.02962400019,-0.08000,0.00
,,,-0.02961999923,0.00,0.00
,,,-0.02961600013,0.00,0.00
,,,-0.02961199917,0.00,0.00
,,,-0.02960800007,0.00,0.00
,,,-0.02960399911,0.00,0.00
,,,-0.02960000001,0.00,0.08000
,,,-0.02959599905,0.00,0.00
,,,-0.02959199995,0.00,0.00
,,,-0.02958800085,0.00,0.00
,,,-0.02958399989,-0.08000,0.00
,,,-0.02958000079,0.00,0.00
,,,-0.02957599983,0.00,0.00
,,,-0.02957200073,0.00,0.00
,,,-0.02956799977,-0.08000,0.00
,,,-0.02956400067,0.00,0.00
,,,-0.02955999970,0.00,0.00
,,,-0.02955600061,0.00,-0.08000
,,,-0.02955199964,-0.08000,0.00
,,,-0.02954800054,0.00,0.00
,,,-0.02954399958,0.00,0.00
,,,-0.02954000048,0.00,0.00
,,,-0.02953599952,-0.08000,0.00
,,,-0.02953200042,0.00,0.00
,,,-0.02952799946,0.00,0.00
,,,-0.02952400036,0.00,0.00
,,,-0.02951999940,0.00,0.00
,,,-0.02951600030,0.00,0.00
,,,-0.02951199934,0.00,0.00
,,,-0.02950800024,0.00,0.00
,,,-0.02950399928,0.00,0.00
,,,-0.02950000018,0.00,0.00
,,,-0.02949599922,0.00,0.00
,,,-0.02949200012,0.00,0.00
,,,-0.02948799916,0.00,0.00
,,,-0.02948400006,0.00,0.00
,,,-0.02947999910,0.00,0.00
,,,-0.02947600000,0.00,0.00
,,,-0.02947199903,-0.08000,0.00
,,,-0.02946799994,-0.08000,0.00
,,,-0.02946400084,0.00,0.00
,,,-0.02945999987,0.00,0.00
,,,-0.02945600078,-0.08000,0.00
,,,-0.02945199981,0.00,0.00
,,,-0.02944800071,0.00,0.00
,,,-0.02944399975,0.00,0.00
,,,-0.02944000065,0.00,0.00
,,,-0.02943599969,0.00,0.00
,,,-0.02943200059,-0.08000,0.00
,,,-0.02942799963,0.00,0.00
,,,-0.02942400053,0.00,0.00
,,,-0.02941999957,0.00,0.00
,,,-0.02941600047,0.00,-0.08000
,,,-0.02941199951,0.00,0.00
,,,-0.02940800041,0.00,0.00
,,,-0.02940399945,0.00,0.00
,,,-0.02940000035,0.00,0.00
,,,-0.02939599939,0.00,-0.08000
,,,-0.02939200029,0.00,0.00
,,,-0.02938799933,-0.08000,0.00
,,,-0.02938400023,0.00,-0.08000
,,,-0.02937999927,0.00,0.00
,,,-0.02937600017,0.00,0.00
,,,-0.02937199920,0.00,0.00
,,,-0.02936800011,-0.08000,0.00
,,,-0.02936399914,0.00,0.00
,,,-0.02936000004,0.00,0.00
,,,-0.02935599908,0.00,0.00
,,,-0.02935199998,0.00,0.00
,,,-0.02934799902,0.00,0.00
,,,-0.02934399992,0.00,0.00
,,,-0.02934000082,0.00,0.00
,,,-0.02933599986,0.00,0.00
,,,-0.02933200076,0.00,0.00
,,,-0.02932799980,-0.08000,0.00
,,,-0.02932400070,0.00,0.00
,,,-0.02931999974,0.00,0.00
,,,-0.02931600064,-0.08000,0.00
,,,-0.02931199968,0.00,0.00
,,,-0.02930800058,0.00,0.00
,,,-0.02930399962,0.00,0.00
,,,-0.02930000052,0.00,0.00
,,,-0.02929599956,0.00,0.00
,,,-0.02929200046,0.00,0.00
,,,-0.02928799950,0.00,0.00
,,,-0.02928400040,0.00,0.00
,,,-0.02927999943,0.00,0.00
,,,-0.02927600034,0.00,0.00
,,,-0.02927199937,0.00,0.00
,,,-0.02926800027,-0.08000,0.00
,,,-0.02926399931,0.00,0.00
,,,-0.02926000021,0.00,0.00
,,,-0.02925599925,0.00,0.00
,,,-0.02925200015,0.00,0.08000
,,,-0.02924799919,0.00,0.00
,,,-0.02924400009,0.00,-0.08000
,,,-0.02923999913,0.00,0.08000
,,,-0.02923600003,0.00,0.00
,,,-0.02923199907,0.00,0.00
,,,-0.02922799997,0.00,0.00
,,,-0.02922399901,0.00,0.00
,,,-0.02921999991,0.00,0.00
,,,-0.02921600081,-0.08000,0.00
,,,-0.02921199985,0.00,0.00
,,,-0.02920800075,0.00,0.00
,,,-0.02920399979,0.00,0.00
,,,-0.02920000069,0.00,0.00
,,,-0.02919599973,0.00,0.00
,,,-0.02919200063,0.00,0.08000
,,,-0.02918799967,0.00,0.00
,,,-0.02918400057,0.00,0.00
,,,-0.02917999960,0.00,0.00
,,,-0.02917600051,0.00,0.00
,,,-0.02917199954,-0.08000,0.00
,,,-0.02916800044,0.00,0.00
,,,-0.02916399948,-0.08000,0.00
,,,-0.02916000038,0.00,0.00
,,,-0.02915599942,0.00,0.00
,,,-0.02915200032,0.00,0.00
,,,-0.02914799936,0.00,0.00
,,,-0.02914400026,0.00,0.00
,,,-0.02913999930,0.00,-0.08000
,,,-0.02913600020,0.00,0.00
,,,-0.02913199924,0.00,0.00
,,,-0.02912800014,0.00,0.00
,,,-0.02912399918,0.00,0.00
,,,-0.02912000008,-0.08000,-0.08000
,,,-0.02911599912,-0.08000,0.00
,,,-0.02911200002,0.00,0.00
,,,-0.02910799906,0.00,0.00
,,,-0.02910399996,0.00,0.00
,,,-0.02909999900,0.00,-0.08000
,,,-0.02909599990,0.00,0.00
,,,-0.02909200080,0.00,0.00
,,,-0.02908799984,0.00,0.00
,,,-0.02908400074,-0.08000,-0.08000
,,,-0.02907999977,0.00,0.00
,,,-0.02907600068,0.00,0.00
,,,-0.02907199971,-0.08000,0.00
,,,-0.02906800061,0.00,0.00
,,,-0.02906399965,0.00,-0.08000
,,,-0.02906000055,0.00,0.00
,,,-0.02905599959,0.00,0.00
,,,-0.02905200049,0.00,0.00
,,,-0.02904799953,0.00,0.00
,,,-0.02904400043,-0.08000,0.00
,,,-0.02903999947,0.00,0.00
,,,-0.02903600037,0.00,0.00
,,,-0.02903199941,0.00,0.00
,,,-0.02902800031,0.00,0.00
,,,-0.02902399935,0.00,-0.08000
,,,-0.02902000025,0.00,0.00
,,,-0.02901599929,0.00,0.00
,,,-0.02901200019,0.00,0.00
,,,-0.02900799923,0.00,0.00
,,,-0.02900400013,0.00,0.00
,,,-0.02899999917,0.00,0.00
,,,-0.02899600007,0.00,0.00
,,,-0.02899199910,0.00,0.00
,,,-0.02898800001,0.00,0.00
,,,-0.02898399904,0.00,0.00
,,,-0.02897999994,0.00,0.00
,,,-0.02897600085,0.00,0.00
,,,-0.02897199988,0.00,0.00
,,,-0.02896800078,0.00,0.00
,,,-0.02896399982,-0.08000,0.00
,,,-0.02896000072,0.00,0.00
,,,-0.02895599976,0.00,0.00
,,,-0.02895200066,0.00,0.00
,,,-0.02894799970,0.00,0.00
,,,-0.02894400060,0.00,0.08000
,,,-0.02893999964,0.00,0.00
,,,-0.02893600054,0.00,0.00
,,,-0.02893199958,0.00,0.00
,,,-0.02892800048,0.00,0.00
,,,-0.02892399952,0.00,0.00
,,,-0.02892000042,0.00,0.00
,,,-0.02891599946,0.00,0.00
,,,-0.02891200036,0.00,0.00
,,,-0.02890799940,0.00,0.00
,,,-0.02890400030,0.00,0.00
,,,-0.02889999934,0.00,0.00
,,,-0.02889600024,-0.08000,0.08000
,,,-0.02889199927,0.00,-0.08000
,,,-0.02888800018,-0.08000,0.00
,,,-0.02888399921,-0.08000,0.00
,,,-0.02888000011,0.00,0.00
,,,-0.02887599915,0.00,0.00
,,,-0.02887200005,0.00,0.00
,,,-0.02886799909,0.00,0.00
,,,-0.02886399999,0.00,0.00
,,,-0.02885999903,0.00,0.00
,,,-0.02885599993,0.00,0.00
,,,-0.02885200083,0.00,0.00
,,,-0.02884799987,0.00,-0.08000
,,,-0.02884400077,0.00,0.00
,,,-0.02883999981,0.00,0.00
,,,-0.02883600071,-0.08000,0.00
,,,-0.02883199975,0.00,0.00
,,,-0.02882800065,0.00,0.00
,,,-0.02882399969,0.00,0.00
,,,-0.02882000059,0.00,0.00
,,,-0.02881599963,0.00,0.00
,,,-0.02881200053,0.00,0.00
,,,-0.02880799957,0.00,0.00
,,,-0.02880400047,0.00,0.00
,,,-0.02879999951,0.00,0.00
,,,-0.02879600041,0.00,0.00
,,,-0.02879199944,0.00,0.00
,,,-0.02878800035,0.00,0.00
,,,-0.02878399938,0.00,-0.08000
,,,-0.02878000028,0.00,0.00
,,,-0.02877599932,0.00,0.00
,,,-0.02877200022,-0.08000,0.00
,,,-0.02876799926,0.00,0.00
,,,-0.02876400016,0.00,0.00
,,,-0.02875999920,0.00,0.00
,,,-0.02875600010,0.00,0.00
,,,-0.02875199914,0.00,0.00
,,,-0.02874800004,0.00,0.00
,,,-0.02874399908,0.00,0.00
,,,-0.02873999998,-0.08000,0.00
,,,-0.02873599902,0.00,0.00
,,,-0.02873199992,0.00,0.00
,,,-0.02872800082,-0.08000,0.00
,,,-0.02872399986,0.00,-0.08000
,,,-0.02872000076,0.00,0.00
,,,-0.02871599980,0.00,0.00
,,,-0.02871200070,0.00,0.00
,,,-0.02870799974,-0.08000,0.00
,,,-0.02870400064,-0.08000,0.00
,,,-0.02869999968,0.00,0.00
,,,-0.02869600058,0.00,0.00
,,,-0.02869199961,0.00,0.00
,,,-0.02868800052,0.00,0.00
,,,-0.02868399955,0.00,0.08000
,,,-0.02868000045,0.00,0.00
,,,-0.02867599949,0.00,0.00
,,,-0.02867200039,0.00,0.00
,,,-0.02866799943,0.00,0.00
,,,-0.02866400033,-0.08000,0.00
,,,-0.02865999937,0.00,0.00
,,,-0.02865600027,0.00,0.00
,,,-0.02865199931,0.00,0.00
,,,-0.02864800021,0.00,0.00
,,,-0.02864399925,0.00,0.00
,,,-0.02864000015,0.00,0.00
,,,-0.02863599919,0.00,0.00
,,,-0.02863200009,-0.08000,0.00
,,,-0.02862799913,0.00,0.00
,,,-0.02862400003,0.00,0.00
,,,-0.02861999907,-0.08000,0.00
,,,-0.02861599997,0.00,0.00
,,,-0.02861199901,0.00,0.00
,,,-0.02860799991,0.00,0.00
,,,-0.02860400081,0.00,0.00
,,,-0.02859999985,0.00,0.00
,,,-0.02859600075,-0.08000,0.00
,,,-0.02859199978,-0.08000,0.00
,,,-0.02858800068,0.00,0.00
,,,-0.02858399972,0.00,0.00
,,,-0.02858000062,0.00,0.00
,,,-0.02857599966,0.00,0.00
,,,-0.02857200056,0.00,0.08000
,,,-0.02856799960,0.00,0.08000
,,,-0.02856400050,0.00,0.00
,,,-0.02855999954,0.00,0.00
,,,-0.02855600044,0.00,0.00
,,,-0.02855199948,0.00,0.00
,,,-0.02854800038,0.00,0.00
,,,-0.02854399942,0.00,0.00
,,,-0.02854000032,0.00,0.00
,,,-0.02853599936,0.00,0.00
,,,-0.02853200026,0.00,0.00
,,,-0.02852799930,0.00,0.00
,,,-0.02852400020,0.00,0.00
,,,-0.02851999924,0.00,0.00
,,,-0.02851600014,0.00,0.00
,,,-0.02851199917,-0.08000,0.00
,,,-0.02850800008,0.00,0.00
,,,-0.02850399911,0.00,0.00
,,,-0.02850000001,0.00,0.00
,,,-0.02849599905,0.00,0.00
,,,-0.02849199995,-0.08000,0.00
,,,-0.02848800085,0.00,0.00
,,,-0.02848399989,-0.08000,0.00
,,,-0.02848000079,0.00,0.00
,,,-0.02847599983,0.00,0.00
,,,-0.02847200073,0.00,0.00
,,,-0.02846799977,0.00,0.00
,,,-0.02846400067,0.00,0.00
,,,-0.02845999971,0.00,0.00
,,,-0.02845600061,0.00,0.00
,,,-0.02845199965,0.00,0.00
,,,-0.02844800055,-0.08000,0.00
,,,-0.02844399959,0.00,0.00
,,,-0.02844000049,-0.08000,0.00
,,,-0.02843599953,-0.08000,0.00
,,,-0.02843200043,0.00,0.00
,,,-0.02842799947,0.00,0.00
,,,-0.02842400037,0.00,0.00
,,,-0.02841999941,0.00,0.00
,,,-0.02841600031,-0.08000,0.00
,,,-0.02841199934,0.00,0.00
,,,-0.02840800025,0.00,0.00
,,,-0.02840399928,0.00,0.00
,,,-0.02840000018,0.00,0.00
,,,-0.02839599922,0.00,0.00
,,,-0.02839200012,0.00,0.00
,,,-0.02838799916,-0.08000,-0.08000
,,,-0.02838400006,0.00,0.00
,,,-0.02837999910,0.00,0.00
,,,-0.02837600000,0.00,0.00
,,,-0.02837199904,-0.08000,0.00
,,,-0.02836799994,0.00,0.00
,,,-0.02836400084,0.00,-0.08000
,,,-0.02835999988,0.00,0.00
,,,-0.02835600078,-0.08000,0.00
,,,-0.02835199982,0.00,0.00
,,,-0.02834800072,0.00,0.00
,,,-0.02834399976,0.00,0.00
,,,-0.02834000066,0.00,0.00
,,,-0.02833599970,0.00,0.00
,,,-0.02833200060,-0.08000,0.00
,,,-0.02832799964,0.00,0.00
,,,-0.02832400054,0.00,0.08000
,,,-0.02831999958,0.00,0.00
,,,-0.02831600048,0.00,-0.08000
,,,-0.02831199951,0.00,0.00
,,,-0.02830800042,0.00,0.00
,,,-0.02830399945,-0.08000,-0.08000
,,,-0.02830000035,0.00,0.00
,,,-0.02829599939,-0.08000,0.00
,,,-0.02829200029,0.00,0.00
,,,-0.02828799933,0.00,0.08000
,,,-0.02828400023,0.00,0.00
,,,-0.02827999927,-0.08000,0.00
,,,-0.02827600017,0.00,0.00
,,,-0.02827199921,-0.08000,0.00
,,,-0.02826800011,0.00,0.00
,,,-0.02826399915,0.00,0.00
,,,-0.02826000005,0.00,0.00
,,,-0.02825599909,-0.08000,0.00
,,,-0.02825199999,-0.08000,0.00
,,,-0.02824799903,0.00,0.00
,,,-0.02824399993,-0.08000,0.00
,,,-0.02824000083,0.00,0.00
,,,-0.02823599987,0.00,0.08000
,,,-0.02823200077,0.00,0.00
,,,-0.02822799981,0.00,0.00
,,,-0.02822400071,0.00,0.00
,,,-0.02821999975,0.00,0.00
,,,-0.02821600065,0.00,0.00
,,,-0.02821199968,0.00,0.00
,,,-0.02820800059,0.00,-0.08000
,,,-0.02820399962,0.00,0.00
,,,-0.02820000052,-0.08000,0.00
,,,-0.02819599956,0.00,0.00
,,,-0.02819200046,0.00,0.00
,,,-0.02818799950,0.00,0.00
,,,-0.02818400040,0.00,0.00
,,,-0.02817999944,0.00,0.00
,,,-0.02817600034,0.00,0.00
,,,-0.02817199938,0.00,0.00
,,,-0.02816800028,0.00,0.00
,,,-0.02816399932,0.00,0.00
,,,-0.02816000022,0.00,0.00
,,,-0.02815599926,0.00,0.00
,,,-0.02815200016,-0.08000,0.00
,,,-0.02814799920,0.00,0.00
,,,-0.02814400010,0.00,0.00
,,,-0.02813999914,0.00,0.00
,,,-0.02813600004,0.00,0.00
,,,-0.02813199908,-0.08000,0.00
,,,-0.02812799998,0.00,0.00
,,,-0.02812399901,0.00,0.00
,,,-0.02811999992,0.00,0.00
,,,-0.02811600082,-0.08000,0.00
,,,-0.02811199985,0.00,0.00
,,,-0.02810800076,0.00,0.00
,,,-0.02810399979,0.00,0.00
,,,-0.02810000069,0.00,-0.08000
,,,-0.02809599973,0.00,0.00
,,,-0.02809200063,0.00,0.00
,,,-0.02808799967,0.00,0.00
,,,-0.02808400057,-0.08000,0.00
,,,-0.02807999961,0.00,0.00
,,,-0.02807600051,0.00,0.00
,,,-0.02807199955,0.00,0.08000
,,,-0.02806800045,0.00,0.08000
,,,-0.02806399949,0.00,0.00
,,,-0.02806000039,0.00,0.00
,,,-0.02805599943,0.00,0.00
,,,-0.02805200033,-0.08000,0.00
,,,-0.02804799937,0.00,0.00
,,,-0.02804400027,0.00,0.00
,,,-0.02803999931,0.00,0.08000
,,,-0.02803600021,0.00,0.00
,,,-0.02803199925,-0.08000,0.00
,,,-0.02802800015,-0.08000,0.00
,,,-0.02802399918,-0.08000,0.00
,,,-0.02802000009,0.00,0.00
,,,-0.02801599912,0.00,0.00
,,,-0.02801200002,0.00,0.00
,,,-0.02800799906,0.00,0.00
,,,-0.02800399996,0.00,0.00
,,,-0.02799999900,0.00,0.00
,,,-0.02799599990,0.00,0.00
,,,-0.02799200080,0.00,0.00
,,,-0.02798799984,0.00,0.00
,,,-0.02798400074,0.00,0.00
,,,-0.02797999978,0.00,0.00
,,,-0.02797600068,0.00,0.00
,,,-0.02797199972,0.00,0.00
,,,-0.02796800062,0.00,0.00
,,,-0.02796399966,0.00,0.00
,,,-0.02796000056,0.00,0.00
,,,-0.02795599960,0.00,0.00
,,,-0.02795200050,0.00,0.00
,,,-0.02794799954,-0.08000,0.00
,,,-0.02794400044,0.00,0.00
,,,-0.02793999948,0.00,0.00
,,,-0.02793600038,0.00,0.00
,,,-0.02793199942,0.00,0.00
,,,-0.02792800032,0.00,0.00
,,,-0.02792399935,0.00,0.00
,,,-0.02792000026,0.00,0.00
,,,-0.02791599929,-0.08000,0.00
,,,-0.02791200019,0.00,0.00
,,,-0.02790799923,0.00,0.00
,,,-0.02790400013,0.00,0.00
,,,-0.02789999917,0.00,0.00
,,,-0.02789600007,0.00,0.00
,,,-0.02789199911,0.00,0.00
,,,-0.02788800001,-0.08000,0.00
,,,-0.02788399905,0.00,-0.08000
,,,-0.02787999995,0.00,0.00
,,,-0.02787600085,0.00,0.00
,,,-0.02787199989,0.00,0.00
,,,-0.02786800079,0.00,0.00
,,,-0.02786399983,0.00,0.00
,,,-0.02786000073,0.00,0.00
,,,-0.02785599977,0.00,0.00
,,,-0.02785200067,0.00,0.00
,,,-0.02784799971,0.00,0.00
,,,-0.02784400061,0.00,0.00
,,,-0.02783999965,0.00,0.00
,,,-0.02783600055,0.00,0.00
,,,-0.02783199959,0.00,0.00
,,,-0.02782800049,-0.08000,0.00
,,,-0.02782399952,0.00,-0.08000
,,,-0.02782000042,0.00,0.00
,,,-0.02781599946,-0.08000,0.00
,,,-0.02781200036,0.00,0.00
,,,-0.02780799940,0.00,0.00
,,,-0.02780400030,0.00,0.00
,,,-0.02779999934,0.00,0.00
,,,-0.02779600024,-0.08000,0.00
,,,-0.02779199928,0.00,0.00
,,,-0.02778800018,0.00,-0.08000
,,,-0.02778399922,0.00,0.00
,,,-0.02778000012,0.00,0.00
,,,-0.02777599916,0.00,0.00
,,,-0.02777200006,0.00,0.00
,,,-0.02776799910,0.00,0.00
,,,-0.02776400000,-0.08000,0.00
,,,-0.02775999904,0.00,0.00
,,,-0.02775599994,0.00,0.00
,,,-0.02775200084,0.00,0.00
,,,-0.02774799988,-0.08000,0.00
,,,-0.02774400078,0.00,0.00
,,,-0.02773999982,0.00,0.00
,,,-0.02773600072,0.00,0.00
,,,-0.02773199975,0.00,0.00
,,,-0.02772800066,0.00,-0.08000
,,,-0.02772399969,-0.08000,0.08000
,,,-0.02772000059,-0.08000,0.00
,,,-0.02771599963,0.00,0.00
,,,-0.02771200053,0.00,0.00
,,,-0.02770799957,0.00,0.00
,,,-0.02770400047,0.00,0.00
,,,-0.02769999951,0.00,-0.08000
,,,-0.02769600041,0.00,0.00
,,,-0.02769199945,0.00,0.00
,,,-0.02768800035,0.00,0.00
,,,-0.02768399939,0.00,0.00
,,,-0.02768000029,0.00,0.00
,,,-0.02767599933,0.00,0.00
,,,-0.02767200023,0.00,0.00
,,,-0.02766799927,0.00,0.00
,,,-0.02766400017,0.00,0.00
,,,-0.02765999921,0.00,0.00
,,,-0.02765600011,0.00,0.00
,,,-0.02765199915,0.00,0.00
,,,-0.02764800005,0.00,0.00
,,,-0.02764399908,0.00,0.08000
,,,-0.02763999999,0.00,0.00
,,,-0.02763599902,0.00,0.00
,,,-0.02763199992,0.00,0.00
,,,-0.02762800083,0.00,0.00
,,,-0.02762399986,-0.08000,-0.08000
,,,-0.02762000076,0.00,0.00
,,,-0.02761599980,0.00,0.00
,,,-0.02761200070,0.00,0.00
,,,-0.02760799974,0.00,0.00
,,,-0.02760400064,0.00,0.00
,,,-0.02759999968,0.00,0.00
,,,-0.02759600058,-0.08000,0.00
,,,-0.02759199962,0.00,0.00
,,,-0.02758800052,0.00,0.00
,,,-0.02758399956,0.00,0.00
,,,-0.02758000046,0.00,0.00
,,,-0.02757599950,0.00,0.08000
,,,-0.02757200040,0.00,0.00
,,,-0.02756799944,0.00,0.00
,,,-0.02756400034,0.00,0.00
,,,-0.02755999938,0.00,-0.08000
,,,-0.02755600028,0.00,0.00
,,,-0.02755199932,0.00,0.00
,,,-0.02754800022,0.00,0.00
,,,-0.02754399925,0.00,0.00
,,,-0.02754000016,0.00,0.00
,,,-0.02753599919,-0.08000,0.00
,,,-0.02753200009,0.00,0.00
,,,-0.02752799913,0.00,0.00
,,,-0.02752400003,0.00,0.00
,,,-0.02751999907,0.00,0.00
,,,-0.02751599997,0.00,0.00
,,,-0.02751199901,0.00,0.00
,,,-0.02750799991,0.00,0.00
,,,-0.02750400081,0.00,0.00
,,,-0.02749999985,0.00,0.00
,,,-0.02749600075,0.00,0.00
,,,-0.02749199979,-0.08000,0.00
,,,-0.02748800069,0.00,0.00
,,,-0.02748399973,0.00,0.00
,,,-0.02748000063,-0.08000,0.00
,,,-0.02747599967,0.00,0.00
,,,-0.02747200057,0.00,0.00
,,,-0.02746799961,0.00,-0.08000
,,,-0.02746400051,0.00,0.00
,,,-0.02745999955,0.00,-0.08000
,,,-0.02745600045,0.00,0.00
,,,-0.02745199949,0.00,0.00
,,,-0.02744800039,0.00,0.00
,,,-0.02744399942,0.00,0.00
,,,-0.02744000033,0.00,0.00
,,,-0.02743599936,-0.08000,0.00
,,,-0.02743200026,0.00,0.00
,,,-0.02742799930,0.00,-0.08000
,,,-0.02742400020,-0.08000,0.00
,,,-0.02741999924,-0.08000,0.08000
,,,-0.02741600014,0.00,0.00
,,,-0.02741199918,0.00,0.00
,,,-0.02740800008,0.00,0.00
,,,-0.02740399912,0.00,0.00
,,,-0.02740000002,0.00,0.00
,,,-0.02739599906,0.00,0.00
,,,-0.02739199996,0.00,0.00
,,,-0.02738800086,0.00,0.00
,,,-0.02738399990,0.00,0.00
,,,-0.02738000080,0.00,0.00
,,,-0.02737599984,0.00,0.00
,,,-0.02737200074,-0.08000,0.00
,,,-0.02736799978,0.00,0.00
,,,-0.02736400068,0.00,0.08000
,,,-0.02735999972,0.00,0.00
,,,-0.02735600062,0.00,0.00
,,,-0.02735199966,0.00,0.00
,,,-0.02734800056,0.00,0.00
,,,-0.02734399959,-0.08000,0.00
,,,-0.02734000050,0.00,0.00
,,,-0.02733599953,0.00,0.00
,,,-0.02733200043,0.00,0.00
,,,-0.02732799947,0.00,0.00
,,,-0.02732400037,-0.08000,0.00
,,,-0.02731999941,0.00,0.00
,,,-0.02731600031,0.00,0.00
,,,-0.02731199935,0.00,0.00
,,,-0.02730800025,0.00,0.00
,,,-0.02730399929,0.00,0.00
,,,-0.02730000019,0.00,0.00
,,,-0.02729599923,0.00,0.00
,,,-0.02729200013,0.00,0.00
,,,-0.02728799917,0.00,-0.08000
,,,-0.02728400007,0.00,0.00
,,,-0.02727999911,0.00,0.00
,,,-0.02727600001,0.00,0.00
,,,-0.02727199905,0.00,0.00
,,,-0.02726799995,0.00,-0.08000
,,,-0.02726400085,0.00,0.00
,,,-0.02725999989,0.00,0.00
,,,-0.02725600079,0.00,0.00
,,,-0.02725199983,0.00,0.00
,,,-0.02724800073,-0.08000,0.00
,,,-0.02724399976,0.00,0.00
,,,-0.02724000067,-0.08000,0.00
,,,-0.02723599970,0.00,0.00
,,,-0.02723200060,0.00,0.00
,,,-0.02722799964,0.00,0.00
,,,-0.02722400054,0.00,0.00
,,,-0.02721999958,0.00,0.00
,,,-0.02721600048,0.00,0.00
,,,-0.02721199952,0.00,0.00
,,,-0.02720800042,0.00,0.00
,,,-0.02720399946,0.00,0.00
,,,-0.02720000036,0.00,0.00
,,,-0.02719599940,0.00,0.00
,,,-0.02719200030,0.00,0.00
,,,-0.02718799934,0.00,0.00
,,,-0.02718400024,0.00,0.00
,,,-0.02717999928,-0.08000,0.00
,,,-0.02717600018,0.00,0.00
,,,-0.02717199922,0.00,0.00
,,,-0.02716800012,-0.08000,0.00
,,,-0.02716399916,-0.08000,0.00
,,,-0.02716000006,0.00,-0.08000
,,,-0.02715599909,0.00,0.00
,,,-0.02715200000,0.00,0.00
,,,-0.02714799903,0.00,0.00
,,,-0.02714399993,0.00,0.00
,,,-0.02714000084,0.00,0.00
,,,-0.02713599987,0.00,0.00
,,,-0.02713200077,0.00,0.00
,,,-0.02712799981,0.00,0.00
,,,-0.02712400071,-0.08000,0.00
,,,-0.02711999975,0.00,0.00
,,,-0.02711600065,0.00,0.00
,,,-0.02711199969,0.00,0.00
,,,-0.02710800059,-0.08000,0.08000
,,,-0.02710399963,-0.08000,-0.08000
,,,-0.02710000053,0.00,0.00
,,,-0.02709599957,0.00,0.00
,,,-0.02709200047,0.00,0.00
,,,-0.02708799951,0.00,0.00
,,,-0.02708400041,0.00,-0.08000
,,,-0.02707999945,0.00,0.00
,,,-0.02707600035,0.00,0.00
,,,-0.02707199939,-0.08000,0.00
,,,-0.02706800029,0.00,0.00
,,,-0.02706399933,0.00,0.00
,,,-0.02706000023,0.00,0.00
,,,-0.02705599926,0.00,0.00
,,,-0.02705200016,0.00,-0.08000
,,,-0.02704799920,0.00,0.00
,,,-0.02704400010,0.00,0.00
,,,-0.02703999914,-0.08000,0.00
,,,-0.02703600004,0.00,0.00
,,,-0.02703199908,0.00,0.00
,,,-0.02702799998,-0.08000,0.00
,,,-0.02702399902,0.00,0.00
,,,-0.02701999992,0.00,0.00
,,,-0.02701600082,0.00,0.00
,,,-0.02701199986,0.00,0.00
,,,-0.02700800076,-0.08000,0.08000
,,,-0.02700399980,0.00,0.00
,,,-0.02700000070,0.00,0.00
,,,-0.02699599974,0.00,0.00
,,,-0.02699200064,0.00,0.00
,,,-0.02698799968,0.00,0.00
,,,-0.02698400058,0.00,0.00
,,,-0.02697999962,0.00,0.00
,,,-0.02697600052,-0.08000,0.00
,,,-0.02697199956,-0.08000,-0.08000
,,,-0.02696800046,0.00,0.00
,,,-0.02696399949,0.00,0.00
,,,-0.02696000040,0.00,0.00
,,,-0.02695599943,0.00,0.00
,,,-0.02695200033,0.00,0.00
,,,-0.02694799937,0.00,0.00
,,,-0.02694400027,-0.08000,0.00
,,,-0.02693999931,0.00,0.00
,,,-0.02693600021,0.00,0.00
,,,-0.02693199925,0.00,0.00
,,,-0.02692800015,-0.08000,0.00
,,,-0.02692399919,0.00,-0.08000
,,,-0.02692000009,0.00,0.00
,,,-0.02691599913,-0.08000,0.00
,,,-0.02691200003,0.00,0.00
,,,-0.02690799907,0.00,0.00
,,,-0.02690399997,0.00,0.00
,,,-0.02689999901,-0.08000,0.00
,,,-0.02689599991,0.00,0.00
,,,-0.02689200081,0.00,0.00
,,,-0.02688799985,0.00,0.00
,,,-0.02688400075,0.00,0.00
,,,-0.02687999979,0.00,0.00
,,,-0.02687600069,0.00,0.00
,,,-0.02687199973,0.00,0.00
,,,-0.02686800063,0.00,0.00
,,,-0.02686399966,-0.08000,0.00
,,,-0.02686000057,0.00,0.00
,,,-0.02685599960,0.00,0.00
,,,-0.02685200050,0.00,0.00
,,,-0.02684799954,0.00,0.00
,,,-0.02684400044,0.00,0.00
,,,-0.02683999948,0.00,0.00
,,,-0.02683600038,0.00,0.00
,,,-0.02683199942,0.00,0.00
,,,-0.02682800032,0.00,0.00
,,,-0.02682399936,0.00,0.00
,,,-0.02682000026,0.00,0.00
,,,-0.02681599930,0.00,0.00
,,,-0.02681200020,0.00,0.00
,,,-0.02680799924,0.00,-0.08000
,,,-0.02680400014,0.00,0.00
,,,-0.02679999918,0.00,0.00
,,,-0.02679600008,0.00,0.00
,,,-0.02679199912,0.00,0.00
,,,-0.02678800002,0.00,0.00
,,,-0.02678399906,0.00,-0.08000
,,,-0.02677999996,0.00,0.00
,,,-0.02677600086,0.00,0.00
,,,-0.02677199990,0.00,0.00
,,,-0.02676800080,0.00,0.00
,,,-0.02676399983,0.00,0.00
,,,-0.02676000074,0.00,0.00
,,,-0.02675599977,-0.08000,0.00
,,,-0.02675200067,0.00,0.08000
,,,-0.02674799971,0.00,0.00
,,,-0.02674400061,0.00,0.00
,,,-0.02673999965,0.00,0.00
,,,-0.02673600055,0.00,-0.08000
,,,-0.02673199959,0.00,-0.08000
,,,-0.02672800049,0.00,0.00
,,,-0.02672399953,0.00,0.00
,,,-0.02672000043,0.00,0.00
,,,-0.02671599947,-0.08000,-0.08000
,,,-0.02671200037,0.00,-0.08000
,,,-0.02670799941,0.00,0.00
,,,-0.02670400031,0.00,0.00
,,,-0.02669999935,0.00,0.00
,,,-0.02669600025,0.00,0.00
,,,-0.02669199929,0.00,0.00
,,,-0.02668800019,0.00,0.00
,,,-0.02668399923,0.00,0.00
,,,-0.02668000013,0.00,0.00
,,,-0.02667599916,0.00,0.00
,,,-0.02667200007,0.00,0.00
,,,-0.02666799910,0.00,0.00
,,,-0.02666400000,0.00,0.00
,,,-0.02665999904,-0.08000,0.08000
,,,-0.02665599994,0.00,0.00
,,,-0.02665200084,0.00,0.00
,,,-0.02664799988,0.00,0.00
,,,-0.02664400078,0.00,0.00
,,,-0.02663999982,0.00,0.00
,,,-0.02663600072,-0.08000,0.00
,,,-0.02663199976,0.00,0.00
,,,-0.02662800066,0.00,0.00
,,,-0.02662399970,0.00,0.00
,,,-0.02662000060,0.00,0.00
,,,-0.02661599964,0.00,0.00
,,,-0.02661200054,0.00,0.00
,,,-0.02660799958,-0.08000,0.00
,,,-0.02660400048,0.00,0.00
,,,-0.02659999952,-0.08000,0.00
,,,-0.02659600042,0.00,0.00
,,,-0.02659199946,-0.08000,0.00
,,,-0.02658800036,0.00,0.00
,,,-0.02658399940,0.00,0.00
,,,-0.02658000030,0.00,0.00
,,,-0.02657599933,0.00,0.00
,,,-0.02657200024,0.00,-0.08000
,,,-0.02656799927,-0.08000,0.00
,,,-0.02656400017,0.00,0.00
,,,-0.02655999921,0.00,0.00
,,,-0.02655600011,0.00,0.00
,,,-0.02655199915,0.08000,0.00
,,,-0.02654800005,0.00,0.00
,,,-0.02654399909,0.00,0.00
,,,-0.02653999999,0.00,0.00
,,,-0.02653599903,0.00,0.00
,,,-0.02653199993,0.00,0.00
,,,-0.02652800083,-0.08000,0.00
,,,-0.02652399987,0.00,0.00
,,,-0.02652000077,0.00,0.00
,,,-0.02651599981,0.00,0.00
,,,-0.02651200071,0.00,0.00
,,,-0.02650799975,0.00,0.00
,,,-0.02650400065,0.00,0.00
,,,-0.02649999969,0.00,0.00
,,,-0.02649600059,0.00,0.08000
,,,-0.02649199963,0.00,0.00
,,,-0.02648800053,0.00,0.00
,,,-0.02648399957,0.00,0.00
,,,-0.02648000047,0.00,0.00
,,,-0.02647599950,0.00,0.00
,,,-0.02647200041,0.00,0.00
,,,-0.02646799944,0.00,0.00
,,,-0.02646400034,0.00,0.00
,,,-0.02645999938,0.00,-0.08000
,,,-0.02645600028,0.00,0.00
,,,-0.02645199932,0.00,0.00
,,,-0.02644800022,0.00,0.00
,,,-0.02644399926,0.00,-0.08000
,,,-0.02644000016,0.00,0.00
,,,-0.02643599920,0.00,-0.08000
,,,-0.02643200010,0.00,0.00
,,,-0.02642799914,0.00,0.00
,,,-0.02642400004,-0.08000,0.00
,,,-0.02641999908,0.00,0.00
,,,-0.02641599998,0.00,0.00
,,,-0.02641199902,0.00,0.00
,,,-0.02640799992,-0.08000,-0.08000
,,,-0.02640400082,0.00,0.00
,,,-0.02639999986,0.00,0.00
,,,-0.02639600076,0.00,0.00
,,,-0.02639199980,0.00,0.00
,,,-0.02638800070,0.00,-0.08000
,,,-0.02638399974,0.00,0.00
,,,-0.02638000064,0.00,0.00
,,,-0.02637599967,0.00,-0.08000
,,,-0.02637200058,0.00,0.08000
,,,-0.02636799961,0.00,0.00
,,,-0.02636400051,0.00,0.00
,,,-0.02635999955,0.00,0.00
,,,-0.02635600045,0.00,0.00
,,,-0.02635199949,0.00,0.00
,,,-0.02634800039,0.00,0.00
,,,-0.02634399943,0.00,0.00
,,,-0.02634000033,0.00,0.00
,,,-0.02633599937,0.00,0.00
,,,-0.02633200027,0.00,0.00
,,,-0.02632799931,0.00,0.00
,,,-0.02632400021,-0.08000,0.00
,,,-0.02631999925,0.00,0.00
,,,-0.02631600015,0.00,0.00
,,,-0.02631199919,-0.08000,0.00
,,,-0.02630800009,0.00,0.00
,,,-0.02630399913,0.00,-0.08000
,,,-0.02630000003,0.00,0.00
,,,-0.02629599907,0.00,0.00
,,,-0.02629199997,0.00,0.00
,,,-0.02628799900,0.00,0.00
,,,-0.02628399990,0.00,0.00
,,,-0.02628000081,0.00,0.00
,,,-0.02627599984,0.00,0.00
,,,-0.02627200074,0.00,-0.08000
,,,-0.02626799978,0.00,-0.08000
,,,-0.02626400068,0.00,0.00
,,,-0.02625999972,-0.08000,0.00
,,,-0.02625600062,-0.08000,0.00
,,,-0.02625199966,0.00,0.00
,,,-0.02624800056,0.00,0.00
,,,-0.02624399960,-0.08000,0.00
,,,-0.02624000050,0.00,0.00
,,,-0.02623599954,0.00,0.00
,,,-0.02623200044,0.00,-0.08000
,,,-0.02622799948,0.00,0.00
,,,-0.02622400038,0.00,0.00
,,,-0.02621999942,0.00,0.00
,,,-0.02621600032,0.00,0.00
,,,-0.02621199936,0.00,0.00
,,,-0.02620800026,0.00,0.00
,,,-0.02620399930,0.00,0.00
,,,-0.02620000020,0.00,0.00
,,,-0.02619599923,0.00,0.00
,,,-0.02619200014,0.00,0.00
,,,-0.02618799917,0.00,0.00
,,,-0.02618400007,0.00,0.00
,,,-0.02617999911,0.00,0.00
,,,-0.02617600001,0.00,0.00
,,,-0.02617199905,0.00,0.00
,,,-0.02616799995,0.00,0.00
,,,-0.02616400085,0.00,0.00
,,,-0.02615999989,0.00,0.00
,,,-0.02615600079,0.00,0.00
,,,-0.02615199983,0.00,0.00
,,,-0.02614800073,0.00,0.00
,,,-0.02614399977,0.00,0.00
,,,-0.02614000067,0.00,0.08000
,,,-0.02613599971,0.00,0.00
,,,-0.02613200061,0.00,0.00
,,,-0.02612799965,0.00,0.00
,,,-0.02612400055,0.00,0.00
,,,-0.02611999959,0.00,0.00
,,,-0.02611600049,0.00,-0.08000
,,,-0.02611199953,0.00,0.00
,,,-0.02610800043,0.00,0.00
,,,-0.02610399947,0.00,0.00
,,,-0.02610000037,0.00,0.00
,,,-0.02609599940,0.00,0.00
,,,-0.02609200031,0.00,0.00
,,,-0.02608799934,-0.08000,0.00
,,,-0.02608400024,0.00,-0.08000
,,,-0.02607999928,0.00,0.00
,,,-0.02607600018,0.00,-0.08000
,,,-0.02607199922,0.00,0.00
,,,-0.02606800012,0.00,0.00
,,,-0.02606399916,0.00,0.00
,,,-0.02606000006,0.00,0.00
,,,-0.02605599910,-0.08000,0.00
,,,-0.02605200000,0.00,0.00
,,,-0.02604799904,0.00,0.00
,,,-0.02604399994,0.00,0.00
,,,-0.02604000084,-0.08000,0.00
,,,-0.02603599988,0.00,0.00
,,,-0.02603200078,0.00,-0.08000
,,,-0.02602799982,-0.08000,0.00
,,,-0.02602400072,0.00,0.00
,,,-0.02601999976,0.00,0.00
,,,-0.02601600066,-0.08000,0.00
,,,-0.02601199970,0.00,0.08000
,,,-0.02600800060,0.00,0.00
,,,-0.02600399964,0.00,0.00
,,,-0.02600000054,0.00,0.00
,,,-0.02599599957,0.00,0.00
,,,-0.02599200048,-0.08000,0.00
,,,-0.02598799951,0.00,0.00
,,,-0.02598400041,0.00,0.00
,,,-0.02597999945,0.00,0.00
,,,-0.02597600035,0.00,0.00
,,,-0.02597199939,0.00,0.00
,,,-0.02596800029,0.00,0.00
,,,-0.02596399933,0.00,0.00
,,,-0.02596000023,0.00,0.00
,,,-0.02595599927,0.00,0.00
,,,-0.02595200017,0.00,0.00
,,,-0.02594799921,-0.08000,0.00
,,,-0.02594400011,0.00,0.00
,,,-0.02593999915,0.00,0.00
,,,-0.02593600005,0.00,0.00
,,,-0.02593199909,-0.08000,0.00
,,,-0.02592799999,0.00,0.00
,,,-0.02592399903,0.00,0.00
,,,-0.02591999993,0.00,-0.08000
,,,-0.02591600083,-0.08000,0.00
,,,-0.02591199987,0.00,0.00
,,,-0.02590800077,0.00,0.00
,,,-0.02590399981,-0.08000,0.00
,,,-0.02590000071,0.00,0.00
,,,-0.02589599974,0.00,0.00
,,,-0.02589200065,0.00,0.00
,,,-0.02588799968,0.00,0.00
,,,-0.02588400058,-0.08000,0.00
,,,-0.02587999962,0.00,0.00
,,,-0.02587600052,0.00,0.00
,,,-0.02587199956,-0.08000,0.00
,,,-0.02586800046,0.00,0.00
,,,-0.02586399950,0.00,0.00
,,,-0.02586000040,0.00,0.00
,,,-0.02585599944,0.00,0.00
,,,-0.02585200034,0.00,-0.08000
,,,-0.02584799938,0.00,-0.08000
,,,-0.02584400028,0.00,0.00
,,,-0.02583999932,0.00,0.00
,,,-0.02583600022,-0.08000,0.00
,,,-0.02583199926,0.00,0.00
,,,-0.02582800016,0.00,0.00
,,,-0.02582399920,0.00,0.00
,,,-0.02582000010,0.00,0.00
,,,-0.02581599914,0.00,0.00
,,,-0.02581200004,0.00,0.00
,,,-0.02580799907,0.00,0.00
,,,-0.02580399998,0.00,0.00
,,,-0.02579999901,0.00,0.00
,,,-0.02579599991,0.00,0.00
,,,-0.02579200082,0.00,0.00
,,,-0.02578799985,0.00,0.00
,,,-0.02578400075,0.00,0.00
,,,-0.02577999979,0.00,0.00
,,,-0.02577600069,-0.08000,-0.08000
,,,-0.02577199973,0.00,0.00
,,,-0.02576800063,0.00,0.00
,,,-0.02576399967,0.00,0.00
,,,-0.02576000057,0.00,0.00
,,,-0.02575599961,0.00,-0.08000
,,,-0.02575200051,0.00,0.00
,,,-0.02574799955,0.00,0.00
,,,-0.02574400045,-0.08000,0.00
,,,-0.02573999949,-0.08000,0.00
,,,-0.02573600039,0.00,0.00
,,,-0.02573199943,0.00,0.00
,,,-0.02572800033,0.00,0.00
,,,-0.02572399937,0.00,0.00
,,,-0.02572000027,0.00,0.08000
,,,-0.02571599931,0.00,0.00
,,,-0.02571200021,0.00,0.00
,,,-0.02570799924,0.00,0.00
,,,-0.02570400015,0.00,0.00
,,,-0.02569999918,0.00,0.00
,,,-0.02569600008,0.00,0.00
,,,-0.02569199912,0.00,0.00
,,,-0.02568800002,0.00,0.00
,,,-0.02568399906,-0.08000,-0.08000
,,,-0.02567999996,0.00,0.00
,,,-0.02567600086,0.00,0.00
,,,-0.02567199990,0.00,0.00
,,,-0.02566800080,0.00,0.00
,,,-0.02566399984,0.00,0.00
,,,-0.02566000074,0.00,0.00
,,,-0.02565599978,0.00,0.00
,,,-0.02565200068,-0.08000,0.00
,,,-0.02564799972,0.00,0.00
,,,-0.02564400062,-0.08000,0.00
,,,-0.02563999966,0.00,0.00
,,,-0.02563600056,-0.08000,0.00
,,,-0.02563199960,0.00,0.00
,,,-0.02562800050,0.00,-0.08000
,,,-0.02562399954,0.00,0.00
,,,-0.02562000044,0.00,0.00
,,,-0.02561599948,0.00,0.00
,,,-0.02561200038,0.00,0.00
,,,-0.02560799941,0.00,0.00
,,,-0.02560400032,0.00,0.00
,,,-0.02559999935,0.00,0.00
,,,-0.02559600025,0.00,0.00
,,,-0.02559199929,0.00,0.00
,,,-0.02558800019,0.00,-0.08000
,,,-0.02558399923,0.00,0.00
,,,-0.02558000013,0.00,0.00
,,,-0.02557599917,0.00,0.00
,,,-0.02557200007,0.00,0.00
,,,-0.02556799911,0.00,0.00
,,,-0.02556400001,0.00,0.00
,,,-0.02555999905,0.00,0.00
,,,-0.02555599995,0.00,0.00
,,,-0.02555200085,0.00,0.00
,,,-0.02554799989,0.00,0.00
,,,-0.02554400079,0.00,0.00
,,,-0.02553999983,0.00,0.00
,,,-0.02553600073,0.00,0.00
,,,-0.02553199977,0.00,0.00
,,,-0.02552800067,0.00,0.00
,,,-0.02552399971,0.00,0.00
,,,-0.02552000061,0.00,0.00
,,,-0.02551599964,0.00,0.00
,,,-0.02551200055,-0.08000,0.00
,,,-0.02550799958,0.00,0.00
,,,-0.02550400048,0.00,-0.08000
,,,-0.02549999952,0.00,0.00
,,,-0.02549600042,0.00,0.00
,,,-0.02549199946,0.00,0.00
,,,-0.02548800036,0.00,0.00
,,,-0.02548399940,0.00,0.00
,,,-0.02548000030,0.00,0.00
,,,-0.02547599934,0.00,0.00
,,,-0.02547200024,0.00,0.00
,,,-0.02546799928,0.00,0.00
,,,-0.02546400018,0.00,-0.08000
,,,-0.02545999922,0.00,0.00
,,,-0.02545600012,0.00,0.00
,,,-0.02545199916,0.00,0.00
,,,-0.02544800006,-0.08000,0.00
,,,-0.02544399910,0.00,0.00
,,,-0.02544000000,0.00,0.00
,,,-0.02543599904,0.00,0.00
,,,-0.02543199994,0.00,0.00
,,,-0.02542800084,0.00,0.00
,,,-0.02542399988,0.00,0.00
,,,-0.02542000078,0.00,0.00
,,,-0.02541599981,0.00,0.00
,,,-0.02541200072,0.00,0.00
,,,-0.02540799975,0.00,0.00
,,,-0.02540400065,0.00,0.00
,,,-0.02539999969,-0.08000,0.00
,,,-0.02539600059,0.00,0.00
,,,-0.02539199963,0.00,0.00
,,,-0.02538800053,0.00,0.00
,,,-0.02538399957,0.00,0.00
,,,-0.02538000047,0.00,0.00
,,,-0.02537599951,0.00,0.00
,,,-0.02537200041,0.00,0.00
,,,-0.02536799945,0.00,0.00
,,,-0.02536400035,0.00,-0.08000
,,,-0.02535999939,0.00,0.00
,,,-0.02535600029,0.00,0.08000
,,,-0.02535199933,-0.08000,0.00
,,,-0.02534800023,0.00,0.00
,,,-0.02534399927,0.00,0.00
,,,-0.02534000017,0.00,0.00
,,,-0.02533599921,-0.08000,0.00
,,,-0.02533200011,-0.08000,-0.08000
,,,-0.02532799914,-0.08000,0.00
,,,-0.02532400005,0.00,0.00
,,,-0.02531999908,0.00,0.00
,,,-0.02531599998,-0.08000,-0.08000
,,,-0.02531199902,0.00,0.00
,,,-0.02530799992,0.00,0.00
,,,-0.02530400082,0.00,0.00
,,,-0.02529999986,0.00,0.08000
,,,-0.02529600076,0.00,-0.08000
,,,-0.02529199980,0.00,0.00
,,,-0.02528800070,0.00,0.00
,,,-0.02528399974,0.00,0.00
,,,-0.02528000064,-0.08000,0.00
,,,-0.02527599968,0.00,0.00
,,,-0.02527200058,0.00,0.00
,,,-0.02526799962,0.00,0.00
,,,-0.02526400052,-0.08000,0.00
,,,-0.02525999956,0.00,-0.08000
,,,-0.02525600046,0.00,0.00
,,,-0.02525199950,-0.08000,-0.08000
,,,-0.02524800040,0.00,0.00
,,,-0.02524399944,0.00,-0.08000
,,,-0.02524000034,-0.08000,0.00
,,,-0.02523599938,0.00,0.00
,,,-0.02523200028,0.00,0.00
,,,-0.02522799931,0.00,-0.08000
,,,-0.02522400022,-0.08000,0.00
,,,-0.02521999925,0.00,0.00
,,,-0.02521600015,0.00,0.00
,,,-0.02521199919,0.00,0.00
,,,-0.02520800009,0.00,0.00
,,,-0.02520399913,0.00,0.00
,,,-0.02520000003,0.00,0.00
,,,-0.02519599907,0.00,0.00
,,,-0.02519199997,0.00,0.00
,,,-0.02518799901,0.00,0.00
,,,-0.02518399991,0.00,0.00
,,,-0.02518000081,0.00,0.00
,,,-0.02517599985,0.00,0.00
,,,-0.02517200075,0.00,0.00
,,,-0.02516799979,-0.08000,-0.08000
,,,-0.02516400069,0.00,0.00
,,,-0.02515999973,0.00,0.00
,,,-0.02515600063,0.00,0.00
,,,-0.02515199967,0.00,0.08000
,,,-0.02514800057,0.00,0.00
,,,-0.02514399961,0.00,0.00
,,,-0.02514000051,0.00,0.00
,,,-0.02513599955,0.00,0.00
,,,-0.02513200045,0.00,0.00
,,,-0.02512799948,0.00,-0.08000
,,,-0.02512400039,0.00,0.00
,,,-0.02511999942,0.00,0.00
,,,-0.02511600032,0.00,0.00
,,,-0.02511199936,0.00,0.00
,,,-0.02510800026,0.00,0.00
,,,-0.02510399930,0.00,0.00
,,,-0.02510000020,0.00,0.00
,,,-0.02509599924,-0.08000,0.00
,,,-0.02509200014,0.00,0.00
,,,-0.02508799918,0.00,0.00
,,,-0.02508400008,-0.08000,0.00
,,,-0.02507999912,0.00,0.00
,,,-0.02507600002,0.00,0.00
,,,-0.02507199906,-0.08000,-0.08000
,,,-0.02506799996,0.00,-0.08000
,,,-0.02506400086,0.00,0.00
,,,-0.02505999990,0.00,0.00
,,,-0.02505600080,0.00,0.00
,,,-0.02505199984,0.00,-0.08000
,,,-0.02504800074,0.00,0.00
,,,-0.02504399978,-0.08000,0.00
,,,-0.02504000068,0.00,0.00
,,,-0.02503599972,0.00,0.00
,,,-0.02503200062,0.00,0.00
,,,-0.02502799965,-0.08000,0.00
,,,-0.02502400056,0.00,0.00
,,,-0.02501999959,0.00,0.00
,,,-0.02501600049,0.00,-0.08000
,,,-0.02501199953,-0.08000,-0.08000
,,,-0.02500800043,0.00,0.00
,,,-0.02500399947,0.00,0.00
,,,-0.02500000037,0.00,0.00
,,,-0.02499599941,0.00,0.00
,,,-0.02499200031,0.00,0.00
,,,-0.02498799935,0.00,0.00
,,,-0.02498400025,0.00,0.00
,,,-0.02497999929,0.00,0.00
,,,-0.02497600019,-0.08000,0.00
,,,-0.02497199923,0.00,0.00
,,,-0.02496800013,0.00,0.00
,,,-0.02496399917,0.00,0.00
,,,-0.02496000007,0.00,0.00
,,,-0.02495599911,0.00,0.00
,,,-0.02495200001,-0.08000,0.00
,,,-0.02494799905,0.00,0.00
,,,-0.02494399995,0.00,0.00
,,,-0.02494000085,0.00,0.00
,,,-0.02493599989,0.00,0.00
,,,-0.02493200079,0.00,0.00
,,,-0.02492799982,0.00,0.00
,,,-0.02492400073,0.00,0.00
,,,-0.02491999976,0.00,0.00
,,,-0.02491600066,0.00,0.00
,,,-0.02491199970,0.00,0.08000
,,,-0.02490800060,0.00,0.00
,,,-0.02490399964,0.00,0.00
,,,-0.02490000054,0.00,0.00
,,,-0.02489599958,0.00,0.00
,,,-0.02489200048,0.00,0.00
,,,-0.02488799952,0.00,0.00
,,,-0.02488400042,0.00,0.00
,,,-0.02487999946,0.00,0.00
,,,-0.02487600036,0.00,0.00
,,,-0.02487199940,0.00,0.00
,,,-0.02486800030,0.00,0.00
,,,-0.02486399934,0.00,0.00
,,,-0.02486000024,0.00,0.08000
,,,-0.02485599928,0.00,0.00
,,,-0.02485200018,-0.08000,0.00
,,,-0.02484799922,0.00,0.00
,,,-0.02484400012,-0.08000,0.08000
,,,-0.02483999915,0.00,0.00
,,,-0.02483600006,0.00,0.00
,,,-0.02483199909,0.00,0.00
,,,-0.02482799999,0.00,0.00
,,,-0.02482399903,0.00,0.00
,,,-0.02481999993,0.00,0.00
,,,-0.02481600083,0.00,0.00
,,,-0.02481199987,0.00,0.00
,,,-0.02480800077,0.00,0.00
,,,-0.02480399981,0.00,0.00
,,,-0.02480000071,0.00,0.00
,,,-0.02479599975,-0.08000,-0.08000
,,,-0.02479200065,0.00,0.00
,,,-0.02478799969,0.00,0.00
,,,-0.02478400059,0.00,0.00
,,,-0.02477999963,-0.08000,0.00
,,,-0.02477600053,0.00,0.00
,,,-0.02477199957,0.00,0.00
,,,-0.02476800047,0.00,-0.08000
,,,-0.02476399951,0.00,0.00
,,,-0.02476000041,0.00,0.00
,,,-0.02475599945,-0.08000,0.00
,,,-0.02475200035,0.00,0.00
,,,-0.02474799938,0.00,0.00
,,,-0.02474400029,0.00,0.00
,,,-0.02473999932,0.00,0.00
,,,-0.02473600022,0.00,-0.08000
,,,-0.02473199926,0.00,0.00
,,,-0.02472800016,0.00,0.00
,,,-0.02472399920,0.00,0.00
,,,-0.02472000010,0.00,0.00
,,,-0.02471599914,0.00,0.00
,,,-0.02471200004,0.00,0.00
,,,-0.02470799908,0.00,0.08000
,,,-0.02470399998,0.00,-0.08000
,,,-0.02469999902,0.00,-0.08000
,,,-0.02469599992,0.00,0.00
,,,-0.02469200082,0.00,0.00
,,,-0.02468799986,0.00,0.00
,,,-0.02468400076,0.00,0.00
,,,-0.02467999980,0.00,0.00
,,,-0.02467600070,-0.08000,0.00
,,,-0.02467199974,0.00,0.00
,,,-0.02466800064,-0.08000,0.00
,,,-0.02466399968,0.00,0.00
,,,-0.02466000058,0.00,0.00
,,,-0.02465599962,-0.08000,0.00
,,,-0.02465200052,0.00,0.00
,,,-0.02464799955,0.00,0.00
,,,-0.02464400046,0.00,0.00
,,,-0.02463999949,-0.08000,0.00
,,,-0.02463600039,-0.08000,0.00
,,,-0.02463199943,0.00,0.00
,,,-0.02462800033,0.00,0.00
,,,-0.02462399937,0.00,0.00
,,,-0.02462000027,0.00,-0.08000
,,,-0.02461599931,0.00,-0.08000
,,,-0.02461200021,0.00,0.00
,,,-0.02460799925,0.00,-0.08000
,,,-0.02460400015,0.00,0.00
,,,-0.02459999919,0.00,0.00
,,,-0.02459600009,0.00,-0.08000
,,,-0.02459199913,0.00,0.00
,,,-0.02458800003,0.00,0.00
,,,-0.02458399907,0.00,0.00
,,,-0.02457999997,0.00,0.00
,,,-0.02457600087,0.00,0.00
,,,-0.02457199991,0.00,0.00
,,,-0.02456800081,0.00,0.00
,,,-0.02456399985,0.00,0.00
,,,-0.02456000075,0.00,0.00
,,,-0.02455599979,0.00,0.00
,,,-0.02455200069,0.00,-0.08000
,,,-0.02454799972,0.00,0.00
,,,-0.02454400063,0.00,0.00
,,,-0.02453999966,0.00,0.00
,,,-0.02453600056,0.00,0.00
,,,-0.02453199960,0.00,0.00
,,,-0.02452800050,0.00,0.00
,,,-0.02452399954,0.00,0.08000
,,,-0.02452000044,0.00,0.00
,,,-0.02451599948,0.00,0.00
,,,-0.02451200038,0.00,0.00
,,,-0.02450799942,0.00,0.00
,,,-0.02450400032,0.00,0.00
,,,-0.02449999936,-0.08000,0.00
,,,-0.02449600026,0.00,0.00
,,,-0.02449199930,0.00,0.00
,,,-0.02448800020,0.00,0.00
,,,-0.02448399924,-0.08000,0.00
,,,-0.02448000014,0.00,0.00
,,,-0.02447599918,0.00,0.00
,,,-0.02447200008,0.00,0.00
,,,-0.02446799912,0.00,0.00
,,,-0.02446400002,0.00,-0.08000
,,,-0.02445999905,0.00,0.00
,,,-0.02445599996,0.00,0.00
,,,-0.02445200086,0.00,-0.08000
,,,-0.02444799989,0.00,0.00
,,,-0.02444400080,0.00,0.08000
,,,-0.02443999983,0.00,0.00
,,,-0.02443600073,0.00,0.00
,,,-0.02443199977,0.00,0.00
,,,-0.02442800067,0.00,-0.08000
,,,-0.02442399971,0.00,0.00
,,,-0.02442000061,0.00,-0.08000
,,,-0.02441599965,-0.08000,0.00
,,,-0.02441200055,0.00,0.00
,,,-0.02440799959,0.00,-0.08000
,,,-0.02440400049,0.00,0.00
,,,-0.02439999953,0.00,0.00
,,,-0.02439600043,0.00,0.00
,,,-0.02439199947,0.00,0.00
,,,-0.02438800037,0.00,0.00
,,,-0.02438399941,-0.08000,0.08000
,,,-0.02438000031,0.00,0.00
,,,-0.02437599935,0.00,0.00
,,,-0.02437200025,0.00,0.00
,,,-0.02436799929,0.00,0.00
,,,-0.02436400019,-0.08000,0.00
,,,-0.02435999922,0.00,0.00
,,,-0.02435600013,0.00,0.00
,,,-0.02435199916,0.00,0.00
,,,-0.02434800006,0.00,0.00
,,,-0.02434399910,0.00,0.00
,,,-0.02434000000,0.00,0.00
,,,-0.02433599904,0.00,0.00
,,,-0.02433199994,0.00,0.00
,,,-0.02432800084,0.00,0.00
,,,-0.02432399988,0.00,0.00
,,,-0.02432000078,0.00,0.00
,,,-0.02431599982,0.00,0.00
,,,-0.02431200072,0.00,-0.08000
,,,-0.02430799976,0.00,0.00
,,,-0.02430400066,0.00,0.08000
,,,-0.02429999970,0.00,0.00
,,,-0.02429600060,0.00,0.00
,,,-0.02429199964,0.00,0.00
,,,-0.02428800054,0.00,-0.08000
,,,-0.02428399958,0.00,0.08000
,,,-0.02428000048,0.00,0.00
,,,-0.02427599952,0.00,0.00
,,,-0.02427200042,0.00,0.00
,,,-0.02426799946,-0.08000,0.00
,,,-0.02426400036,0.00,0.00
,,,-0.02425999939,0.00,0.00
,,,-0.02425600030,0.00,0.00
,,,-0.02425199933,0.00,0.00
,,,-0.02424800023,0.00,0.00
,,,-0.02424399927,0.00,0.00
,,,-0.02424000017,0.00,0.00
,,,-0.02423599921,0.00,-0.08000
,,,-0.02423200011,0.00,0.00
,,,-0.02422799915,0.00,0.00
,,,-0.02422400005,-0.08000,0.00
,,,-0.02421999909,0.00,0.00
,,,-0.02421599999,0.00,0.00
,,,-0.02421199903,0.00,-0.08000
,,,-0.02420799993,0.00,0.00
,,,-0.02420400083,0.00,0.00
,,,-0.02419999987,-0.08000,0.00
,,,-0.02419600077,0.00,0.00
,,,-0.02419199981,0.00,0.00
,,,-0.02418800071,-0.08000,-0.08000
,,,-0.02418399975,0.00,0.00
,,,-0.02418000065,-0.08000,-0.08000
,,,-0.02417599969,0.00,0.00
,,,-0.02417200059,0.00,0.00
,,,-0.02416799963,0.00,0.00
,,,-0.02416400053,0.00,0.00
,,,-0.02415999956,-0.08000,0.00
,,,-0.02415600047,0.00,0.00
,,,-0.02415199950,0.00,0.00
,,,-0.02414800040,0.00,0.08000
,,,-0.02414399944,0.00,0.00
,,,-0.02414000034,-0.08000,-0.08000
,,,-0.02413599938,0.00,0.00
,,,-0.02413200028,-0.08000,0.00
,,,-0.02412799932,0.00,0.00
,,,-0.02412400022,0.00,0.00
,,,-0.02411999926,0.00,0.00
,,,-0.02411600016,0.00,0.00
,,,-0.02411199920,0.00,0.00
,,,-0.02410800010,0.00,0.00
,,,-0.02410399914,0.00,0.00
,,,-0.02410000004,-0.08000,0.00
,,,-0.02409599908,-0.08000,0.00
,,,-0.02409199998,0.00,0.00
,,,-0.02408799902,0.00,0.00
,,,-0.02408399992,0.00,0.00
,,,-0.02408000082,0.00,0.00
,,,-0.02407599986,-0.08000,0.00
,,,-0.02407200076,0.00,0.00
,,,-0.02406799980,-0.08000,0.00
,,,-0.02406400070,-0.08000,0.00
,,,-0.02405999973,0.00,0.00
,,,-0.02405600064,0.00,0.00
,,,-0.02405199967,0.00,0.00
,,,-0.02404800057,0.00,0.00
,,,-0.02404399961,0.00,0.00
,,,-0.02404000051,0.00,0.00
,,,-0.02403599955,-0.08000,0.00
,,,-0.02403200045,0.00,0.00
,,,-0.02402799949,0.00,0.00
,,,-0.02402400039,-0.08000,0.00
,,,-0.02401999943,-0.08000,0.00
,,,-0.02401600033,0.00,0.00
,,,-0.02401199937,-0.08000,0.00
,,,-0.02400800027,0.00,0.00
,,,-0.02400399931,0.00,0.08000
,,,-0.02400000021,0.00,0.00
,,,-0.02399599925,0.00,0.00
,,,-0.02399200015,0.00,0.00
,,,-0.02398799919,0.00,0.00
,,,-0.02398400009,0.00,0.00
,,,-0.02397999913,0.00,0.00
,,,-0.02397600003,-0.08000,0.00
,,,-0.02397199906,0.00,-0.08000
,,,-0.02396799996,0.00,0.00
,,,-0.02396400087,0.00,0.00
,,,-0.02395999990,0.00,0.00
,,,-0.02395600080,0.00,0.00
,,,-0.02395199984,0.00,0.00
,,,-0.02394800074,0.00,0.00
,,,-0.02394399978,0.00,0.00
,,,-0.02394000068,0.00,0.00
,,,-0.02393599972,0.00,0.00
,,,-0.02393200062,-0.08000,0.00
,,,-0.02392799966,0.00,0.00
,,,-0.02392400056,0.00,0.00
,,,-0.02391999960,0.00,-0.08000
,,,-0.02391600050,0.00,0.00
,,,-0.02391199954,0.00,0.00
,,,-0.02390800044,0.00,0.00
,,,-0.02390399948,0.00,0.00
,,,-0.02390000038,0.00,0.00
,,,-0.02389599942,-0.08000,0.00
,,,-0.02389200032,0.00,0.00
,,,-0.02388799936,0.00,0.00
,,,-0.02388400026,0.00,0.00
,,,-0.02387999929,0.00,0.00
,,,-0.02387600020,0.00,0.00
,,,-0.02387199923,0.00,0.00
,,,-0.02386800013,0.00,0.08000
,,,-0.02386399917,-0.08000,0.00
,,,-0.02386000007,-0.08000,0.00
,,,-0.02385599911,0.00,0.00
,,,-0.02385200001,0.00,0.00
,,,-0.02384799905,-0.08000,0.00
,,,-0.02384399995,-0.08000,0.00
,,,-0.02384000085,0.00,0.00
,,,-0.02383599989,0.00,0.00
,,,-0.02383200079,0.00,0.00
,,,-0.02382799983,0.00,0.00
,,,-0.02382400073,-0.08000,0.00
,,,-0.02381999977,0.00,0.00
,,,-0.02381600067,0.00,0.00
,,,-0.02381199971,0.00,0.08000
,,,-0.02380800061,0.00,0.00
,,,-0.02380399965,0.00,0.00
,,,-0.02380000055,-0.08000,0.00
,,,-0.02379599959,0.00,0.00
,,,-0.02379200049,0.00,0.00
,,,-0.02378799953,0.00,0.00
,,,-0.02378400043,0.00,0.00
,,,-0.02377999946,0.00,-0.08000
,,,-0.02377600037,0.00,0.00
,,,-0.02377199940,0.00,0.00
,,,-0.02376800030,0.00,0.00
,,,-0.02376399934,0.00,-0.08000
,,,-0.02376000024,0.00,0.00
,,,-0.02375599928,0.00,0.00
,,,-0.02375200018,0.00,0.00
,,,-0.02374799922,0.00,0.00
,,,-0.02374400012,0.00,0.00
,,,-0.02373999916,0.00,0.00
,,,-0.02373600006,0.00,0.00
,,,-0.02373199910,0.00,0.00
,,,-0.02372800000,0.00,0.00
,,,-0.02372399904,0.00,0.00
,,,-0.02371999994,-0.08000,0.00
,,,-0.02371600084,-0.08000,0.00
,,,-0.02371199988,0.00,0.00
,,,-0.02370800078,0.00,0.00
,,,-0.02370399982,0.00,0.00
,,,-0.02370000072,0.00,0.00
,,,-0.02369599976,0.00,0.00
,,,-0.02369200066,0.00,0.00
,,,-0.02368799970,0.00,-0.08000
,,,-0.02368400060,0.00,0.00
,,,-0.02367999963,-0.08000,0.00
,,,-0.02367600054,0.00,-0.08000
,,,-0.02367199957,0.00,0.00
,,,-0.02366800047,0.00,0.00
,,,-0.02366399951,0.00,0.00
,,,-0.02366000041,0.00,0.00
,,,-0.02365599945,-0.08000,0.00
,,,-0.02365200035,0.00,0.00
,,,-0.02364799939,0.00,0.00
,,,-0.02364400029,0.00,0.00
,,,-0.02363999933,-0.08000,-0.08000
,,,-0.02363600023,0.00,0.00
,,,-0.02363199927,-0.08000,0.00
,,,-0.02362800017,0.00,0.00
,,,-0.02362399921,0.00,0.00
,,,-0.02362000011,0.00,0.00
,,,-0.02361599915,0.00,0.00
,,,-0.02361200005,0.00,0.00
,,,-0.02360799909,0.00,0.00
,,,-0.02360399999,0.00,0.00
,,,-0.02359999903,0.00,0.00
,,,-0.02359599993,0.00,0.00
,,,-0.02359200083,0.00,-0.08000
,,,-0.02358799987,0.00,0.00
,,,-0.02358400077,0.00,0.00
,,,-0.02357999980,-0.08000,0.00
,,,-0.02357600071,0.00,0.00
,,,-0.02357199974,0.00,0.00
,,,-0.02356800064,0.00,0.00
,,,-0.02356399968,0.00,0.00
,,,-0.02356000058,0.00,0.00
,,,-0.02355599962,0.00,0.00
,,,-0.02355200052,0.00,0.00
,,,-0.02354799956,0.00,0.00
,,,-0.02354400046,-0.08000,0.00
,,,-0.02353999950,0.00,0.00
,,,-0.02353600040,0.00,0.00
,,,-0.02353199944,0.00,0.00
,,,-0.02352800034,0.00,-0.08000
,,,-0.02352399938,-0.08000,0.00
,,,-0.02352000028,0.00,0.00
,,,-0.02351599932,0.00,0.00
,,,-0.02351200022,0.00,0.00
,,,-0.02350799926,0.00,0.00
,,,-0.02350400016,0.00,0.00
,,,-0.02349999920,-0.08000,0.00
,,,-0.02349600010,0.00,0.00
,,,-0.02349199913,0.00,0.00
,,,-0.02348800004,0.00,0.00
,,,-0.02348399907,0.00,0.00
,,,-0.02347999997,0.00,0.00
,,,-0.02347599901,0.00,0.00
,,,-0.02347199991,0.00,0.00
,,,-0.02346800081,-0.08000,0.00
,,,-0.02346399985,0.00,0.00
,,,-0.02346000075,0.00,0.00
,,,-0.02345599979,0.00,0.00
,,,-0.02345200069,0.00,0.00
,,,-0.02344799973,0.00,0.00
,,,-0.02344400063,-0.08000,0.00
,,,-0.02343999967,0.00,0.00
,,,-0.02343600057,0.00,0.00
,,,-0.02343199961,0.00,0.00
,,,-0.02342800051,0.00,0.00
,,,-0.02342399955,0.00,-0.08000
,,,-0.02342000045,0.00,0.00
,,,-0.02341599949,0.00,0.00
,,,-0.02341200039,0.00,0.00
,,,-0.02340799943,0.00,0.00
,,,-0.02340400033,0.00,0.00
,,,-0.02339999937,0.00,-0.08000
,,,-0.02339600027,0.00,0.00
,,,-0.02339199930,-0.08000,0.00
,,,-0.02338800021,0.00,0.00
,,,-0.02338399924,0.00,0.00
,,,-0.02338000014,-0.08000,0.00
,,,-0.02337599918,0.00,0.00
,,,-0.02337200008,0.00,0.00
,,,-0.02336799912,0.00,0.00
,,,-0.02336400002,0.00,0.00
,,,-0.02335999906,-0.08000,0.00
,,,-0.02335599996,0.00,0.00
,,,-0.02335200086,0.00,0.00
,,,-0.02334799990,-0.08000,0.00
,,,-0.02334400080,-0.08000,0.00
,,,-0.02333999984,0.00,0.00
,,,-0.02333600074,-0.08000,0.00
,,,-0.02333199978,0.00,0.00
,,,-0.02332800068,0.00,0.00
,,,-0.02332399972,0.00,0.00
,,,-0.02332000062,0.00,0.00
,,,-0.02331599966,0.00,0.00
,,,-0.02331200056,0.00,0.00
,,,-0.02330799960,0.00,0.00
,,,-0.02330400050,0.00,0.00
,,,-0.02329999954,0.00,0.00
,,,-0.02329600044,0.00,0.00
,,,-0.02329199947,0.00,0.00
,,,-0.02328800038,0.00,0.00
,,,-0.02328399941,0.00,0.00
,,,-0.02328000031,0.00,0.00
,,,-0.02327599935,-0.08000,0.00
,,,-0.02327200025,0.00,0.00
,,,-0.02326799929,0.00,0.00
,,,-0.02326400019,0.00,-0.08000
,,,-0.02325999923,0.00,-0.08000
,,,-0.02325600013,0.00,-0.08000
,,,-0.02325199917,0.00,0.00
,,,-0.02324800007,0.00,0.00
,,,-0.02324399911,0.00,0.00
,,,-0.02324000001,0.00,0.00
,,,-0.02323599905,0.00,0.00
,,,-0.02323199995,0.00,0.00
,,,-0.02322800085,0.00,0.00
,,,-0.02322399989,0.00,0.00
,,,-0.02322000079,0.00,0.00
,,,-0.02321599983,0.00,0.00
,,,-0.02321200073,0.00,0.00
,,,-0.02320799977,-0.08000,0.00
,,,-0.02320400067,0.00,0.00
,,,-0.02319999970,0.00,0.00
,,,-0.02319600061,0.00,0.00
,,,-0.02319199964,0.00,0.08000
,,,-0.02318800054,-0.08000,0.00
,,,-0.02318399958,0.00,0.00
,,,-0.02318000048,0.00,0.00
,,,-0.02317599952,0.00,0.00
,,,-0.02317200042,0.00,0.00
,,,-0.02316799946,0.00,0.00
,,,-0.02316400036,0.00,0.00
,,,-0.02315999940,0.00,0.00
,,,-0.02315600030,0.00,0.00
,,,-0.02315199934,0.00,-0.08000
,,,-0.02314800024,-0.08000,0.00
,,,-0.02314399928,0.00,0.08000
,,,-0.02314000018,0.00,0.00
,,,-0.02313599922,0.00,0.00
,,,-0.02313200012,0.00,0.00
,,,-0.02312799916,0.00,0.00
,,,-0.02312400006,0.00,0.00
,,,-0.02311999910,0.00,0.08000
,,,-0.02311600000,0.00,0.00
,,,-0.02311199903,0.00,0.00
,,,-0.02310799994,0.00,0.00
,,,-0.02310400084,0.00,0.00
,,,-0.02309999987,0.00,0.00
,,,-0.02309600078,0.00,-0.08000
,,,-0.02309199981,-0.08000,0.00
,,,-0.02308800071,0.00,0.00
,,,-0.02308399975,0.00,0.08000
,,,-0.02308000065,-0.08000,0.00
,,,-0.02307599969,-0.08000,0.00
,,,-0.02307200059,-0.08000,0.00
,,,-0.02306799963,0.00,0.00
,,,-0.02306400053,0.00,0.00
,,,-0.02305999957,0.00,0.00
,,,-0.02305600047,0.00,0.00
,,,-0.02305199951,0.00,0.00
,,,-0.02304800041,-0.08000,-0.08000
,,,-0.02304399945,0.00,0.00
,,,-0.02304000035,0.00,0.00
,,,-0.02303599939,0.00,0.00
,,,-0.02303200029,0.00,0.00
,,,-0.02302799933,-0.08000,0.00
,,,-0.02302400023,0.00,0.00
,,,-0.02301999927,0.00,0.00
,,,-0.02301600017,0.00,0.00
,,,-0.02301199920,0.00,0.00
,,,-0.02300800011,0.00,0.00
,,,-0.02300399914,0.00,0.00
,,,-0.02300000004,0.00,0.00
,,,-0.02299599908,0.00,0.00
,,,-0.02299199998,0.00,0.00
,,,-0.02298799902,0.00,0.00
,,,-0.02298399992,0.00,-0.08000
,,,-0.02298000082,0.00,0.00
,,,-0.02297599986,0.00,0.08000
,,,-0.02297200076,0.00,0.00
,,,-0.02296799980,0.00,0.00
,,,-0.02296400070,0.00,0.00
,,,-0.02295999974,-0.08000,0.00
,,,-0.02295600064,0.00,0.00
,,,-0.02295199968,0.00,0.00
,,,-0.02294800058,0.00,0.00
,,,-0.02294399962,0.00,0.00
,,,-0.02294000052,0.00,0.00
,,,-0.02293599956,0.00,0.00
,,,-0.02293200046,0.00,0.00
,,,-0.02292799950,0.00,-0.08000
,,,-0.02292400040,0.00,0.00
,,,-0.02291999944,0.00,0.00
,,,-0.02291600034,0.00,0.00
,,,-0.02291199937,0.00,0.00
,,,-0.02290800028,-0.08000,0.00
,,,-0.02290399931,0.00,0.00
,,,-0.02290000021,0.00,0.00
,,,-0.02289599925,0.00,0.00
,,,-0.02289200015,0.00,0.00
,,,-0.02288799919,0.00,0.00
,,,-0.02288400009,0.00,0.00
,,,-0.02287999913,0.00,0.00
,,,-0.02287600003,0.00,0.00
,,,-0.02287199907,0.00,0.00
,,,-0.02286799997,0.00,0.00
,,,-0.02286400087,0.00,0.00
,,,-0.02285999991,0.00,0.00
,,,-0.02285600081,0.00,0.00
,,,-0.02285199985,0.00,0.00
,,,-0.02284800075,0.00,0.00
,,,-0.02284399979,0.00,0.00
,,,-0.02284000069,0.00,0.00
,,,-0.02283599973,0.00,0.00
,,,-0.02283200063,0.00,0.00
,,,-0.02282799967,0.00,0.00
,,,-0.02282400057,0.00,0.00
,,,-0.02281999961,-0.08000,0.00
,,,-0.02281600051,0.00,0.00
,,,-0.02281199954,-0.08000,0.00
,,,-0.02280800045,0.00,0.00
,,,-0.02280399948,0.00,0.00
,,,-0.02280000038,0.00,0.00
,,,-0.02279599942,0.00,0.00
,,,-0.02279200032,0.00,0.00
,,,-0.02278799936,0.00,0.00
,,,-0.02278400026,0.00,-0.08000
,,,-0.02277999930,0.00,0.00
,,,-0.02277600020,-0.08000,0.00
,,,-0.02277199924,0.00,0.00
,,,-0.02276800014,0.00,0.00
,,,-0.02276399918,-0.08000,0.00
,,,-0.02276000008,0.00,0.00
,,,-0.02275599912,0.00,0.00
,,,-0.02275200002,-0.08000,0.00
,,,-0.02274799906,0.00,0.00
,,,-0.02274399996,-0.08000,0.00
,,,-0.02274000086,0.00,0.00
,,,-0.02273599990,0.00,0.00
,,,-0.02273200080,0.00,0.00
,,,-0.02272799984,0.00,0.00
,,,-0.02272400074,0.00,-0.08000
,,,-0.02271999978,0.00,0.00
,,,-0.02271600068,0.00,0.00
,,,-0.02271199971,0.00,0.00
,,,-0.02270800062,0.00,-0.08000
,,,-0.02270399965,0.00,-0.08000
,,,-0.02270000055,0.00,0.00
,,,-0.02269599959,0.00,0.00
,,,-0.02269200049,0.00,0.00
,,,-0.02268799953,0.00,0.00
,,,-0.02268400043,-0.08000,0.00
,,,-0.02267999947,0.00,0.00
,,,-0.02267600037,0.00,0.00
,,,-0.02267199941,0.00,0.00
,,,-0.02266800031,0.00,0.00
,,,-0.02266399935,0.00,0.00
,,,-0.02266000025,0.00,0.00
,,,-0.02265599929,0.00,0.00
,,,-0.02265200019,0.00,0.00
,,,-0.02264799923,0.00,0.00
,,,-0.02264400013,0.00,0.00
,,,-0.02263999917,0.00,0.00
,,,-0.02263600007,0.00,0.00
,,,-0.02263199911,0.00,0.08000
,,,-0.02262800001,0.00,0.00
,,,-0.02262399904,-0.08000,0.00
,,,-0.02261999995,0.00,0.00
,,,-0.02261600085,0.00,0.00
,,,-0.02261199988,-0.08000,0.00
,,,-0.02260800079,-0.08000,-0.08000
,,,-0.02260399982,0.00,0.00
,,,-0.02260000072,0.00,0.00
,,,-0.02259599976,0.00,0.00
,,,-0.02259200066,0.00,-0.08000
,,,-0.02258799970,0.00,0.00
,,,-0.02258400060,0.00,0.00
,,,-0.02257999964,0.00,0.00
,,,-0.02257600054,0.00,0.00
,,,-0.02257199958,-0.08000,0.00
,,,-0.02256800048,0.00,0.00
,,,-0.02256399952,-0.08000,0.00
,,,-0.02256000042,0.00,0.00
,,,-0.02255599946,0.00,0.00
,,,-0.02255200036,0.00,0.00
,,,-0.02254799940,0.00,0.00
,,,-0.02254400030,0.00,0.08000
,,,-0.02253999934,0.00,0.00
,,,-0.02253600024,0.00,0.00
,,,-0.02253199928,0.00,0.00
,,,-0.02252800018,0.00,0.00
,,,-0.02252399921,0.00,0.00
,,,-0.02252000012,0.00,0.00
,,,-0.02251599915,0.00,0.00
,,,-0.02251200005,0.00,0.00
,,,-0.02250799909,0.00,0.00
,,,-0.02250399999,0.00,0.00
,,,-0.02249999903,0.00,0.00
,,,-0.02249599993,0.00,0.00
,,,-0.02249200083,0.00,0.00
,,,-0.02248799987,0.00,0.00
,,,-0.02248400077,0.00,0.00
,,,-0.02247999981,0.00,0.00
,,,-0.02247600071,0.00,0.00
,,,-0.02247199975,0.00,0.00
,,,-0.02246800065,0.00,0.00
,,,-0.02246399969,0.00,0.00
,,,-0.02246000059,0.00,0.00
,,,-0.02245599963,0.00,0.00
,,,-0.02245200053,0.00,0.00
,,,-0.02244799957,0.00,0.00
,,,-0.02244400047,-0.08000,0.00
,,,-0.02243999951,-0.08000,0.00
,,,-0.02243600041,0.00,0.00
,,,-0.02243199944,-0.08000,0.00
,,,-0.02242800035,0.00,0.00
,,,-0.02242399938,0.00,0.00
,,,-0.02242000028,0.00,0.00
,,,-0.02241599932,0.00,0.00
,,,-0.02241200022,-0.08000,0.00
,,,-0.02240799926,0.00,0.00
,,,-0.02240400016,0.00,0.00
,,,-0.02239999920,0.00,0.00
,,,-0.02239600010,-0.08000,0.00
,,,-0.02239199914,0.00,0.00
,,,-0.02238800004,0.00,0.00
,,,-0.02238399908,0.00,0.00
,,,-0.02237999998,-0.08000,0.00
,,,-0.02237599902,0.00,0.00
,,,-0.02237199992,-0.08000,0.00
,,,-0.02236800082,0.00,0.00
,,,-0.02236399986,0.00,0.00
,,,-0.02236000076,0.00,0.00
,,,-0.02235599980,-0.08000,0.00
,,,-0.02235200070,0.00,0.00
,,,-0.02234799974,0.00,0.00
,,,-0.02234400064,0.00,0.00
,,,-0.02233999968,0.00,0.00
,,,-0.02233600058,0.00,0.00
,,,-0.02233199961,0.00,0.00
,,,-0.02232800052,0.00,0.00
,,,-0.02232399955,0.00,0.00
,,,-0.02232000045,0.00,0.00
,,,-0.02231599949,-0.08000,0.00
,,,-0.02231200039,0.00,-0.08000
,,,-0.02230799943,0.00,0.00
,,,-0.02230400033,0.00,0.00
,,,-0.02229999937,0.00,0.00
,,,-0.02229600027,0.00,0.00
,,,-0.02229199931,0.00,0.00
,,,-0.02228800021,0.00,0.00
,,,-0.02228399925,0.00,0.00
,,,-0.02228000015,0.00,0.00
,,,-0.02227599919,0.00,0.00
,,,-0.02227200009,0.00,0.00
,,,-0.02226799913,0.00,0.00
,,,-0.02226400003,0.00,0.00
,,,-0.02225999907,0.00,0.00
,,,-0.02225599997,0.00,0.00
,,,-0.02225200087,0.00,0.00
,,,-0.02224799991,0.00,-0.08000
,,,-0.02224400081,0.00,0.00
,,,-0.02223999985,0.00,0.00
,,,-0.02223600075,0.00,-0.08000
,,,-0.02223199978,0.00,-0.08000
,,,-0.02222800069,0.00,0.00
,,,-0.02222399972,0.00,0.00
,,,-0.02222000062,0.00,0.00
,,,-0.02221599966,0.00,0.00
,,,-0.02221200056,0.00,-0.08000
,,,-0.02220799960,-0.08000,0.00
,,,-0.02220400050,0.00,0.00
,,,-0.02219999954,0.00,0.00
,,,-0.02219600044,0.00,0.00
,,,-0.02219199948,0.00,0.00
,,,-0.02218800038,-0.08000,0.00
,,,-0.02218399942,0.00,0.00
,,,-0.02218000032,-0.08000,0.00
,,,-0.02217599936,0.00,0.00
,,,-0.02217200026,0.00,0.00
,,,-0.02216799930,0.00,0.00
,,,-0.02216400020,0.00,0.00
,,,-0.02215999924,0.00,0.00
,,,-0.02215600014,0.00,0.00
,,,-0.02215199918,0.00,0.00
,,,-0.02214800008,-0.08000,0.00
,,,-0.02214399911,0.00,0.00
,,,-0.02214000002,-0.08000,0.00
,,,-0.02213599905,0.00,0.08000
,,,-0.02213199995,0.00,0.00
,,,-0.02212800086,0.00,0.00
,,,-0.02212399989,0.00,0.00
,,,-0.02212000079,0.00,0.00
,,,-0.02211599983,0.00,0.00
,,,-0.02211200073,-0.08000,0.00
,,,-0.02210799977,0.00,-0.08000
,,,-0.02210400067,0.00,0.00
,,,-0.02209999971,0.00,0.00
,,,-0.02209600061,0.00,0.00
,,,-0.02209199965,0.00,0.00
,,,-0.02208800055,0.00,0.00
,,,-0.02208399959,0.00,0.00
,,,-0.02208000049,0.00,0.00
,,,-0.02207599953,0.00,0.00
,,,-0.02207200043,0.00,0.00
,,,-0.02206799947,-0.08000,0.00
,,,-0.02206400037,0.00,0.00
,,,-0.02205999941,0.00,-0.08000
,,,-0.02205600031,0.00,0.00
,,,-0.02205199935,0.00,0.00
,,,-0.02204800025,-0.08000,0.08000
,,,-0.02204399928,0.00,0.00
,,,-0.02204000019,0.00,0.00
,,,-0.02203599922,0.00,0.00
,,,-0.02203200012,0.00,0.00
,,,-0.02202799916,0.00,0.00
,,,-0.02202400006,0.00,0.00
,,,-0.02201999910,0.00,0.00
,,,-0.02201600000,0.00,0.00
,,,-0.02201199904,0.00,0.00
,,,-0.02200799994,0.00,0.00
,,,-0.02200400084,0.00,0.08000
,,,-0.02199999988,0.00,0.00
,,,-0.02199600078,0.00,0.00
,,,-0.02199199982,0.00,0.00
,,,-0.02198800072,0.00,0.00
,,,-0.02198399976,-0.08000,0.00
,,,-0.02198000066,0.00,0.00
,,,-0.02197599970,0.00,0.00
,,,-0.02197200060,0.00,0.00
,,,-0.02196799964,0.00,0.00
,,,-0.02196400054,0.00,0.00
,,,-0.02195999958,0.00,0.00
,,,-0.02195600048,-0.08000,0.00
,,,-0.02195199952,0.00,0.00
,,,-0.02194800042,0.00,0.00
,,,-0.02194399945,0.00,0.00
,,,-0.02194000036,-0.08000,0.00
,,,-0.02193599939,0.00,0.00
,,,-0.02193200029,0.00,0.00
,,,-0.02192799933,0.00,0.00
,,,-0.02192400023,0.00,0.00
,,,-0.02191999927,0.00,0.00
,,,-0.02191600017,0.00,0.00
,,,-0.02191199921,0.00,0.00
,,,-0.02190800011,0.00,0.00
,,,-0.02190399915,0.00,0.00
,,,-0.02190000005,0.00,0.00
,,,-0.02189599909,0.00,0.00
,,,-0.02189199999,0.00,0.00
,,,-0.02188799903,0.00,0.00
,,,-0.02188399993,0.00,0.00
,,,-0.02188000083,-0.08000,0.00
,,,-0.02187599987,0.00,0.00
,,,-0.02187200077,0.00,0.00
,,,-0.02186799981,0.00,0.00
,,,-0.02186400071,0.00,0.00
,,,-0.02185999975,-0.08000,0.00
,,,-0.02185600065,0.00,0.00
,,,-0.02185199969,0.00,0.00
,,,-0.02184800059,0.00,0.00
,,,-0.02184399962,0.00,0.00
,,,-0.02184000053,0.00,0.00
,,,-0.02183599956,-0.08000,0.00
,,,-0.02183200046,0.00,0.00
,,,-0.02182799950,0.00,0.00
,,,-0.02182400040,-0.08000,0.00
,,,-0.02181999944,0.00,0.00
,,,-0.02181600034,0.00,0.00
,,,-0.02181199938,-0.16000,0.00
,,,-0.02180800028,0.00,-0.08000
,,,-0.02180399932,0.00,0.00
,,,-0.02180000022,0.00,0.00
,,,-0.02179599926,0.00,0.00
,,,-0.02179200016,0.00,0.00
,,,-0.02178799920,0.00,0.00
,,,-0.02178400010,0.00,0.00
,,,-0.02177999914,0.00,0.00
,,,-0.02177600004,0.00,0.00
,,,-0.02177199908,0.00,0.00
,,,-0.02176799998,0.00,0.08000
,,,-0.02176399902,0.00,0.00
,,,-0.02175999992,0.00,0.00
,,,-0.02175600082,0.00,0.00
,,,-0.02175199986,-0.08000,0.00
,,,-0.02174800076,0.00,0.00
,,,-0.02174399979,0.00,0.00
,,,-0.02174000069,0.00,0.00
,,,-0.02173599973,0.00,0.00
,,,-0.02173200063,0.00,0.00
,,,-0.02172799967,0.00,0.00
,,,-0.02172400057,-0.08000,-0.08000
,,,-0.02171999961,-0.08000,0.00
,,,-0.02171600051,0.00,0.00
,,,-0.02171199955,0.00,0.00
,,,-0.02170800045,0.00,0.08000
,,,-0.02170399949,0.00,-0.08000
,,,-0.02170000039,0.00,0.00
,,,-0.02169599943,0.00,0.00
,,,-0.02169200033,0.00,0.00
,,,-0.02168799937,0.00,0.00
,,,-0.02168400027,0.00,0.00
,,,-0.02167999931,0.00,0.00
,,,-0.02167600021,0.00,0.00
,,,-0.02167199925,0.00,0.00
,,,-0.02166800015,0.00,0.00
,,,-0.02166399918,0.00,-0.08000
,,,-0.02166000009,0.00,0.00
,,,-0.02165599912,0.00,0.08000
,,,-0.02165200002,0.00,0.00
,,,-0.02164799906,0.00,0.00
,,,-0.02164399996,0.00,-0.08000
,,,-0.02164000086,0.00,0.00
,,,-0.02163599990,-0.08000,0.00
,,,-0.02163200080,0.00,0.00
,,,-0.02162799984,0.00,0.00
,,,-0.02162400074,0.00,0.00
,,,-0.02161999978,0.00,0.00
,,,-0.02161600068,0.00,-0.08000
,,,-0.02161199972,0.00,0.00
,,,-0.02160800062,0.00,0.00
,,,-0.02160399966,0.00,0.00
,,,-0.02160000056,0.00,-0.08000
,,,-0.02159599960,0.00,0.00
,,,-0.02159200050,0.00,0.00
,,,-0.02158799954,-0.08000,-0.08000
,,,-0.02158400044,0.00,0.00
,,,-0.02157999948,0.00,0.00
,,,-0.02157600038,-0.08000,0.00
,,,-0.02157199942,0.00,0.00
,,,-0.02156800032,0.00,0.00
,,,-0.02156399935,0.00,-0.08000
,,,-0.02156000026,0.00,0.00
,,,-0.02155599929,0.00,0.00
,,,-0.02155200019,0.00,0.00
,,,-0.02154799923,0.00,0.00
,,,-0.02154400013,0.00,0.00
,,,-0.02153999917,0.00,0.00
,,,-0.02153600007,0.00,0.00
,,,-0.02153199911,0.00,0.00
,,,-0.02152800001,0.00,0.00
,,,-0.02152399905,0.00,0.00
,,,-0.02151999995,0.00,0.00
,,,-0.02151600085,0.00,0.00
,,,-0.02151199989,0.00,0.00
,,,-0.02150800079,-0.08000,0.00
,,,-0.02150399983,0.00,0.00
,,,-0.02150000073,-0.08000,0.00
,,,-0.02149599977,0.00,0.00
,,,-0.02149200067,0.00,0.00
,,,-0.02148799971,0.00,0.00
,,,-0.02148400061,-0.08000,-0.08000
,,,-0.02147999965,0.00,0.00
,,,-0.02147600055,0.00,0.00
,,,-0.02147199959,0.00,0.00
,,,-0.02146800049,0.00,0.00
,,,-0.02146399952,0.00,0.00
,,,-0.02146000043,0.00,0.00
,,,-0.02145599946,0.00,0.00
,,,-0.02145200036,0.00,0.00
,,,-0.02144799940,0.00,0.00
,,,-0.02144400030,0.00,0.00
,,,-0.02143999934,0.00,0.00
,,,-0.02143600024,0.00,0.00
,,,-0.02143199928,-0.08000,0.00
,,,-0.02142800018,-0.08000,0.00
,,,-0.02142399922,0.00,0.00
,,,-0.02142000012,0.00,0.00
,,,-0.02141599916,0.00,0.00
,,,-0.02141200006,0.00,0.00
,,,-0.02140799910,0.00,0.00
,,,-0.02140400000,0.00,0.00
,,,-0.02139999904,0.00,-0.08000
,,,-0.02139599994,-0.08000,0.00
,,,-0.02139200084,0.00,0.00
,,,-0.02138799988,0.00,0.00
,,,-0.02138400078,0.00,0.00
,,,-0.02137999982,0.00,0.00
,,,-0.02137600072,0.00,0.00
,,,-0.02137199976,0.00,0.00
,,,-0.02136800066,0.00,0.00
,,,-0.02136399969,0.00,0.00
,,,-0.02136000060,-0.08000,0.00
,,,-0.02135599963,0.00,0.00
,,,-0.02135200053,0.00,0.00
,,,-0.02134799957,0.00,0.00
,,,-0.02134400047,0.00,0.00
,,,-0.02133999951,0.00,0.00
,,,-0.02133600041,-0.08000,0.00
,,,-0.02133199945,-0.08000,0.00
,,,-0.02132800035,-0.08000,0.00
,,,-0.02132399939,0.00,0.00
,,,-0.02132000029,0.00,0.00
,,,-0.02131599933,0.00,0.00
,,,-0.02131200023,-0.08000,0.00
,,,-0.02130799927,-0.08000,0.00
,,,-0.02130400017,0.00,0.00
,,,-0.02129999921,0.00,0.00
,,,-0.02129600011,0.00,0.00
,,,-0.02129199915,0.00,0.00
,,,-0.02128800005,0.00,0.00
,,,-0.02128399909,0.00,0.00
,,,-0.02127999999,0.00,0.00
,,,-0.02127599902,0.00,0.00
,,,-0.02127199993,0.00,0.00
,,,-0.02126800083,0.00,0.00
,,,-0.02126399986,0.00,0.00
,,,-0.02126000077,0.00,0.00
,,,-0.02125599980,0.00,0.00
,,,-0.02125200070,0.00,0.00
,,,-0.02124799974,0.00,0.00
,,,-0.02124400064,0.00,0.00
,,,-0.02123999968,0.00,-0.08000
,,,-0.02123600058,0.00,0.00
,,,-0.02123199962,0.00,0.00
,,,-0.02122800052,0.00,0.00
,,,-0.02122399956,0.00,0.00
,,,-0.02122000046,0.00,0.00
,,,-0.02121599950,0.00,0.00
,,,-0.02121200040,0.00,0.00
,,,-0.02120799944,0.00,0.00
,,,-0.02120400034,0.00,0.00
,,,-0.02119999938,0.00,0.00
,,,-0.02119600028,0.00,0.00
,,,-0.02119199932,0.00,0.00
,,,-0.02118800022,-0.08000,0.00
,,,-0.02118399926,0.00,0.00
,,,-0.02118000016,0.00,-0.08000
,,,-0.02117599919,0.00,0.00
,,,-0.02117200010,0.00,0.00
,,,-0.02116799913,0.00,0.00
,,,-0.02116400003,0.00,-0.08000
,,,-0.02115999907,0.00,0.00
,,,-0.02115599997,0.00,0.00
,,,-0.02115200087,0.00,0.00
,,,-0.02114799991,0.00,0.00
,,,-0.02114400081,0.00,0.00
,,,-0.02113999985,-0.08000,0.00
,,,-0.02113600075,0.00,0.00
,,,-0.02113199979,-0.08000,0.00
,,,-0.02112800069,0.00,0.00
,,,-0.02112399973,0.00,0.00
,,,-0.02112000063,0.00,0.00
,,,-0.02111599967,-0.08000,0.00
,,,-0.02111200057,-0.08000,0.00
,,,-0.02110799961,0.00,0.00
,,,-0.02110400051,0.00,0.00
,,,-0.02109999955,0.00,0.00
,,,-0.02109600045,0.00,0.00
,,,-0.02109199949,0.00,0.00
,,,-0.02108800039,-0.08000,0.00
,,,-0.02108399943,0.00,0.00
,,,-0.02108000033,0.00,0.00
,,,-0.02107599936,0.00,0.00
,,,-0.02107200027,0.00,0.00
,,,-0.02106799930,-0.08000,0.00
,,,-0.02106400020,0.00,0.00
,,,-0.02105999924,0.00,0.00
,,,-0.02105600014,0.00,-0.08000
,,,-0.02105199918,0.00,0.00
,,,-0.02104800008,0.00,0.00
,,,-0.02104399912,0.00,0.00
,,,-0.02104000002,0.00,0.00
,,,-0.02103599906,0.00,0.00
,,,-0.02103199996,-0.08000,0.00
,,,-0.02102800086,0.00,0.08000
,,,-0.02102399990,-0.08000,0.00
,,,-0.02102000080,0.00,0.00
,,,-0.02101599984,0.00,0.00
,,,-0.02101200074,-0.08000,0.00
,,,-0.02100799978,0.00,0.00
,,,-0.02100400068,0.00,0.00
,,,-0.02099999972,-0.08000,0.00
,,,-0.02099600062,0.00,0.00
,,,-0.02099199966,0.00,0.00
,,,-0.02098800056,-0.08000,0.00
,,,-0.02098399960,-0.08000,0.00
,,,-0.02098000050,0.00,0.00
,,,-0.02097599953,0.00,0.00
,,,-0.02097200043,0.00,0.00
,,,-0.02096799947,0.00,0.00
,,,-0.02096400037,0.00,0.00
,,,-0.02095999941,0.00,0.00
,,,-0.02095600031,-0.08000,0.00
,,,-0.02095199935,-0.08000,0.00
,,,-0.02094800025,-0.08000,0.00
,,,-0.02094399929,0.00,0.00
,,,-0.02094000019,0.00,0.00
,,,-0.02093599923,0.00,0.00
,,,-0.02093200013,-0.08000,0.00
,,,-0.02092799917,0.00,0.00
,,,-0.02092400007,0.00,0.00
,,,-0.02091999911,-0.08000,0.00
,,,-0.02091600001,0.00,-0.08000
,,,-0.02091199905,0.00,0.08000
,,,-0.02090799995,0.00,0.00
,,,-0.02090400085,0.00,0.00
,,,-0.02089999989,0.00,0.00
,,,-0.02089600079,-0.08000,0.00
,,,-0.02089199983,0.00,0.00
,,,-0.02088800073,-0.08000,0.00
,,,-0.02088399976,-0.08000,0.00
,,,-0.02088000067,0.00,0.00
,,,-0.02087599970,0.00,0.00
,,,-0.02087200060,0.00,0.00
,,,-0.02086799964,0.00,0.00
,,,-0.02086400054,0.00,-0.08000
,,,-0.02085999958,0.00,0.00
,,,-0.02085600048,0.00,0.00
,,,-0.02085199952,-0.08000,0.00
,,,-0.02084800042,-0.08000,-0.08000
,,,-0.02084399946,0.00,0.00
,,,-0.02084000036,0.00,0.00
,,,-0.02083599940,0.00,-0.08000
,,,-0.02083200030,0.00,-0.08000
,,,-0.02082799934,0.00,-0.08000
,,,-0.02082400024,0.00,0.00
,,,-0.02081999928,0.00,0.00
,,,-0.02081600018,-0.08000,-0.08000
,,,-0.02081199922,0.00,-0.08000
,,,-0.02080800012,0.00,0.00
,,,-0.02080399916,0.00,0.00
,,,-0.02080000006,0.00,0.00
,,,-0.02079599909,0.00,0.00
,,,-0.02079200000,0.00,-0.08000
,,,-0.02078799903,0.00,0.00
,,,-0.02078399993,0.00,-0.08000
,,,-0.02078000084,0.00,0.00
,,,-0.02077599987,0.00,0.00
,,,-0.02077200077,0.00,0.00
,,,-0.02076799981,0.00,0.00
,,,-0.02076400071,0.00,0.00
,,,-0.02075999975,0.00,0.00
,,,-0.02075600065,0.00,0.08000
,,,-0.02075199969,0.00,0.00
,,,-0.02074800059,0.00,0.00
,,,-0.02074399963,-0.08000,0.00
,,,-0.02074000053,0.00,0.00
,,,-0.02073599957,0.00,0.00
,,,-0.02073200047,0.00,0.00
,,,-0.02072799951,0.00,0.00
,,,-0.02072400041,0.00,0.00
,,,-0.02071999945,0.00,0.00
,,,-0.02071600035,0.00,0.00
,,,-0.02071199939,0.00,0.00
,,,-0.02070800029,0.00,0.00
,,,-0.02070399933,0.00,0.00
,,,-0.02070000023,-0.08000,0.00
,,,-0.02069599926,0.00,0.08000
,,,-0.02069200017,0.00,0.00
,,,-0.02068799920,0.00,0.00
,,,-0.02068400010,0.00,0.00
,,,-0.02067999914,0.00,0.00
,,,-0.02067600004,0.00,0.00
,,,-0.02067199908,-0.08000,0.00
,,,-0.02066799998,-0.08000,0.00
,,,-0.02066399902,0.00,0.00
,,,-0.02065999992,0.00,0.00
,,,-0.02065600082,0.00,0.00
,,,-0.02065199986,0.00,0.00
,,,-0.02064800076,-0.08000,0.00
,,,-0.02064399980,0.00,0.00
,,,-0.02064000070,0.00,0.00
,,,-0.02063599974,0.00,0.00
,,,-0.02063200064,0.00,0.00
,,,-0.02062799968,0.00,0.00
,,,-0.02062400058,0.00,0.00
,,,-0.02061999962,0.00,0.00
,,,-0.02061600052,0.00,0.00
,,,-0.02061199956,0.00,0.08000
,,,-0.02060800046,0.00,0.00
,,,-0.02060399950,0.00,0.00
,,,-0.02060000040,0.00,0.00
,,,-0.02059599943,-0.08000,0.00
,,,-0.02059200034,0.00,0.00
,,,-0.02058799937,0.00,0.00
,,,-0.02058400027,0.00,0.00
,,,-0.02057999931,0.00,0.00
,,,-0.02057600021,-0.08000,0.00
,,,-0.02057199925,0.00,0.00
,,,-0.02056800015,0.00,0.00
,,,-0.02056399919,0.00,0.00
,,,-0.02056000009,0.00,0.08000
,,,-0.02055599913,0.00,0.00
,,,-0.02055200003,0.00,0.00
,,,-0.02054799907,0.00,0.00
,,,-0.02054399997,0.00,0.00
,,,-0.02054000087,0.00,0.00
,,,-0.02053599991,0.00,0.00
,,,-0.02053200081,0.00,0.00
,,,-0.02052799985,0.00,0.00
,,,-0.02052400075,0.00,0.00
,,,-0.02051999979,0.00,0.00
,,,-0.02051600069,0.00,0.00
,,,-0.02051199973,0.00,0.00
,,,-0.02050800063,0.00,0.00
,,,-0.02050399967,0.00,0.00
,,,-0.02050000057,0.00,-0.08000
,,,-0.02049599960,0.00,0.00
,,,-0.02049200051,0.00,0.00
,,,-0.02048799954,0.00,0.00
,,,-0.02048400044,0.00,0.00
,,,-0.02047999948,-0.08000,0.00
,,,-0.02047600038,-0.08000,0.00
,,,-0.02047199942,0.00,0.00
,,,-0.02046800032,0.00,0.00
,,,-0.02046399936,0.00,0.00
,,,-0.02046000026,0.00,0.00
,,,-0.02045599930,0.00,0.00
,,,-0.02045200020,0.00,0.00
,,,-0.02044799924,0.00,0.00
,,,-0.02044400014,0.00,0.00
,,,-0.02043999918,0.00,0.00
,,,-0.02043600008,0.00,0.00
,,,-0.02043199912,0.00,0.00
,,,-0.02042800002,0.00,0.00
,,,-0.02042399906,0.00,-0.08000
,,,-0.02041999996,0.00,0.00
,,,-0.02041600086,-0.08000,0.00
,,,-0.02041199990,-0.08000,0.00
,,,-0.02040800080,0.00,0.00
,,,-0.02040399984,0.00,0.00
,,,-0.02040000074,0.00,-0.08000
,,,-0.02039599977,0.00,0.00
,,,-0.02039200068,0.00,0.00
,,,-0.02038799971,0.00,0.00
,,,-0.02038400061,0.00,0.00
,,,-0.02037999965,0.00,-0.08000
,,,-0.02037600055,0.00,0.00
,,,-0.02037199959,0.00,0.00
,,,-0.02036800049,0.00,0.00
,,,-0.02036399953,-0.08000,0.00
,,,-0.02036000043,0.00,0.00
,,,-0.02035599947,0.00,0.00
,,,-0.02035200037,-0.08000,0.00
,,,-0.02034799941,0.00,0.00
,,,-0.02034400031,0.00,0.00
,,,-0.02033999935,0.00,0.00
,,,-0.02033600025,0.00,0.00
,,,-0.02033199929,0.00,0.00
,,,-0.02032800019,0.00,0.00
,,,-0.02032399923,0.00,0.00
,,,-0.02032000013,0.00,0.08000
,,,-0.02031599917,0.00,0.00
,,,-0.02031200007,-0.08000,0.00
,,,-0.02030799910,0.00,0.00
,,,-0.02030400001,-0.08000,0.00
,,,-0.02029999904,0.00,0.00
,,,-0.02029599994,0.00,0.00
,,,-0.02029200085,0.00,0.00
,,,-0.02028799988,0.00,0.00
,,,-0.02028400078,0.00,0.00
,,,-0.02027999982,0.00,0.00
,,,-0.02027600072,-0.08000,0.00
,,,-0.02027199976,0.00,0.00
,,,-0.02026800066,0.00,0.00
,,,-0.02026399970,-0.08000,0.00
,,,-0.02026000060,0.00,0.00
,,,-0.02025599964,0.00,0.00
,,,-0.02025200054,0.00,0.00
,,,-0.02024799958,-0.08000,0.00
,,,-0.02024400048,-0.08000,0.08000
,,,-0.02023999952,0.00,-0.08000
,,,-0.02023600042,0.00,0.00
,,,-0.02023199946,-0.08000,0.00
,,,-0.02022800036,0.00,0.08000
,,,-0.02022399940,0.00,0.00
,,,-0.02022000030,0.00,0.00
,,,-0.02021599934,0.00,0.00
,,,-0.02021200024,0.00,0.00
,,,-0.02020799927,0.00,0.00
,,,-0.02020400017,0.00,0.00
,,,-0.02019999921,-0.08000,0.00
,,,-0.02019600011,0.00,0.00
,,,-0.02019199915,0.00,0.00
,,,-0.02018800005,0.00,0.00
,,,-0.02018399909,0.00,0.00
,,,-0.02017999999,0.00,0.00
,,,-0.02017599903,0.00,0.00
,,,-0.02017199993,0.00,0.00
,,,-0.02016800083,0.00,0.00
,,,-0.02016399987,0.00,0.00
,,,-0.02016000077,0.00,0.00
,,,-0.02015599981,-0.08000,0.08000
,,,-0.02015200071,0.00,0.00
,,,-0.02014799975,0.00,0.00
,,,-0.02014400065,-0.08000,0.00
,,,-0.02013999969,-0.08000,0.00
,,,-0.02013600059,0.00,0.00
,,,-0.02013199963,-0.08000,-0.08000
,,,-0.02012800053,0.00,0.00
,,,-0.02012399957,0.00,0.00
,,,-0.02012000047,0.00,0.00
,,,-0.02011599950,0.00,0.00
,,,-0.02011200041,0.00,0.00
,,,-0.02010799944,0.00,0.00
,,,-0.02010400034,0.00,0.00
,,,-0.02009999938,0.00,0.00
,,,-0.02009600028,-0.08000,0.00
,,,-0.02009199932,-0.08000,0.00
,,,-0.02008800022,0.00,0.00
,,,-0.02008399926,0.00,0.00
,,,-0.02008000016,0.00,-0.08000
,,,-0.02007599920,-0.08000,0.00
,,,-0.02007200010,0.00,0.00
,,,-0.02006799914,0.00,0.00
,,,-0.02006400004,0.00,0.00
,,,-0.02005999908,0.00,0.00
,,,-0.02005599998,0.00,0.00
,,,-0.02005200088,0.00,0.00
,,,-0.02004799992,0.00,0.00
,,,-0.02004400082,0.00,0.00
,,,-0.02003999986,0.00,0.00
,,,-0.02003600076,-0.08000,-0.08000
,,,-0.02003199980,0.00,0.00
,,,-0.02002800070,0.00,0.00
,,,-0.02002399974,0.00,0.00
,,,-0.02002000064,0.00,0.08000
,,,-0.02001599967,0.00,0.08000
,,,-0.02001200058,-0.08000,0.00
,,,-0.02000799961,0.00,0.00
,,,-0.02000400051,0.00,0.00
,,,-0.01999999955,-0.08000,0.00
,,,-0.01999600045,0.00,0.00
,,,-0.01999199949,0.00,0.00
,,,-0.01998800039,0.00,0.00
,,,-0.01998399943,0.00,0.00
,,,-0.01998000033,0.00,0.00
,,,-0.01997599937,0.00,0.00
,,,-0.01997200027,0.00,0.00
,,,-0.01996799931,0.00,0.08000
,,,-0.01996400021,0.00,0.00
,,,-0.01995999925,0.00,0.00
,,,-0.01995600015,0.00,0.00
,,,-0.01995199919,0.00,0.00
,,,-0.01994800009,0.00,0.00
,,,-0.01994399913,0.00,0.00
,,,-0.01994000003,0.00,-0.08000
,,,-0.01993599907,0.00,0.00
,,,-0.01993199997,0.00,0.00
,,,-0.01992800087,0.00,0.00
,,,-0.01992399991,0.00,0.00
,,,-0.01992000081,-0.08000,0.00
,,,-0.01991599984,0.00,-0.08000
,,,-0.01991200075,0.00,0.00
,,,-0.01990799978,0.00,0.00
,,,-0.01990400068,0.00,0.00
,,,-0.01989999972,0.00,0.00
,,,-0.01989600062,0.00,0.00
,,,-0.01989199966,0.00,0.00
,,,-0.01988800056,0.00,0.00
,,,-0.01988399960,-0.08000,0.00
,,,-0.01988000050,0.00,0.08000
,,,-0.01987599954,0.00,0.00
,,,-0.01987200044,-0.08000,0.00
,,,-0.01986799948,0.00,0.00
,,,-0.01986400038,0.00,0.00
,,,-0.01985999942,0.00,0.00
,,,-0.01985600032,0.00,0.00
,,,-0.01985199936,0.00,0.00
,,,-0.01984800026,0.00,0.00
,,,-0.01984399930,0.00,0.08000
,,,-0.01984000020,0.00,0.00
,,,-0.01983599924,0.00,0.00
,,,-0.01983200014,0.00,0.00
,,,-0.01982799917,0.00,0.00
,,,-0.01982400008,0.00,0.00
,,,-0.01981999911,0.00,0.00
,,,-0.01981600001,0.00,0.00
,,,-0.01981199905,0.00,0.00
,,,-0.01980799995,0.00,0.00
,,,-0.01980400085,0.00,0.00
,,,-0.01979999989,0.00,0.00
,,,-0.01979600079,0.00,0.00
,,,-0.01979199983,0.00,-0.08000
,,,-0.01978800073,0.00,0.00
,,,-0.01978399977,0.00,0.00
,,,-0.01978000067,-0.08000,0.00
,,,-0.01977599971,0.00,0.00
,,,-0.01977200061,-0.08000,0.00
,,,-0.01976799965,0.00,0.00
,,,-0.01976400055,0.00,0.00
,,,-0.01975999959,0.00,0.00
,,,-0.01975600049,0.00,-0.08000
,,,-0.01975199953,0.00,0.00
,,,-0.01974800043,0.00,0.00
,,,-0.01974399947,0.00,0.00
,,,-0.01974000037,0.00,0.00
,,,-0.01973599941,0.00,0.00
,,,-0.01973200031,0.00,0.00
,,,-0.01972799934,0.00,0.00
,,,-0.01972400025,0.00,0.00
,,,-0.01971999928,0.00,0.00
,,,-0.01971600018,0.00,0.00
,,,-0.01971199922,0.00,0.00
,,,-0.01970800012,0.00,0.00
,,,-0.01970399916,0.00,0.00
,,,-0.01970000006,0.00,0.08000
,,,-0.01969599910,0.00,0.00
,,,-0.01969200000,0.00,0.00
,,,-0.01968799904,0.00,-0.08000
,,,-0.01968399994,0.00,0.00
,,,-0.01968000084,0.00,0.00
,,,-0.01967599988,0.00,0.00
,,,-0.01967200078,0.00,0.00
,,,-0.01966799982,-0.08000,0.00
,,,-0.01966400072,0.00,0.00
,,,-0.01965999976,0.00,-0.08000
,,,-0.01965600066,0.00,0.00
,,,-0.01965199970,0.00,0.00
,,,-0.01964800060,0.00,0.00
,,,-0.01964399964,0.00,0.00
,,,-0.01964000054,0.00,0.00
,,,-0.01963599958,0.00,0.00
,,,-0.01963200048,0.00,0.00
,,,-0.01962799951,0.00,0.00
,,,-0.01962400042,0.00,0.00
,,,-0.01961999945,0.00,0.00
,,,-0.01961600035,0.00,0.00
,,,-0.01961199939,0.00,0.00
,,,-0.01960800029,0.00,0.00
,,,-0.01960399933,0.00,0.00
,,,-0.01960000023,0.00,0.00
,,,-0.01959599927,0.00,0.00
,,,-0.01959200017,0.00,0.00
,,,-0.01958799921,0.00,0.00
,,,-0.01958400011,0.00,0.00
,,,-0.01957999915,0.00,0.00
,,,-0.01957600005,0.00,-0.08000
,,,-0.01957199909,-0.08000,0.00
,,,-0.01956799999,0.00,0.00
,,,-0.01956399903,0.00,0.00
,,,-0.01955999993,0.00,0.00
,,,-0.01955600083,0.00,0.00
,,,-0.01955199987,0.00,0.00
,,,-0.01954800077,0.00,0.00
,,,-0.01954399981,0.00,0.00
,,,-0.01954000071,0.00,0.00
,,,-0.01953599975,0.00,0.00
,,,-0.01953200065,0.00,0.00
,,,-0.01952799968,0.00,0.00
,,,-0.01952400059,0.00,0.00
,,,-0.01951999962,0.00,0.08000
,,,-0.01951600052,0.00,0.00
,,,-0.01951199956,0.00,0.00
,,,-0.01950800046,0.00,0.00
,,,-0.01950399950,0.00,0.00
,,,-0.01950000040,0.00,0.00
,,,-0.01949599944,0.00,0.08000
,,,-0.01949200034,-0.08000,0.00
,,,-0.01948799938,0.00,0.00
,,,-0.01948400028,0.00,0.00
,,,-0.01947999932,0.00,0.00
,,,-0.01947600022,0.00,0.00
,,,-0.01947199926,0.00,0.00
,,,-0.01946800016,0.00,0.00
,,,-0.01946399920,0.00,0.00
,,,-0.01946000010,-0.08000,0.00
,,,-0.01945599914,0.00,0.00
,,,-0.01945200004,0.00,0.00
,,,-0.01944799908,0.00,0.00
,,,-0.01944399998,-0.08000,0.00
,,,-0.01944000088,0.00,0.00
,,,-0.01943599992,0.00,0.00
,,,-0.01943200082,0.00,0.00
,,,-0.01942799985,0.00,0.00
,,,-0.01942400075,0.00,-0.08000
,,,-0.01941999979,0.00,0.00
,,,-0.01941600069,0.00,0.00
,,,-0.01941199973,0.00,0.00
,,,-0.01940800063,0.00,0.00
,,,-0.01940399967,-0.08000,0.00
,,,-0.01940000057,-0.08000,0.00
,,,-0.01939599961,0.00,0.00
,,,-0.01939200051,0.00,0.00
,,,-0.01938799955,0.00,0.00
,,,-0.01938400045,0.00,0.00
,,,-0.01937999949,0.00,0.00
,,,-0.01937600039,0.00,0.00
,,,-0.01937199943,0.00,0.00
,,,-0.01936800033,0.00,0.00
,,,-0.01936399937,0.00,0.00
,,,-0.01936000027,0.00,0.00
,,,-0.01935599931,0.00,0.00
,,,-0.01935200021,0.00,0.00
,,,-0.01934799924,0.00,0.00
,,,-0.01934400015,0.00,0.00
,,,-0.01933999918,0.00,0.00
,,,-0.01933600008,0.00,0.00
,,,-0.01933199912,0.00,0.00
,,,-0.01932800002,0.00,0.08000
,,,-0.01932399906,0.08000,0.00
,,,-0.01931999996,0.00,-0.08000
,,,-0.01931600086,-0.08000,0.00
,,,-0.01931199990,0.00,0.08000
,,,-0.01930800080,0.00,0.00
,,,-0.01930399984,0.00,0.00
,,,-0.01930000074,0.00,0.00
,,,-0.01929599978,0.00,0.00
,,,-0.01929200068,0.00,0.00
,,,-0.01928799972,0.00,0.00
,,,-0.01928400062,0.00,0.00
,,,-0.01927999966,0.00,0.00
,,,-0.01927600056,0.00,0.00
,,,-0.01927199960,0.00,0.00
,,,-0.01926800050,0.00,-0.08000
,,,-0.01926399954,0.00,0.00
,,,-0.01926000044,0.00,0.00
,,,-0.01925599948,0.00,0.00
,,,-0.01925200038,0.00,0.00
,,,-0.01924799941,0.00,0.00
,,,-0.01924400032,0.00,0.00
,,,-0.01923999935,0.00,0.00
,,,-0.01923600025,0.00,0.00
,,,-0.01923199929,0.00,-0.08000
,,,-0.01922800019,0.00,0.00
,,,-0.01922399923,0.00,0.00
,,,-0.01922000013,0.00,0.00
,,,-0.01921599917,0.00,0.00
,,,-0.01921200007,0.00,0.00
,,,-0.01920799911,0.00,0.00
,,,-0.01920400001,0.00,0.08000
,,,-0.01919999905,0.00,-0.08000
,,,-0.01919599995,0.00,0.00
,,,-0.01919200085,0.00,0.00
,,,-0.01918799989,-0.08000,0.00
,,,-0.01918400079,0.00,0.00
,,,-0.01917999983,0.00,0.00
,,,-0.01917600073,0.00,0.00
,,,-0.01917199977,-0.08000,0.00
,,,-0.01916800067,0.00,0.00
,,,-0.01916399971,0.00,0.00
,,,-0.01916000061,0.00,0.00
,,,-0.01915599965,0.00,0.00
,,,-0.01915200055,0.00,0.00
,,,-0.01914799958,0.00,0.00
,,,-0.01914400049,0.00,0.00
,,,-0.01913999952,0.00,0.08000
,,,-0.01913600042,0.00,0.00
,,,-0.01913199946,0.00,0.00
,,,-0.01912800036,0.00,0.00
,,,-0.01912399940,0.00,0.00
,,,-0.01912000030,0.00,0.00
,,,-0.01911599934,0.00,0.08000
,,,-0.01911200024,0.00,0.00
,,,-0.01910799928,0.00,0.00
,,,-0.01910400018,0.00,0.00
,,,-0.01909999922,-0.08000,0.00
,,,-0.01909600012,0.00,-0.08000
,,,-0.01909199916,0.00,0.00
,,,-0.01908800006,0.00,-0.08000
,,,-0.01908399910,0.00,0.00
,,,-0.01908000000,0.00,0.00
,,,-0.01907599904,-0.08000,0.00
,,,-0.01907199994,-0.08000,0.00
,,,-0.01906800084,0.00,0.00
,,,-0.01906399988,0.00,0.00
,,,-0.01906000078,0.00,0.00
,,,-0.01905599982,0.00,0.00
,,,-0.01905200072,0.00,0.00
,,,-0.01904799975,0.00,0.00
,,,-0.01904400066,-0.08000,0.00
,,,-0.01903999969,0.00,0.00
,,,-0.01903600059,0.00,0.00
,,,-0.01903199963,0.00,0.00
,,,-0.01902800053,0.00,0.00
,,,-0.01902399957,0.00,0.00
,,,-0.01902000047,0.00,0.00
,,,-0.01901599951,0.00,0.00
,,,-0.01901200041,0.00,0.08000
,,,-0.01900799945,-0.08000,0.00
,,,-0.01900400035,0.00,0.00
,,,-0.01899999939,0.00,0.00
,,,-0.01899600029,0.00,-0.08000
,,,-0.01899199933,0.00,0.00
,,,-0.01898800023,0.00,0.00
,,,-0.01898399927,0.00,0.00
,,,-0.01898000017,0.00,0.00
,,,-0.01897599921,0.00,0.00
,,,-0.01897200011,0.00,0.00
,,,-0.01896799915,0.00,0.00
,,,-0.01896400005,0.00,0.00
,,,-0.01895999908,0.00,0.00
,,,-0.01895599999,0.00,0.00
,,,-0.01895199902,0.00,0.00
,,,-0.01894799992,0.00,0.00
,,,-0.01894400083,-0.08000,0.00
,,,-0.01893999986,0.00,0.00
,,,-0.01893600076,0.00,0.00
,,,-0.01893199980,0.00,0.00
,,,-0.01892800070,0.00,0.00
,,,-0.01892399974,-0.08000,0.00
,,,-0.01892000064,0.00,0.00
,,,-0.01891599968,0.00,0.00
,,,-0.01891200058,0.00,0.00
,,,-0.01890799962,0.00,0.00
,,,-0.01890400052,0.00,0.00
,,,-0.01889999956,0.00,0.00
,,,-0.01889600046,-0.08000,0.00
,,,-0.01889199950,0.00,0.00
,,,-0.01888800040,0.00,0.00
,,,-0.01888399944,0.00,0.00
,,,-0.01888000034,0.00,0.00
,,,-0.01887599938,0.00,0.00
,,,-0.01887200028,0.00,-0.08000
,,,-0.01886799932,0.00,0.00
,,,-0.01886400022,0.00,0.00
,,,-0.01885999925,0.00,-0.08000
,,,-0.01885600016,0.00,0.00
,,,-0.01885199919,0.00,0.00
,,,-0.01884800009,0.00,0.00
,,,-0.01884399913,0.00,0.00
,,,-0.01884000003,-0.08000,0.00
,,,-0.01883599907,-0.08000,0.00
,,,-0.01883199997,0.00,-0.08000
,,,-0.01882800087,0.00,0.08000
,,,-0.01882399991,0.00,0.00
,,,-0.01882000081,0.00,0.00
,,,-0.01881599985,0.00,0.00
,,,-0.01881200075,0.00,0.00
,,,-0.01880799979,0.00,0.00
,,,-0.01880400069,0.00,0.00
,,,-0.01879999973,0.00,0.00
,,,-0.01879600063,0.00,0.00
,,,-0.01879199967,0.00,0.00
,,,-0.01878800057,0.00,0.00
,,,-0.01878399961,0.00,0.00
,,,-0.01878000051,0.00,0.00
,,,-0.01877599955,0.00,0.00
,,,-0.01877200045,0.00,0.00
,,,-0.01876799949,0.00,0.00
,,,-0.01876400039,0.00,0.00
,,,-0.01875999942,0.00,-0.08000
,,,-0.01875600033,0.00,0.08000
,,,-0.01875199936,0.00,0.00
,,,-0.01874800026,-0.08000,0.00
,,,-0.01874399930,-0.08000,0.00
,,,-0.01874000020,0.00,0.00
,,,-0.01873599924,0.00,0.00
,,,-0.01873200014,0.00,0.08000
,,,-0.01872799918,0.00,0.00
,,,-0.01872400008,0.00,0.00
,,,-0.01871999912,0.00,0.00
,,,-0.01871600002,0.00,0.00
,,,-0.01871199906,0.00,0.00
,,,-0.01870799996,0.00,0.00
,,,-0.01870400086,0.00,0.00
,,,-0.01869999990,-0.08000,0.00
,,,-0.01869600080,0.00,0.00
,,,-0.01869199984,0.00,0.00
,,,-0.01868800074,0.00,0.00
,,,-0.01868399978,0.00,0.00
,,,-0.01868000068,-0.08000,0.00
,,,-0.01867599972,0.00,0.00
,,,-0.01867200062,-0.08000,0.00
,,,-0.01866799966,0.00,0.00
,,,-0.01866400056,-0.08000,0.00
,,,-0.01865999959,0.00,0.00
,,,-0.01865600049,0.00,0.00
,,,-0.01865199953,-0.08000,0.00
,,,-0.01864800043,0.00,0.00
,,,-0.01864399947,0.00,0.00
,,,-0.01864000037,0.00,0.00
,,,-0.01863599941,0.00,0.00
,,,-0.01863200031,0.00,0.00
,,,-0.01862799935,0.00,0.00
,,,-0.01862400025,0.00,0.00
,,,-0.01861999929,0.00,0.00
,,,-0.01861600019,-0.08000,0.08000
,,,-0.01861199923,0.00,0.00
,,,-0.01860800013,0.00,0.08000
,,,-0.01860399917,0.00,0.00
,,,-0.01860000007,0.00,0.00
,,,-0.01859599911,0.00,0.00
,,,-0.01859200001,0.00,0.00
,,,-0.01858799905,0.00,0.00
,,,-0.01858399995,-0.08000,0.00
,,,-0.01858000085,0.00,0.00
,,,-0.01857599989,-0.08000,0.00
,,,-0.01857200079,0.00,0.08000
,,,-0.01856799982,-0.08000,0.00
,,,-0.01856400073,0.00,0.00
,,,-0.01855999976,0.00,0.00
,,,-0.01855600066,-0.08000,0.00
,,,-0.01855199970,0.00,0.00
,,,-0.01854800060,0.00,0.00
,,,-0.01854399964,0.00,0.00
,,,-0.01854000054,0.00,0.00
,,,-0.01853599958,-0.08000,0.00
,,,-0.01853200048,0.00,0.00
,,,-0.01852799952,0.00,0.00
,,,-0.01852400042,0.00,0.00
,,,-0.01851999946,0.00,0.08000
,,,-0.01851600036,0.00,0.00
,,,-0.01851199940,0.00,0.00
,,,-0.01850800030,0.00,0.08000
,,,-0.01850399934,0.00,0.00
,,,-0.01850000024,0.00,0.00
,,,-0.01849599928,0.00,0.00
,,,-0.01849200018,0.00,0.00
,,,-0.01848799922,0.00,0.00
,,,-0.01848400012,0.00,0.00
,,,-0.01847999915,0.00,0.00
,,,-0.01847600006,-0.08000,0.00
,,,-0.01847199909,0.00,0.00
,,,-0.01846799999,0.00,0.00
,,,-0.01846399903,0.00,0.00
,,,-0.01845999993,0.00,0.00
,,,-0.01845600083,0.00,0.00
,,,-0.01845199987,0.00,0.00
,,,-0.01844800077,-0.08000,0.00
,,,-0.01844399981,0.00,0.00
,,,-0.01844000071,0.00,0.00
,,,-0.01843599975,0.00,0.00
,,,-0.01843200065,0.00,0.00
,,,-0.01842799969,0.00,0.00
,,,-0.01842400059,0.00,0.00
,,,-0.01841999963,0.00,-0.08000
,,,-0.01841600053,0.00,0.00
,,,-0.01841199957,0.00,0.00
,,,-0.01840800047,0.00,0.08000
,,,-0.01840399951,0.00,0.00
,,,-0.01840000041,0.00,0.00
,,,-0.01839599945,0.00,0.08000
,,,-0.01839200035,0.00,0.00
,,,-0.01838799939,0.00,0.00
,,,-0.01838400029,0.00,0.00
,,,-0.01837999932,0.00,0.00
,,,-0.01837600023,0.00,0.00
,,,-0.01837199926,-0.08000,0.00
,,,-0.01836800016,0.00,0.00
,,,-0.01836399920,0.00,0.00
,,,-0.01836000010,0.00,0.00
,,,-0.01835599914,-0.08000,0.00
,,,-0.01835200004,0.00,0.00
,,,-0.01834799908,0.00,0.00
,,,-0.01834399998,0.00,0.00
,,,-0.01834000088,0.00,0.00
,,,-0.01833599992,-0.08000,0.00
,,,-0.01833200082,0.00,0.00
,,,-0.01832799986,0.00,0.00
,,,-0.01832400076,0.00,0.08000
,,,-0.01831999980,0.00,0.00
,,,-0.01831600070,0.00,0.00
,,,-0.01831199974,-0.08000,0.00
,,,-0.01830800064,0.00,0.00
,,,-0.01830399968,0.00,0.00
,,,-0.01830000058,-0.08000,0.00
,,,-0.01829599962,0.00,0.00
,,,-0.01829200052,-0.08000,0.00
,,,-0.01828799956,0.00,0.00
,,,-0.01828400046,0.00,0.00
,,,-0.01827999949,0.00,0.00
,,,-0.01827600040,0.00,-0.08000
,,,-0.01827199943,0.00,0.00
,,,-0.01826800033,0.00,0.00
,,,-0.01826399937,0.00,0.00
,,,-0.01826000027,-0.08000,0.08000
,,,-0.01825599931,0.00,-0.08000
,,,-0.01825200021,0.00,0.00
,,,-0.01824799925,0.00,0.00
,,,-0.01824400015,0.00,0.00
,,,-0.01823999919,-0.08000,0.00
,,,-0.01823600009,0.00,0.00
,,,-0.01823199913,-0.08000,0.00
,,,-0.01822800003,0.00,0.00
,,,-0.01822399907,0.00,0.00
,,,-0.01821999997,0.00,0.00
,,,-0.01821600087,0.00,0.00
,,,-0.01821199991,0.00,0.00
,,,-0.01820800081,0.00,0.00
,,,-0.01820399985,0.00,0.00
,,,-0.01820000075,0.00,0.00
,,,-0.01819599979,0.00,0.00
,,,-0.01819200069,-0.08000,0.00
,,,-0.01818799973,0.00,0.00
,,,-0.01818400063,0.00,0.00
,,,-0.01817999966,0.00,0.00
,,,-0.01817600057,0.00,0.00
,,,-0.01817199960,0.00,0.00
,,,-0.01816800050,0.00,0.00
,,,-0.01816399954,0.00,0.00
,,,-0.01816000044,0.00,0.00
,,,-0.01815599948,-0.08000,0.00
,,,-0.01815200038,0.00,0.00
,,,-0.01814799942,0.00,0.00
,,,-0.01814400032,0.00,0.00
,,,-0.01813999936,0.00,0.00
,,,-0.01813600026,0.00,0.00
,,,-0.01813199930,0.00,0.00
,,,-0.01812800020,0.00,0.00
,,,-0.01812399924,0.00,0.00
,,,-0.01812000014,0.00,0.00
,,,-0.01811599918,0.00,0.00
,,,-0.01811200008,0.00,0.00
,,,-0.01810799912,0.00,0.00
,,,-0.01810400002,0.00,0.00
,,,-0.01809999906,0.00,0.00
,,,-0.01809599996,0.00,0.00
,,,-0.01809200086,0.00,0.00
,,,-0.01808799990,0.00,0.00
,,,-0.01808400080,0.00,0.00
,,,-0.01807999983,0.00,0.00
,,,-0.01807600074,0.00,0.00
,,,-0.01807199977,0.00,0.00
,,,-0.01806800067,0.00,0.00
,,,-0.01806399971,0.00,0.00
,,,-0.01806000061,0.00,0.00
,,,-0.01805599965,0.00,0.00
,,,-0.01805200055,0.00,0.00
,,,-0.01804799959,0.00,-0.08000
,,,-0.01804400049,-0.08000,0.00
,,,-0.01803999953,0.00,0.00
,,,-0.01803600043,0.00,0.00
,,,-0.01803199947,0.00,0.00
,,,-0.01802800037,-0.08000,0.00
,,,-0.01802399941,0.00,-0.08000
,,,-0.01802000031,0.00,0.00
,,,-0.01801599935,0.00,0.00
,,,-0.01801200025,0.00,0.00
,,,-0.01800799929,0.00,0.00
,,,-0.01800400019,0.00,0.00
,,,-0.01799999923,0.00,0.00
,,,-0.01799600013,-0.08000,0.08000
,,,-0.01799199916,-0.08000,0.00
,,,-0.01798800007,0.00,0.00
,,,-0.01798399910,0.00,0.00
,,,-0.01798000000,0.00,0.00
,,,-0.01797599904,0.00,0.00
,,,-0.01797199994,0.00,0.00
,,,-0.01796800084,0.00,0.00
,,,-0.01796399988,-0.08000,0.00
,,,-0.01796000078,0.00,0.00
,,,-0.01795599982,-0.08000,-0.08000
,,,-0.01795200072,0.00,0.00
,,,-0.01794799976,0.00,0.00
,,,-0.01794400066,0.00,0.00
,,,-0.01793999970,0.00,0.08000
,,,-0.01793600060,0.00,0.00
,,,-0.01793199964,0.00,0.00
,,,-0.01792800054,0.00,0.00
,,,-0.01792399958,0.00,0.00
,,,-0.01792000048,0.00,0.00
,,,-0.01791599952,0.00,0.00
,,,-0.01791200042,0.00,0.00
,,,-0.01790799946,0.00,0.00
,,,-0.01790400036,0.00,0.08000
,,,-0.01789999940,-0.08000,0.00
,,,-0.01789600030,0.00,0.00
,,,-0.01789199933,0.00,0.00
,,,-0.01788800023,0.00,0.00
,,,-0.01788399927,0.00,0.00
,,,-0.01788000017,0.00,0.00
,,,-0.01787599921,0.00,0.00
,,,-0.01787200011,0.00,0.00
,,,-0.01786799915,0.00,0.00
,,,-0.01786400005,0.00,0.00
,,,-0.01785999909,0.00,0.00
,,,-0.01785599999,0.00,-0.08000
,,,-0.01785199903,0.00,0.00
,,,-0.01784799993,0.00,0.00
,,,-0.01784400083,0.00,0.08000
,,,-0.01783999987,0.00,0.00
,,,-0.01783600077,0.00,0.00
,,,-0.01783199981,-0.08000,0.00
,,,-0.01782800071,0.00,0.00
,,,-0.01782399975,0.00,0.00
,,,-0.01782000065,0.00,0.00
,,,-0.01781599969,0.00,0.00
,,,-0.01781200059,0.00,0.00
,,,-0.01780799963,0.00,0.00
,,,-0.01780400053,0.00,0.08000
,,,-0.01779999956,0.00,0.00
,,,-0.01779600047,0.00,0.00
,,,-0.01779199950,0.00,0.00
,,,-0.01778800040,0.00,0.00
,,,-0.01778399944,0.00,0.00
,,,-0.01778000034,0.00,0.00
,,,-0.01777599938,-0.08000,0.00
,,,-0.01777200028,0.00,0.00
,,,-0.01776799932,0.00,0.00
,,,-0.01776400022,0.00,0.00
,,,-0.01775999926,0.00,0.00
,,,-0.01775600016,0.00,0.00
,,,-0.01775199920,0.00,0.00
,,,-0.01774800010,0.00,0.00
,,,-0.01774399914,0.00,0.00
,,,-0.01774000004,0.00,0.00
,,,-0.01773599908,0.00,0.00
,,,-0.01773199998,0.00,0.00
,,,-0.01772800088,-0.08000,0.00
,,,-0.01772399992,0.00,0.00
,,,-0.01772000082,0.00,0.00
,,,-0.01771599986,0.00,0.00
,,,-0.01771200076,-0.08000,0.00
,,,-0.01770799980,0.00,0.00
,,,-0.01770400070,-0.08000,0.00
,,,-0.01769999973,0.00,0.00
,,,-0.01769600064,-0.08000,0.00
,,,-0.01769199967,0.00,0.00
,,,-0.01768800057,-0.08000,0.00
,,,-0.01768399961,0.00,0.00
,,,-0.01768000051,0.00,0.00
,,,-0.01767599955,0.00,0.00
,,,-0.01767200045,0.00,0.00
,,,-0.01766799949,0.00,0.00
,,,-0.01766400039,0.00,0.00
,,,-0.01765999943,-0.08000,0.08000
,,,-0.01765600033,0.00,0.00
,,,-0.01765199937,0.00,0.00
,,,-0.01764800027,0.00,0.00
,,,-0.01764399931,0.00,0.00
,,,-0.01764000021,0.00,0.00
,,,-0.01763599925,0.00,0.00
,,,-0.01763200015,0.00,0.00
,,,-0.01762799919,0.00,0.00
,,,-0.01762400009,0.00,0.00
,,,-0.01761999913,0.00,0.00
,,,-0.01761600003,0.00,0.00
,,,-0.01761199906,0.00,0.00
,,,-0.01760799997,0.00,0.00
,,,-0.01760400087,0.00,0.00
,,,-0.01759999990,0.00,0.00
,,,-0.01759600081,0.00,0.00
,,,-0.01759199984,0.00,0.00
,,,-0.01758800074,0.00,0.00
,,,-0.01758399978,0.00,0.00
,,,-0.01758000068,0.00,0.00
,,,-0.01757599972,-0.08000,0.00
,,,-0.01757200062,0.00,0.00
,,,-0.01756799966,0.00,0.00
,,,-0.01756400056,0.00,0.08000
,,,-0.01755999960,0.00,0.08000
,,,-0.01755600050,0.00,0.00
,,,-0.01755199954,0.00,0.00
,,,-0.01754800044,-0.08000,0.00
,,,-0.01754399948,0.00,0.00
,,,-0.01754000038,-0.08000,0.00
,,,-0.01753599942,0.00,0.00
,,,-0.01753200032,0.00,0.00
,,,-0.01752799936,0.00,0.00
,,,-0.01752400026,0.00,0.00
,,,-0.01751999930,0.00,0.00
,,,-0.01751600020,0.00,0.00
,,,-0.01751199923,0.00,0.00
,,,-0.01750800014,0.00,0.00
,,,-0.01750399917,-0.08000,-0.08000
,,,-0.01750000007,-0.08000,0.00
,,,-0.01749599911,-0.08000,0.00
,,,-0.01749200001,0.00,-0.08000
,,,-0.01748799905,0.00,0.00
,,,-0.01748399995,0.00,0.00
,,,-0.01748000085,0.00,0.00
,,,-0.01747599989,0.00,0.00
,,,-0.01747200079,0.00,0.08000
,,,-0.01746799983,0.00,0.00
,,,-0.01746400073,-0.08000,0.00
,,,-0.01745999977,0.00,0.00
,,,-0.01745600067,0.00,0.00
,,,-0.01745199971,0.00,0.00
,,,-0.01744800061,0.00,0.00
,,,-0.01744399965,0.00,0.00
,,,-0.01744000055,0.00,0.00
,,,-0.01743599959,-0.08000,0.00
,,,-0.01743200049,-0.08000,0.00
,,,-0.01742799953,0.00,0.00
,,,-0.01742400043,0.00,0.00
,,,-0.01741999947,-0.08000,0.00
,,,-0.01741600037,0.00,0.00
,,,-0.01741199940,0.00,0.00
,,,-0.01740800031,0.00,0.00
,,,-0.01740399934,-0.08000,0.00
,,,-0.01740000024,0.00,0.00
,,,-0.01739599928,-0.08000,0.00
,,,-0.01739200018,0.00,0.00
,,,-0.01738799922,0.00,0.00
,,,-0.01738400012,0.00,0.00
,,,-0.01737999916,0.00,0.00
,,,-0.01737600006,0.00,0.00
,,,-0.01737199910,0.00,0.00
,,,-0.01736800000,0.00,0.00
,,,-0.01736399904,0.00,0.00
,,,-0.01735999994,0.00,0.00
,,,-0.01735600084,0.00,0.08000
,,,-0.01735199988,0.00,0.08000
,,,-0.01734800078,-0.08000,0.00
,,,-0.01734399982,0.00,0.00
,,,-0.01734000072,0.00,0.00
,,,-0.01733599976,0.00,0.00
,,,-0.01733200066,0.00,0.00
,,,-0.01732799970,-0.08000,0.00
,,,-0.01732400060,0.00,0.00
,,,-0.01731999964,0.00,0.00
,,,-0.01731600054,0.00,0.00
,,,-0.01731199957,0.00,0.00
,,,-0.01730800048,0.00,0.00
,,,-0.01730399951,0.00,0.00
,,,-0.01730000041,0.00,0.00
,,,-0.01729599945,0.00,0.00
,,,-0.01729200035,0.00,0.00
,,,-0.01728799939,-0.08000,0.00
,,,-0.01728400029,0.00,0.00
,,,-0.01727999933,0.00,0.00
,,,-0.01727600023,0.00,0.00
,,,-0.01727199927,0.00,0.00
,,,-0.01726800017,0.00,0.00
,,,-0.01726399921,0.00,0.00
,,,-0.01726000011,0.00,-0.08000
,,,-0.01725599915,0.00,0.00
,,,-0.01725200005,0.00,0.08000
,,,-0.01724799909,0.00,0.00
,,,-0.01724399999,0.00,-0.08000
,,,-0.01723999903,0.00,0.00
,,,-0.01723599993,0.00,0.00
,,,-0.01723200083,0.00,0.00
,,,-0.01722799987,0.00,0.00
,,,-0.01722400077,0.00,0.00
,,,-0.01721999981,0.00,0.00
,,,-0.01721600071,0.00,0.00
,,,-0.01721199974,0.00,0.00
,,,-0.01720800065,0.00,0.00
,,,-0.01720399968,0.00,0.00
,,,-0.01720000058,-0.08000,0.00
,,,-0.01719599962,0.00,0.00
,,,-0.01719200052,0.00,0.00
,,,-0.01718799956,0.00,-0.08000
,,,-0.01718400046,0.00,0.00
,,,-0.01717999950,0.00,0.00
,,,-0.01717600040,-0.08000,0.00
,,,-0.01717199944,-0.08000,0.00
,,,-0.01716800034,0.00,0.00
,,,-0.01716399938,0.00,0.00
,,,-0.01716000028,0.00,0.00
,,,-0.01715599932,0.00,0.00
,,,-0.01715200022,0.00,0.00
,,,-0.01714799926,0.00,0.00
,,,-0.01714400016,0.00,0.00
,,,-0.01713999920,0.00,0.00
,,,-0.01713600010,0.00,0.00
,,,-0.01713199914,0.00,0.00
,,,-0.01712800004,0.00,0.00
,,,-0.01712399907,-0.08000,0.00
,,,-0.01711999997,0.00,0.00
,,,-0.01711600088,-0.08000,0.00
,,,-0.01711199991,0.00,0.00
,,,-0.01710800081,-0.08000,0.00
,,,-0.01710399985,0.00,0.00
,,,-0.01710000075,0.00,0.00
,,,-0.01709599979,0.00,0.00
,,,-0.01709200069,-0.08000,0.00
,,,-0.01708799973,0.00,0.00
,,,-0.01708400063,0.00,0.00
,,,-0.01707999967,0.00,0.08000
,,,-0.01707600057,0.00,0.00
,,,-0.01707199961,0.00,0.00
,,,-0.01706800051,0.00,0.00
,,,-0.01706399955,0.00,0.00
,,,-0.01706000045,0.00,0.00
,,,-0.01705599949,0.00,0.00
,,,-0.01705200039,0.00,0.00
,,,-0.01704799943,0.00,0.00
,,,-0.01704400033,0.00,0.08000
,,,-0.01703999937,0.00,0.00
,,,-0.01703600027,-0.08000,0.00
,,,-0.01703199930,0.00,0.00
,,,-0.01702800021,0.00,0.00
,,,-0.01702399924,0.00,0.00
,,,-0.01702000014,0.00,0.00
,,,-0.01701599918,0.00,0.00
,,,-0.01701200008,0.00,0.00
,,,-0.01700799912,0.00,0.00
,,,-0.01700400002,0.00,0.00
,,,-0.01699999906,-0.08000,0.00
,,,-0.01699599996,0.00,0.00
,,,-0.01699200086,0.00,0.00
,,,-0.01698799990,-0.08000,0.00
,,,-0.01698400080,0.00,0.00
,,,-0.01697999984,0.00,0.00
,,,-0.01697600074,-0.08000,0.00
,,,-0.01697199978,0.00,0.00
,,,-0.01696800068,0.00,0.00
,,,-0.01696399972,0.00,0.00
,,,-0.01696000062,-0.08000,0.00
,,,-0.01695599966,0.00,0.00
,,,-0.01695200056,0.00,0.00
,,,-0.01694799960,0.00,0.00
,,,-0.01694400050,0.00,0.00
,,,-0.01693999954,0.00,0.00
,,,-0.01693600044,-0.08000,0.00
,,,-0.01693199947,0.00,0.00
,,,-0.01692800038,-0.08000,0.00
,,,-0.01692399941,0.00,0.00
,,,-0.01692000031,0.00,0.00
,,,-0.01691599935,0.00,0.00
,,,-0.01691200025,0.00,0.00
,,,-0.01690799929,0.00,0.00
,,,-0.01690400019,0.00,0.00
,,,-0.01689999923,0.00,0.00
,,,-0.01689600013,0.00,0.08000
,,,-0.01689199917,0.00,0.00
,,,-0.01688800007,0.00,0.08000
,,,-0.01688399911,0.00,0.00
,,,-0.01688000001,0.00,0.00
,,,-0.01687599905,0.00,0.08000
,,,-0.01687199995,-0.08000,0.00
,,,-0.01686800085,0.00,0.00
,,,-0.01686399989,0.00,0.00
,,,-0.01686000079,-0.08000,0.00
,,,-0.01685599983,-0.08000,0.00
,,,-0.01685200073,0.00,0.00
,,,-0.01684799977,0.00,0.00
,,,-0.01684400067,-0.08000,0.00
,,,-0.01683999971,0.00,0.00
,,,-0.01683600061,0.00,0.08000
,,,-0.01683199964,0.00,0.00
,,,-0.01682800055,0.00,0.00
,,,-0.01682399958,-0.08000,0.00
,,,-0.01682000048,0.00,0.00
,,,-0.01681599952,0.00,0.00
,,,-0.01681200042,0.00,0.00
,,,-0.01680799946,0.00,0.00
,,,-0.01680400036,-0.08000,0.00
,,,-0.01679999940,0.00,0.00
,,,-0.01679600030,0.00,0.00
,,,-0.01679199934,0.00,0.00
,,,-0.01678800024,0.00,0.00
,,,-0.01678399928,0.00,0.00
,,,-0.01678000018,-0.08000,0.00
,,,-0.01677599922,0.00,0.00
,,,-0.01677200012,0.00,0.00
,,,-0.01676799916,0.00,0.00
,,,-0.01676400006,0.00,0.00
,,,-0.01675999910,0.00,0.00
,,,-0.01675600000,-0.08000,0.00
,,,-0.01675199904,0.00,0.00
,,,-0.01674799994,-0.08000,0.00
,,,-0.01674400084,0.00,0.00
,,,-0.01673999988,0.00,0.00
,,,-0.01673600078,0.00,0.00
,,,-0.01673199981,0.00,0.00
,,,-0.01672800072,0.00,0.00
,,,-0.01672399975,0.00,0.00
,,,-0.01672000065,0.00,0.00
,,,-0.01671599969,0.00,0.00
,,,-0.01671200059,0.00,0.00
,,,-0.01670799963,-0.08000,0.00
,,,-0.01670400053,0.00,0.00
,,,-0.01669999957,0.00,0.00
,,,-0.01669600047,0.00,0.00
,,,-0.01669199951,0.00,0.00
,,,-0.01668800041,0.00,0.00
,,,-0.01668399945,0.00,0.00
,,,-0.01668000035,0.00,0.00
,,,-0.01667599939,0.00,0.00
,,,-0.01667200029,0.00,0.00
,,,-0.01666799933,0.00,0.00
,,,-0.01666400023,0.00,0.00
,,,-0.01665999927,0.00,0.00
,,,-0.01665600017,0.00,-0.08000
,,,-0.01665199921,-0.08000,0.00
,,,-0.01664800011,0.00,0.08000
,,,-0.01664399914,0.00,0.00
,,,-0.01664000005,0.00,0.00
,,,-0.01663599908,0.00,0.00
,,,-0.01663199998,0.00,0.00
,,,-0.01662800089,0.00,0.00
,,,-0.01662399992,0.00,0.00
,,,-0.01662000082,0.00,0.00
,,,-0.01661599986,0.00,0.08000
,,,-0.01661200076,0.00,0.00
,,,-0.01660799980,0.00,0.00
,,,-0.01660400070,0.00,0.00
,,,-0.01659999974,0.00,0.00
,,,-0.01659600064,0.00,0.00
,,,-0.01659199968,0.00,0.00
,,,-0.01658800058,0.00,0.00
,,,-0.01658399962,0.00,0.00
,,,-0.01658000052,0.00,0.00
,,,-0.01657599956,0.00,0.00
,,,-0.01657200046,0.00,0.00
,,,-0.01656799950,0.00,0.00
,,,-0.01656400040,0.00,0.00
,,,-0.01655999944,0.00,0.00
,,,-0.01655600034,0.00,0.00
,,,-0.01655199938,0.00,0.00
,,,-0.01654800028,0.00,0.00
,,,-0.01654399931,-0.08000,0.00
,,,-0.01654000022,0.00,0.00
,,,-0.01653599925,0.00,0.00
,,,-0.01653200015,0.00,0.00
,,,-0.01652799919,0.00,0.00
,,,-0.01652400009,0.00,0.00
,,,-0.01651999913,-0.08000,0.00
,,,-0.01651600003,0.00,0.00
,,,-0.01651199907,0.00,0.00
,,,-0.01650799997,0.00,0.00
,,,-0.01650400087,0.00,0.00
,,,-0.01649999991,0.00,0.00
,,,-0.01649600081,0.00,0.00
,,,-0.01649199985,0.00,0.00
,,,-0.01648800075,0.00,0.00
,,,-0.01648399979,0.00,0.00
,,,-0.01648000069,0.00,0.00
,,,-0.01647599973,-0.08000,0.08000
,,,-0.01647200063,0.00,0.00
,,,-0.01646799967,0.00,0.00
,,,-0.01646400057,0.00,0.00
,,,-0.01645999961,0.00,0.00
,,,-0.01645600051,0.00,0.00
,,,-0.01645199955,0.00,0.00
,,,-0.01644800045,0.00,0.00
,,,-0.01644399948,0.00,0.00
,,,-0.01644000039,0.00,0.00
,,,-0.01643599942,0.00,0.00
,,,-0.01643200032,-0.08000,0.00
,,,-0.01642799936,0.00,0.00
,,,-0.01642400026,0.00,0.00
,,,-0.01641999930,0.00,0.00
,,,-0.01641600020,0.00,0.00
,,,-0.01641199924,0.00,0.08000
,,,-0.01640800014,0.00,0.00
,,,-0.01640399918,0.00,0.00
,,,-0.01640000008,0.00,0.00
,,,-0.01639599912,0.00,0.00
,,,-0.01639200002,0.00,0.00
,,,-0.01638799906,0.00,0.00
,,,-0.01638399996,0.00,0.00
,,,-0.01638000086,-0.08000,0.00
,,,-0.01637599990,0.00,0.00
,,,-0.01637200080,0.00,0.08000
,,,-0.01636799984,0.00,0.00
,,,-0.01636400074,0.00,0.00
,,,-0.01635999978,0.00,0.00
,,,-0.01635600068,0.00,0.00
,,,-0.01635199971,0.00,0.00
,,,-0.01634800062,0.00,0.08000
,,,-0.01634399965,0.00,-0.08000
,,,-0.01634000055,0.00,0.00
,,,-0.01633599959,0.00,0.00
,,,-0.01633200049,0.00,0.00
,,,-0.01632799953,0.00,0.00
,,,-0.01632400043,-0.08000,0.00
,,,-0.01631999947,0.00,0.00
,,,-0.01631600037,0.00,0.00
,,,-0.01631199941,0.00,0.00
,,,-0.01630800031,0.00,0.00
,,,-0.01630399935,0.00,-0.08000
,,,-0.01630000025,0.00,0.00
,,,-0.01629599929,0.00,0.00
,,,-0.01629200019,0.00,0.00
,,,-0.01628799923,0.00,0.00
,,,-0.01628400013,0.00,0.00
,,,-0.01627999917,0.00,0.00
,,,-0.01627600007,0.00,0.00
,,,-0.01627199911,0.00,0.00
,,,-0.01626800001,-0.08000,0.00
,,,-0.01626399904,0.00,0.00
,,,-0.01625999995,0.00,0.00
,,,-0.01625600085,0.00,0.00
,,,-0.01625199988,0.00,0.00
,,,-0.01624800079,0.00,0.00
,,,-0.01624399982,0.00,0.00
,,,-0.01624000072,-0.08000,0.00
,,,-0.01623599976,0.00,0.00
,,,-0.01623200066,0.00,0.00
,,,-0.01622799970,0.00,0.00
,,,-0.01622400060,0.00,0.00
,,,-0.01621999964,0.00,0.00
,,,-0.01621600054,0.00,0.00
,,,-0.01621199958,0.00,0.00
,,,-0.01620800048,0.00,0.08000
,,,-0.01620399952,-0.08000,0.00
,,,-0.01620000042,0.00,0.00
,,,-0.01619599946,0.00,0.00
,,,-0.01619200036,0.00,0.00
,,,-0.01618799940,0.00,0.00
,,,-0.01618400030,-0.08000,0.00
,,,-0.01617999934,0.00,0.00
,,,-0.01617600024,-0.08000,0.00
,,,-0.01617199928,0.00,0.00
,,,-0.01616800018,0.00,0.00
,,,-0.01616399921,0.00,0.00
,,,-0.01616000012,0.00,0.00
,,,-0.01615599915,0.00,0.00
,,,-0.01615200005,0.00,0.00
,,,-0.01614799909,0.00,0.00
,,,-0.01614399999,0.00,0.00
,,,-0.01613999903,0.00,0.00
,,,-0.01613599993,0.00,0.00
,,,-0.01613200083,0.00,0.00
,,,-0.01612799987,0.00,0.00
,,,-0.01612400077,0.00,0.00
,,,-0.01611999981,-0.08000,0.00
,,,-0.01611600071,0.00,0.08000
,,,-0.01611199975,0.00,0.08000
,,,-0.01610800065,0.00,0.00
,,,-0.01610399969,0.00,0.00
,,,-0.01610000059,0.00,0.00
,,,-0.01609599963,0.00,0.00
,,,-0.01609200053,0.00,0.00
,,,-0.01608799957,-0.08000,0.00
,,,-0.01608400047,0.00,0.00
,,,-0.01607999951,0.00,0.00
,,,-0.01607600041,0.00,0.00
,,,-0.01607199945,0.00,0.00
,,,-0.01606800035,0.00,0.00
,,,-0.01606399938,0.00,0.00
,,,-0.01606000029,-0.08000,0.00
,,,-0.01605599932,0.00,0.00
,,,-0.01605200022,0.00,0.00
,,,-0.01604799926,0.00,0.00
,,,-0.01604400016,0.00,-0.08000
,,,-0.01603999920,0.00,0.00
,,,-0.01603600010,-0.08000,0.00
,,,-0.01603199914,-0.08000,0.00
,,,-0.01602800004,0.00,0.00
,,,-0.01602399908,0.00,0.00
,,,-0.01601999998,0.00,0.00
,,,-0.01601600088,-0.08000,0.00
,,,-0.01601199992,-0.08000,0.00
,,,-0.01600800082,-0.08000,0.00
,,,-0.01600399986,0.00,0.00
,,,-0.01600000076,-0.08000,0.00
,,,-0.01599599980,0.00,0.00
,,,-0.01599200070,0.00,0.00
,,,-0.01598799974,0.00,0.00
,,,-0.01598400064,0.00,0.00
,,,-0.01597999968,0.00,0.00
,,,-0.01597600058,0.00,0.00
,,,-0.01597199962,0.00,0.00
,,,-0.01596800052,0.00,0.00
,,,-0.01596399955,0.00,0.00
,,,-0.01596000046,0.00,0.00
,,,-0.01595599949,0.00,0.00
,,,-0.01595200039,0.00,0.00
,,,-0.01594799943,0.00,0.00
,,,-0.01594400033,0.00,0.00
,,,-0.01593999937,0.00,0.00
,,,-0.01593600027,0.00,0.00
,,,-0.01593199931,0.00,0.00
,,,-0.01592800021,0.00,0.00
,,,-0.01592399925,0.00,0.00
,,,-0.01592000015,-0.08000,0.00
,,,-0.01591599919,0.00,0.00
,,,-0.01591200009,0.00,0.00
,,,-0.01590799913,0.00,0.00
,,,-0.01590400003,-0.08000,0.00
,,,-0.01589999907,0.00,0.00
,,,-0.01589599997,0.00,0.00
,,,-0.01589200087,0.00,0.00
,,,-0.01588799991,0.00,0.00
,,,-0.01588400081,0.00,0.00
,,,-0.01587999985,0.00,0.00
,,,-0.01587600075,0.00,0.00
,,,-0.01587199979,0.00,0.00
,,,-0.01586800069,0.00,0.00
,,,-0.01586399972,0.00,0.00
,,,-0.01586000063,0.00,-0.08000
,,,-0.01585599966,-0.08000,0.00
,,,-0.01585200056,-0.08000,0.00
,,,-0.01584799960,0.00,0.00
,,,-0.01584400050,0.00,0.00
,,,-0.01583999954,0.00,0.00
,,,-0.01583600044,0.00,0.00
,,,-0.01583199948,0.00,0.00
,,,-0.01582800038,-0.08000,0.00
,,,-0.01582399942,0.00,0.00
,,,-0.01582000032,0.00,0.00
,,,-0.01581599936,0.00,0.00
,,,-0.01581200026,0.00,0.00
,,,-0.01580799930,0.00,0.00
,,,-0.01580400020,0.00,0.08000
,,,-0.01579999924,0.00,0.00
,,,-0.01579600014,0.00,0.00
,,,-0.01579199918,0.00,0.00
,,,-0.01578800008,0.00,0.00
,,,-0.01578399912,-0.08000,0.00
,,,-0.01578000002,0.00,0.00
,,,-0.01577599905,0.00,0.08000
,,,-0.01577199996,0.00,0.00
,,,-0.01576800086,0.00,0.00
,,,-0.01576399989,-0.08000,0.00
,,,-0.01576000080,-0.08000,0.00
,,,-0.01575599983,0.00,0.00
,,,-0.01575200073,0.00,0.00
,,,-0.01574799977,0.00,0.08000
,,,-0.01574400067,0.00,0.00
,,,-0.01573999971,0.00,0.08000
,,,-0.01573600061,0.00,0.00
,,,-0.01573199965,0.00,0.00
,,,-0.01572800055,0.00,0.00
,,,-0.01572399959,0.00,0.00
,,,-0.01572000049,0.00,0.00
,,,-0.01571599953,0.00,0.00
,,,-0.01571200043,0.00,0.00
,,,-0.01570799947,0.00,0.00
,,,-0.01570400037,0.00,0.00
,,,-0.01569999941,-0.08000,0.08000
,,,-0.01569600031,0.00,0.00
,,,-0.01569199935,0.00,0.00
,,,-0.01568800025,-0.08000,0.00
,,,-0.01568399929,-0.08000,0.00
,,,-0.01568000019,0.00,0.00
,,,-0.01567599922,0.00,0.00
,,,-0.01567200013,-0.08000,0.00
,,,-0.01566799916,0.00,0.00
,,,-0.01566400006,0.00,0.00
,,,-0.01565999910,0.00,0.00
,,,-0.01565600000,0.00,0.00
,,,-0.01565199904,-0.08000,0.00
,,,-0.01564799994,0.00,0.00
,,,-0.01564400084,0.00,0.00
,,,-0.01563999988,0.00,-0.08000
,,,-0.01563600078,0.00,0.00
,,,-0.01563199982,0.00,0.00
,,,-0.01562800072,-0.08000,0.00
,,,-0.01562399976,0.00,0.00
,,,-0.01561999973,-0.08000,0.00
,,,-0.01561599970,0.00,0.00
,,,-0.01561199967,0.00,0.08000
,,,-0.01560799964,0.00,0.00
,,,-0.01560399961,0.00,0.00
,,,-0.01559999958,0.00,0.00
,,,-0.01559599955,-0.08000,0.08000
,,,-0.01559199952,0.00,0.00
,,,-0.01558800042,0.00,0.00
,,,-0.01558400039,-0.16000,0.00
,,,-0.01558000036,0.00,0.00
,,,-0.01557600033,0.00,0.00
,,,-0.01557200029,0.00,0.00
,,,-0.01556800026,0.00,0.00
,,,-0.01556400023,0.00,0.08000
,,,-0.01556000020,0.00,0.00
,,,-0.01555600017,0.00,0.00
,,,-0.01555200014,0.00,0.00
,,,-0.01554800011,0.00,0.00
,,,-0.01554400008,0.00,0.00
,,,-0.01554000005,0.00,0.00
,,,-0.01553600002,0.00,0.00
,,,-0.01553199999,0.00,0.00
,,,-0.01552799996,-0.08000,0.00
,,,-0.01552399993,0.00,0.00
,,,-0.01551999990,0.00,0.00
,,,-0.01551599987,0.00,0.00
,,,-0.01551199984,-0.08000,0.00
,,,-0.01550799981,0.00,0.00
,,,-0.01550399978,0.00,0.00
,,,-0.01549999975,0.00,0.00
,,,-0.01549599972,0.00,0.00
,,,-0.01549199969,0.00,0.00
,,,-0.01548799966,0.00,0.00
,,,-0.01548399962,-0.08000,0.00
,,,-0.01547999959,0.00,0.00
,,,-0.01547599956,-0.08000,0.00
,,,-0.01547199953,0.00,0.00
,,,-0.01546799950,0.00,0.08000
,,,-0.01546400040,0.00,0.00
,,,-0.01546000037,0.00,0.00
,,,-0.01545600034,0.00,-0.08000
,,,-0.01545200031,-0.08000,0.08000
,,,-0.01544800028,0.00,0.00
,,,-0.01544400025,0.00,0.00
,,,-0.01544000022,0.00,0.00
,,,-0.01543600019,0.00,0.00
,,,-0.01543200016,0.00,0.00
,,,-0.01542800013,0.00,0.00
,,,-0.01542400010,0.00,-0.08000
,,,-0.01542000007,0.00,-0.08000
,,,-0.01541600004,0.00,0.00
,,,-0.01541200001,0.00,0.00
,,,-0.01540799998,0.00,0.00
,,,-0.01540399995,0.00,0.00
,,,-0.01539999992,0.00,0.00
,,,-0.01539599989,0.00,0.08000
,,,-0.01539199986,-0.08000,0.00
,,,-0.01538799983,0.00,0.00
,,,-0.01538399979,0.00,0.00
,,,-0.01537999976,0.00,0.00
,,,-0.01537599973,0.00,0.00
,,,-0.01537199970,-0.08000,0.00
,,,-0.01536799967,0.00,0.00
,,,-0.01536399964,0.00,0.00
,,,-0.01535999961,0.00,0.00
,,,-0.01535599958,0.00,0.00
,,,-0.01535199955,-0.08000,0.00
,,,-0.01534799952,0.00,0.00
,,,-0.01534400042,-0.08000,0.00
,,,-0.01534000039,0.00,0.00
,,,-0.01533600036,0.00,0.00
,,,-0.01533200033,-0.08000,0.00
,,,-0.01532800030,0.00,0.00
,,,-0.01532400027,0.00,0.00
,,,-0.01532000024,0.00,0.08000
,,,-0.01531600021,0.00,0.00
,,,-0.01531200018,0.00,0.00
,,,-0.01530800015,0.00,0.00
,,,-0.01530400012,0.00,0.00
,,,-0.01530000009,0.00,0.00
,,,-0.01529600006,0.00,0.08000
,,,-0.01529200003,0.00,0.00
,,,-0.01528800000,0.00,0.00
,,,-0.01528399996,0.00,0.00
,,,-0.01527999993,-0.08000,0.00
,,,-0.01527599990,-0.08000,0.00
,,,-0.01527199987,0.00,0.00
,,,-0.01526799984,0.00,0.00
,,,-0.01526399981,0.00,0.00
,,,-0.01525999978,0.00,0.00
,,,-0.01525599975,0.00,0.00
,,,-0.01525199972,0.00,0.00
,,,-0.01524799969,0.00,-0.08000
,,,-0.01524399966,0.00,0.00
,,,-0.01523999963,0.00,0.00
,,,-0.01523599960,0.00,0.00
,,,-0.01523199957,-0.08000,0.00
,,,-0.01522799954,0.00,0.00
,,,-0.01522399951,0.00,0.00
,,,-0.01522000041,0.00,0.00
,,,-0.01521600038,0.00,0.00
,,,-0.01521200035,0.00,0.00
,,,-0.01520800032,0.00,0.00
,,,-0.01520400029,0.00,0.08000
,,,-0.01520000026,0.00,0.00
,,,-0.01519600023,0.00,0.00
,,,-0.01519200020,0.00,0.00
,,,-0.01518800016,0.00,0.00
,,,-0.01518400013,0.00,0.00
,,,-0.01518000010,0.00,0.00
,,,-0.01517600007,0.00,0.08000
,,,-0.01517200004,0.00,0.00
,,,-0.01516800001,0.00,0.00
,,,-0.01516399998,0.00,0.00
,,,-0.01515999995,0.00,0.00
,,,-0.01515599992,-0.08000,0.00
,,,-0.01515199989,0.00,0.00
,,,-0.01514799986,0.00,0.00
,,,-0.01514399983,0.00,-0.08000
,,,-0.01513999980,-0.08000,0.00
,,,-0.01513599977,-0.08000,0.00
,,,-0.01513199974,0.00,0.00
,,,-0.01512799971,0.00,0.00
,,,-0.01512399968,-0.08000,0.00
,,,-0.01511999965,-0.08000,0.00
,,,-0.01511599962,0.00,0.00
,,,-0.01511199959,0.00,0.00
,,,-0.01510799956,0.00,0.00
,,,-0.01510399953,0.00,0.00
,,,-0.01510000043,0.00,0.00
,,,-0.01509600040,0.00,0.00
,,,-0.01509200037,0.00,0.00
,,,-0.01508800033,0.00,0.00
,,,-0.01508400030,0.00,0.00
,,,-0.01508000027,-0.08000,0.00
,,,-0.01507600024,0.00,0.00
,,,-0.01507200021,0.00,0.00
,,,-0.01506800018,0.00,0.00
,,,-0.01506400015,0.00,0.00
,,,-0.01506000012,0.00,0.00
,,,-0.01505600009,0.00,0.00
,,,-0.01505200006,0.00,0.00
,,,-0.01504800003,0.00,0.00
,,,-0.01504400000,0.00,0.00
,,,-0.01503999997,-0.08000,0.00
,,,-0.01503599994,0.00,0.00
,,,-0.01503199991,0.00,0.00
,,,-0.01502799988,0.00,0.00
,,,-0.01502399985,0.00,0.00
,,,-0.01501999982,0.00,0.00
,,,-0.01501599979,0.00,-0.08000
,,,-0.01501199976,0.00,0.00
,,,-0.01500799973,0.00,0.00
,,,-0.01500399970,0.00,0.00
,,,-0.01499999966,0.00,0.00
,,,-0.01499599963,0.00,0.00
,,,-0.01499199960,0.00,0.00
,,,-0.01498799957,0.00,0.00
,,,-0.01498399954,0.00,0.00
,,,-0.01497999951,0.00,0.00
,,,-0.01497600041,0.00,0.00
,,,-0.01497200038,0.00,0.08000
,,,-0.01496800035,0.00,0.00
,,,-0.01496400032,0.00,0.00
,,,-0.01496000029,0.00,0.00
,,,-0.01495600026,0.00,0.00
,,,-0.01495200023,0.00,0.08000
,,,-0.01494800020,0.00,0.00
,,,-0.01494400017,0.00,0.00
,,,-0.01494000014,0.00,0.00
,,,-0.01493600011,0.00,0.00
,,,-0.01493200008,0.00,0.00
,,,-0.01492800005,0.00,0.00
,,,-0.01492400002,0.00,0.00
,,,-0.01491999999,-0.08000,0.00
,,,-0.01491599996,0.00,0.00
,,,-0.01491199993,0.00,0.00
,,,-0.01490799990,0.00,0.00
,,,-0.01490399987,0.00,0.00
,,,-0.01489999983,0.00,0.00
,,,-0.01489599980,0.00,0.00
,,,-0.01489199977,-0.08000,0.00
,,,-0.01488799974,0.00,0.00
,,,-0.01488399971,0.00,0.00
,,,-0.01487999968,0.00,0.00
,,,-0.01487599965,0.00,0.00
,,,-0.01487199962,0.00,0.00
,,,-0.01486799959,0.00,0.00
,,,-0.01486399956,0.00,0.00
,,,-0.01485999953,0.00,0.00
,,,-0.01485599950,0.00,0.00
,,,-0.01485200040,0.00,0.00
,,,-0.01484800037,0.00,0.00
,,,-0.01484400034,0.00,0.00
,,,-0.01484000031,0.00,0.00
,,,-0.01483600028,0.00,0.00
,,,-0.01483200025,-0.08000,0.00
,,,-0.01482800022,0.00,0.00
,,,-0.01482400019,0.00,0.00
,,,-0.01482000016,0.00,0.00
,,,-0.01481600013,0.00,0.00
,,,-0.01481200010,0.00,0.00
,,,-0.01480800007,0.00,0.08000
,,,-0.01480400003,0.00,0.00
,,,-0.01480000000,0.00,0.00
,,,-0.01479599997,0.00,0.08000
,,,-0.01479199994,-0.08000,0.00
,,,-0.01478799991,0.00,0.00
,,,-0.01478399988,0.00,0.00
,,,-0.01477999985,0.00,-0.08000
,,,-0.01477599982,0.00,0.00
,,,-0.01477199979,0.00,0.00
,,,-0.01476799976,0.00,0.00
,,,-0.01476399973,-0.08000,0.00
,,,-0.01475999970,-0.08000,0.00
,,,-0.01475599967,0.00,0.00
,,,-0.01475199964,0.00,0.00
,,,-0.01474799961,0.00,0.00
,,,-0.01474399958,0.00,0.00
,,,-0.01473999955,0.00,0.00
,,,-0.01473599952,0.00,0.00
,,,-0.01473200042,0.00,0.00
,,,-0.01472800039,0.00,0.00
,,,-0.01472400036,0.00,0.00
,,,-0.01472000033,0.00,0.00
,,,-0.01471600030,0.00,0.00
,,,-0.01471200027,0.00,0.00
,,,-0.01470800024,0.00,0.00
,,,-0.01470400020,0.00,0.00
,,,-0.01470000017,0.00,0.00
,,,-0.01469600014,0.00,0.00
,,,-0.01469200011,0.00,0.00
,,,-0.01468800008,-0.08000,0.00
,,,-0.01468400005,0.00,0.00
,,,-0.01468000002,0.00,0.00
,,,-0.01467599999,0.00,0.00
,,,-0.01467199996,0.00,0.00
,,,-0.01466799993,0.00,0.00
,,,-0.01466399990,0.00,0.00
,,,-0.01465999987,0.00,0.00
,,,-0.01465599984,0.00,0.00
,,,-0.01465199981,0.00,0.00
,,,-0.01464799978,0.00,0.00
,,,-0.01464399975,0.00,0.00
,,,-0.01463999972,0.00,0.00
,,,-0.01463599969,0.00,0.00
,,,-0.01463199966,0.00,0.00
,,,-0.01462799963,0.00,0.08000
,,,-0.01462399960,0.00,0.00
,,,-0.01461999957,0.00,-0.08000
,,,-0.01461599953,0.00,0.00
,,,-0.01461199950,0.00,0.00
,,,-0.01460800041,-0.08000,0.00
,,,-0.01460400037,0.00,0.00
,,,-0.01460000034,0.00,0.00
,,,-0.01459600031,0.00,0.08000
,,,-0.01459200028,0.00,0.00
,,,-0.01458800025,-0.08000,0.00
,,,-0.01458400022,0.00,0.00
,,,-0.01458000019,0.00,0.00
,,,-0.01457600016,0.00,0.00
,,,-0.01457200013,0.00,-0.08000
,,,-0.01456800010,0.00,0.08000
,,,-0.01456400007,0.00,0.00
,,,-0.01456000004,0.00,0.00
,,,-0.01455600001,0.00,0.00
,,,-0.01455199998,0.00,0.08000
,,,-0.01454799995,0.00,0.00
,,,-0.01454399992,0.00,0.00
,,,-0.01453999989,0.00,0.00
,,,-0.01453599986,0.00,0.00
,,,-0.01453199983,0.00,-0.08000
,,,-0.01452799980,0.00,0.00
,,,-0.01452399977,0.00,0.00
,,,-0.01451999974,0.00,0.00
,,,-0.01451599970,0.00,0.00
,,,-0.01451199967,0.00,0.00
,,,-0.01450799964,0.00,0.00
,,,-0.01450399961,0.00,0.00
,,,-0.01449999958,0.00,0.00
,,,-0.01449599955,0.00,0.00
,,,-0.01449199952,0.00,0.00
,,,-0.01448800042,0.00,0.00
,,,-0.01448400039,0.00,0.00
,,,-0.01448000036,-0.08000,0.00
,,,-0.01447600033,0.00,0.00
,,,-0.01447200030,0.00,0.00
,,,-0.01446800027,0.00,0.00
,,,-0.01446400024,0.00,0.00
,,,-0.01446000021,0.00,0.00
,,,-0.01445600018,0.00,0.00
,,,-0.01445200015,0.00,0.00
,,,-0.01444800012,-0.08000,0.00
,,,-0.01444400009,0.00,0.00
,,,-0.01444000006,0.00,0.00
,,,-0.01443600003,0.00,0.00
,,,-0.01443200000,0.00,0.00
,,,-0.01442799997,0.00,0.00
,,,-0.01442399994,0.00,0.00
,,,-0.01441999990,0.00,0.00
,,,-0.01441599987,0.00,0.00
,,,-0.01441199984,0.00,0.00
,,,-0.01440799981,0.00,0.00
,,,-0.01440399978,0.00,0.08000
,,,-0.01439999975,0.00,0.00
,,,-0.01439599972,0.00,0.00
,,,-0.01439199969,0.00,0.00
,,,-0.01438799966,0.00,0.00
,,,-0.01438399963,0.00,0.00
,,,-0.01437999960,0.00,0.00
,,,-0.01437599957,0.00,0.00
,,,-0.01437199954,0.00,0.00
,,,-0.01436799951,-0.08000,0.00
,,,-0.01436400041,0.00,0.00
,,,-0.01436000038,0.00,0.00
,,,-0.01435600035,0.00,0.00
,,,-0.01435200032,0.00,0.00
,,,-0.01434800029,0.00,0.00
,,,-0.01434400026,0.00,0.00
,,,-0.01434000023,-0.08000,0.00
,,,-0.01433600020,0.00,-0.08000
,,,-0.01433200017,0.00,0.00
,,,-0.01432800014,0.00,0.00
,,,-0.01432400011,0.00,0.00
,,,-0.01432000007,0.00,0.00
,,,-0.01431600004,0.00,0.00
,,,-0.01431200001,0.00,0.00
,,,-0.01430799998,0.00,0.08000
,,,-0.01430399995,0.00,0.00
,,,-0.01429999992,0.00,0.00
,,,-0.01429599989,0.00,0.00
,,,-0.01429199986,0.00,0.00
,,,-0.01428799983,0.00,0.00
,,,-0.01428399980,0.00,0.00
,,,-0.01427999977,0.00,-0.08000
,,,-0.01427599974,0.00,0.00
,,,-0.01427199971,0.00,0.00
,,,-0.01426799968,0.00,0.00
,,,-0.01426399965,0.00,0.00
,,,-0.01425999962,0.00,0.00
,,,-0.01425599959,0.00,0.00
,,,-0.01425199956,0.00,0.00
,,,-0.01424799953,0.00,-0.08000
,,,-0.01424400043,0.00,0.00
,,,-0.01424000040,0.00,0.00
,,,-0.01423600037,0.00,0.00
,,,-0.01423200034,-0.08000,0.00
,,,-0.01422800031,0.00,0.00
,,,-0.01422400028,0.00,0.00
,,,-0.01422000024,-0.08000,0.00
,,,-0.01421600021,0.00,0.00
,,,-0.01421200018,-0.08000,0.00
,,,-0.01420800015,0.00,0.00
,,,-0.01420400012,0.00,0.00
,,,-0.01420000009,0.00,-0.08000
,,,-0.01419600006,0.00,0.00
,,,-0.01419200003,0.00,0.00
,,,-0.01418800000,0.00,0.00
,,,-0.01418399997,0.00,0.00
,,,-0.01417999994,0.00,0.00
,,,-0.01417599991,0.00,0.00
,,,-0.01417199988,0.00,0.00
,,,-0.01416799985,0.00,0.00
,,,-0.01416399982,0.00,0.00
,,,-0.01415999979,0.00,0.00
,,,-0.01415599976,0.00,0.00
,,,-0.01415199973,0.00,0.00
,,,-0.01414799970,0.00,0.00
,,,-0.01414399967,0.00,0.00
,,,-0.01413999964,0.00,0.00
,,,-0.01413599961,0.00,0.00
,,,-0.01413199957,0.00,0.00
,,,-0.01412799954,0.00,0.00
,,,-0.01412399951,0.00,0.00
,,,-0.01412000041,0.00,0.00
,,,-0.01411600038,0.00,0.00
,,,-0.01411200035,0.00,0.08000
,,,-0.01410800032,0.00,0.00
,,,-0.01410400029,0.00,0.00
,,,-0.01410000026,0.00,0.00
,,,-0.01409600023,0.00,0.00
,,,-0.01409200020,0.00,0.00
,,,-0.01408800017,0.00,0.00
,,,-0.01408400014,0.00,0.00
,,,-0.01408000011,0.00,0.00
,,,-0.01407600008,0.00,0.00
,,,-0.01407200005,0.00,-0.08000
,,,-0.01406800002,0.00,0.00
,,,-0.01406399999,0.00,0.00
,,,-0.01405999996,0.00,0.00
,,,-0.01405599993,0.00,0.00
,,,-0.01405199990,0.00,0.08000
,,,-0.01404799987,0.00,0.00
,,,-0.01404399984,-0.08000,0.00
,,,-0.01403999981,-0.08000,0.00
,,,-0.01403599977,0.00,0.00
,,,-0.01403199974,0.00,0.00
,,,-0.01402799971,0.00,0.00
,,,-0.01402399968,0.00,0.08000
,,,-0.01401999965,0.00,0.00
,,,-0.01401599962,0.00,0.00
,,,-0.01401199959,0.00,0.00
,,,-0.01400799956,0.00,0.00
,,,-0.01400399953,0.00,0.08000
,,,-0.01399999950,0.00,0.00
,,,-0.01399600040,0.00,0.00
,,,-0.01399200037,0.00,0.08000
,,,-0.01398800034,0.00,0.00
,,,-0.01398400031,0.00,0.08000
,,,-0.01398000028,0.00,0.08000
,,,-0.01397600025,0.00,0.00
,,,-0.01397200022,-0.08000,0.00
,,,-0.01396800019,0.00,0.00
,,,-0.01396400016,0.00,0.00
,,,-0.01396000013,0.00,0.00
,,,-0.01395600010,0.00,0.00
,,,-0.01395200007,0.00,0.00
,,,-0.01394800004,0.00,0.00
,,,-0.01394400001,0.00,0.00
,,,-0.01393999998,0.00,0.00
,,,-0.01393599994,0.00,0.00
,,,-0.01393199991,-0.08000,0.00
,,,-0.01392799988,0.00,0.00
,,,-0.01392399985,0.00,0.00
,,,-0.01391999982,-0.08000,0.00
,,,-0.01391599979,0.00,0.00
,,,-0.01391199976,0.00,0.00
,,,-0.01390799973,0.00,0.00
,,,-0.01390399970,0.00,0.00
,,,-0.01389999967,0.00,0.00
,,,-0.01389599964,-0.08000,0.08000
,,,-0.01389199961,0.00,0.00
,,,-0.01388799958,-0.08000,0.00
,,,-0.01388399955,0.00,0.00
,,,-0.01387999952,0.00,0.00
,,,-0.01387600042,0.00,0.00
,,,-0.01387200039,0.00,0.00
,,,-0.01386800036,0.00,0.00
,,,-0.01386400033,0.00,0.00
,,,-0.01386000030,0.00,0.00
,,,-0.01385600027,0.00,0.00
,,,-0.01385200024,0.00,0.00
,,,-0.01384800021,0.00,0.00
,,,-0.01384400018,0.00,0.00
,,,-0.01384000015,-0.08000,0.00
,,,-0.01383600011,-0.08000,0.00
,,,-0.01383200008,0.00,0.00
,,,-0.01382800005,0.00,0.00
,,,-0.01382400002,0.00,-0.08000
,,,-0.01381999999,0.00,0.00
,,,-0.01381599996,0.00,-0.08000
,,,-0.01381199993,0.00,0.00
,,,-0.01380799990,0.00,0.00
,,,-0.01380399987,-0.08000,0.00
,,,-0.01379999984,0.00,0.00
,,,-0.01379599981,0.00,0.00
,,,-0.01379199978,0.00,-0.08000
,,,-0.01378799975,0.00,0.00
,,,-0.01378399972,-0.08000,-0.08000
,,,-0.01377999969,0.00,0.00
,,,-0.01377599966,-0.08000,0.00
,,,-0.01377199963,0.00,0.00
,,,-0.01376799960,0.00,0.00
,,,-0.01376399957,0.00,0.00
,,,-0.01375999954,0.00,0.00
,,,-0.01375599951,0.00,0.00
,,,-0.01375200041,0.00,0.00
,,,-0.01374800038,0.00,0.00
,,,-0.01374400035,0.00,0.00
,,,-0.01374000032,0.00,0.00
,,,-0.01373600028,0.00,0.00
,,,-0.01373200025,0.00,0.00
,,,-0.01372800022,0.00,0.00
,,,-0.01372400019,0.00,0.08000
,,,-0.01372000016,0.00,0.00
,,,-0.01371600013,0.00,0.00
,,,-0.01371200010,0.00,0.00
,,,-0.01370800007,0.00,0.08000
,,,-0.01370400004,0.00,0.00
,,,-0.01370000001,0.00,0.00
,,,-0.01369599998,0.00,0.00
,,,-0.01369199995,0.00,0.00
,,,-0.01368799992,0.00,0.00
,,,-0.01368399989,0.00,0.00
,,,-0.01367999986,0.00,0.00
,,,-0.01367599983,-0.08000,0.00
,,,-0.01367199980,0.00,0.00
,,,-0.01366799977,0.00,0.00
,,,-0.01366399974,0.00,0.00
,,,-0.01365999971,0.00,0.00
,,,-0.01365599968,0.00,0.00
,,,-0.01365199964,-0.08000,0.00
,,,-0.01364799961,0.00,0.00
,,,-0.01364399958,0.00,0.00
,,,-0.01363999955,-0.08000,0.00
,,,-0.01363599952,0.00,0.00
,,,-0.01363200042,0.00,0.00
,,,-0.01362800039,0.00,0.08000
,,,-0.01362400036,0.00,0.00
,,,-0.01362000033,0.00,0.00
,,,-0.01361600030,0.00,0.00
,,,-0.01361200027,0.00,0.00
,,,-0.01360800024,0.00,0.00
,,,-0.01360400021,0.00,0.00
,,,-0.01360000018,0.00,0.00
,,,-0.01359600015,0.00,0.00
,,,-0.01359200012,0.00,0.00
,,,-0.01358800009,0.00,0.00
,,,-0.01358400006,0.00,0.00
,,,-0.01358000003,0.00,0.00
,,,-0.01357600000,-0.08000,0.00
,,,-0.01357199997,0.00,-0.08000
,,,-0.01356799994,0.00,0.00
,,,-0.01356399991,-0.08000,0.00
,,,-0.01355999988,0.00,0.00
,,,-0.01355599985,-0.08000,0.00
,,,-0.01355199981,0.00,0.00
,,,-0.01354799978,0.00,0.00
,,,-0.01354399975,0.00,0.08000
,,,-0.01353999972,0.00,0.00
,,,-0.01353599969,0.00,0.00
,,,-0.01353199966,0.00,0.00
,,,-0.01352799963,-0.08000,0.08000
,,,-0.01352399960,0.00,0.00
,,,-0.01351999957,0.00,0.00
,,,-0.01351599954,0.00,0.00
,,,-0.01351199951,0.00,0.00
,,,-0.01350800041,0.00,0.00
,,,-0.01350400038,-0.08000,-0.08000
,,,-0.01350000035,0.00,0.08000
,,,-0.01349600032,0.00,0.00
,,,-0.01349200029,0.00,0.00
,,,-0.01348800026,0.00,0.00
,,,-0.01348400023,-0.08000,0.00
,,,-0.01348000020,0.00,0.00
,,,-0.01347600017,0.00,0.00
,,,-0.01347200014,0.00,0.00
,,,-0.01346800011,0.00,0.00
,,,-0.01346400008,0.00,0.00
,,,-0.01346000005,0.00,0.08000
,,,-0.01345600002,0.00,0.00
,,,-0.01345199998,0.00,0.00
,,,-0.01344799995,0.00,0.00
,,,-0.01344399992,0.00,0.00
,,,-0.01343999989,0.00,0.08000
,,,-0.01343599986,0.00,0.00
,,,-0.01343199983,0.00,0.08000
,,,-0.01342799980,0.00,0.00
,,,-0.01342399977,0.00,0.00
,,,-0.01341999974,-0.08000,0.00
,,,-0.01341599971,0.00,0.00
,,,-0.01341199968,0.00,0.00
,,,-0.01340799965,0.00,0.00
,,,-0.01340399962,0.00,0.00
,,,-0.01339999959,0.00,0.00
,,,-0.01339599956,0.00,0.00
,,,-0.01339199953,0.00,0.00
,,,-0.01338800043,0.00,0.00
,,,-0.01338400040,0.00,0.08000
,,,-0.01338000037,0.00,0.00
,,,-0.01337600034,0.00,0.00
,,,-0.01337200031,0.00,0.00
,,,-0.01336800028,0.00,0.00
,,,-0.01336400025,-0.08000,0.00
,,,-0.01336000022,0.00,0.00
,,,-0.01335600019,0.00,0.00
,,,-0.01335200015,0.00,0.00
,,,-0.01334800012,0.00,0.00
,,,-0.01334400009,0.00,0.00
,,,-0.01334000006,0.00,0.00
,,,-0.01333600003,0.00,0.00
,,,-0.01333200000,0.00,0.00
,,,-0.01332799997,0.00,0.08000
,,,-0.01332399994,0.00,0.00
,,,-0.01331999991,0.00,0.00
,,,-0.01331599988,0.00,0.00
,,,-0.01331199985,0.00,0.08000
,,,-0.01330799982,0.00,0.00
,,,-0.01330399979,0.00,0.00
,,,-0.01329999976,0.00,0.00
,,,-0.01329599973,0.00,0.00
,,,-0.01329199970,0.00,0.00
,,,-0.01328799967,0.00,0.00
,,,-0.01328399964,0.00,0.00
,,,-0.01327999961,0.00,0.08000
,,,-0.01327599958,0.00,0.00
,,,-0.01327199955,0.00,0.00
,,,-0.01326799951,0.00,0.00
,,,-0.01326400042,0.00,0.00
,,,-0.01326000039,0.00,0.00
,,,-0.01325600035,0.00,0.00
,,,-0.01325200032,0.00,0.00
,,,-0.01324800029,0.00,0.00
,,,-0.01324400026,-0.08000,0.00
,,,-0.01324000023,0.00,0.00
,,,-0.01323600020,0.00,0.00
,,,-0.01323200017,0.00,-0.08000
,,,-0.01322800014,0.00,0.00
,,,-0.01322400011,0.00,0.08000
,,,-0.01322000008,0.00,0.00
,,,-0.01321600005,0.00,0.00
,,,-0.01321200002,0.00,0.00
,,,-0.01320799999,0.00,0.00
,,,-0.01320399996,0.00,0.00
,,,-0.01319999993,0.00,0.00
,,,-0.01319599990,0.00,0.08000
,,,-0.01319199987,0.00,0.00
,,,-0.01318799984,0.00,0.00
,,,-0.01318399981,0.00,0.00
,,,-0.01317999978,0.00,0.00
,,,-0.01317599975,0.00,0.08000
,,,-0.01317199972,-0.08000,0.00
,,,-0.01316799968,0.00,0.00
,,,-0.01316399965,-0.08000,0.08000
,,,-0.01315999962,0.00,0.00
,,,-0.01315599959,0.00,0.00
,,,-0.01315199956,0.00,0.00
,,,-0.01314799953,0.00,0.00
,,,-0.01314399950,0.00,0.00
,,,-0.01314000040,0.00,0.00
,,,-0.01313600037,0.00,0.00
,,,-0.01313200034,0.00,-0.08000
,,,-0.01312800031,0.00,0.00
,,,-0.01312400028,0.00,-0.08000
,,,-0.01312000025,0.00,0.00
,,,-0.01311600022,0.00,-0.08000
,,,-0.01311200019,0.00,0.00
,,,-0.01310800016,0.00,0.00
,,,-0.01310400013,0.00,0.00
,,,-0.01310000010,0.00,0.00
,,,-0.01309600007,0.00,0.08000
,,,-0.01309200004,0.00,0.00
,,,-0.01308800001,0.00,0.00
,,,-0.01308399998,0.00,0.00
,,,-0.01307999995,-0.08000,0.00
,,,-0.01307599992,0.00,0.08000
,,,-0.01307199989,0.00,0.00
,,,-0.01306799985,0.00,0.00
,,,-0.01306399982,0.00,0.00
,,,-0.01305999979,0.00,0.00
,,,-0.01305599976,0.00,0.08000
,,,-0.01305199973,-0.08000,0.08000
,,,-0.01304799970,0.00,0.00
,,,-0.01304399967,0.00,0.00
,,,-0.01303999964,0.00,0.00
,,,-0.01303599961,0.00,0.00
,,,-0.01303199958,0.00,0.00
,,,-0.01302799955,-0.08000,0.00
,,,-0.01302399952,0.00,0.00
,,,-0.01302000042,0.00,0.00
,,,-0.01301600039,-0.08000,0.00
,,,-0.01301200036,0.00,0.00
,,,-0.01300800033,0.00,0.00
,,,-0.01300400030,-0.08000,0.00
,,,-0.01300000027,-0.08000,0.00
,,,-0.01299600024,0.00,0.00
,,,-0.01299200021,-0.08000,0.00
,,,-0.01298800018,0.00,0.00
,,,-0.01298400015,-0.08000,0.00
,,,-0.01298000012,0.00,0.08000
,,,-0.01297600009,0.00,0.00
,,,-0.01297200006,0.00,0.00
,,,-0.01296800002,0.00,0.00
,,,-0.01296399999,0.00,0.00
,,,-0.01295999996,0.00,0.00
,,,-0.01295599993,0.00,-0.08000
,,,-0.01295199990,0.00,-0.08000
,,,-0.01294799987,0.00,0.00
,,,-0.01294399984,0.00,0.00
,,,-0.01293999981,0.00,0.00
,,,-0.01293599978,0.00,0.00
,,,-0.01293199975,0.00,0.00
,,,-0.01292799972,0.00,0.00
,,,-0.01292399969,0.00,0.00
,,,-0.01291999966,0.00,0.00
,,,-0.01291599963,0.00,0.00
,,,-0.01291199960,0.00,0.08000
,,,-0.01290799957,-0.08000,0.00
,,,-0.01290399954,0.00,0.00
,,,-0.01289999951,0.00,0.00
,,,-0.01289600041,0.00,0.00
,,,-0.01289200038,0.00,0.08000
,,,-0.01288800035,0.00,0.00
,,,-0.01288400032,0.00,-0.08000
,,,-0.01288000029,0.00,0.00
,,,-0.01287600026,0.00,0.00
,,,-0.01287200022,0.00,0.08000
,,,-0.01286800019,0.00,0.00
,,,-0.01286400016,0.00,0.00
,,,-0.01286000013,0.00,0.00
,,,-0.01285600010,0.00,0.00
,,,-0.01285200007,0.00,0.00
,,,-0.01284800004,0.00,0.00
,,,-0.01284400001,-0.08000,0.00
,,,-0.01283999998,-0.08000,0.00
,,,-0.01283599995,0.00,0.00
,,,-0.01283199992,0.00,0.00
,,,-0.01282799989,0.00,0.00
,,,-0.01282399986,0.00,0.00
,,,-0.01281999983,0.00,0.00
,,,-0.01281599980,0.00,0.00
,,,-0.01281199977,-0.08000,0.00
,,,-0.01280799974,0.00,0.00
,,,-0.01280399971,-0.08000,0.00
,,,-0.01279999968,-0.08000,0.00
,,,-0.01279599965,0.00,0.00
,,,-0.01279199962,0.00,0.00
,,,-0.01278799959,0.00,0.00
,,,-0.01278399955,0.00,0.00
,,,-0.01277999952,0.00,0.00
,,,-0.01277600043,-0.08000,0.00
,,,-0.01277200039,0.00,0.00
,,,-0.01276800036,0.00,0.00
,,,-0.01276400033,0.00,0.00
,,,-0.01276000030,0.00,0.00
,,,-0.01275600027,0.00,0.08000
,,,-0.01275200024,0.00,0.00
,,,-0.01274800021,0.00,0.00
,,,-0.01274400018,-0.08000,0.00
,,,-0.01274000015,0.00,0.00
,,,-0.01273600012,-0.08000,0.00
,,,-0.01273200009,0.00,0.00
,,,-0.01272800006,0.00,0.00
,,,-0.01272400003,0.00,0.00
,,,-0.01272000000,0.00,0.00
,,,-0.01271599997,0.00,0.00
,,,-0.01271199994,-0.08000,0.00
,,,-0.01270799991,-0.08000,0.00
,,,-0.01270399988,-0.08000,-0.08000
,,,-0.01269999985,0.00,0.00
,,,-0.01269599982,0.00,0.00
,,,-0.01269199979,0.00,0.00
,,,-0.01268799976,0.00,0.00
,,,-0.01268399972,-0.08000,0.00
,,,-0.01267999969,0.00,0.00
,,,-0.01267599966,0.00,0.00
,,,-0.01267199963,0.00,0.00
,,,-0.01266799960,0.00,0.00
,,,-0.01266399957,0.00,0.00
,,,-0.01265999954,0.00,0.00
,,,-0.01265599951,0.00,0.00
,,,-0.01265200041,0.00,0.00
,,,-0.01264800038,0.00,0.00
,,,-0.01264400035,0.00,0.00
,,,-0.01264000032,0.00,0.08000
,,,-0.01263600029,0.00,0.00
,,,-0.01263200026,0.00,-0.08000
,,,-0.01262800023,0.00,-0.08000
,,,-0.01262400020,0.00,0.08000
,,,-0.01262000017,0.00,0.08000
,,,-0.01261600014,0.00,0.00
,,,-0.01261200011,0.00,0.00
,,,-0.01260800008,0.00,0.00
,,,-0.01260400005,0.00,0.00
,,,-0.01260000002,0.00,0.00
,,,-0.01259599999,0.00,0.00
,,,-0.01259199996,0.00,0.00
,,,-0.01258799993,0.00,0.08000
,,,-0.01258399989,0.00,0.00
,,,-0.01257999986,0.00,0.00
,,,-0.01257599983,0.00,0.00
,,,-0.01257199980,0.00,0.00
,,,-0.01256799977,0.00,0.00
,,,-0.01256399974,0.00,0.00
,,,-0.01255999971,0.00,-0.08000
,,,-0.01255599968,0.00,0.00
,,,-0.01255199965,0.00,0.00
,,,-0.01254799962,0.00,0.00
,,,-0.01254399959,0.00,-0.08000
,,,-0.01253999956,0.00,0.00
,,,-0.01253599953,0.00,0.00
,,,-0.01253200043,0.00,0.00
,,,-0.01252800040,-0.08000,0.00
,,,-0.01252400037,0.00,0.00
,,,-0.01252000034,0.00,0.00
,,,-0.01251600031,0.00,0.00
,,,-0.01251200028,0.00,0.00
,,,-0.01250800025,0.00,0.00
,,,-0.01250400022,-0.08000,0.00
,,,-0.01250000019,0.00,0.00
,,,-0.01249600016,0.00,0.00
,,,-0.01249200013,0.00,0.00
,,,-0.01248800009,0.00,0.00
,,,-0.01248400006,0.00,0.00
,,,-0.01248000003,0.00,0.00
,,,-0.01247600000,0.00,0.08000
,,,-0.01247199997,0.00,0.00
,,,-0.01246799994,0.00,0.00
,,,-0.01246399991,0.00,0.00
,,,-0.01245999988,0.00,0.00
,,,-0.01245599985,-0.08000,0.00
,,,-0.01245199982,0.00,0.00
,,,-0.01244799979,0.00,0.00
,,,-0.01244399976,0.00,0.00
,,,-0.01243999973,0.00,0.00
,,,-0.01243599970,0.00,0.00
,,,-0.01243199967,0.00,0.00
,,,-0.01242799964,-0.08000,0.00
,,,-0.01242399961,-0.08000,0.00
,,,-0.01241999958,0.00,0.00
,,,-0.01241599955,0.00,0.00
,,,-0.01241199952,-0.08000,0.00
,,,-0.01240800042,0.00,0.00
,,,-0.01240400039,0.00,0.00
,,,-0.01240000036,0.00,0.00
,,,-0.01239600033,0.00,0.00
,,,-0.01239200030,0.00,0.00
,,,-0.01238800026,0.00,0.00
,,,-0.01238400023,0.00,0.08000
,,,-0.01238000020,-0.08000,0.00
,,,-0.01237600017,0.00,0.00
,,,-0.01237200014,0.00,0.00
,,,-0.01236800011,0.00,0.00
,,,-0.01236400008,0.00,0.00
,,,-0.01236000005,0.00,0.00
,,,-0.01235600002,-0.08000,0.00
,,,-0.01235199999,0.00,0.00
,,,-0.01234799996,0.00,0.00
,,,-0.01234399993,0.00,0.00
,,,-0.01233999990,0.00,0.00
,,,-0.01233599987,-0.08000,0.00
,,,-0.01233199984,0.00,0.00
,,,-0.01232799981,0.00,0.00
,,,-0.01232399978,0.00,0.00
,,,-0.01231999975,0.00,0.00
,,,-0.01231599972,0.00,0.00
,,,-0.01231199969,-0.08000,0.00
,,,-0.01230799966,0.00,0.00
,,,-0.01230399963,0.00,0.08000
,,,-0.01229999959,0.00,0.00
,,,-0.01229599956,0.00,0.00
,,,-0.01229199953,0.00,0.00
,,,-0.01228800043,0.00,0.08000
,,,-0.01228400040,0.00,0.00
,,,-0.01228000037,0.00,0.00
,,,-0.01227600034,-0.08000,0.00
,,,-0.01227200031,0.00,0.00
,,,-0.01226800028,0.00,0.00
,,,-0.01226400025,0.00,0.00
,,,-0.01226000022,0.00,0.00
,,,-0.01225600019,0.00,0.00
,,,-0.01225200016,0.00,0.00
,,,-0.01224800013,0.00,0.00
,,,-0.01224400010,0.00,0.00
,,,-0.01224000007,0.40000,0.08000
,,,-0.01223600004,1.68000,0.88000
,,,-0.01223200001,2.96000,1.12000
,,,-0.01222799998,3.60000,1.04000
,,,-0.01222399995,3.84000,0.88000
,,,-0.01221999992,3.84000,0.80000
,,,-0.01221599989,3.92000,0.72000
,,,-0.01221199986,4.00000,0.56000
,,,-0.01220799983,4.08000,0.72000
,,,-0.01220399980,4.32000,0.56000
,,,-0.01219999976,4.40000,0.72000
,,,-0.01219599973,4.48000,0.56000
,,,-0.01219199970,4.56000,0.56000
,,,-0.01218799967,4.56000,0.56000
,,,-0.01218399964,4.56000,0.56000
,,,-0.01217999961,4.56000,0.56000
,,,-0.01217599958,4.56000,0.56000
,,,-0.01217199955,4.64000,0.56000
,,,-0.01216799952,4.64000,0.56000
,,,-0.01216400042,4.56000,0.48000
,,,-0.01216000039,4.64000,0.56000
,,,-0.01215600036,4.64000,0.48000
,,,-0.01215200033,4.64000,0.48000
,,,-0.01214800030,4.64000,0.48000
,,,-0.01214400027,4.64000,0.48000
,,,-0.01214000024,4.64000,0.56000
,,,-0.01213600021,4.64000,0.48000
,,,-0.01213200018,4.64000,0.48000
,,,-0.01212800015,4.64000,0.48000
,,,-0.01212400012,4.72000,0.48000
,,,-0.01212000009,4.64000,0.48000
,,,-0.01211600006,4.72000,0.48000
,,,-0.01211200003,4.64000,0.48000
,,,-0.01210800000,4.64000,0.56000
,,,-0.01210399996,4.72000,0.48000
,,,-0.01209999993,4.64000,0.48000
,,,-0.01209599990,4.80000,0.48000
,,,-0.01209199987,4.80000,0.48000
,,,-0.01208799984,4.64000,0.48000
,,,-0.01208399981,4.72000,0.48000
,,,-0.01207999978,4.80000,0.48000
,,,-0.01207599975,4.80000,0.48000
,,,-0.01207199972,4.64000,0.48000
,,,-0.01206799969,4.80000,0.48000
,,,-0.01206399966,4.72000,0.48000
,,,-0.01205999963,4.72000,0.48000
,,,-0.01205599960,4.80000,0.48000
,,,-0.01205199957,4.80000,0.48000
,,,-0.01204799954,4.80000,0.48000
,,,-0.01204399951,4.80000,0.48000
,,,-0.01204000041,4.72000,0.48000
,,,-0.01203600038,4.80000,0.48000
,,,-0.01203200035,4.72000,0.48000
,,,-0.01202800032,4.72000,0.48000
,,,-0.01202400029,4.80000,0.48000
,,,-0.01202000026,4.80000,0.48000
,,,-0.01201600023,4.80000,0.48000
,,,-0.01201200020,4.80000,0.48000
,,,-0.01200800017,4.72000,0.48000
,,,-0.01200400013,4.80000,0.48000
,,,-0.01200000010,4.80000,0.48000
,,,-0.01199600007,4.80000,0.48000
,,,-0.01199200004,4.72000,0.48000
,,,-0.01198800001,4.72000,0.48000
,,,-0.01198399998,4.64000,0.48000
,,,-0.01197999995,4.80000,0.48000
,,,-0.01197599992,4.72000,0.48000
,,,-0.01197199989,4.72000,0.48000
,,,-0.01196799986,4.80000,0.48000
,,,-0.01196399983,4.72000,0.48000
,,,-0.01195999980,4.64000,0.48000
,,,-0.01195599977,4.64000,0.40000
,,,-0.01195199974,4.64000,0.40000
,,,-0.01194799971,4.64000,0.48000
,,,-0.01194399968,4.64000,0.48000
,,,-0.01193999965,4.64000,0.48000
,,,-0.01193599962,4.64000,0.40000
,,,-0.01193199959,4.64000,0.40000
,,,-0.01192799956,4.64000,0.40000
,,,-0.01192399953,4.64000,0.48000
,,,-0.01192000043,4.64000,0.40000
,,,-0.01191600040,4.64000,0.48000
,,,-0.01191200037,4.64000,0.48000
,,,-0.01190800034,4.64000,0.40000
,,,-0.01190400030,4.64000,0.40000
,,,-0.01190000027,4.64000,0.40000
,,,-0.01189600024,4.64000,0.40000
,,,-0.01189200021,4.64000,0.48000
,,,-0.01188800018,4.64000,0.40000
,,,-0.01188400015,4.72000,0.40000
,,,-0.01188000012,4.64000,0.40000
,,,-0.01187600009,4.64000,0.48000
,,,-0.01187200006,4.64000,0.48000
,,,-0.01186800003,4.64000,0.48000
,,,-0.01186400000,4.64000,0.40000
,,,-0.01185999997,4.56000,0.40000
,,,-0.01185599994,4.64000,0.40000
,,,-0.01185199991,4.64000,0.40000
,,,-0.01184799988,4.64000,0.40000
,,,-0.01184399985,4.64000,0.40000
,,,-0.01183999982,4.64000,0.48000
,,,-0.01183599979,4.64000,0.48000
,,,-0.01183199976,4.64000,0.40000
,,,-0.01182799973,4.56000,0.48000
,,,-0.01182399970,4.56000,0.40000
,,,-0.01181999967,4.56000,0.40000
,,,-0.01181599963,4.56000,0.40000
,,,-0.01181199960,4.56000,0.48000
,,,-0.01180799957,4.56000,0.40000
,,,-0.01180399954,4.64000,0.40000
,,,-0.01179999951,4.56000,0.40000
,,,-0.01179600041,4.64000,0.40000
,,,-0.01179200038,4.64000,0.40000
,,,-0.01178800035,4.56000,0.40000
,,,-0.01178400032,4.56000,0.40000
,,,-0.01178000029,4.56000,0.40000
,,,-0.01177600026,4.56000,0.40000
,,,-0.01177200023,4.56000,0.40000
,,,-0.01176800020,4.56000,0.40000
,,,-0.01176400017,4.56000,0.40000
,,,-0.01176000014,4.56000,0.40000
,,,-0.01175600011,4.64000,0.40000
,,,-0.01175200008,4.64000,0.40000
,,,-0.01174800005,4.64000,0.40000
,,,-0.01174400002,4.56000,0.40000
,,,-0.01173999999,4.48000,0.40000
,,,-0.01173599996,4.56000,0.40000
,,,-0.01173199993,4.56000,0.40000
,,,-0.01172799990,4.56000,0.40000
,,,-0.01172399987,4.56000,0.40000
,,,-0.01171999983,4.56000,0.40000
,,,-0.01171599980,4.56000,0.40000
,,,-0.01171199977,4.64000,0.40000
,,,-0.01170799974,4.64000,0.48000
,,,-0.01170399971,4.64000,0.40000
,,,-0.01169999968,4.56000,0.40000
,,,-0.01169599965,4.48000,0.40000
,,,-0.01169199962,4.48000,0.40000
,,,-0.01168799959,4.56000,0.40000
,,,-0.01168399956,4.56000,0.40000
,,,-0.01167999953,4.56000,0.40000
,,,-0.01167600043,4.56000,0.40000
,,,-0.01167200040,4.56000,0.48000
,,,-0.01166800037,4.64000,0.40000
,,,-0.01166400034,4.64000,0.40000
,,,-0.01166000031,4.64000,0.40000
,,,-0.01165600028,4.56000,0.40000
,,,-0.01165200025,4.48000,0.40000
,,,-0.01164800022,4.48000,0.40000
,,,-0.01164400019,4.56000,0.40000
,,,-0.01164000016,4.48000,0.40000
,,,-0.01163600013,4.56000,0.40000
,,,-0.01163200010,4.56000,0.40000
,,,-0.01162800007,4.56000,0.40000
,,,-0.01162400004,4.56000,0.40000
,,,-0.01162000000,4.64000,0.40000
,,,-0.01161599997,4.56000,0.40000
,,,-0.01161199994,4.56000,0.40000
,,,-0.01160799991,4.56000,0.40000
,,,-0.01160399988,4.48000,0.40000
,,,-0.01159999985,4.48000,0.40000
,,,-0.01159599982,4.56000,0.40000
,,,-0.01159199979,4.48000,0.40000
,,,-0.01158799976,4.56000,0.40000
,,,-0.01158399973,4.56000,0.40000
,,,-0.01157999970,4.56000,0.40000
,,,-0.01157599967,4.56000,0.40000
,,,-0.01157199964,4.56000,0.40000
,,,-0.01156799961,4.56000,0.40000
,,,-0.01156399958,4.56000,0.40000
,,,-0.01155999955,4.48000,0.40000
,,,-0.01155599952,4.48000,0.40000
,,,-0.01155200042,4.48000,0.40000
,,,-0.01154800039,4.56000,0.40000
,,,-0.01154400036,4.56000,0.40000
,,,-0.01154000033,4.48000,0.40000
,,,-0.01153600030,4.56000,0.40000
,,,-0.01153200027,4.56000,0.40000
,,,-0.01152800024,4.56000,0.40000
,,,-0.01152400021,4.56000,0.40000
,,,-0.01152000017,4.56000,0.40000
,,,-0.01151600014,4.48000,0.40000
,,,-0.01151200011,4.48000,0.40000
,,,-0.01150800008,4.48000,0.40000
,,,-0.01150400005,4.48000,0.40000
,,,-0.01150000002,4.48000,0.40000
,,,-0.01149599999,4.56000,0.40000
,,,-0.01149199996,4.56000,0.40000
,,,-0.01148799993,4.56000,0.40000
,,,-0.01148399990,4.56000,0.40000
,,,-0.01147999987,4.56000,0.40000
,,,-0.01147599984,4.48000,0.40000
,,,-0.01147199981,4.40000,0.40000
,,,-0.01146799978,4.48000,0.40000
,,,-0.01146399975,4.48000,0.40000
,,,-0.01145999972,4.48000,0.40000
,,,-0.01145599969,4.48000,0.40000
,,,-0.01145199966,4.56000,0.40000
,,,-0.01144799963,4.56000,0.40000
,,,-0.01144399960,4.56000,0.40000
,,,-0.01143999957,4.56000,0.40000
,,,-0.01143599954,4.56000,0.40000
,,,-0.01143200044,4.48000,0.40000
,,,-0.01142800041,4.40000,0.40000
,,,-0.01142400037,4.48000,0.40000
,,,-0.01142000034,4.48000,0.40000
,,,-0.01141600031,4.48000,0.40000
,,,-0.01141200028,4.48000,0.40000
,,,-0.01140800025,4.48000,0.40000
,,,-0.01140400022,4.48000,0.40000
,,,-0.01140000019,4.56000,0.40000
,,,-0.01139600016,4.48000,0.40000
,,,-0.01139200013,4.56000,0.40000
,,,-0.01138800010,4.48000,0.40000
,,,-0.01138400007,4.40000,0.40000
,,,-0.01138000004,4.40000,0.40000
,,,-0.01137600001,4.40000,0.40000
,,,-0.01137199998,4.48000,0.40000
,,,-0.01136799995,4.48000,0.40000
,,,-0.01136399992,4.48000,0.40000
,,,-0.01135999989,4.48000,0.40000
,,,-0.01135599986,4.48000,0.40000
,,,-0.01135199983,4.56000,0.40000
,,,-0.01134799980,4.48000,0.40000
,,,-0.01134399977,4.48000,0.32000
,,,-0.01133999974,4.40000,0.32000
,,,-0.01133599970,4.40000,0.32000
,,,-0.01133199967,4.40000,0.32000
,,,-0.01132799964,4.40000,0.32000
,,,-0.01132399961,4.48000,0.40000
,,,-0.01131999958,4.40000,0.32000
,,,-0.01131599955,4.48000,0.40000
,,,-0.01131199952,4.48000,0.40000
,,,-0.01130800042,4.48000,0.32000
,,,-0.01130400039,4.48000,0.40000
,,,-0.01130000036,4.48000,0.40000
,,,-0.01129600033,4.40000,0.40000
,,,-0.01129200030,4.40000,0.40000
,,,-0.01128800027,4.40000,0.40000
,,,-0.01128400024,4.48000,0.40000
,,,-0.01128000021,4.48000,0.40000
,,,-0.01127600018,4.48000,0.40000
,,,-0.01127200015,4.48000,0.40000
,,,-0.01126800012,4.48000,0.40000
,,,-0.01126400009,4.48000,0.40000
,,,-0.01126000006,4.48000,0.40000
,,,-0.01125600003,4.48000,0.40000
,,,-0.01125200000,4.40000,0.32000
,,,-0.01124799997,4.32000,0.40000
,,,-0.01124399994,4.40000,0.32000
,,,-0.01123999991,4.40000,0.32000
,,,-0.01123599987,4.48000,0.40000
,,,-0.01123199984,4.48000,0.40000
,,,-0.01122799981,4.48000,0.40000
,,,-0.01122399978,4.48000,0.32000
,,,-0.01121999975,4.48000,0.40000
,,,-0.01121599972,4.48000,0.40000
,,,-0.01121199969,4.48000,0.40000
,,,-0.01120799966,4.40000,0.40000
,,,-0.01120399963,4.32000,0.32000
,,,-0.01119999960,4.32000,0.32000
,,,-0.01119599957,4.32000,0.32000
,,,-0.01119199954,4.40000,0.32000
,,,-0.01118799951,4.40000,0.32000
,,,-0.01118400041,4.48000,0.32000
,,,-0.01118000038,4.48000,0.32000
,,,-0.01117600035,4.48000,0.32000
,,,-0.01117200032,4.48000,0.40000
,,,-0.01116800029,4.48000,0.32000
,,,-0.01116400026,4.40000,0.32000
,,,-0.01116000023,4.32000,0.32000
,,,-0.01115600020,4.32000,0.32000
,,,-0.01115200017,4.40000,0.32000
,,,-0.01114800014,4.40000,0.32000
,,,-0.01114400011,4.40000,0.40000
,,,-0.01114000008,4.40000,0.32000
,,,-0.01113600004,4.48000,0.40000
,,,-0.01113200001,4.48000,0.32000
,,,-0.01112799998,4.48000,0.40000
,,,-0.01112399995,4.48000,0.32000
,,,-0.01111999992,4.40000,0.32000
,,,-0.01111599989,4.16000,0.32000
,,,-0.01111199986,4.16000,0.32000
,,,-0.01110799983,4.16000,0.32000
,,,-0.01110399980,4.40000,0.40000
,,,-0.01109999977,4.40000,0.32000
,,,-0.01109599974,4.40000,0.40000
,,,-0.01109199971,4.40000,0.32000
,,,-0.01108799968,4.48000,0.32000
,,,-0.01108399965,4.48000,0.40000
,,,-0.01107999962,4.48000,0.32000
,,,-0.01107599959,4.32000,0.32000
,,,-0.01107199956,4.32000,0.24000
,,,-0.01106799953,4.16000,0.32000
,,,-0.01106400043,4.32000,0.32000
,,,-0.01106000040,4.32000,0.32000
,,,-0.01105600037,4.32000,0.32000
,,,-0.01105200034,4.40000,0.32000
,,,-0.01104800031,4.40000,0.32000
,,,-0.01104400028,4.48000,0.40000
,,,-0.01104000024,4.40000,0.40000
,,,-0.01103600021,4.40000,0.32000
,,,-0.01103200018,4.40000,0.32000
,,,-0.01102800015,4.16000,0.32000
,,,-0.01102400012,4.16000,0.32000
,,,-0.01102000009,4.16000,0.32000
,,,-0.01101600006,4.32000,0.32000
,,,-0.01101200003,4.32000,0.32000
,,,-0.01100800000,4.32000,0.32000
,,,-0.01100399997,4.40000,0.32000
,,,-0.01099999994,4.40000,0.32000
,,,-0.01099599991,4.40000,0.32000
,,,-0.01099199988,4.48000,0.32000
,,,-0.01098799985,4.40000,0.32000
,,,-0.01098399982,4.16000,0.32000
,,,-0.01097999979,4.16000,0.32000
,,,-0.01097599976,4.16000,0.32000
,,,-0.01097199973,4.16000,0.32000
,,,-0.01096799970,4.32000,0.32000
,,,-0.01096399967,4.40000,0.32000
,,,-0.01095999964,4.32000,0.32000
,,,-0.01095599961,4.40000,0.32000
,,,-0.01095199957,4.40000,0.32000
,,,-0.01094799954,4.40000,0.32000
,,,-0.01094399951,4.40000,0.32000
,,,-0.01094000041,4.16000,0.24000
,,,-0.01093600038,4.08000,0.24000
,,,-0.01093200035,4.16000,0.32000
,,,-0.01092800032,4.16000,0.24000
,,,-0.01092400029,4.16000,0.32000
,,,-0.01092000026,4.32000,0.32000
,,,-0.01091600023,4.40000,0.32000
,,,-0.01091200020,4.40000,0.32000
,,,-0.01090800017,4.40000,0.32000
,,,-0.01090400014,4.32000,0.32000
,,,-0.01090000011,4.32000,0.32000
,,,-0.01089600008,4.16000,0.32000
,,,-0.01089200005,4.16000,0.24000
,,,-0.01088800002,4.08000,0.32000
,,,-0.01088399999,4.16000,0.32000
,,,-0.01087999996,4.16000,0.32000
,,,-0.01087599993,4.32000,0.32000
,,,-0.01087199990,4.32000,0.32000
,,,-0.01086799987,4.32000,0.32000
,,,-0.01086399984,4.32000,0.32000
,,,-0.01085999981,4.40000,0.40000
,,,-0.01085599978,4.32000,0.32000
,,,-0.01085199974,4.16000,0.24000
,,,-0.01084799971,4.08000,0.32000
,,,-0.01084399968,4.08000,0.32000
,,,-0.01083999965,4.16000,0.32000
,,,-0.01083599962,4.16000,0.32000
,,,-0.01083199959,4.32000,0.32000
,,,-0.01082799956,4.32000,0.32000
,,,-0.01082399953,4.32000,0.32000
,,,-0.01082000043,4.40000,0.32000
,,,-0.01081600040,4.40000,0.32000
,,,-0.01081200037,4.40000,0.32000
,,,-0.01080800034,4.16000,0.32000
,,,-0.01080400031,4.08000,0.24000
,,,-0.01080000028,4.16000,0.32000
,,,-0.01079600025,4.08000,0.32000
,,,-0.01079200022,4.16000,0.32000
,,,-0.01078800019,4.16000,0.32000
,,,-0.01078400016,4.32000,0.32000
,,,-0.01078000013,4.32000,0.32000
,,,-0.01077600010,4.40000,0.32000
,,,-0.01077200007,4.32000,0.32000
,,,-0.01076800004,4.32000,0.32000
,,,-0.01076400001,4.16000,0.32000
,,,-0.01075999998,4.08000,0.24000
,,,-0.01075599995,4.08000,0.24000
,,,-0.01075199991,4.08000,0.32000
,,,-0.01074799988,4.08000,0.32000
,,,-0.01074399985,4.16000,0.32000
,,,-0.01073999982,4.32000,0.32000
,,,-0.01073599979,4.32000,0.32000
,,,-0.01073199976,4.32000,0.32000
,,,-0.01072799973,4.32000,0.32000
,,,-0.01072399970,4.40000,0.32000
,,,-0.01071999967,4.16000,0.32000
,,,-0.01071599964,4.08000,0.32000
,,,-0.01071199961,4.00000,0.24000
,,,-0.01070799958,4.08000,0.24000
,,,-0.01070399955,4.08000,0.24000
,,,-0.01069999952,4.16000,0.32000
,,,-0.01069600042,4.16000,0.32000
,,,-0.01069200039,4.32000,0.32000
,,,-0.01068800036,4.32000,0.32000
,,,-0.01068400033,4.32000,0.32000
,,,-0.01068000030,4.16000,0.24000
,,,-0.01067600027,4.16000,0.32000
,,,-0.01067200024,4.16000,0.24000
,,,-0.01066800021,4.08000,0.24000
,,,-0.01066400018,4.08000,0.32000
,,,-0.01066000015,4.08000,0.24000
,,,-0.01065600011,4.08000,0.24000
,,,-0.01065200008,4.08000,0.24000
,,,-0.01064800005,4.16000,0.24000
,,,-0.01064400002,4.16000,0.24000
,,,-0.01063999999,4.16000,0.32000
,,,-0.01063599996,4.16000,0.32000
,,,-0.01063199993,4.16000,0.24000
,,,-0.01062799990,4.08000,0.24000
,,,-0.01062399987,4.00000,0.24000
,,,-0.01061999984,4.00000,0.32000
,,,-0.01061599981,4.00000,0.24000
,,,-0.01061199978,4.00000,0.32000
,,,-0.01060799975,4.08000,0.24000
,,,-0.01060399972,4.08000,0.24000
,,,-0.01059999969,4.08000,0.24000
,,,-0.01059599966,4.08000,0.24000
,,,-0.01059199963,4.16000,0.32000
,,,-0.01058799960,4.16000,0.24000
,,,-0.01058399957,4.16000,0.24000
,,,-0.01057999954,4.16000,0.32000
,,,-0.01057600044,4.16000,0.32000
,,,-0.01057200041,4.16000,0.24000
,,,-0.01056800038,4.16000,0.32000
,,,-0.01056400035,4.16000,0.32000
,,,-0.01056000032,4.16000,0.32000
,,,-0.01055600028,4.32000,0.32000
,,,-0.01055200025,4.16000,0.24000
,,,-0.01054800022,4.16000,0.32000
,,,-0.01054400019,4.16000,0.32000
,,,-0.01054000016,4.16000,0.24000
,,,-0.01053600013,4.16000,0.24000
,,,-0.01053200010,4.16000,0.32000
,,,-0.01052800007,4.16000,0.24000
,,,-0.01052400004,4.16000,0.24000
,,,-0.01052000001,4.16000,0.24000
,,,-0.01051599998,4.16000,0.24000
,,,-0.01051199995,4.16000,0.32000
,,,-0.01050799992,4.16000,0.24000
,,,-0.01050399989,4.16000,0.24000
,,,-0.01049999986,4.16000,0.24000
,,,-0.01049599983,4.16000,0.24000
,,,-0.01049199980,4.16000,0.24000
,,,-0.01048799977,4.16000,0.24000
,,,-0.01048399974,4.16000,0.24000
,,,-0.01047999971,4.16000,0.24000
,,,-0.01047599968,4.16000,0.24000
,,,-0.01047199965,4.16000,0.24000
,,,-0.01046799961,4.16000,0.32000
,,,-0.01046399958,4.16000,0.24000
,,,-0.01045999955,4.16000,0.24000
,,,-0.01045599952,4.16000,0.24000
,,,-0.01045200042,4.16000,0.24000
,,,-0.01044800039,4.16000,0.24000
,,,-0.01044400036,4.16000,0.24000
,,,-0.01044000033,4.16000,0.24000
,,,-0.01043600030,4.16000,0.24000
,,,-0.01043200027,4.16000,0.24000
,,,-0.01042800024,4.16000,0.24000
,,,-0.01042400021,4.16000,0.32000
,,,-0.01042000018,4.16000,0.24000
,,,-0.01041600015,4.16000,0.24000
,,,-0.01041200012,4.16000,0.24000
,,,-0.01040800009,4.16000,0.24000
,,,-0.01040400006,4.08000,0.24000
,,,-0.01040000003,4.08000,0.24000
,,,-0.01039600000,4.16000,0.24000
,,,-0.01039199997,4.16000,0.24000
,,,-0.01038799994,4.16000,0.24000
,,,-0.01038399991,4.08000,0.24000
,,,-0.01037999988,4.16000,0.24000
,,,-0.01037599985,4.16000,0.32000
,,,-0.01037199982,4.16000,0.24000
,,,-0.01036799978,4.08000,0.24000
,,,-0.01036399975,4.16000,0.24000
,,,-0.01035999972,4.08000,0.24000
,,,-0.01035599969,4.16000,0.24000
,,,-0.01035199966,4.16000,0.24000
,,,-0.01034799963,4.16000,0.24000
,,,-0.01034399960,4.16000,0.24000
,,,-0.01033999957,4.16000,0.24000
,,,-0.01033599954,4.08000,0.24000
,,,-0.01033199951,4.08000,0.24000
,,,-0.01032800041,4.16000,0.24000
,,,-0.01032400038,4.16000,0.24000
,,,-0.01032000035,4.16000,0.24000
,,,-0.01031600032,4.08000,0.24000
,,,-0.01031200029,4.08000,0.24000
,,,-0.01030800026,4.16000,0.24000
,,,-0.01030400023,4.16000,0.24000
,,,-0.01030000020,4.08000,0.24000
,,,-0.01029600017,4.16000,0.24000
,,,-0.01029200014,4.16000,0.24000
,,,-0.01028800011,4.08000,0.24000
,,,-0.01028400008,4.08000,0.24000
,,,-0.01028000005,4.08000,0.24000
,,,-0.01027600002,4.08000,0.24000
,,,-0.01027199998,4.08000,0.24000
,,,-0.01026799995,4.08000,0.24000
,,,-0.01026399992,4.16000,0.24000
,,,-0.01025999989,4.16000,0.24000
,,,-0.01025599986,4.08000,0.24000
,,,-0.01025199983,4.16000,0.24000
,,,-0.01024799980,4.08000,0.24000
,,,-0.01024399977,4.08000,0.32000
,,,-0.01023999974,4.08000,0.24000
,,,-0.01023599971,4.16000,0.24000
,,,-0.01023199968,4.16000,0.24000
,,,-0.01022799965,4.16000,0.24000
,,,-0.01022399962,4.08000,0.24000
,,,-0.01021999959,4.08000,0.24000
,,,-0.01021599956,4.08000,0.24000
,,,-0.01021199953,4.08000,0.24000
,,,-0.01020800043,4.08000,0.24000
,,,-0.01020400040,4.16000,0.24000
,,,-0.01020000037,4.08000,0.24000
,,,-0.01019600034,4.08000,0.24000
,,,-0.01019200031,4.08000,0.24000
,,,-0.01018800028,4.08000,0.24000
,,,-0.01018400025,4.08000,0.24000
,,,-0.01018000022,4.16000,0.24000
,,,-0.01017600019,4.08000,0.24000
,,,-0.01017200015,4.08000,0.24000
,,,-0.01016800012,4.16000,0.24000
,,,-0.01016400009,4.08000,0.24000
,,,-0.01016000006,4.08000,0.24000
,,,-0.01015600003,4.08000,0.24000
,,,-0.01015200000,4.08000,0.24000
,,,-0.01014799997,4.08000,0.24000
,,,-0.01014399994,4.08000,0.24000
,,,-0.01013999991,4.08000,0.24000
,,,-0.01013599988,4.08000,0.24000
,,,-0.01013199985,4.08000,0.24000
,,,-0.01012799982,4.08000,0.24000
,,,-0.01012399979,4.08000,0.24000
,,,-0.01011999976,4.08000,0.24000
,,,-0.01011599973,4.08000,0.24000
,,,-0.01011199970,4.08000,0.24000
,,,-0.01010799967,4.08000,0.24000
,,,-0.01010399964,4.08000,0.24000
,,,-0.01009999961,4.08000,0.24000
,,,-0.01009599958,4.08000,0.24000
,,,-0.01009199955,4.08000,0.24000
,,,-0.01008799952,4.08000,0.24000
,,,-0.01008400042,4.08000,0.24000
,,,-0.01008000039,4.08000,0.24000
,,,-0.01007600036,4.08000,0.24000
,,,-0.01007200032,4.08000,0.24000
,,,-0.01006800029,4.08000,0.24000
,,,-0.01006400026,4.08000,0.24000
,,,-0.01006000023,4.08000,0.24000
,,,-0.01005600020,4.08000,0.24000
,,,-0.01005200017,4.00000,0.24000
,,,-0.01004800014,4.00000,0.24000
,,,-0.01004400011,4.08000,0.24000
,,,-0.01004000008,4.08000,0.24000
,,,-0.01003600005,4.08000,0.24000
,,,-0.01003200002,4.08000,0.24000
,,,-0.01002799999,4.08000,0.24000
,,,-0.01002399996,4.08000,0.24000
,,,-0.01001999993,4.08000,0.24000
,,,-0.01001599990,4.08000,0.24000
,,,-0.01001199987,4.08000,0.24000
,,,-0.01000799984,4.00000,0.24000
,,,-0.01000399981,4.08000,0.24000
,,,-0.00999999978,4.08000,0.24000
,,,-0.00999599975,4.08000,0.24000
,,,-0.00999199972,4.00000,0.24000
,,,-0.00998799969,4.00000,0.24000
,,,-0.00998399965,4.08000,0.24000
,,,-0.00997999962,4.00000,0.24000
,,,-0.00997599959,4.00000,0.24000
,,,-0.00997199956,4.00000,0.24000
,,,-0.00996799953,4.00000,0.24000
,,,-0.00996400043,4.00000,0.24000
,,,-0.00996000040,3.92000,0.24000
,,,-0.00995600037,4.00000,0.24000
,,,-0.00995200034,4.00000,0.24000
,,,-0.00994800031,3.92000,0.24000
,,,-0.00994400028,4.00000,0.24000
,,,-0.00994000025,4.00000,0.24000
,,,-0.00993600022,3.92000,0.24000
,,,-0.00993200019,4.00000,0.24000
,,,-0.00992800016,4.00000,0.24000
,,,-0.00992400013,3.92000,0.24000
,,,-0.00992000010,4.00000,0.24000
,,,-0.00991600007,4.00000,0.24000
,,,-0.00991200004,4.00000,0.24000
,,,-0.00990800001,4.00000,0.24000
,,,-0.00990399998,4.00000,0.24000
,,,-0.00989999995,4.00000,0.24000
,,,-0.00989599992,3.92000,0.24000
,,,-0.00989199989,4.00000,0.24000
,,,-0.00988799985,4.00000,0.24000
,,,-0.00988399982,4.00000,0.24000
,,,-0.00987999979,4.00000,0.24000
,,,-0.00987599976,4.00000,0.24000
,,,-0.00987199973,4.00000,0.24000
,,,-0.00986799970,4.00000,0.24000
,,,-0.00986399967,3.92000,0.24000
,,,-0.00985999964,3.92000,0.24000
,,,-0.00985599961,3.92000,0.24000
,,,-0.00985199958,3.84000,0.24000
,,,-0.00984799955,3.84000,0.24000
,,,-0.00984399952,3.84000,0.24000
,,,-0.00984000042,3.84000,0.24000
,,,-0.00983600039,3.76000,0.24000
,,,-0.00983200036,3.84000,0.24000
,,,-0.00982800033,3.84000,0.24000
,,,-0.00982400030,3.92000,0.24000
,,,-0.00982000027,3.92000,0.24000
,,,-0.00981600024,3.92000,0.24000
,,,-0.00981200021,3.92000,0.24000
,,,-0.00980800018,3.92000,0.24000
,,,-0.00980400015,3.92000,0.24000
,,,-0.00980000012,3.92000,0.16000
,,,-0.00979600009,3.92000,0.24000
,,,-0.00979200006,3.92000,0.24000
,,,-0.00978800002,3.92000,0.24000
,,,-0.00978399999,3.92000,0.24000
,,,-0.00977999996,3.92000,0.24000
,,,-0.00977599993,3.92000,0.24000
,,,-0.00977199990,3.92000,0.24000
,,,-0.00976799987,3.92000,0.24000
,,,-0.00976399984,3.92000,0.24000
,,,-0.00975999981,3.84000,0.24000
,,,-0.00975599978,3.84000,0.24000
,,,-0.00975199975,3.92000,0.24000
,,,-0.00974799972,3.92000,0.24000
,,,-0.00974399969,3.84000,0.24000
,,,-0.00973999966,3.84000,0.24000
,,,-0.00973599963,3.92000,0.24000
,,,-0.00973199960,3.92000,0.24000
,,,-0.00972799957,3.84000,0.24000
,,,-0.00972399954,3.92000,0.24000
,,,-0.00972000044,3.84000,0.24000
,,,-0.00971600041,3.84000,0.24000
,,,-0.00971200038,3.92000,0.24000
,,,-0.00970800035,3.92000,0.24000
,,,-0.00970400032,3.84000,0.16000
,,,-0.00970000029,3.84000,0.16000
,,,-0.00969600026,3.92000,0.24000
,,,-0.00969200023,3.92000,0.16000
,,,-0.00968800019,3.84000,0.24000
,,,-0.00968400016,3.92000,0.16000
,,,-0.00968000013,3.84000,0.24000
,,,-0.00967600010,3.92000,0.24000
,,,-0.00967200007,3.84000,0.24000
,,,-0.00966800004,3.84000,0.24000
,,,-0.00966400001,3.84000,0.24000
,,,-0.00965999998,3.92000,0.16000
,,,-0.00965599995,3.84000,0.16000
,,,-0.00965199992,3.84000,0.24000
,,,-0.00964799989,3.92000,0.24000
,,,-0.00964399986,3.84000,0.16000
,,,-0.00963999983,3.84000,0.24000
,,,-0.00963599980,3.84000,0.16000
,,,-0.00963199977,3.92000,0.24000
,,,-0.00962799974,3.84000,0.16000
,,,-0.00962399971,3.84000,0.16000
,,,-0.00961999968,3.84000,0.24000
,,,-0.00961599965,3.84000,0.24000
,,,-0.00961199962,3.84000,0.16000
,,,-0.00960799959,3.84000,0.24000
,,,-0.00960399956,3.84000,0.24000
,,,-0.00959999952,3.84000,0.24000
,,,-0.00959600043,3.84000,0.24000
,,,-0.00959200040,3.84000,0.16000
,,,-0.00958800036,3.84000,0.24000
,,,-0.00958400033,3.84000,0.16000
,,,-0.00958000030,3.84000,0.16000
,,,-0.00957600027,3.84000,0.16000
,,,-0.00957200024,3.84000,0.24000
,,,-0.00956800021,3.84000,0.16000
,,,-0.00956400018,3.84000,0.24000
,,,-0.00956000015,3.84000,0.24000
,,,-0.00955600012,3.84000,0.16000
,,,-0.00955200009,3.84000,0.16000
,,,-0.00954800006,3.84000,0.24000
,,,-0.00954400003,3.84000,0.16000
,,,-0.00954000000,3.84000,0.24000
,,,-0.00953599997,3.84000,0.24000
,,,-0.00953199994,3.84000,0.24000
,,,-0.00952799991,3.84000,0.24000
,,,-0.00952399988,3.92000,0.24000
,,,-0.00951999985,3.84000,0.24000
,,,-0.00951599982,3.84000,0.24000
,,,-0.00951199979,3.84000,0.24000
,,,-0.00950799976,3.84000,0.24000
,,,-0.00950399972,3.84000,0.24000
,,,-0.00949999969,3.84000,0.24000
,,,-0.00949599966,3.84000,0.24000
,,,-0.00949199963,3.84000,0.16000
,,,-0.00948799960,3.84000,0.24000
,,,-0.00948399957,3.84000,0.16000
,,,-0.00947999954,3.84000,0.24000
,,,-0.00947599951,3.84000,0.24000
,,,-0.00947200041,3.84000,0.24000
,,,-0.00946800038,3.84000,0.16000
,,,-0.00946400035,3.84000,0.16000
,,,-0.00946000032,3.84000,0.16000
,,,-0.00945600029,3.84000,0.24000
,,,-0.00945200026,3.84000,0.16000
,,,-0.00944800023,3.84000,0.24000
,,,-0.00944400020,3.84000,0.16000
,,,-0.00944000017,3.84000,0.24000
,,,-0.00943600014,3.84000,0.24000
,,,-0.00943200011,3.84000,0.24000
,,,-0.00942800008,3.84000,0.16000
,,,-0.00942400005,3.84000,0.16000
,,,-0.00942000002,3.84000,0.24000
,,,-0.00941599999,3.84000,0.16000
,,,-0.00941199996,3.84000,0.16000
,,,-0.00940799993,3.84000,0.16000
,,,-0.00940399989,3.84000,0.16000
,,,-0.00939999986,3.84000,0.16000
,,,-0.00939599983,3.84000,0.24000
,,,-0.00939199980,3.84000,0.16000
,,,-0.00938799977,3.84000,0.16000
,,,-0.00938399974,3.84000,0.16000
,,,-0.00937999971,3.84000,0.16000
,,,-0.00937599968,3.84000,0.16000
,,,-0.00937199965,3.84000,0.24000
,,,-0.00936799962,3.84000,0.24000
,,,-0.00936399959,3.84000,0.16000
,,,-0.00935999956,3.84000,0.24000
,,,-0.00935599953,3.84000,0.16000
,,,-0.00935200043,3.84000,0.16000
,,,-0.00934800040,3.84000,0.16000
,,,-0.00934400037,3.84000,0.16000
,,,-0.00934000034,3.84000,0.16000
,,,-0.00933600031,3.76000,0.16000
,,,-0.00933200028,3.84000,0.24000
,,,-0.00932800025,3.84000,0.16000
,,,-0.00932400022,3.84000,0.16000
,,,-0.00932000019,3.84000,0.24000
,,,-0.00931600016,3.76000,0.16000
,,,-0.00931200013,3.84000,0.16000
,,,-0.00930800010,3.76000,0.16000
,,,-0.00930400006,3.84000,0.16000
,,,-0.00930000003,3.76000,0.24000
,,,-0.00929600000,3.76000,0.24000
,,,-0.00929199997,3.76000,0.16000
,,,-0.00928799994,3.76000,0.16000
,,,-0.00928399991,3.84000,0.16000
,,,-0.00927999988,3.76000,0.16000
,,,-0.00927599985,3.76000,0.16000
,,,-0.00927199982,3.76000,0.16000
,,,-0.00926799979,3.84000,0.24000
,,,-0.00926399976,3.84000,0.16000
,,,-0.00925999973,3.76000,0.16000
,,,-0.00925599970,3.84000,0.16000
,,,-0.00925199967,3.84000,0.16000
,,,-0.00924799964,3.84000,0.16000
,,,-0.00924399961,3.76000,0.16000
,,,-0.00923999958,3.76000,0.16000
,,,-0.00923599955,3.84000,0.16000
,,,-0.00923199952,3.84000,0.16000
,,,-0.00922800042,3.76000,0.24000
,,,-0.00922400039,3.76000,0.16000
,,,-0.00922000036,3.84000,0.16000
,,,-0.00921600033,3.76000,0.16000
,,,-0.00921200030,3.84000,0.16000
,,,-0.00920800027,3.84000,0.16000
,,,-0.00920400023,3.76000,0.24000
,,,-0.00920000020,3.84000,0.24000
,,,-0.00919600017,3.76000,0.16000
,,,-0.00919200014,3.76000,0.16000
,,,-0.00918800011,3.84000,0.16000
,,,-0.00918400008,3.76000,0.16000
,,,-0.00918000005,3.84000,0.16000
,,,-0.00917600002,3.76000,0.16000
,,,-0.00917199999,3.76000,0.16000
,,,-0.00916799996,3.84000,0.16000
,,,-0.00916399993,3.84000,0.16000
,,,-0.00915999990,3.76000,0.16000
,,,-0.00915599987,3.84000,0.16000
,,,-0.00915199984,3.84000,0.16000
,,,-0.00914799981,3.76000,0.16000
,,,-0.00914399978,3.76000,0.16000
,,,-0.00913999975,3.84000,0.16000
,,,-0.00913599972,3.84000,0.16000
,,,-0.00913199969,3.76000,0.16000
,,,-0.00912799966,3.76000,0.24000
,,,-0.00912399963,3.76000,0.16000
,,,-0.00911999959,3.84000,0.16000
,,,-0.00911599956,3.84000,0.16000
,,,-0.00911199953,3.76000,0.16000
,,,-0.00910800043,3.84000,0.16000
,,,-0.00910400040,3.76000,0.16000
,,,-0.00910000037,3.84000,0.16000
,,,-0.00909600034,3.84000,0.16000
,,,-0.00909200031,3.76000,0.16000
,,,-0.00908800028,3.84000,0.16000
,,,-0.00908400025,3.84000,0.16000
,,,-0.00908000022,3.76000,0.16000
,,,-0.00907600019,3.76000,0.16000
,,,-0.00907200016,3.84000,0.16000
,,,-0.00906800013,3.76000,0.16000
,,,-0.00906400010,3.76000,0.16000
,,,-0.00906000007,3.76000,0.16000
,,,-0.00905600004,3.76000,0.16000
,,,-0.00905200001,3.76000,0.16000
,,,-0.00904799998,3.76000,0.16000
,,,-0.00904399995,3.76000,0.16000
,,,-0.00903999992,3.76000,0.16000
,,,-0.00903599989,3.76000,0.16000
,,,-0.00903199986,3.76000,0.16000
,,,-0.00902799983,3.84000,0.16000
,,,-0.00902399980,3.76000,0.16000
,,,-0.00901999976,3.76000,0.16000
,,,-0.00901599973,3.84000,0.16000
,,,-0.00901199970,3.76000,0.16000
,,,-0.00900799967,3.76000,0.16000
,,,-0.00900399964,3.76000,0.16000
,,,-0.00899999961,3.76000,0.16000
,,,-0.00899599958,3.84000,0.16000
,,,-0.00899199955,3.76000,0.16000
,,,-0.00898799952,3.76000,0.16000
,,,-0.00898400042,3.76000,0.16000
,,,-0.00898000039,3.76000,0.16000
,,,-0.00897600036,3.76000,0.16000
,,,-0.00897200033,3.76000,0.16000
,,,-0.00896800030,3.76000,0.16000
,,,-0.00896400027,3.76000,0.16000
,,,-0.00896000024,3.76000,0.16000
,,,-0.00895600021,3.76000,0.16000
,,,-0.00895200018,3.76000,0.16000
,,,-0.00894800015,3.76000,0.16000
,,,-0.00894400012,3.76000,0.16000
,,,-0.00894000009,3.76000,0.16000
,,,-0.00893600006,3.76000,0.16000
,,,-0.00893200003,3.76000,0.16000
,,,-0.00892800000,3.76000,0.16000
,,,-0.00892399997,3.76000,0.16000
,,,-0.00891999993,3.76000,0.16000
,,,-0.00891599990,3.76000,0.16000
,,,-0.00891199987,3.76000,0.16000
,,,-0.00890799984,3.76000,0.16000
,,,-0.00890399981,3.68000,0.16000
,,,-0.00889999978,3.76000,0.16000
,,,-0.00889599975,3.76000,0.16000
,,,-0.00889199972,3.76000,0.16000
,,,-0.00888799969,3.76000,0.16000
,,,-0.00888399966,3.76000,0.16000
,,,-0.00887999963,3.76000,0.16000
,,,-0.00887599960,3.76000,0.16000
,,,-0.00887199957,3.76000,0.16000
,,,-0.00886799954,3.76000,0.16000
,,,-0.00886400044,3.76000,0.16000
,,,-0.00886000041,3.76000,0.16000
,,,-0.00885600038,3.76000,0.16000
,,,-0.00885200035,3.76000,0.16000
,,,-0.00884800032,3.76000,0.16000
,,,-0.00884400029,3.84000,0.16000
,,,-0.00884000026,3.76000,0.16000
,,,-0.00883600023,3.76000,0.16000
,,,-0.00883200020,3.76000,0.16000
,,,-0.00882800017,3.76000,0.16000
,,,-0.00882400014,3.76000,0.16000
,,,-0.00882000010,3.76000,0.16000
,,,-0.00881600007,3.76000,0.16000
,,,-0.00881200004,3.84000,0.16000
,,,-0.00880800001,3.76000,0.16000
,,,-0.00880399998,3.76000,0.16000
,,,-0.00879999995,3.76000,0.16000
,,,-0.00879599992,3.76000,0.16000
,,,-0.00879199989,3.76000,0.16000
,,,-0.00878799986,3.76000,0.16000
,,,-0.00878399983,3.76000,0.16000
,,,-0.00877999980,3.76000,0.16000
,,,-0.00877599977,3.76000,0.16000
,,,-0.00877199974,3.76000,0.16000
,,,-0.00876799971,3.76000,0.16000
,,,-0.00876399968,3.76000,0.16000
,,,-0.00875999965,3.76000,0.16000
,,,-0.00875599962,3.76000,0.16000
,,,-0.00875199959,3.76000,0.16000
,,,-0.00874799956,3.76000,0.16000
,,,-0.00874399953,3.76000,0.16000
,,,-0.00874000043,3.76000,0.16000
,,,-0.00873600040,3.76000,0.16000
,,,-0.00873200037,3.76000,0.16000
,,,-0.00872800034,3.76000,0.16000
,,,-0.00872400030,3.76000,0.16000
,,,-0.00872000027,3.76000,0.16000
,,,-0.00871600024,3.76000,0.16000
,,,-0.00871200021,3.76000,0.16000
,,,-0.00870800018,3.76000,0.16000
,,,-0.00870400015,3.76000,0.16000
,,,-0.00870000012,3.76000,0.16000
,,,-0.00869600009,3.76000,0.16000
,,,-0.00869200006,3.76000,0.16000
,,,-0.00868800003,3.76000,0.16000
,,,-0.00868400000,3.76000,0.16000
,,,-0.00867999997,3.76000,0.16000
,,,-0.00867599994,3.76000,0.16000
,,,-0.00867199991,3.76000,0.16000
,,,-0.00866799988,3.76000,0.16000
,,,-0.00866399985,3.76000,0.16000
,,,-0.00865999982,3.76000,0.16000
,,,-0.00865599979,3.76000,0.16000
,,,-0.00865199976,3.76000,0.16000
,,,-0.00864799973,3.76000,0.16000
,,,-0.00864399970,3.76000,0.16000
,,,-0.00863999967,3.76000,0.16000
,,,-0.00863599963,3.76000,0.16000
,,,-0.00863199960,3.76000,0.16000
,,,-0.00862799957,3.76000,0.16000
,,,-0.00862399954,3.76000,0.16000
,,,-0.00861999951,3.76000,0.16000
,,,-0.00861600041,3.76000,0.16000
,,,-0.00861200038,3.76000,0.16000
,,,-0.00860800035,3.76000,0.16000
,,,-0.00860400032,3.76000,0.16000
,,,-0.00860000029,3.76000,0.16000
,,,-0.00859600026,3.76000,0.16000
,,,-0.00859200023,3.76000,0.16000
,,,-0.00858800020,3.76000,0.16000
,,,-0.00858400017,3.76000,0.16000
,,,-0.00858000014,3.76000,0.16000
,,,-0.00857600011,3.76000,0.16000
,,,-0.00857200008,3.76000,0.16000
,,,-0.00856800005,3.76000,0.16000
,,,-0.00856400002,3.76000,0.16000
,,,-0.00855999999,3.76000,0.16000
,,,-0.00855599996,3.76000,0.16000
,,,-0.00855199993,3.76000,0.16000
,,,-0.00854799990,3.76000,0.16000
,,,-0.00854399987,3.76000,0.16000
,,,-0.00853999984,3.76000,0.16000
,,,-0.00853599980,3.76000,0.16000
,,,-0.00853199977,3.76000,0.16000
,,,-0.00852799974,3.76000,0.16000
,,,-0.00852399971,3.76000,0.16000
,,,-0.00851999968,3.76000,0.16000
,,,-0.00851599965,3.76000,0.16000
,,,-0.00851199962,3.76000,0.16000
,,,-0.00850799959,3.76000,0.16000
,,,-0.00850399956,3.68000,0.16000
,,,-0.00849999953,3.76000,0.16000
,,,-0.00849600043,3.76000,0.16000
,,,-0.00849200040,3.76000,0.16000
,,,-0.00848800037,3.76000,0.16000
,,,-0.00848400034,3.76000,0.16000
,,,-0.00848000031,3.76000,0.16000
,,,-0.00847600028,3.76000,0.16000
,,,-0.00847200025,3.76000,0.16000
,,,-0.00846800022,3.84000,0.16000
,,,-0.00846400019,3.76000,0.16000
,,,-0.00846000016,3.76000,0.16000
,,,-0.00845600013,3.76000,0.16000
,,,-0.00845200010,3.76000,0.16000
,,,-0.00844800007,3.76000,0.16000
,,,-0.00844400004,3.76000,0.16000
,,,-0.00844000001,3.76000,0.16000
,,,-0.00843599997,3.76000,0.08000
,,,-0.00843199994,3.76000,0.16000
,,,-0.00842799991,3.76000,0.16000
,,,-0.00842399988,3.76000,0.16000
,,,-0.00841999985,3.76000,0.16000
,,,-0.00841599982,3.76000,0.16000
,,,-0.00841199979,3.76000,0.16000
,,,-0.00840799976,3.68000,0.16000
,,,-0.00840399973,3.76000,0.16000
,,,-0.00839999970,3.76000,0.16000
,,,-0.00839599967,3.76000,0.16000
,,,-0.00839199964,3.76000,0.16000
,,,-0.00838799961,3.76000,0.16000
,,,-0.00838399958,3.76000,0.16000
,,,-0.00837999955,3.76000,0.16000
,,,-0.00837599952,3.76000,0.16000
,,,-0.00837200042,3.76000,0.16000
,,,-0.00836800039,3.76000,0.16000
,,,-0.00836400036,3.76000,0.16000
,,,-0.00836000033,3.76000,0.08000
,,,-0.00835600030,3.76000,0.16000
,,,-0.00835200027,3.76000,0.16000
,,,-0.00834800024,3.76000,0.16000
,,,-0.00834400021,3.76000,0.16000
,,,-0.00834000017,3.76000,0.16000
,,,-0.00833600014,3.76000,0.16000
,,,-0.00833200011,3.76000,0.16000
,,,-0.00832800008,3.76000,0.16000
,,,-0.00832400005,3.76000,0.08000
,,,-0.00832000002,3.76000,0.16000
,,,-0.00831599999,3.76000,0.16000
,,,-0.00831199996,3.76000,0.16000
,,,-0.00830799993,3.76000,0.16000
,,,-0.00830399990,3.68000,0.08000
,,,-0.00829999987,3.76000,0.16000
,,,-0.00829599984,3.76000,0.16000
,,,-0.00829199981,3.76000,0.16000
,,,-0.00828799978,3.76000,0.16000
,,,-0.00828399975,3.76000,0.16000
,,,-0.00827999972,3.76000,0.16000
,,,-0.00827599969,3.76000,0.16000
,,,-0.00827199966,3.76000,0.16000
,,,-0.00826799963,3.76000,0.16000
,,,-0.00826399960,3.76000,0.16000
,,,-0.00825999957,3.76000,0.16000
,,,-0.00825599954,3.76000,0.16000
,,,-0.00825200044,3.68000,0.16000
,,,-0.00824800041,3.76000,0.16000
,,,-0.00824400038,3.76000,0.08000
,,,-0.00824000034,3.76000,0.16000
,,,-0.00823600031,3.76000,0.16000
,,,-0.00823200028,3.76000,0.16000
,,,-0.00822800025,3.76000,0.16000
,,,-0.00822400022,3.76000,0.16000
,,,-0.00822000019,3.76000,0.16000
,,,-0.00821600016,3.76000,0.16000
,,,-0.00821200013,3.76000,0.16000
,,,-0.00820800010,3.76000,0.16000
,,,-0.00820400007,3.76000,0.08000
,,,-0.00820000004,3.76000,0.16000
,,,-0.00819600001,3.76000,0.08000
,,,-0.00819199998,3.76000,0.16000
,,,-0.00818799995,3.76000,0.16000
,,,-0.00818399992,3.76000,0.16000
,,,-0.00817999989,3.76000,0.08000
,,,-0.00817599986,3.76000,0.16000
,,,-0.00817199983,3.76000,0.16000
,,,-0.00816799980,3.76000,0.16000
,,,-0.00816399977,3.76000,0.16000
,,,-0.00815999974,3.76000,0.16000
,,,-0.00815599971,3.76000,0.16000
,,,-0.00815199967,3.76000,0.16000
,,,-0.00814799964,3.76000,0.16000
,,,-0.00814399961,3.76000,0.16000
,,,-0.00813999958,3.76000,0.16000
,,,-0.00813599955,3.76000,0.16000
,,,-0.00813199952,3.76000,0.16000
,,,-0.00812800042,3.76000,0.16000
,,,-0.00812400039,3.76000,0.08000
,,,-0.00812000036,3.76000,0.16000
,,,-0.00811600033,3.76000,0.16000
,,,-0.00811200030,3.76000,0.16000
,,,-0.00810800027,3.76000,0.16000
,,,-0.00810400024,3.76000,0.16000
,,,-0.00810000021,3.76000,0.16000
,,,-0.00809600018,3.76000,0.16000
,,,-0.00809200015,3.76000,0.08000
,,,-0.00808800012,3.76000,0.16000
,,,-0.00808400009,3.76000,0.16000
,,,-0.00808000006,3.76000,0.16000
,,,-0.00807600003,3.76000,0.16000
,,,-0.00807200000,3.76000,0.08000
,,,-0.00806799997,3.76000,0.16000
,,,-0.00806399994,3.76000,0.16000
,,,-0.00805999991,3.76000,0.16000
,,,-0.00805599988,3.76000,0.08000
,,,-0.00805199984,3.76000,0.16000
,,,-0.00804799981,3.76000,0.16000
,,,-0.00804399978,3.76000,0.16000
,,,-0.00803999975,3.76000,0.16000
,,,-0.00803599972,3.76000,0.16000
,,,-0.00803199969,3.76000,0.16000
,,,-0.00802799966,3.76000,0.16000
,,,-0.00802399963,3.76000,0.16000
,,,-0.00801999960,3.76000,0.16000
,,,-0.00801599957,3.76000,0.08000
,,,-0.00801199954,3.76000,0.16000
,,,-0.00800800044,3.76000,0.08000
,,,-0.00800400041,3.76000,0.16000
,,,-0.00800000038,3.68000,0.16000
,,,-0.00799600035,3.76000,0.16000
,,,-0.00799200032,3.76000,0.08000
,,,-0.00798800029,3.76000,0.16000
,,,-0.00798400026,3.76000,0.16000
,,,-0.00798000023,3.76000,0.08000
,,,-0.00797600020,3.76000,0.16000
,,,-0.00797200017,3.76000,0.16000
,,,-0.00796800014,3.76000,0.08000
,,,-0.00796400011,3.76000,0.16000
,,,-0.00796000008,3.76000,0.16000
,,,-0.00795600004,3.76000,0.16000
,,,-0.00795200001,3.76000,0.16000
,,,-0.00794799998,3.76000,0.16000
,,,-0.00794399995,3.76000,0.08000
,,,-0.00793999992,3.84000,0.16000
,,,-0.00793599989,3.76000,0.08000
,,,-0.00793199986,3.76000,0.16000
,,,-0.00792799983,3.76000,0.16000
,,,-0.00792399980,3.76000,0.16000
,,,-0.00791999977,3.76000,0.16000
,,,-0.00791599974,3.76000,0.16000
,,,-0.00791199971,3.76000,0.08000
,,,-0.00790799968,3.76000,0.16000
,,,-0.00790399965,3.76000,0.16000
,,,-0.00789999962,3.76000,0.16000
,,,-0.00789599959,3.76000,0.08000
,,,-0.00789199956,3.76000,0.08000
,,,-0.00788799953,3.76000,0.08000
,,,-0.00788400043,3.76000,0.16000
,,,-0.00788000040,3.76000,0.16000
,,,-0.00787600037,3.76000,0.16000
,,,-0.00787200034,3.76000,0.08000
,,,-0.00786800031,3.76000,0.08000
,,,-0.00786400028,3.76000,0.08000
,,,-0.00786000025,3.76000,0.16000
,,,-0.00785600021,3.84000,0.16000
,,,-0.00785200018,3.76000,0.08000
,,,-0.00784800015,3.76000,0.16000
,,,-0.00784400012,3.76000,0.08000
,,,-0.00784000009,3.76000,0.08000
,,,-0.00783600006,3.76000,0.08000
,,,-0.00783200003,3.76000,0.16000
,,,-0.00782800000,3.76000,0.16000
,,,-0.00782399997,3.76000,0.08000
,,,-0.00781999994,3.76000,0.08000
,,,-0.00781599991,3.76000,0.16000
,,,-0.00781199988,3.76000,0.08000
,,,-0.00780799985,3.76000,0.16000
,,,-0.00780399982,3.76000,0.16000
,,,-0.00779999979,3.76000,0.16000
,,,-0.00779599976,3.76000,0.16000
,,,-0.00779200019,3.76000,0.16000
,,,-0.00778800016,3.76000,0.16000
,,,-0.00778400013,3.76000,0.16000
,,,-0.00778000010,3.76000,0.16000
,,,-0.00777600007,3.76000,0.08000
,,,-0.00777200004,3.76000,0.08000
,,,-0.00776800001,3.76000,0.08000
,,,-0.00776399998,3.76000,0.08000
,,,-0.00775999995,3.76000,0.08000
,,,-0.00775599992,3.76000,0.08000
,,,-0.00775199989,3.76000,0.16000
,,,-0.00774799986,3.76000,0.16000
,,,-0.00774399983,3.76000,0.16000
,,,-0.00773999980,3.76000,0.08000
,,,-0.00773599977,3.76000,0.16000
,,,-0.00773200020,3.76000,0.16000
,,,-0.00772800017,3.76000,0.16000
,,,-0.00772400014,3.76000,0.16000
,,,-0.00772000011,3.76000,0.08000
,,,-0.00771600008,3.76000,0.16000
,,,-0.00771200005,3.76000,0.16000
,,,-0.00770800002,3.76000,0.16000
,,,-0.00770399999,3.76000,0.08000
,,,-0.00769999996,3.76000,0.08000
,,,-0.00769599993,3.76000,0.16000
,,,-0.00769199990,3.76000,0.08000
,,,-0.00768799987,3.76000,0.08000
,,,-0.00768399984,3.76000,0.16000
,,,-0.00767999981,3.76000,0.16000
,,,-0.00767599978,3.76000,0.16000
,,,-0.00767200021,3.76000,0.08000
,,,-0.00766800018,3.76000,0.08000
,,,-0.00766400015,3.76000,0.08000
,,,-0.00766000012,3.76000,0.08000
,,,-0.00765600009,3.76000,0.08000
,,,-0.00765200006,3.76000,0.16000
,,,-0.00764800003,3.76000,0.08000
,,,-0.00764400000,3.76000,0.08000
,,,-0.00763999997,3.76000,0.08000
,,,-0.00763599994,3.76000,0.16000
,,,-0.00763199991,3.84000,0.16000
,,,-0.00762799988,3.76000,0.16000
,,,-0.00762399985,3.76000,0.16000
,,,-0.00761999981,3.76000,0.16000
,,,-0.00761599978,3.76000,0.16000
,,,-0.00761199975,3.76000,0.16000
,,,-0.00760800019,3.76000,0.16000
,,,-0.00760400016,3.76000,0.16000
,,,-0.00760000013,3.68000,0.16000
,,,-0.00759600010,3.76000,0.16000
,,,-0.00759200007,3.76000,0.08000
,,,-0.00758800004,3.76000,0.16000
,,,-0.00758400001,3.76000,0.08000
,,,-0.00757999998,3.76000,0.08000
,,,-0.00757599995,3.76000,0.08000
,,,-0.00757199991,3.68000,0.08000
,,,-0.00756799988,3.76000,0.08000
,,,-0.00756399985,3.76000,0.08000
,,,-0.00755999982,3.76000,0.16000
,,,-0.00755599979,3.76000,0.08000
,,,-0.00755199976,3.76000,0.08000
,,,-0.00754800020,3.76000,0.08000
,,,-0.00754400017,3.76000,0.08000
,,,-0.00754000014,3.76000,0.08000
,,,-0.00753600011,3.76000,0.16000
,,,-0.00753200008,3.76000,0.16000
,,,-0.00752800005,3.76000,0.08000
,,,-0.00752400002,3.76000,0.16000
,,,-0.00751999998,3.76000,0.16000
,,,-0.00751599995,3.76000,0.08000
,,,-0.00751199992,3.76000,0.16000
,,,-0.00750799989,3.76000,0.08000
,,,-0.00750399986,3.76000,0.08000
,,,-0.00749999983,3.76000,0.08000
,,,-0.00749599980,3.76000,0.08000
,,,-0.00749199977,3.68000,0.08000
,,,-0.00748800021,3.76000,0.08000
,,,-0.00748400018,3.76000,0.08000
,,,-0.00748000015,3.76000,0.08000
,,,-0.00747600012,3.76000,0.08000
,,,-0.00747200008,3.68000,0.08000
,,,-0.00746800005,3.68000,0.16000
,,,-0.00746400002,3.76000,0.08000
,,,-0.00745999999,3.76000,0.16000
,,,-0.00745599996,3.76000,0.16000
,,,-0.00745199993,3.76000,0.08000
,,,-0.00744799990,3.76000,0.08000
,,,-0.00744399987,3.76000,0.08000
,,,-0.00743999984,3.76000,0.08000
,,,-0.00743599981,3.76000,0.08000
,,,-0.00743199978,3.76000,0.08000
,,,-0.00742799975,3.76000,0.08000
,,,-0.00742400018,3.76000,0.08000
,,,-0.00742000015,3.76000,0.08000
,,,-0.00741600012,3.76000,0.08000
,,,-0.00741200009,3.76000,0.08000
,,,-0.00740800006,3.76000,0.16000
,,,-0.00740400003,3.76000,0.08000
,,,-0.00740000000,3.76000,0.08000
,,,-0.00739599997,3.76000,0.08000
,,,-0.00739199994,3.76000,0.08000
,,,-0.00738799991,3.76000,0.08000
,,,-0.00738399988,3.68000,0.08000
,,,-0.00737999985,3.76000,0.08000
,,,-0.00737599982,3.76000,0.08000
,,,-0.00737199979,3.76000,0.16000
,,,-0.00736799976,3.76000,0.08000
,,,-0.00736400019,3.76000,0.08000
,,,-0.00736000016,3.76000,0.08000
,,,-0.00735600013,3.76000,0.08000
,,,-0.00735200010,3.68000,0.08000
,,,-0.00734800007,3.76000,0.08000
,,,-0.00734400004,3.76000,0.08000
,,,-0.00734000001,3.76000,0.16000
,,,-0.00733599998,3.76000,0.08000
,,,-0.00733199995,3.76000,0.08000
,,,-0.00732799992,3.84000,0.08000
,,,-0.00732399989,3.76000,0.08000
,,,-0.00731999986,3.76000,0.08000
,,,-0.00731599983,3.76000,0.08000
,,,-0.00731199980,3.76000,0.08000
,,,-0.00730799977,3.68000,0.08000
,,,-0.00730400020,3.76000,0.08000
,,,-0.00730000017,3.76000,0.08000
,,,-0.00729600014,3.76000,0.08000
,,,-0.00729200011,3.76000,0.08000
,,,-0.00728800008,3.76000,0.08000
,,,-0.00728400005,3.76000,0.08000
,,,-0.00728000002,3.76000,0.08000
,,,-0.00727599999,3.76000,0.08000
,,,-0.00727199996,3.76000,0.08000
,,,-0.00726799993,3.76000,0.08000
,,,-0.00726399990,3.76000,0.08000
,,,-0.00725999987,3.76000,0.08000
,,,-0.00725599984,3.76000,0.08000
,,,-0.00725199981,3.76000,0.08000
,,,-0.00724799978,3.76000,0.08000
,,,-0.00724400021,3.84000,0.16000
,,,-0.00724000018,3.76000,0.08000
,,,-0.00723600015,3.76000,0.08000
,,,-0.00723200012,3.76000,0.08000
,,,-0.00722800009,3.76000,0.16000
,,,-0.00722400006,3.76000,0.08000
,,,-0.00722000003,3.76000,0.08000
,,,-0.00721600000,3.84000,0.08000
,,,-0.00721199997,3.76000,0.08000
,,,-0.00720799994,3.76000,0.08000
,,,-0.00720399991,3.76000,0.08000
,,,-0.00719999988,3.76000,0.08000
,,,-0.00719599985,3.76000,0.08000
,,,-0.00719199982,3.76000,0.08000
,,,-0.00718799978,3.76000,0.08000
,,,-0.00718399975,3.76000,0.08000
,,,-0.00718000019,3.76000,0.08000
,,,-0.00717600016,3.76000,0.08000
,,,-0.00717200013,3.76000,0.08000
,,,-0.00716800010,3.76000,0.08000
,,,-0.00716400007,3.76000,0.08000
,,,-0.00716000004,3.76000,0.08000
,,,-0.00715600001,3.76000,0.08000
,,,-0.00715199998,3.76000,0.08000
,,,-0.00714799995,3.76000,0.08000
,,,-0.00714399992,3.76000,0.08000
,,,-0.00713999989,3.76000,0.08000
,,,-0.00713599985,3.76000,0.08000
,,,-0.00713199982,3.76000,0.08000
,,,-0.00712799979,3.76000,0.08000
,,,-0.00712399976,3.68000,0.08000
,,,-0.00712000020,3.76000,0.08000
,,,-0.00711600017,3.76000,0.08000
,,,-0.00711200014,3.76000,0.08000
,,,-0.00710800011,3.76000,0.08000
,,,-0.00710400008,3.76000,0.08000
,,,-0.00710000005,3.76000,0.08000
,,,-0.00709600002,3.76000,0.08000
,,,-0.00709199999,3.76000,0.08000
,,,-0.00708799995,3.76000,0.08000
,,,-0.00708399992,3.76000,0.08000
,,,-0.00707999989,3.76000,0.08000
,,,-0.00707599986,3.76000,0.08000
,,,-0.00707199983,3.68000,0.08000
,,,-0.00706799980,3.76000,0.08000
,,,-0.00706399977,3.76000,0.08000
,,,-0.00706000021,3.76000,0.08000
,,,-0.00705600018,3.76000,0.08000
,,,-0.00705200015,3.76000,0.08000
,,,-0.00704800012,3.76000,0.08000
,,,-0.00704400009,3.76000,0.16000
,,,-0.00704000005,3.76000,0.08000
,,,-0.00703600002,3.76000,0.08000
,,,-0.00703199999,3.76000,0.08000
,,,-0.00702799996,3.76000,0.08000
,,,-0.00702399993,3.76000,0.08000
,,,-0.00701999990,3.76000,0.08000
,,,-0.00701599987,3.76000,0.08000
,,,-0.00701199984,3.76000,0.08000
,,,-0.00700799981,3.84000,0.08000
,,,-0.00700399978,3.76000,0.08000
,,,-0.00699999975,3.76000,0.08000
,,,-0.00699600019,3.76000,0.08000
,,,-0.00699200016,3.76000,0.08000
,,,-0.00698800012,3.76000,0.08000
,,,-0.00698400009,3.76000,0.16000
,,,-0.00698000006,3.76000,0.08000
,,,-0.00697600003,3.84000,0.08000
,,,-0.00697200000,3.76000,0.08000
,,,-0.00696799997,3.76000,0.08000
,,,-0.00696399994,3.76000,0.08000
,,,-0.00695999991,3.76000,0.08000
,,,-0.00695599988,3.76000,0.08000
,,,-0.00695199985,3.76000,0.08000
,,,-0.00694799982,3.76000,0.08000
,,,-0.00694399979,3.76000,0.08000
,,,-0.00693999976,3.76000,0.08000
,,,-0.00693600019,3.76000,0.08000
,,,-0.00693200016,3.76000,0.08000
,,,-0.00692800013,3.76000,0.08000
,,,-0.00692400010,3.76000,0.08000
,,,-0.00692000007,3.76000,0.08000
,,,-0.00691600004,3.76000,0.08000
,,,-0.00691200001,3.76000,0.08000
,,,-0.00690799998,3.76000,0.08000
,,,-0.00690399995,3.76000,0.08000
,,,-0.00689999992,3.76000,0.08000
,,,-0.00689599989,3.76000,0.08000
,,,-0.00689199986,3.76000,0.08000
,,,-0.00688799983,3.76000,0.08000
,,,-0.00688399980,3.76000,0.08000
,,,-0.00687999977,3.76000,0.08000
,,,-0.00687600020,3.76000,0.08000
,,,-0.00687200017,3.76000,0.08000
,,,-0.00686800014,3.76000,0.08000
,,,-0.00686400011,3.76000,0.08000
,,,-0.00686000008,3.76000,0.08000
,,,-0.00685600005,3.76000,0.08000
,,,-0.00685200002,3.76000,0.08000
,,,-0.00684799999,3.68000,0.08000
,,,-0.00684399996,3.76000,0.08000
,,,-0.00683999993,3.76000,0.08000
,,,-0.00683599990,3.76000,0.08000
,,,-0.00683199987,3.76000,0.08000
,,,-0.00682799984,3.76000,0.08000
,,,-0.00682399981,3.76000,0.08000
,,,-0.00681999978,3.76000,0.08000
,,,-0.00681600021,3.76000,0.08000
,,,-0.00681200018,3.68000,0.08000
,,,-0.00680800015,3.76000,0.08000
,,,-0.00680400012,3.76000,0.08000
,,,-0.00680000009,3.76000,0.08000
,,,-0.00679600006,3.76000,0.08000
,,,-0.00679200003,3.76000,0.08000
,,,-0.00678800000,3.76000,0.08000
,,,-0.00678399997,3.76000,0.08000
,,,-0.00677999994,3.76000,0.08000
,,,-0.00677599991,3.76000,0.08000
,,,-0.00677199988,3.76000,0.08000
,,,-0.00676799985,3.76000,0.08000
,,,-0.00676399982,3.76000,0.08000
,,,-0.00675999979,3.76000,0.08000
,,,-0.00675599976,3.76000,0.08000
,,,-0.00675200019,3.76000,0.08000
,,,-0.00674800016,3.76000,0.08000
,,,-0.00674400013,3.68000,0.08000
,,,-0.00674000010,3.76000,0.08000
,,,-0.00673600007,3.76000,0.08000
,,,-0.00673200004,3.68000,0.08000
,,,-0.00672800001,3.76000,0.08000
,,,-0.00672399998,3.76000,0.08000
,,,-0.00671999995,3.76000,0.08000
,,,-0.00671599992,3.76000,0.08000
,,,-0.00671199989,3.76000,0.08000
,,,-0.00670799986,3.76000,0.08000
,,,-0.00670399982,3.76000,0.08000
,,,-0.00669999979,3.76000,0.08000
,,,-0.00669599976,3.76000,0.08000
,,,-0.00669200020,3.76000,0.08000
,,,-0.00668800017,3.76000,0.08000
,,,-0.00668400014,3.76000,0.08000
,,,-0.00668000011,3.76000,0.08000
,,,-0.00667600008,3.76000,0.08000
,,,-0.00667200005,3.68000,0.08000
,,,-0.00666800002,3.76000,0.08000
,,,-0.00666399999,3.76000,0.08000
,,,-0.00665999996,3.76000,0.08000
,,,-0.00665599992,3.68000,0.08000
,,,-0.00665199989,3.76000,0.08000
,,,-0.00664799986,3.76000,0.08000
,,,-0.00664399983,3.76000,0.08000
,,,-0.00663999980,3.76000,0.08000
,,,-0.00663599977,3.68000,0.08000
,,,-0.00663200021,3.76000,0.08000
,,,-0.00662800018,3.76000,0.08000
,,,-0.00662400015,3.76000,0.08000
,,,-0.00662000012,3.76000,0.08000
,,,-0.00661600009,3.76000,0.08000
,,,-0.00661200006,3.76000,0.08000
,,,-0.00660800003,3.76000,0.08000
,,,-0.00660399999,3.76000,0.08000
,,,-0.00659999996,3.76000,0.08000
,,,-0.00659599993,3.76000,0.08000
,,,-0.00659199990,3.76000,0.08000
,,,-0.00658799987,3.76000,0.08000
,,,-0.00658399984,3.76000,0.08000
,,,-0.00657999981,3.76000,0.08000
,,,-0.00657599978,3.76000,0.08000
,,,-0.00657199975,3.76000,0.08000
,,,-0.00656800019,3.76000,0.08000
,,,-0.00656400016,3.76000,0.08000
,,,-0.00656000013,3.76000,0.08000
,,,-0.00655600009,3.68000,0.08000
,,,-0.00655200006,3.68000,0.08000
,,,-0.00654800003,3.76000,0.08000
,,,-0.00654400000,3.76000,0.08000
,,,-0.00653999997,3.76000,0.08000
,,,-0.00653599994,3.76000,0.08000
,,,-0.00653199991,3.76000,0.08000
,,,-0.00652799988,3.76000,0.08000
,,,-0.00652399985,3.68000,0.08000
,,,-0.00651999982,3.68000,0.08000
,,,-0.00651599979,3.76000,0.08000
,,,-0.00651199976,3.76000,0.08000
,,,-0.00650800020,3.68000,0.08000
,,,-0.00650400016,3.76000,0.08000
,,,-0.00650000013,3.76000,0.08000
,,,-0.00649600010,3.76000,0.08000
,,,-0.00649200007,3.76000,0.08000
,,,-0.00648800004,3.76000,0.08000
,,,-0.00648400001,3.76000,0.08000
,,,-0.00647999998,3.76000,0.08000
,,,-0.00647599995,3.76000,0.08000
,,,-0.00647199992,3.76000,0.08000
,,,-0.00646799989,3.76000,0.08000
,,,-0.00646399986,3.68000,0.08000
,,,-0.00645999983,3.76000,0.08000
,,,-0.00645599980,3.76000,0.08000
,,,-0.00645199977,3.68000,0.08000
,,,-0.00644800020,3.76000,0.08000
,,,-0.00644400017,3.76000,0.08000
,,,-0.00644000014,3.68000,0.08000
,,,-0.00643600011,3.76000,0.08000
,,,-0.00643200008,3.76000,0.08000
,,,-0.00642800005,3.76000,0.08000
,,,-0.00642400002,3.76000,0.08000
,,,-0.00641999999,3.76000,0.08000
,,,-0.00641599996,3.76000,0.08000
,,,-0.00641199993,3.76000,0.08000
,,,-0.00640799990,3.76000,0.08000
,,,-0.00640399987,3.68000,0.08000
,,,-0.00639999984,3.76000,0.08000
,,,-0.00639599981,3.68000,0.08000
,,,-0.00639199978,3.76000,0.08000
,,,-0.00638800021,3.76000,0.08000
,,,-0.00638400018,3.76000,0.08000
,,,-0.00638000015,3.68000,0.08000
,,,-0.00637600012,3.76000,0.08000
,,,-0.00637200009,3.76000,0.08000
,,,-0.00636800006,3.76000,0.08000
,,,-0.00636400003,3.76000,0.08000
,,,-0.00636000000,3.76000,0.08000
,,,-0.00635599997,3.76000,0.08000
,,,-0.00635199994,3.76000,0.08000
,,,-0.00634799991,3.68000,0.08000
,,,-0.00634399988,3.76000,0.08000
,,,-0.00633999985,3.76000,0.08000
,,,-0.00633599982,3.76000,0.08000
,,,-0.00633199979,3.76000,0.08000
,,,-0.00632799976,3.76000,0.08000
,,,-0.00632400019,3.76000,0.08000
,,,-0.00632000016,3.76000,0.08000
,,,-0.00631600013,3.76000,0.08000
,,,-0.00631200010,3.76000,0.08000
,,,-0.00630800007,3.76000,0.08000
,,,-0.00630400004,3.68000,0.08000
,,,-0.00630000001,3.76000,0.08000
,,,-0.00629599998,3.76000,0.08000
,,,-0.00629199995,3.76000,0.08000
,,,-0.00628799992,3.76000,0.08000
,,,-0.00628399989,3.76000,0.08000
,,,-0.00627999986,3.76000,0.08000
,,,-0.00627599983,3.68000,0.08000
,,,-0.00627199979,3.76000,0.08000
,,,-0.00626799976,3.76000,0.08000
,,,-0.00626400020,3.76000,0.08000
,,,-0.00626000017,3.76000,0.08000
,,,-0.00625600014,3.76000,0.08000
,,,-0.00625200011,3.76000,0.08000
,,,-0.00624800008,3.76000,0.08000
,,,-0.00624400005,3.68000,0.08000
,,,-0.00624000002,3.76000,0.08000
,,,-0.00623599999,3.68000,0.08000
,,,-0.00623199996,3.76000,0.08000
,,,-0.00622799993,3.76000,0.08000
,,,-0.00622399990,3.68000,0.08000
,,,-0.00621999986,3.76000,0.08000
,,,-0.00621599983,3.76000,0.08000
,,,-0.00621199980,3.76000,0.08000
,,,-0.00620799977,3.76000,0.08000
,,,-0.00620400021,3.68000,0.08000
,,,-0.00620000018,3.76000,0.08000
,,,-0.00619600015,3.84000,0.08000
,,,-0.00619200012,3.76000,0.08000
,,,-0.00618800009,3.76000,0.08000
,,,-0.00618400006,3.76000,0.08000
,,,-0.00618000003,3.76000,0.08000
,,,-0.00617600000,3.76000,0.08000
,,,-0.00617199996,3.68000,0.08000
,,,-0.00616799993,3.76000,0.08000
,,,-0.00616399990,3.76000,0.08000
,,,-0.00615999987,3.68000,0.08000
,,,-0.00615599984,3.76000,0.08000
,,,-0.00615199981,3.76000,0.08000
,,,-0.00614799978,3.76000,0.08000
,,,-0.00614400022,3.76000,0.08000
,,,-0.00614000019,3.76000,0.08000
,,,-0.00613600016,3.76000,0.08000
,,,-0.00613200013,3.76000,0.08000
,,,-0.00612800010,3.76000,0.08000
,,,-0.00612400007,3.68000,0.08000
,,,-0.00612000003,3.76000,0.08000
,,,-0.00611600000,3.76000,0.08000
,,,-0.00611199997,3.68000,0.08000
,,,-0.00610799994,3.76000,0.08000
,,,-0.00610399991,3.68000,0.08000
,,,-0.00609999988,3.76000,0.08000
,,,-0.00609599985,3.76000,0.08000
,,,-0.00609199982,3.76000,0.08000
,,,-0.00608799979,3.76000,0.08000
,,,-0.00608399976,3.76000,0.08000
,,,-0.00608000020,3.76000,0.08000
,,,-0.00607600017,3.76000,0.08000
,,,-0.00607200013,3.76000,0.08000
,,,-0.00606800010,3.68000,0.08000
,,,-0.00606400007,3.68000,0.08000
,,,-0.00606000004,3.68000,0.08000
,,,-0.00605600001,3.76000,0.08000
,,,-0.00605199998,3.76000,0.08000
,,,-0.00604799995,3.76000,0.08000
,,,-0.00604399992,3.68000,0.08000
,,,-0.00603999989,3.76000,0.08000
,,,-0.00603599986,3.68000,0.08000
,,,-0.00603199983,3.76000,0.08000
,,,-0.00602799980,3.68000,0.08000
,,,-0.00602399977,3.68000,0.08000
,,,-0.00602000020,3.76000,0.08000
,,,-0.00601600017,3.68000,0.08000
,,,-0.00601200014,3.68000,0.08000
,,,-0.00600800011,3.76000,0.08000
,,,-0.00600400008,3.76000,0.08000
,,,-0.00600000005,3.76000,0.08000
,,,-0.00599600002,3.76000,0.08000
,,,-0.00599199999,3.68000,0.08000
,,,-0.00598799996,3.76000,0.08000
,,,-0.00598399993,3.76000,0.08000
,,,-0.00597999990,3.76000,0.08000
,,,-0.00597599987,3.76000,0.08000
,,,-0.00597199984,3.76000,0.08000
,,,-0.00596799981,3.76000,0.08000
,,,-0.00596399978,3.76000,0.08000
,,,-0.00596000021,3.76000,0.08000
,,,-0.00595600018,3.76000,0.08000
,,,-0.00595200015,3.76000,0.08000
,,,-0.00594800012,3.76000,0.08000
,,,-0.00594400009,3.76000,0.08000
,,,-0.00594000006,3.76000,0.08000
,,,-0.00593600003,3.76000,0.08000
,,,-0.00593200000,3.76000,0.08000
,,,-0.00592799997,3.76000,0.08000
,,,-0.00592399994,3.76000,0.08000
,,,-0.00591999991,3.76000,0.08000
,,,-0.00591599988,3.76000,0.08000
,,,-0.00591199985,3.76000,0.08000
,,,-0.00590799982,3.76000,0.08000
,,,-0.00590399979,3.76000,0.08000
,,,-0.00589999976,3.76000,0.08000
,,,-0.00589600019,3.76000,0.08000
,,,-0.00589200016,3.68000,0.08000
,,,-0.00588800013,3.76000,0.08000
,,,-0.00588400010,3.76000,0.08000
,,,-0.00588000007,3.76000,0.08000
,,,-0.00587600004,3.68000,0.08000
,,,-0.00587200001,3.76000,0.08000
,,,-0.00586799998,3.76000,0.08000
,,,-0.00586399995,3.76000,0.08000
,,,-0.00585999992,3.76000,0.08000
,,,-0.00585599989,3.76000,0.08000
,,,-0.00585199986,3.76000,0.08000
,,,-0.00584799983,3.68000,0.08000
,,,-0.00584399980,3.76000,0.08000
,,,-0.00583999977,3.76000,0.08000
,,,-0.00583600020,3.76000,0.08000
,,,-0.00583200017,3.76000,0.08000
,,,-0.00582800014,3.76000,0.08000
,,,-0.00582400011,3.76000,0.08000
,,,-0.00582000008,3.76000,0.08000
,,,-0.00581600005,3.76000,0.08000
,,,-0.00581200002,3.76000,0.08000
,,,-0.00580799999,3.76000,0.08000
,,,-0.00580399996,3.76000,0.08000
,,,-0.00579999993,3.76000,0.08000
,,,-0.00579599990,3.76000,0.08000
,,,-0.00579199987,3.76000,0.08000
,,,-0.00578799983,3.76000,0.08000
,,,-0.00578399980,3.76000,0.08000
,,,-0.00577999977,3.76000,0.08000
,,,-0.00577600021,3.76000,0.08000
,,,-0.00577200018,3.76000,0.08000
,,,-0.00576800015,3.76000,0.08000
,,,-0.00576400012,3.68000,0.08000
,,,-0.00576000009,3.76000,0.08000
,,,-0.00575600006,3.76000,0.08000
,,,-0.00575200003,3.76000,0.08000
,,,-0.00574800000,3.76000,0.08000
,,,-0.00574399997,3.76000,0.08000
,,,-0.00573999994,3.68000,0.08000
,,,-0.00573599990,3.76000,0.08000
,,,-0.00573199987,3.76000,0.08000
,,,-0.00572799984,3.76000,0.08000
,,,-0.00572399981,3.76000,0.08000
,,,-0.00571999978,3.76000,0.08000
,,,-0.00571600022,3.76000,0.08000
,,,-0.00571200019,3.76000,0.08000
,,,-0.00570800016,3.76000,0.08000
,,,-0.00570400013,3.76000,0.08000
,,,-0.00570000010,3.76000,0.08000
,,,-0.00569600007,3.76000,0.08000
,,,-0.00569200004,3.76000,0.08000
,,,-0.00568800000,3.76000,0.08000
,,,-0.00568399997,3.76000,0.08000
,,,-0.00567999994,3.76000,0.08000
,,,-0.00567599991,3.76000,0.08000
,,,-0.00567199988,3.76000,0.08000
,,,-0.00566799985,3.68000,0.08000
,,,-0.00566399982,3.68000,0.08000
,,,-0.00565999979,3.76000,0.08000
,,,-0.00565599976,3.76000,0.08000
,,,-0.00565200020,3.76000,0.08000
,,,-0.00564800017,3.68000,0.08000
,,,-0.00564400014,3.76000,0.08000
,,,-0.00564000010,3.76000,0.08000
,,,-0.00563600007,3.68000,0.08000
,,,-0.00563200004,3.68000,0.08000
,,,-0.00562800001,3.68000,0.08000
,,,-0.00562399998,3.68000,0.08000
,,,-0.00561999995,3.68000,0.08000
,,,-0.00561599992,3.68000,0.08000
,,,-0.00561199989,3.68000,0.08000
,,,-0.00560799986,3.68000,0.08000
,,,-0.00560399983,3.68000,0.08000
,,,-0.00559999980,3.76000,0.08000
,,,-0.00559599977,3.68000,0.08000
,,,-0.00559200021,3.68000,0.08000
,,,-0.00558800017,3.68000,0.08000
,,,-0.00558400014,3.68000,0.08000
,,,-0.00558000011,3.68000,0.08000
,,,-0.00557600008,3.68000,0.08000
,,,-0.00557200005,3.68000,0.08000
,,,-0.00556800002,3.68000,0.08000
,,,-0.00556399999,3.68000,0.08000
,,,-0.00555999996,3.68000,0.08000
,,,-0.00555599993,3.68000,0.08000
,,,-0.00555199990,3.68000,0.08000
,,,-0.00554799987,3.68000,0.08000
,,,-0.00554399984,3.68000,0.08000
,,,-0.00553999981,3.68000,0.08000
,,,-0.00553599978,3.68000,0.08000
,,,-0.00553200021,3.68000,0.08000
,,,-0.00552800018,3.68000,0.08000
,,,-0.00552400015,3.68000,0.08000
,,,-0.00552000012,3.68000,0.08000
,,,-0.00551600009,3.68000,0.08000
,,,-0.00551200006,3.60000,0.08000
,,,-0.00550800003,3.60000,0.08000
,,,-0.00550400000,3.68000,0.08000
,,,-0.00549999997,3.60000,0.08000
,,,-0.00549599994,3.68000,0.08000
,,,-0.00549199991,3.68000,0.08000
,,,-0.00548799988,3.68000,0.08000
,,,-0.00548399985,3.68000,0.08000
,,,-0.00547999982,3.68000,0.08000
,,,-0.00547599979,3.68000,0.08000
,,,-0.00547199976,3.68000,0.08000
,,,-0.00546800019,3.68000,0.08000
,,,-0.00546400016,3.76000,0.08000
,,,-0.00546000013,3.68000,0.08000
,,,-0.00545600010,3.68000,0.08000
,,,-0.00545200007,3.68000,0.08000
,,,-0.00544800004,3.68000,0.08000
,,,-0.00544400001,3.68000,0.08000
,,,-0.00543999998,3.68000,0.08000
,,,-0.00543599995,3.68000,0.08000
,,,-0.00543199992,3.68000,0.08000
,,,-0.00542799989,3.68000,0.08000
,,,-0.00542399986,3.68000,0.08000
,,,-0.00541999983,3.76000,0.08000
,,,-0.00541599980,3.68000,0.08000
,,,-0.00541199977,3.68000,0.08000
,,,-0.00540800020,3.68000,0.08000
,,,-0.00540400017,3.68000,0.08000
,,,-0.00540000014,3.68000,0.08000
,,,-0.00539600011,3.76000,0.08000
,,,-0.00539200008,3.76000,0.08000
,,,-0.00538800005,3.68000,0.08000
,,,-0.00538400002,3.68000,0.08000
,,,-0.00537999999,3.68000,0.08000
,,,-0.00537599996,3.68000,0.08000
,,,-0.00537199993,3.68000,0.08000
,,,-0.00536799990,3.68000,0.08000
,,,-0.00536399987,3.68000,0.08000
,,,-0.00535999984,3.68000,0.08000
,,,-0.00535599981,3.68000,0.08000
,,,-0.00535199977,3.68000,0.08000
,,,-0.00534800021,3.68000,0.08000
,,,-0.00534400018,3.68000,0.08000
,,,-0.00534000015,3.68000,0.08000
,,,-0.00533600012,3.68000,0.00
,,,-0.00533200009,3.68000,0.08000
,,,-0.00532800006,3.60000,0.08000
,,,-0.00532400003,3.68000,0.08000
,,,-0.00532000000,3.68000,0.08000
,,,-0.00531599997,3.60000,0.08000
,,,-0.00531199994,3.68000,0.08000
,,,-0.00530799991,3.68000,0.08000
,,,-0.00530399987,3.68000,0.08000
,,,-0.00529999984,3.68000,0.08000
,,,-0.00529599981,3.68000,0.08000
,,,-0.00529199978,3.68000,0.08000
,,,-0.00528800022,3.68000,0.08000
,,,-0.00528400019,3.68000,0.08000
,,,-0.00528000016,3.68000,0.08000
,,,-0.00527600013,3.68000,0.08000
,,,-0.00527200010,3.68000,0.08000
,,,-0.00526800007,3.68000,0.08000
,,,-0.00526400004,3.68000,0.08000
,,,-0.00526000001,3.60000,0.08000
,,,-0.00525599997,3.68000,0.08000
,,,-0.00525199994,3.68000,0.08000
,,,-0.00524799991,3.68000,0.08000
,,,-0.00524399988,3.68000,0.08000
,,,-0.00523999985,3.68000,0.08000
,,,-0.00523599982,3.68000,0.08000
,,,-0.00523199979,3.68000,0.08000
,,,-0.00522799976,3.68000,0.08000
,,,-0.00522400020,3.68000,0.08000
,,,-0.00522000017,3.68000,0.08000
,,,-0.00521600014,3.76000,0.08000
,,,-0.00521200011,3.68000,0.08000
,,,-0.00520800008,3.68000,0.08000
,,,-0.00520400004,3.68000,0.08000
,,,-0.00520000001,3.68000,0.00
,,,-0.00519599998,3.68000,0.08000
,,,-0.00519199995,3.68000,0.08000
,,,-0.00518799992,3.68000,0.08000
,,,-0.00518399989,3.68000,0.08000
,,,-0.00517999986,3.68000,0.08000
,,,-0.00517599983,3.68000,0.08000
,,,-0.00517199980,3.68000,0.08000
,,,-0.00516799977,3.68000,0.08000
,,,-0.00516400021,3.68000,0.08000
,,,-0.00516000018,3.68000,0.08000
,,,-0.00515600014,3.68000,0.08000
,,,-0.00515200011,3.68000,0.08000
,,,-0.00514800008,3.76000,0.08000
,,,-0.00514400005,3.68000,0.08000
,,,-0.00514000002,3.68000,0.08000
,,,-0.00513599999,3.60000,0.08000
,,,-0.00513199996,3.68000,0.08000
,,,-0.00512799993,3.68000,0.08000
,,,-0.00512399990,3.68000,0.08000
,,,-0.00511999987,3.68000,0.08000
,,,-0.00511599984,3.60000,0.08000
,,,-0.00511199981,3.68000,0.08000
,,,-0.00510799978,3.68000,0.08000
,,,-0.00510400021,3.60000,0.08000
,,,-0.00510000018,3.68000,0.08000
,,,-0.00509600015,3.68000,0.08000
,,,-0.00509200012,3.68000,0.08000
,,,-0.00508800009,3.68000,0.08000
,,,-0.00508400006,3.68000,0.08000
,,,-0.00508000003,3.68000,0.08000
,,,-0.00507600000,3.68000,0.08000
,,,-0.00507199997,3.68000,0.08000
,,,-0.00506799994,3.68000,0.08000
,,,-0.00506399991,3.68000,0.08000
,,,-0.00505999988,3.68000,0.08000
,,,-0.00505599985,3.68000,0.08000
,,,-0.00505199982,3.68000,0.08000
,,,-0.00504799979,3.60000,0.08000
,,,-0.00504399976,3.68000,0.08000
,,,-0.00504000019,3.68000,0.08000
,,,-0.00503600016,3.68000,0.08000
,,,-0.00503200013,3.68000,0.08000
,,,-0.00502800010,3.68000,0.08000
,,,-0.00502400007,3.60000,0.08000
,,,-0.00502000004,3.68000,0.08000
,,,-0.00501600001,3.68000,0.08000
,,,-0.00501199998,3.68000,0.08000
,,,-0.00500799995,3.68000,0.08000
,,,-0.00500399992,3.76000,0.08000
,,,-0.00499999989,3.68000,0.08000
,,,-0.00499599986,3.68000,0.08000
,,,-0.00499199983,3.68000,0.08000
,,,-0.00498799980,3.68000,0.08000
,,,-0.00498399977,3.60000,0.08000
,,,-0.00498000020,3.68000,0.08000
,,,-0.00497600017,3.68000,0.08000
,,,-0.00497200014,3.68000,0.08000
,,,-0.00496800011,3.68000,0.08000
,,,-0.00496400008,3.68000,0.08000
,,,-0.00496000005,3.68000,0.08000
,,,-0.00495600002,3.76000,0.08000
,,,-0.00495199999,3.68000,0.08000
,,,-0.00494799996,3.68000,0.00
,,,-0.00494399993,3.68000,0.08000
,,,-0.00493999990,3.68000,0.08000
,,,-0.00493599987,3.60000,0.08000
,,,-0.00493199984,3.68000,0.08000
,,,-0.00492799981,3.68000,0.08000
,,,-0.00492399978,3.68000,0.08000
,,,-0.00492000021,3.68000,0.08000
,,,-0.00491600018,3.68000,0.08000
,,,-0.00491200015,3.68000,0.08000
,,,-0.00490800012,3.68000,0.00
,,,-0.00490400009,3.68000,0.08000
,,,-0.00490000006,3.60000,0.08000
,,,-0.00489600003,3.60000,0.08000
,,,-0.00489200000,3.68000,0.08000
,,,-0.00488799997,3.68000,0.08000
,,,-0.00488399994,3.68000,0.08000
,,,-0.00487999991,3.68000,0.00
,,,-0.00487599988,3.60000,0.08000
,,,-0.00487199984,3.68000,0.08000
,,,-0.00486799981,3.68000,0.08000
,,,-0.00486399978,3.68000,0.00
,,,-0.00486000022,3.60000,0.08000
,,,-0.00485600019,3.60000,0.08000
,,,-0.00485200016,3.60000,0.08000
,,,-0.00484800013,3.68000,0.00
,,,-0.00484400010,3.52000,0.00
,,,-0.00484000007,3.60000,0.08000
,,,-0.00483600004,3.68000,0.08000
,,,-0.00483200001,3.68000,0.08000
,,,-0.00482799998,3.68000,0.00
,,,-0.00482399995,3.60000,0.00
,,,-0.00481999991,3.60000,0.08000
,,,-0.00481599988,3.60000,0.08000
,,,-0.00481199985,3.68000,0.08000
,,,-0.00480799982,3.68000,0.08000
,,,-0.00480399979,3.60000,0.00
,,,-0.00479999976,3.68000,0.08000
,,,-0.00479600020,3.60000,0.08000
,,,-0.00479200017,3.60000,0.08000
,,,-0.00478800014,3.68000,0.08000
,,,-0.00478400011,3.68000,0.08000
,,,-0.00478000008,3.68000,0.08000
,,,-0.00477600005,3.68000,0.08000
,,,-0.00477200001,3.68000,0.08000
,,,-0.00476799998,3.60000,0.08000
,,,-0.00476399995,3.60000,0.08000
,,,-0.00475999992,3.68000,0.08000
,,,-0.00475599989,3.52000,0.08000
,,,-0.00475199986,3.60000,0.08000
,,,-0.00474799983,3.60000,0.08000
,,,-0.00474399980,3.60000,0.08000
,,,-0.00473999977,3.60000,0.08000
,,,-0.00473600021,3.60000,0.08000
,,,-0.00473200018,3.52000,0.00
,,,-0.00472800015,3.52000,0.08000
,,,-0.00472400011,3.60000,0.08000
,,,-0.00472000008,3.52000,0.08000
,,,-0.00471600005,3.52000,0.00
,,,-0.00471200002,3.52000,0.08000
,,,-0.00470799999,3.68000,0.08000
,,,-0.00470399996,3.60000,0.08000
,,,-0.00469999993,3.60000,0.00
,,,-0.00469599990,3.68000,0.08000
,,,-0.00469199987,3.60000,0.08000
,,,-0.00468799984,3.60000,0.08000
,,,-0.00468399981,3.68000,0.08000
,,,-0.00467999978,3.68000,0.08000
,,,-0.00467600022,3.60000,0.08000
,,,-0.00467200018,3.68000,0.08000
,,,-0.00466800015,3.60000,0.00
,,,-0.00466400012,3.60000,0.08000
,,,-0.00466000009,3.60000,0.00
,,,-0.00465600006,3.60000,0.08000
,,,-0.00465200003,3.68000,0.08000
,,,-0.00464800000,3.68000,0.08000
,,,-0.00464399997,3.68000,0.08000
,,,-0.00463999994,3.68000,0.08000
,,,-0.00463599991,3.60000,0.08000
,,,-0.00463199988,3.68000,0.08000
,,,-0.00462799985,3.60000,0.08000
,,,-0.00462399982,3.60000,0.08000
,,,-0.00461999979,3.68000,0.08000
,,,-0.00461599976,3.60000,0.00
,,,-0.00461200019,3.68000,0.08000
,,,-0.00460800016,3.68000,0.00
,,,-0.00460400013,3.68000,0.08000
,,,-0.00460000010,3.68000,0.08000
,,,-0.00459600007,3.60000,0.08000
,,,-0.00459200004,3.60000,0.08000
,,,-0.00458800001,3.68000,0.08000
,,,-0.00458399998,3.68000,0.08000
,,,-0.00457999995,3.60000,0.00
,,,-0.00457599992,3.68000,0.08000
,,,-0.00457199989,3.68000,0.08000
,,,-0.00456799986,3.68000,0.08000
,,,-0.00456399983,3.68000,0.08000
,,,-0.00455999980,3.60000,0.00
,,,-0.00455599977,3.60000,0.08000
,,,-0.00455200020,3.60000,0.08000
,,,-0.00454800017,3.68000,0.08000
,,,-0.00454400014,3.68000,0.00
,,,-0.00454000011,3.68000,0.08000
,,,-0.00453600008,3.68000,0.08000
,,,-0.00453200005,3.60000,0.08000
,,,-0.00452800002,3.76000,0.08000
,,,-0.00452399999,3.68000,0.08000
,,,-0.00451999996,3.68000,0.00
,,,-0.00451599993,3.68000,0.08000
,,,-0.00451199990,3.60000,0.08000
,,,-0.00450799987,3.68000,0.08000
,,,-0.00450399984,3.60000,0.08000
,,,-0.00449999981,3.68000,0.00
,,,-0.00449599978,3.68000,0.08000
,,,-0.00449200021,3.68000,0.08000
,,,-0.00448800018,3.60000,0.08000
,,,-0.00448400015,3.68000,0.00
,,,-0.00448000012,3.60000,0.00
,,,-0.00447600009,3.52000,0.00
,,,-0.00447200006,3.60000,0.08000
,,,-0.00446800003,3.68000,0.08000
,,,-0.00446400000,3.68000,0.08000
,,,-0.00445999997,3.68000,0.00
,,,-0.00445599994,3.60000,0.08000
,,,-0.00445199991,3.68000,0.08000
,,,-0.00444799988,3.60000,0.08000
,,,-0.00444399985,3.68000,0.08000
,,,-0.00443999982,3.68000,0.08000
,,,-0.00443599978,3.60000,0.08000
,,,-0.00443200022,3.60000,0.08000
,,,-0.00442800019,3.68000,0.00
,,,-0.00442400016,3.60000,0.00
,,,-0.00442000013,3.68000,0.08000
,,,-0.00441600010,3.68000,0.00
,,,-0.00441200007,3.68000,0.08000
,,,-0.00440800004,3.60000,0.08000
,,,-0.00440400001,3.68000,0.00
,,,-0.00439999998,3.68000,0.08000
,,,-0.00439599995,3.68000,0.08000
,,,-0.00439199992,3.68000,0.08000
,,,-0.00438799988,3.60000,0.08000
,,,-0.00438399985,3.68000,0.00
,,,-0.00437999982,3.60000,0.08000
,,,-0.00437599979,3.68000,0.08000
,,,-0.00437199976,3.60000,0.08000
,,,-0.00436800020,3.68000,0.00
,,,-0.00436400017,3.68000,0.08000
,,,-0.00436000014,3.68000,0.00
,,,-0.00435600011,3.68000,0.00
,,,-0.00435200008,3.60000,0.08000
,,,-0.00434800005,3.68000,0.08000
,,,-0.00434400002,3.68000,0.08000
,,,-0.00433999998,3.68000,0.08000
,,,-0.00433599995,3.60000,0.08000
,,,-0.00433199992,3.68000,0.00
,,,-0.00432799989,3.60000,0.08000
,,,-0.00432399986,3.68000,0.08000
,,,-0.00431999983,3.68000,0.08000
,,,-0.00431599980,3.60000,0.08000
,,,-0.00431199977,3.68000,0.08000
,,,-0.00430800021,3.68000,0.08000
,,,-0.00430400018,3.68000,0.08000
,,,-0.00430000015,3.68000,0.08000
,,,-0.00429600012,3.68000,0.08000
,,,-0.00429200009,3.60000,0.08000
,,,-0.00428800005,3.68000,0.08000
,,,-0.00428400002,3.68000,0.08000
,,,-0.00427999999,3.68000,0.00
,,,-0.00427599996,3.68000,0.08000
,,,-0.00427199993,3.68000,0.08000
,,,-0.00426799990,3.68000,0.08000
,,,-0.00426399987,3.68000,0.08000
,,,-0.00425999984,3.68000,0.08000
,,,-0.00425599981,3.68000,0.00
,,,-0.00425199978,3.68000,0.00
,,,-0.00424800022,3.60000,0.08000
,,,-0.00424400019,3.68000,0.08000
,,,-0.00424000015,3.68000,0.00
,,,-0.00423600012,3.68000,0.08000
,,,-0.00423200009,3.60000,0.08000
,,,-0.00422800006,3.60000,0.00
,,,-0.00422400003,3.68000,0.00
,,,-0.00422000000,3.68000,0.00
,,,-0.00421599997,3.68000,0.08000
,,,-0.00421199994,3.60000,0.08000
,,,-0.00420799991,3.68000,0.08000
,,,-0.00420399988,3.68000,0.08000
,,,-0.00419999985,3.68000,0.08000
,,,-0.00419599982,3.52000,0.08000
,,,-0.00419199979,3.60000,0.08000
,,,-0.00418799976,3.60000,0.08000
,,,-0.00418400019,3.60000,0.08000
,,,-0.00418000016,3.68000,0.00
,,,-0.00417600013,3.68000,0.08000
,,,-0.00417200010,3.68000,0.08000
,,,-0.00416800007,3.60000,0.08000
,,,-0.00416400004,3.60000,0.08000
,,,-0.00416000001,3.68000,0.08000
,,,-0.00415599998,3.60000,0.08000
,,,-0.00415199995,3.68000,0.08000
,,,-0.00414799992,3.68000,0.08000
,,,-0.00414399989,3.60000,0.08000
,,,-0.00413999986,3.68000,0.08000
,,,-0.00413599983,3.68000,0.00
,,,-0.00413199980,3.68000,0.00
,,,-0.00412799977,3.68000,0.08000
,,,-0.00412400020,3.68000,0.00
,,,-0.00412000017,3.68000,0.08000
,,,-0.00411600014,3.68000,0.08000
,,,-0.00411200011,3.68000,0.08000
,,,-0.00410800008,3.60000,0.08000
,,,-0.00410400005,3.68000,0.08000
,,,-0.00410000002,3.60000,0.08000
,,,-0.00409599999,3.60000,0.08000
,,,-0.00409199996,3.60000,0.08000
,,,-0.00408799993,3.60000,0.08000
,,,-0.00408399990,3.60000,0.00
,,,-0.00407999987,3.60000,0.08000
,,,-0.00407599984,3.68000,0.08000
,,,-0.00407199981,3.68000,0.00
,,,-0.00406799978,3.68000,0.08000
,,,-0.00406400021,3.60000,0.08000
,,,-0.00406000018,3.60000,0.00
,,,-0.00405600015,3.68000,0.08000
,,,-0.00405200012,3.68000,0.08000
,,,-0.00404800009,3.60000,0.08000
,,,-0.00404400006,3.68000,0.08000
,,,-0.00404000003,3.68000,0.08000
,,,-0.00403600000,3.60000,0.00
,,,-0.00403199997,3.60000,0.08000
,,,-0.00402799994,3.60000,0.00
,,,-0.00402399991,3.68000,0.08000
,,,-0.00401999988,3.60000,0.08000
,,,-0.00401599985,3.60000,0.08000
,,,-0.00401199982,3.60000,0.08000
,,,-0.00400799979,3.68000,0.08000
,,,-0.00400400022,3.60000,0.08000
,,,-0.00400000019,3.68000,0.00
,,,-0.00399600016,3.60000,0.00
,,,-0.00399200013,3.68000,0.00
,,,-0.00398800010,3.68000,0.08000
,,,-0.00398400007,3.68000,0.00
,,,-0.00398000004,3.68000,0.08000
,,,-0.00397600001,3.68000,0.08000
,,,-0.00397199998,3.68000,0.00
,,,-0.00396799995,3.68000,0.00
,,,-0.00396399992,3.68000,0.08000
,,,-0.00395999989,3.60000,0.08000
,,,-0.00395599985,3.68000,0.00
,,,-0.00395199982,3.60000,0.00
,,,-0.00394799979,3.60000,0.08000
,,,-0.00394399976,3.68000,0.00
,,,-0.00394000020,3.68000,0.08000
,,,-0.00393600017,3.60000,0.08000
,,,-0.00393200014,3.60000,0.00
,,,-0.00392800011,3.60000,0.08000
,,,-0.00392400008,3.60000,0.08000
,,,-0.00392000005,3.68000,0.08000
,,,-0.00391600002,3.60000,0.08000
,,,-0.00391199999,3.68000,0.00
,,,-0.00390799996,3.60000,0.08000
,,,-0.00390399992,3.68000,0.00
,,,-0.00389999989,3.60000,0.08000
,,,-0.00389600010,3.68000,0.08000
,,,-0.00389200007,3.68000,0.00
,,,-0.00388800004,3.68000,0.08000
,,,-0.00388400001,3.68000,0.00
,,,-0.00387999997,3.68000,0.08000
,,,-0.00387599994,3.68000,0.08000
,,,-0.00387199991,3.68000,0.08000
,,,-0.00386799988,3.68000,0.00
,,,-0.00386400009,3.68000,0.08000
,,,-0.00386000006,3.68000,0.00
,,,-0.00385600002,3.68000,0.08000
,,,-0.00385199999,3.68000,0.08000
,,,-0.00384799996,3.68000,0.08000
,,,-0.00384399993,3.68000,0.08000
,,,-0.00383999990,3.68000,0.08000
,,,-0.00383600011,3.68000,0.08000
,,,-0.00383200007,3.60000,0.08000
,,,-0.00382800004,3.60000,0.00
,,,-0.00382400001,3.68000,0.08000
,,,-0.00381999998,3.68000,0.00
,,,-0.00381599995,3.60000,0.08000
,,,-0.00381199992,3.60000,0.08000
,,,-0.00380799989,3.68000,0.08000
,,,-0.00380400009,3.68000,0.00
,,,-0.00380000006,3.68000,0.08000
,,,-0.00379600003,3.60000,0.00
,,,-0.00379200000,3.68000,0.08000
,,,-0.00378799997,3.60000,0.00
,,,-0.00378399994,3.52000,0.08000
,,,-0.00377999991,3.68000,0.00
,,,-0.00377599988,3.60000,0.00
,,,-0.00377200008,3.68000,0.00
,,,-0.00376800005,3.60000,0.08000
,,,-0.00376400002,3.60000,0.08000
,,,-0.00375999999,3.68000,0.08000
,,,-0.00375599996,3.60000,0.00
,,,-0.00375199993,3.68000,0.00
,,,-0.00374799990,3.68000,0.00
,,,-0.00374400010,3.60000,0.08000
,,,-0.00374000007,3.68000,0.08000
,,,-0.00373600004,3.68000,0.08000
,,,-0.00373200001,3.60000,0.08000
,,,-0.00372799998,3.60000,0.08000
,,,-0.00372399995,3.60000,0.00
,,,-0.00371999992,3.68000,0.00
,,,-0.00371599989,3.60000,0.08000
,,,-0.00371200009,3.60000,0.00
,,,-0.00370800006,3.60000,0.08000
,,,-0.00370400003,3.60000,0.00
,,,-0.00370000000,3.68000,0.00
,,,-0.00369599997,3.60000,0.00
,,,-0.00369199994,3.52000,0.08000
,,,-0.00368799991,3.52000,0.08000
,,,-0.00368399988,3.60000,0.08000
,,,-0.00368000008,3.60000,0.08000
,,,-0.00367600005,3.52000,0.08000
,,,-0.00367200002,3.60000,0.08000
,,,-0.00366799999,3.60000,0.08000
,,,-0.00366399996,3.68000,0.08000
,,,-0.00365999993,3.60000,0.08000
,,,-0.00365599990,3.60000,0.00
,,,-0.00365200010,3.52000,0.00
,,,-0.00364800007,3.60000,0.00
,,,-0.00364400004,3.60000,0.08000
,,,-0.00364000001,3.60000,0.08000
,,,-0.00363599998,3.60000,0.08000
,,,-0.00363199995,3.60000,0.08000
,,,-0.00362799992,3.60000,0.08000
,,,-0.00362399989,3.52000,0.08000
,,,-0.00362000009,3.60000,0.08000
,,,-0.00361600006,3.60000,0.08000
,,,-0.00361200003,3.60000,0.08000
,,,-0.00360800000,3.60000,0.08000
,,,-0.00360399997,3.60000,0.08000
,,,-0.00359999994,3.60000,0.08000
,,,-0.00359599991,3.68000,0.00
,,,-0.00359199988,3.60000,0.00
,,,-0.00358800008,3.60000,0.00
,,,-0.00358400005,3.60000,0.08000
,,,-0.00358000002,3.60000,0.08000
,,,-0.00357599999,3.52000,0.00
,,,-0.00357199996,3.68000,0.08000
,,,-0.00356799993,3.68000,0.08000
,,,-0.00356399990,3.52000,0.00
,,,-0.00356000010,3.60000,0.08000
,,,-0.00355600007,3.60000,0.00
,,,-0.00355200004,3.68000,0.08000
,,,-0.00354800001,3.60000,0.08000
,,,-0.00354399998,3.60000,0.00
,,,-0.00353999995,3.60000,0.00
,,,-0.00353599992,3.60000,0.00
,,,-0.00353199989,3.52000,0.08000
,,,-0.00352800009,3.68000,0.00
,,,-0.00352400006,3.60000,0.00
,,,-0.00352000003,3.60000,0.00
,,,-0.00351600000,3.52000,0.08000
,,,-0.00351199997,3.52000,0.08000
,,,-0.00350799994,3.60000,0.08000
,,,-0.00350399991,3.60000,0.00
,,,-0.00349999988,3.60000,0.08000
,,,-0.00349600008,3.60000,0.00
,,,-0.00349200005,3.52000,0.08000
,,,-0.00348800002,3.52000,0.00
,,,-0.00348399999,3.68000,0.00
,,,-0.00347999996,3.52000,0.08000
,,,-0.00347599993,3.60000,0.08000
,,,-0.00347199989,3.60000,0.08000
,,,-0.00346800010,3.68000,0.08000
,,,-0.00346400007,3.60000,0.00
,,,-0.00346000004,3.52000,0.08000
,,,-0.00345600001,3.52000,0.00
,,,-0.00345199998,3.68000,0.00
,,,-0.00344799994,3.60000,0.08000
,,,-0.00344399991,3.68000,0.00
,,,-0.00343999988,3.60000,0.00
,,,-0.00343600009,3.68000,0.08000
,,,-0.00343200006,3.68000,0.08000
,,,-0.00342800003,3.60000,0.00
,,,-0.00342399999,3.60000,0.08000
,,,-0.00341999996,3.60000,0.08000
,,,-0.00341599993,3.68000,0.08000
,,,-0.00341199990,3.68000,0.00
,,,-0.00340800011,3.68000,0.00
,,,-0.00340400008,3.68000,0.08000
,,,-0.00340000005,3.68000,0.00
,,,-0.00339600001,3.68000,0.08000
,,,-0.00339199998,3.68000,0.00
,,,-0.00338799995,3.60000,0.00
,,,-0.00338399992,3.68000,0.00
,,,-0.00337999989,3.68000,0.08000
,,,-0.00337600010,3.76000,0.00
,,,-0.00337200006,3.60000,0.08000
,,,-0.00336800003,3.60000,0.08000
,,,-0.00336400000,3.68000,0.08000
,,,-0.00335999997,3.52000,0.08000
,,,-0.00335599994,3.68000,0.00
,,,-0.00335199991,3.60000,0.00
,,,-0.00334799988,3.60000,0.08000
,,,-0.00334400008,3.60000,0.08000
,,,-0.00334000005,3.60000,0.08000
,,,-0.00333600002,3.68000,0.00
,,,-0.00333199999,3.60000,0.00
,,,-0.00332799996,3.68000,0.08000
,,,-0.00332399993,3.60000,0.08000
,,,-0.00331999990,3.68000,0.00
,,,-0.00331600010,3.60000,0.08000
,,,-0.00331200007,3.60000,0.08000
,,,-0.00330800004,3.68000,0.08000
,,,-0.00330400001,3.60000,0.00
,,,-0.00329999998,3.60000,0.08000
,,,-0.00329599995,3.60000,0.00
,,,-0.00329199992,3.52000,0.00
,,,-0.00328799989,3.60000,0.08000
,,,-0.00328400009,3.68000,0.08000
,,,-0.00328000006,3.68000,0.00
,,,-0.00327600003,3.60000,0.08000
,,,-0.00327200000,3.60000,0.08000
,,,-0.00326799997,3.68000,0.00
,,,-0.00326399994,3.68000,0.08000
,,,-0.00325999991,3.68000,0.00
,,,-0.00325599988,3.52000,0.00
,,,-0.00325200008,3.60000,0.00
,,,-0.00324800005,3.68000,0.08000
,,,-0.00324400002,3.68000,0.00
,,,-0.00323999999,3.68000,0.00
,,,-0.00323599996,3.68000,0.00
,,,-0.00323199993,3.68000,0.00
,,,-0.00322799990,3.68000,0.00
,,,-0.00322400010,3.60000,0.00
,,,-0.00322000007,3.60000,0.00
,,,-0.00321600004,3.60000,0.08000
,,,-0.00321200001,3.68000,0.00
,,,-0.00320799998,3.60000,0.00
,,,-0.00320399995,3.60000,0.08000
,,,-0.00319999992,3.68000,0.08000
,,,-0.00319599989,3.60000,0.00
,,,-0.00319200009,3.68000,0.00
,,,-0.00318800006,3.68000,0.00
,,,-0.00318400003,3.60000,0.08000
,,,-0.00318000000,3.60000,0.00
,,,-0.00317599997,3.52000,0.00
,,,-0.00317199994,3.68000,0.08000
,,,-0.00316799991,3.60000,0.08000
,,,-0.00316399988,3.60000,0.00
,,,-0.00316000008,3.60000,0.08000
,,,-0.00315600005,3.60000,0.00
,,,-0.00315200002,3.60000,0.08000
,,,-0.00314799999,3.68000,0.08000
,,,-0.00314399996,3.68000,0.08000
,,,-0.00313999993,3.60000,0.08000
,,,-0.00313599990,3.68000,0.08000
,,,-0.00313200010,3.68000,0.08000
,,,-0.00312800007,3.68000,0.08000
,,,-0.00312400004,3.68000,0.08000
,,,-0.00312000001,3.60000,0.08000
,,,-0.00311599998,3.68000,0.08000
,,,-0.00311199995,3.68000,0.08000
,,,-0.00310799992,3.68000,0.00
,,,-0.00310399989,3.68000,0.08000
,,,-0.00310000009,3.68000,0.08000
,,,-0.00309600006,3.68000,0.08000
,,,-0.00309200003,3.60000,0.08000
,,,-0.00308800000,3.68000,0.08000
,,,-0.00308399997,3.68000,0.08000
,,,-0.00307999994,3.52000,0.08000
,,,-0.00307599991,3.68000,0.08000
,,,-0.00307200011,3.68000,0.08000
,,,-0.00306800008,3.68000,0.08000
,,,-0.00306400005,3.68000,0.08000
,,,-0.00306000002,3.68000,0.08000
,,,-0.00305599999,3.68000,0.00
,,,-0.00305199996,3.68000,0.00
,,,-0.00304799993,3.68000,0.08000
,,,-0.00304399990,3.68000,0.08000
,,,-0.00304000010,3.68000,0.08000
,,,-0.00303600007,3.60000,0.00
,,,-0.00303200004,3.68000,0.08000
,,,-0.00302800001,3.60000,0.08000
,,,-0.00302399998,3.60000,0.00
,,,-0.00301999995,3.68000,0.00
,,,-0.00301599992,3.68000,0.08000
,,,-0.00301199988,3.68000,0.08000
,,,-0.00300800009,3.68000,0.00
,,,-0.00300400006,3.60000,0.08000
,,,-0.00300000003,3.68000,0.00
,,,-0.00299600000,3.60000,0.08000
,,,-0.00299199997,3.52000,0.00
,,,-0.00298799993,3.60000,0.08000
,,,-0.00298399990,3.68000,0.08000
,,,-0.00298000011,3.68000,0.00
,,,-0.00297600008,3.60000,0.00
,,,-0.00297200005,3.60000,0.00
,,,-0.00296800002,3.68000,0.00
,,,-0.00296399998,3.60000,0.00
,,,-0.00295999995,3.68000,0.00
,,,-0.00295599992,3.60000,0.00
,,,-0.00295199989,3.60000,0.00
,,,-0.00294800010,3.68000,0.00
,,,-0.00294400007,3.60000,0.00
,,,-0.00294000003,3.60000,0.00
,,,-0.00293600000,3.68000,0.08000
,,,-0.00293199997,3.60000,0.00
,,,-0.00292799994,3.68000,0.00
,,,-0.00292399991,3.68000,0.08000
,,,-0.00291999988,3.68000,0.00
,,,-0.00291600008,3.60000,0.00
,,,-0.00291200005,3.68000,0.08000
,,,-0.00290800002,3.60000,0.08000
,,,-0.00290399999,3.60000,0.00
,,,-0.00289999996,3.60000,0.00
,,,-0.00289599993,3.68000,0.00
,,,-0.00289199990,3.60000,0.00
,,,-0.00288800010,3.68000,0.00
,,,-0.00288400007,3.68000,0.08000
,,,-0.00288000004,3.68000,0.08000
,,,-0.00287600001,3.60000,0.08000
,,,-0.00287199998,3.68000,0.08000
,,,-0.00286799995,3.52000,0.08000
,,,-0.00286399992,3.60000,0.00
,,,-0.00285999989,3.68000,0.00
,,,-0.00285600009,3.52000,0.00
,,,-0.00285200006,3.68000,0.08000
,,,-0.00284800003,3.60000,0.00
,,,-0.00284400000,3.68000,0.00
,,,-0.00283999997,3.60000,0.08000
,,,-0.00283599994,3.60000,0.08000
,,,-0.00283199991,3.68000,0.00
,,,-0.00282799988,3.68000,0.00
,,,-0.00282400008,3.52000,0.08000
,,,-0.00282000005,3.60000,0.00
,,,-0.00281600002,3.60000,0.08000
,,,-0.00281199999,3.60000,0.00
,,,-0.00280799996,3.68000,0.08000
,,,-0.00280399993,3.68000,0.08000
,,,-0.00279999990,3.52000,0.08000
,,,-0.00279600010,3.68000,0.08000
,,,-0.00279200007,3.68000,0.00
,,,-0.00278800004,3.60000,0.08000
,,,-0.00278400001,3.60000,0.08000
,,,-0.00277999998,3.68000,0.00
,,,-0.00277599995,3.68000,0.00
,,,-0.00277199992,3.68000,0.00
,,,-0.00276799989,3.52000,0.00
,,,-0.00276400009,3.68000,0.08000
,,,-0.00276000006,3.68000,0.00
,,,-0.00275600003,3.60000,0.00
,,,-0.00275200000,3.68000,0.00
,,,-0.00274799997,3.60000,0.00
,,,-0.00274399994,3.68000,0.08000
,,,-0.00273999991,3.68000,0.00
,,,-0.00273599988,3.60000,0.08000
,,,-0.00273200008,3.68000,0.00
,,,-0.00272800005,3.60000,0.08000
,,,-0.00272400002,3.60000,0.08000
,,,-0.00271999999,3.68000,0.00
,,,-0.00271599996,3.60000,0.08000
,,,-0.00271199993,3.68000,0.00
,,,-0.00270799990,3.68000,0.00
,,,-0.00270400010,3.60000,0.00
,,,-0.00270000007,3.60000,0.00
,,,-0.00269600004,3.60000,0.08000
,,,-0.00269200001,3.68000,0.08000
,,,-0.00268799998,3.68000,0.00
,,,-0.00268399995,3.60000,0.00
,,,-0.00267999992,3.68000,0.00
,,,-0.00267599989,3.68000,0.00
,,,-0.00267200009,3.60000,0.08000
,,,-0.00266800006,3.60000,0.00
,,,-0.00266400003,3.60000,0.08000
,,,-0.00266000000,3.68000,0.00
,,,-0.00265599997,3.60000,0.00
,,,-0.00265199994,3.60000,0.00
,,,-0.00264799991,3.60000,0.00
,,,-0.00264400011,3.68000,0.00
,,,-0.00264000008,3.60000,0.00
,,,-0.00263600005,3.68000,0.08000
,,,-0.00263200002,3.68000,0.00
,,,-0.00262799999,3.60000,0.08000
,,,-0.00262399996,3.60000,0.00
,,,-0.00261999993,3.60000,0.00
,,,-0.00261599990,3.68000,0.00
,,,-0.00261200010,3.60000,0.00
,,,-0.00260800007,3.68000,0.08000
,,,-0.00260400004,3.68000,0.00
,,,-0.00260000001,3.60000,0.00
,,,-0.00259599998,3.60000,0.08000
,,,-0.00259199995,3.68000,0.00
,,,-0.00258799992,3.60000,0.00
,,,-0.00258399989,3.60000,0.08000
,,,-0.00258000009,3.60000,0.08000
,,,-0.00257600006,3.68000,0.08000
,,,-0.00257200003,3.68000,0.00
,,,-0.00256800000,3.60000,0.08000
,,,-0.00256399997,3.68000,0.08000
,,,-0.00255999994,3.60000,0.00
,,,-0.00255599990,3.60000,0.08000
,,,-0.00255200011,3.60000,0.08000
,,,-0.00254800008,3.68000,0.08000
,,,-0.00254400005,3.68000,0.00
,,,-0.00254000002,3.68000,0.08000
,,,-0.00253599999,3.68000,0.00
,,,-0.00253199995,3.68000,0.00
,,,-0.00252799992,3.60000,0.00
,,,-0.00252399989,3.60000,0.00
,,,-0.00252000010,3.52000,0.00
,,,-0.00251600007,3.60000,0.00
,,,-0.00251200004,3.68000,0.00
,,,-0.00250800001,3.68000,0.00
,,,-0.00250399997,3.68000,0.08000
,,,-0.00249999994,3.60000,0.08000
,,,-0.00249599991,3.60000,0.08000
,,,-0.00249199988,3.68000,0.00
,,,-0.00248800009,3.68000,0.00
,,,-0.00248400006,3.68000,0.08000
,,,-0.00248000002,3.60000,0.00
,,,-0.00247599999,3.68000,0.00
,,,-0.00247199996,3.60000,0.00
,,,-0.00246799993,3.60000,0.08000
,,,-0.00246399990,3.60000,0.08000
,,,-0.00246000011,3.68000,0.00
,,,-0.00245600007,3.60000,0.08000
,,,-0.00245200004,3.60000,0.08000
,,,-0.00244800001,3.68000,0.00
,,,-0.00244399998,3.60000,0.00
,,,-0.00243999995,3.68000,0.00
,,,-0.00243599992,3.68000,0.00
,,,-0.00243199989,3.60000,0.08000
,,,-0.00242800009,3.68000,0.00
,,,-0.00242400006,3.68000,0.08000
,,,-0.00242000003,3.60000,0.00
,,,-0.00241600000,3.52000,0.08000
,,,-0.00241199997,3.60000,0.08000
,,,-0.00240799994,3.68000,0.00
,,,-0.00240399991,3.52000,0.00
,,,-0.00239999988,3.68000,0.00
,,,-0.00239600008,3.68000,0.00
,,,-0.00239200005,3.68000,0.08000
,,,-0.00238800002,3.52000,0.08000
,,,-0.00238399999,3.60000,0.00
,,,-0.00237999996,3.68000,0.00
,,,-0.00237599993,3.60000,0.08000
,,,-0.00237199990,3.68000,0.00
,,,-0.00236800010,3.60000,0.08000
,,,-0.00236400007,3.60000,0.00
,,,-0.00236000004,3.68000,0.00
,,,-0.00235600001,3.52000,0.00
,,,-0.00235199998,3.68000,0.00
,,,-0.00234799995,3.60000,0.00
,,,-0.00234399992,3.68000,0.00
,,,-0.00233999989,3.52000,0.00
,,,-0.00233600009,3.60000,0.00
,,,-0.00233200006,3.68000,0.08000
,,,-0.00232800003,3.60000,0.00
,,,-0.00232400000,3.60000,0.08000
,,,-0.00231999997,3.60000,0.00
,,,-0.00231599994,3.68000,0.08000
,,,-0.00231199991,3.68000,0.08000
,,,-0.00230799988,3.68000,0.00
,,,-0.00230400008,3.60000,0.00
,,,-0.00230000005,3.68000,0.00
,,,-0.00229600002,3.60000,0.00
,,,-0.00229199999,3.68000,0.00
,,,-0.00228799996,3.68000,0.00
,,,-0.00228399993,3.68000,0.00
,,,-0.00227999990,3.60000,0.00
,,,-0.00227600010,3.68000,0.00
,,,-0.00227200007,3.60000,0.00
,,,-0.00226800004,3.60000,0.00
,,,-0.00226400001,3.60000,0.00
,,,-0.00225999998,3.68000,0.00
,,,-0.00225599995,3.68000,0.00
,,,-0.00225199992,3.68000,0.00
,,,-0.00224799989,3.52000,0.08000
,,,-0.00224400009,3.68000,0.00
,,,-0.00224000006,3.68000,0.08000
,,,-0.00223600003,3.60000,0.00
,,,-0.00223200000,3.68000,0.00
,,,-0.00222799997,3.68000,0.00
,,,-0.00222399994,3.68000,0.00
,,,-0.00221999991,3.68000,0.00
,,,-0.00221600011,3.60000,0.08000
,,,-0.00221200008,3.68000,0.08000
,,,-0.00220800005,3.68000,0.08000
,,,-0.00220400002,3.60000,-0.08000
,,,-0.00219999999,3.68000,0.00
,,,-0.00219599996,3.68000,0.08000
,,,-0.00219199993,3.68000,0.00
,,,-0.00218799990,3.68000,0.00
,,,-0.00218400010,3.68000,0.00
,,,-0.00218000007,3.68000,0.00
,,,-0.00217600004,3.68000,0.00
,,,-0.00217200001,3.68000,0.00
,,,-0.00216799998,3.68000,0.00
,,,-0.00216399995,3.68000,0.08000
,,,-0.00215999992,3.60000,0.00
,,,-0.00215599989,3.60000,0.00
,,,-0.00215200009,3.68000,0.00
,,,-0.00214800006,3.68000,0.08000
,,,-0.00214400003,3.60000,0.00
,,,-0.00214000000,3.68000,0.00
,,,-0.00213599997,3.60000,0.08000
,,,-0.00213199994,3.68000,0.08000
,,,-0.00212799991,3.68000,0.00
,,,-0.00212400011,3.68000,0.00
,,,-0.00212000008,3.60000,0.00
,,,-0.00211600005,3.68000,0.00
,,,-0.00211200002,3.68000,0.00
,,,-0.00210799999,3.60000,0.00
,,,-0.00210399996,3.68000,0.00
,,,-0.00209999993,3.68000,0.00
,,,-0.00209599989,3.60000,0.00
,,,-0.00209200010,3.68000,0.00
,,,-0.00208800007,3.52000,0.08000
,,,-0.00208400004,3.68000,0.00
,,,-0.00208000001,3.60000,0.00
,,,-0.00207599998,3.60000,0.00
,,,-0.00207199994,3.60000,0.00
,,,-0.00206799991,3.60000,0.08000
,,,-0.00206399988,3.60000,0.08000
,,,-0.00206000009,3.60000,0.00
,,,-0.00205600006,3.68000,0.00
,,,-0.00205200003,3.60000,0.08000
,,,-0.00204799999,3.60000,0.00
,,,-0.00204399996,3.68000,0.00
,,,-0.00203999993,3.60000,0.00
,,,-0.00203599990,3.60000,0.00
,,,-0.00203200011,3.68000,0.00
,,,-0.00202800008,3.68000,0.00
,,,-0.00202400004,3.68000,0.08000
,,,-0.00202000001,3.68000,0.08000
,,,-0.00201599998,3.60000,0.00
,,,-0.00201199995,3.68000,0.08000
,,,-0.00200799992,3.68000,0.08000
,,,-0.00200399989,3.60000,0.08000
,,,-0.00200000009,3.68000,0.00
,,,-0.00199600006,3.60000,0.00
,,,-0.00199200003,3.68000,0.08000
,,,-0.00198800000,3.60000,0.08000
,,,-0.00198399997,3.60000,0.08000
,,,-0.00197999994,3.60000,0.08000
,,,-0.00197599991,3.60000,0.00
,,,-0.00197199988,3.68000,0.00
,,,-0.00196800008,3.68000,0.00
,,,-0.00196400005,3.60000,0.00
,,,-0.00196000002,3.68000,0.00
,,,-0.00195599999,3.68000,0.08000
,,,-0.00195199996,3.60000,0.00
,,,-0.00194800005,3.68000,0.00
,,,-0.00194400002,3.60000,0.00
,,,-0.00193999999,3.68000,0.00
,,,-0.00193599996,3.68000,0.00
,,,-0.00193200004,3.68000,0.00
,,,-0.00192800001,3.68000,0.00
,,,-0.00192399998,3.60000,0.00
,,,-0.00191999995,3.68000,0.00
,,,-0.00191600004,3.68000,0.00
,,,-0.00191200001,3.68000,0.08000
,,,-0.00190799998,3.60000,0.00
,,,-0.00190399995,3.68000,0.08000
,,,-0.00190000003,3.68000,0.00
,,,-0.00189600000,3.68000,0.00
,,,-0.00189199997,3.68000,0.08000
,,,-0.00188799994,3.68000,0.00
,,,-0.00188400003,3.60000,0.00
,,,-0.00188000000,3.68000,0.00
,,,-0.00187599997,3.68000,0.08000
,,,-0.00187200005,3.68000,0.00
,,,-0.00186800002,3.68000,0.00
,,,-0.00186399999,3.68000,0.00
,,,-0.00185999996,3.68000,0.00
,,,-0.00185600005,3.68000,0.00
,,,-0.00185200002,3.68000,0.00
,,,-0.00184799999,3.68000,0.00
,,,-0.00184399995,3.60000,0.08000
,,,-0.00184000004,3.60000,0.00
,,,-0.00183600001,3.68000,0.00
,,,-0.00183199998,3.68000,0.08000
,,,-0.00182799995,3.68000,0.00
,,,-0.00182400004,3.68000,0.00
,,,-0.00182000000,3.68000,0.08000
,,,-0.00181599997,3.68000,0.00
,,,-0.00181199994,3.68000,0.00
,,,-0.00180800003,3.68000,0.08000
,,,-0.00180400000,3.68000,0.08000
,,,-0.00179999997,3.68000,0.08000
,,,-0.00179599994,3.60000,0.08000
,,,-0.00179200002,3.60000,0.08000
,,,-0.00178799999,3.68000,0.00
,,,-0.00178399996,3.68000,0.00
,,,-0.00178000005,3.68000,0.00
,,,-0.00177600002,3.68000,0.08000
,,,-0.00177199999,3.68000,0.08000
,,,-0.00176799996,3.68000,0.00
,,,-0.00176400004,3.68000,0.00
,,,-0.00176000001,3.68000,0.00
,,,-0.00175599998,3.60000,0.00
,,,-0.00175199995,3.68000,0.08000
,,,-0.00174800004,3.68000,0.08000
,,,-0.00174400001,3.68000,0.00
,,,-0.00173999998,3.68000,0.08000
,,,-0.00173599995,3.68000,0.08000
,,,-0.00173200003,3.68000,0.08000
,,,-0.00172800000,3.68000,0.00
,,,-0.00172399997,3.68000,0.08000
,,,-0.00171999994,3.60000,0.08000
,,,-0.00171600003,3.68000,0.08000
,,,-0.00171200000,3.68000,0.00
,,,-0.00170799997,3.60000,0.08000
,,,-0.00170400005,3.68000,0.00
,,,-0.00170000002,3.68000,0.00
,,,-0.00169599999,3.68000,0.00
,,,-0.00169199996,3.60000,0.00
,,,-0.00168800005,3.60000,0.00
,,,-0.00168400002,3.60000,0.00
,,,-0.00167999999,3.68000,0.00
,,,-0.00167599996,3.68000,0.00
,,,-0.00167200004,3.68000,0.00
,,,-0.00166800001,3.68000,0.00
,,,-0.00166399998,3.68000,0.00
,,,-0.00165999995,3.68000,0.00
,,,-0.00165600004,3.68000,0.08000
,,,-0.00165200001,3.68000,0.00
,,,-0.00164799998,3.60000,0.00
,,,-0.00164399995,3.68000,0.00
,,,-0.00164000003,3.68000,0.00
,,,-0.00163600000,3.68000,0.00
,,,-0.00163199997,3.60000,0.08000
,,,-0.00162799994,3.68000,0.00
,,,-0.00162400003,3.68000,0.00
,,,-0.00162000000,3.68000,0.08000
,,,-0.00161599996,3.68000,0.08000
,,,-0.00161200005,3.68000,0.00
,,,-0.00160800002,3.68000,0.00
,,,-0.00160399999,3.60000,0.00
,,,-0.00159999996,3.68000,0.00
,,,-0.00159600005,3.68000,0.00
,,,-0.00159200002,3.68000,0.00
,,,-0.00158799998,3.68000,0.00
,,,-0.00158399995,3.68000,0.08000
,,,-0.00158000004,3.68000,0.00
,,,-0.00157600001,3.68000,0.08000
,,,-0.00157199998,3.68000,0.00
,,,-0.00156799995,3.68000,0.00
,,,-0.00156400003,3.68000,0.00
,,,-0.00156000000,3.68000,0.08000
,,,-0.00155599997,3.68000,0.00
,,,-0.00155199994,3.60000,0.00
,,,-0.00154800003,3.68000,0.00
,,,-0.00154400000,3.68000,0.00
,,,-0.00153999997,3.68000,0.00
,,,-0.00153600005,3.68000,0.00
,,,-0.00153200002,3.60000,0.08000
,,,-0.00152799999,3.60000,0.00
,,,-0.00152399996,3.68000,0.00
,,,-0.00152000005,3.68000,0.00
,,,-0.00151600002,3.68000,0.00
,,,-0.00151199999,3.68000,0.00
,,,-0.00150799996,3.68000,0.00
,,,-0.00150400004,3.68000,0.00
,,,-0.00150000001,3.60000,0.08000
,,,-0.00149599998,3.68000,0.00
,,,-0.00149199995,3.68000,0.00
,,,-0.00148800004,3.68000,0.00
,,,-0.00148400001,3.68000,0.08000
,,,-0.00147999998,3.60000,0.00
,,,-0.00147599995,3.60000,0.00
,,,-0.00147200003,3.68000,0.00
,,,-0.00146800000,3.68000,0.08000
,,,-0.00146399997,3.68000,0.08000
,,,-0.00145999994,3.68000,0.00
,,,-0.00145600003,3.68000,0.08000
,,,-0.00145200000,3.68000,0.08000
,,,-0.00144799997,3.60000,0.00
,,,-0.00144400005,3.60000,0.00
,,,-0.00144000002,3.68000,0.00
,,,-0.00143599999,3.68000,0.00
,,,-0.00143199996,3.68000,0.08000
,,,-0.00142800005,3.68000,0.00
,,,-0.00142400002,3.68000,0.00
,,,-0.00141999999,3.68000,0.08000
,,,-0.00141599996,3.60000,0.00
,,,-0.00141200004,3.68000,0.08000
,,,-0.00140800001,3.68000,0.00
,,,-0.00140399998,3.68000,0.00
,,,-0.00139999995,3.60000,0.00
,,,-0.00139600004,3.68000,0.00
,,,-0.00139200001,3.68000,0.08000
,,,-0.00138799998,3.76000,0.00
,,,-0.00138399994,3.68000,0.00
,,,-0.00138000003,3.68000,0.00
,,,-0.00137600000,3.68000,0.00
,,,-0.00137199997,3.68000,0.00
,,,-0.00136799994,3.68000,0.00
,,,-0.00136400003,3.68000,0.08000
,,,-0.00135999999,3.68000,0.08000
,,,-0.00135599996,3.68000,0.00
,,,-0.00135200005,3.68000,0.00
,,,-0.00134800002,3.68000,0.00
,,,-0.00134399999,3.68000,0.08000
,,,-0.00133999996,3.68000,0.00
,,,-0.00133600004,3.68000,0.00
,,,-0.00133200001,3.68000,0.00
,,,-0.00132799998,3.68000,0.00
,,,-0.00132399995,3.68000,0.00
,,,-0.00132000004,3.68000,0.00
,,,-0.00131600001,3.68000,0.00
,,,-0.00131199998,3.68000,0.00
,,,-0.00130799995,3.68000,0.00
,,,-0.00130400003,3.68000,0.08000
,,,-0.00130000000,3.68000,0.00
,,,-0.00129599997,3.68000,0.00
,,,-0.00129199994,3.68000,0.08000
,,,-0.00128800003,3.68000,0.00
,,,-0.00128400000,3.68000,0.00
,,,-0.00127999997,3.68000,0.00
,,,-0.00127600005,3.68000,0.00
,,,-0.00127200002,3.68000,0.00
,,,-0.00126799999,3.68000,0.00
,,,-0.00126399996,3.68000,0.00
,,,-0.00126000005,3.68000,0.00
,,,-0.00125600002,3.68000,0.08000
,,,-0.00125199999,3.68000,0.08000
,,,-0.00124799996,3.68000,0.00
,,,-0.00124400004,3.68000,0.00
,,,-0.00124000001,3.68000,0.00
,,,-0.00123599998,3.68000,0.00
,,,-0.00123199995,3.60000,0.08000
,,,-0.00122800004,3.68000,0.08000
,,,-0.00122400001,3.68000,0.00
,,,-0.00121999998,3.68000,0.00
,,,-0.00121599995,3.68000,0.00
,,,-0.00121200003,3.68000,0.08000
,,,-0.00120800000,3.68000,0.08000
,,,-0.00120399997,3.68000,0.08000
,,,-0.00119999994,3.68000,0.00
,,,-0.00119600003,3.68000,0.00
,,,-0.00119200000,3.68000,0.00
,,,-0.00118799997,3.60000,0.00
,,,-0.00118400005,3.68000,0.00
,,,-0.00118000002,3.68000,0.00
,,,-0.00117599999,3.68000,0.00
,,,-0.00117199996,3.68000,0.08000
,,,-0.00116800005,3.68000,0.00
,,,-0.00116400002,3.60000,0.00
,,,-0.00115999999,3.60000,0.00
,,,-0.00115599995,3.68000,0.00
,,,-0.00115200004,3.68000,0.00
,,,-0.00114800001,3.68000,0.08000
,,,-0.00114399998,3.68000,0.00
,,,-0.00113999995,3.76000,0.08000
,,,-0.00113600004,3.68000,0.08000
,,,-0.00113200000,3.60000,0.08000
,,,-0.00112799997,3.68000,0.00
,,,-0.00112399994,3.68000,0.00
,,,-0.00112000003,3.68000,0.00
,,,-0.00111600000,3.60000,0.00
,,,-0.00111199997,3.68000,0.00
,,,-0.00110800005,3.60000,0.00
,,,-0.00110400002,3.68000,0.00
,,,-0.00109999999,3.68000,0.00
,,,-0.00109599996,3.68000,0.08000
,,,-0.00109200005,3.68000,0.00
,,,-0.00108800002,3.60000,0.08000
,,,-0.00108399999,3.60000,0.00
,,,-0.00107999996,3.68000,0.00
,,,-0.00107600004,3.68000,0.00
,,,-0.00107200001,3.68000,0.00
,,,-0.00106799998,3.68000,0.00
,,,-0.00106399995,3.68000,0.00
,,,-0.00106000004,3.68000,0.00
,,,-0.00105600001,3.68000,0.00
,,,-0.00105199998,3.68000,0.00
,,,-0.00104799995,3.68000,0.08000
,,,-0.00104400003,3.68000,0.00
,,,-0.00104000000,3.76000,0.00
,,,-0.00103599997,3.68000,0.08000
,,,-0.00103199994,3.68000,0.00
,,,-0.00102800003,3.68000,0.00
,,,-0.00102400000,3.68000,0.00
,,,-0.00101999997,3.68000,0.00
,,,-0.00101600005,3.68000,0.00
,,,-0.00101200002,3.68000,0.00
,,,-0.00100799999,3.68000,0.00
,,,-0.00100399996,3.68000,0.00
,,,-0.00100000005,3.68000,0.00
,,,-0.00099600002,3.68000,0.00
,,,-0.00099199999,3.68000,0.00
,,,-0.00098799996,3.68000,0.00
,,,-0.00098400004,3.68000,0.00
,,,-0.00098000001,3.68000,0.00
,,,-0.00097599998,3.68000,0.00
,,,-0.00097200001,3.68000,0.00
,,,-0.00096799998,3.68000,0.08000
,,,-0.00096400001,3.68000,0.00
,,,-0.00095999998,3.60000,0.00
,,,-0.00095600000,3.68000,0.08000
,,,-0.00095199997,3.68000,0.00
,,,-0.00094800000,3.68000,0.08000
,,,-0.00094399997,3.68000,0.00
,,,-0.00094000000,3.68000,0.00
,,,-0.00093600003,3.68000,0.00
,,,-0.00093200000,3.68000,0.00
,,,-0.00092800002,3.68000,0.00
,,,-0.00092399999,3.60000,0.08000
,,,-0.00092000002,3.68000,0.00
,,,-0.00091599999,3.68000,0.00
,,,-0.00091200002,3.60000,0.00
,,,-0.00090799999,3.68000,0.00
,,,-0.00090400001,3.68000,0.00
,,,-0.00089999998,3.68000,0.00
,,,-0.00089600001,3.68000,0.00
,,,-0.00089199998,3.68000,0.00
,,,-0.00088800001,3.68000,0.00
,,,-0.00088399998,3.68000,0.00
,,,-0.00088000001,3.68000,0.00
,,,-0.00087599998,3.68000,0.00
,,,-0.00087200000,3.68000,0.08000
,,,-0.00086799997,3.60000,0.00
,,,-0.00086400000,3.68000,0.00
,,,-0.00085999997,3.68000,0.00
,,,-0.00085600000,3.68000,0.00
,,,-0.00085200003,3.60000,0.08000
,,,-0.00084800000,3.68000,0.08000
,,,-0.00084400002,3.68000,0.00
,,,-0.00083999999,3.68000,0.00
,,,-0.00083600002,3.68000,0.00
,,,-0.00083199999,3.68000,0.00
,,,-0.00082800002,3.68000,0.00
,,,-0.00082399999,3.60000,0.00
,,,-0.00082000002,3.68000,0.00
,,,-0.00081599999,3.68000,0.00
,,,-0.00081200001,3.68000,0.08000
,,,-0.00080799998,3.68000,0.00
,,,-0.00080400001,3.68000,0.08000
,,,-0.00079999998,3.60000,0.00
,,,-0.00079600001,3.68000,0.00
,,,-0.00079199998,3.68000,0.00
,,,-0.00078800000,3.68000,0.08000
,,,-0.00078399997,3.68000,0.08000
,,,-0.00078000000,3.68000,0.00
,,,-0.00077599997,3.68000,0.00
,,,-0.00077200000,3.68000,0.00
,,,-0.00076800003,3.60000,0.00
,,,-0.00076400000,3.68000,0.00
,,,-0.00076000002,3.68000,0.00
,,,-0.00075599999,3.68000,0.00
,,,-0.00075200002,3.60000,0.00
,,,-0.00074799999,3.60000,0.00
,,,-0.00074400002,3.68000,0.00
,,,-0.00073999999,3.68000,0.00
,,,-0.00073600002,3.68000,0.08000
,,,-0.00073199999,3.68000,0.08000
,,,-0.00072800001,3.60000,0.00
,,,-0.00072399998,3.68000,0.00
,,,-0.00072000001,3.68000,0.00
,,,-0.00071599998,3.68000,0.00
,,,-0.00071200001,3.68000,0.00
,,,-0.00070799998,3.60000,0.00
,,,-0.00070400001,3.68000,0.00
,,,-0.00069999998,3.68000,0.08000
,,,-0.00069600000,3.68000,0.08000
,,,-0.00069199997,3.68000,0.00
,,,-0.00068800000,3.68000,0.00
,,,-0.00068399997,3.68000,0.08000
,,,-0.00068000000,3.60000,0.00
,,,-0.00067600003,3.60000,0.00
,,,-0.00067199999,3.68000,0.00
,,,-0.00066800002,3.68000,0.08000
,,,-0.00066399999,3.60000,0.00
,,,-0.00066000002,3.68000,0.00
,,,-0.00065599999,3.68000,0.00
,,,-0.00065200002,3.60000,0.08000
,,,-0.00064799999,3.68000,0.00
,,,-0.00064400001,3.68000,0.08000
,,,-0.00063999998,3.68000,0.00
,,,-0.00063600001,3.68000,0.00
,,,-0.00063199998,3.68000,0.08000
,,,-0.00062800001,3.68000,0.00
,,,-0.00062399998,3.68000,0.00
,,,-0.00062000001,3.68000,0.08000
,,,-0.00061599998,3.68000,0.00
,,,-0.00061200000,3.68000,0.00
,,,-0.00060799997,3.68000,0.00
,,,-0.00060400000,3.68000,0.00
,,,-0.00059999997,3.68000,0.08000
,,,-0.00059600000,3.68000,0.00
,,,-0.00059200003,3.68000,0.00
,,,-0.00058800000,3.68000,0.00
,,,-0.00058400002,3.68000,0.08000
,,,-0.00057999999,3.68000,0.00
,,,-0.00057600002,3.68000,0.00
,,,-0.00057199999,3.68000,0.08000
,,,-0.00056800002,3.68000,0.00
,,,-0.00056399999,3.68000,0.00
,,,-0.00056000001,3.60000,0.00
,,,-0.00055599998,3.68000,0.00
,,,-0.00055200001,3.68000,0.08000
,,,-0.00054799998,3.68000,0.00
,,,-0.00054400001,3.60000,0.00
,,,-0.00053999998,3.68000,0.00
,,,-0.00053600001,3.68000,0.00
,,,-0.00053199998,3.68000,0.00
,,,-0.00052800000,3.68000,0.00
,,,-0.00052399997,3.52000,0.00
,,,-0.00052000000,3.60000,0.00
,,,-0.00051599997,3.60000,0.00
,,,-0.00051200000,3.60000,0.08000
,,,-0.00050800003,3.68000,0.08000
,,,-0.00050400000,3.52000,0.00
,,,-0.00050000002,3.52000,0.00
,,,-0.00049599999,3.52000,0.00
,,,-0.00049200002,3.52000,0.00
,,,-0.00048799999,3.60000,0.00
,,,-0.00048399999,3.60000,0.00
,,,-0.00047999999,3.60000,0.00
,,,-0.00047599999,3.60000,0.00
,,,-0.00047199999,3.60000,0.00
,,,-0.00046800001,3.68000,0.00
,,,-0.00046400001,3.60000,0.00
,,,-0.00046000001,3.68000,0.00
,,,-0.00045600001,3.60000,0.00
,,,-0.00045200001,3.60000,0.00
,,,-0.00044800001,3.52000,0.00
,,,-0.00044400000,3.68000,0.00
,,,-0.00044000000,3.68000,0.00
,,,-0.00043600000,3.60000,0.00
,,,-0.00043200000,3.60000,0.00
,,,-0.00042800000,3.68000,0.00
,,,-0.00042400000,3.68000,0.08000
,,,-0.00042000000,3.68000,0.00
,,,-0.00041600000,3.68000,0.08000
,,,-0.00041199999,3.60000,0.00
,,,-0.00040799999,3.60000,0.00
,,,-0.00040399999,3.68000,0.00
,,,-0.00039999999,3.68000,0.00
,,,-0.00039599999,3.68000,0.00
,,,-0.00039199999,3.68000,0.00
,,,-0.00038799999,3.60000,0.00
,,,-0.00038400001,3.60000,0.00
,,,-0.00038000001,3.68000,0.00
,,,-0.00037600001,3.68000,0.00
,,,-0.00037200001,3.68000,0.00
,,,-0.00036800001,3.60000,0.00
,,,-0.00036400001,3.68000,0.00
,,,-0.00036000001,3.68000,0.00
,,,-0.00035600000,3.60000,0.00
,,,-0.00035200000,3.68000,0.08000
,,,-0.00034800000,3.68000,0.00
,,,-0.00034400000,3.68000,0.08000
,,,-0.00034000000,3.68000,0.00
,,,-0.00033600000,3.60000,0.00
,,,-0.00033200000,3.68000,0.00
,,,-0.00032799999,3.76000,0.00
,,,-0.00032399999,3.76000,0.00
,,,-0.00031999999,3.76000,0.00
,,,-0.00031599999,3.76000,0.08000
,,,-0.00031199999,3.84000,0.00
,,,-0.00030799999,3.92000,0.00
,,,-0.00030399999,3.92000,0.08000
,,,-0.00029999999,4.08000,0.00
,,,-0.00029600001,4.32000,0.00
,,,-0.00029200001,4.48000,0.00
,,,-0.00028800001,4.56000,0.00
,,,-0.00028400001,4.64000,0.00
,,,-0.00028000001,4.80000,0.00
,,,-0.00027600001,4.80000,0.08000
,,,-0.00027200000,4.72000,0.00
,,,-0.00026800000,4.80000,0.08000
,,,-0.00026400000,4.80000,0.00
,,,-0.00026000000,4.80000,0.08000
,,,-0.00025600000,4.80000,0.00
,,,-0.00025200000,4.88000,0.00
,,,-0.00024800000,4.80000,0.00
,,,-0.00024400000,4.80000,0.00
,,,-0.00023999999,4.80000,0.00
,,,-0.00023599999,4.88000,0.00
,,,-0.00023200001,4.80000,0.00
,,,-0.00022800000,4.80000,0.00
,,,-0.00022400000,4.88000,0.00
,,,-0.00022000000,4.80000,0.00
,,,-0.00021600000,4.88000,0.00
,,,-0.00021200000,4.80000,0.00
,,,-0.00020800000,4.80000,0.00
,,,-0.00020400000,4.88000,0.00
,,,-0.00019999999,4.80000,0.08000
,,,-0.00019599999,4.80000,0.00
,,,-0.00019200001,4.80000,0.00
,,,-0.00018800001,4.80000,0.00
,,,-0.00018400000,4.88000,0.00
,,,-0.00018000000,4.80000,-0.08000
,,,-0.00017600000,4.80000,0.00
,,,-0.00017200000,4.80000,0.00
,,,-0.00016800000,4.80000,0.00
,,,-0.00016400000,4.88000,0.00
,,,-0.00016000000,4.80000,0.00
,,,-0.00015599999,4.80000,0.00
,,,-0.00015199999,4.88000,0.00
,,,-0.00014800001,4.88000,0.00
,,,-0.00014400001,4.88000,0.00
,,,-0.00014000000,4.80000,0.00
,,,-0.00013600000,4.88000,0.08000
,,,-0.00013200000,4.88000,0.00
,,,-0.00012800000,4.88000,0.00
,,,-0.00012400000,4.80000,0.00
,,,-0.00012000000,4.80000,0.00
,,,-0.00011600000,4.88000,0.00
,,,-0.00011200000,4.80000,0.00
,,,-0.00010800000,4.88000,0.00
,,,-0.00010400000,4.88000,0.00
,,,-0.00010000000,4.80000,0.00
,,,-0.00009600000,4.88000,0.00
,,,-0.00009200000,4.88000,0.00
,,,-0.00008800000,4.72000,0.00
,,,-0.00008400000,4.80000,0.00
,,,-0.00008000000,4.80000,0.00
,,,-0.00007600000,4.88000,0.08000
,,,-0.00007200000,4.80000,0.00
,,,-0.00006800000,4.88000,0.00
,,,-0.00006400000,4.80000,0.00
,,,-0.00006000000,4.80000,0.08000
,,,-0.00005600000,4.80000,0.00
,,,-0.00005200000,4.88000,0.00
,,,-0.00004800000,4.88000,0.08000
,,,-0.00004400000,4.88000,0.00
,,,-0.00004000000,4.88000,0.00
,,,-0.00003600000,4.88000,0.00
,,,-0.00003200000,4.88000,0.00
,,,-0.00002800000,4.88000,0.00
,,,-0.00002400000,4.80000,0.08000
,,,-0.00002000000,4.88000,0.00
,,,-0.00001600000,4.88000,0.00
,,,-0.00001200000,4.88000,0.00
,,,-0.00000800000,4.80000,0.00
,,,-0.00000400000,4.88000,0.00
,,, 0.00000000000,4.88000,0.00
,,, 0.00000400000,4.88000,0.00
,,, 0.00000800000,4.80000,0.00
,,, 0.00001200000,4.88000,0.00
,,, 0.00001600000,4.88000,0.00
,,, 0.00002000000,4.88000,0.00
,,, 0.00002400000,4.88000,0.00
,,, 0.00002800000,4.88000,0.00
,,, 0.00003200000,4.88000,0.00
,,, 0.00003600000,4.88000,0.00
,,, 0.00004000000,4.80000,0.00
,,, 0.00004400000,4.88000,0.00
,,, 0.00004800000,4.88000,0.00
,,, 0.00005200000,4.88000,0.00
,,, 0.00005600000,4.88000,0.08000
,,, 0.00006000000,4.88000,0.00
,,, 0.00006400000,4.88000,4.80000
,,, 0.00006800000,4.88000,4.72000
,,, 0.00007200000,4.88000,4.72000
,,, 0.00007600000,4.88000,4.80000
,,, 0.00008000000,4.80000,4.80000
,,, 0.00008400000,4.88000,4.72000
,,, 0.00008800000,4.88000,4.80000
,,, 0.00009200000,4.88000,4.80000
,,, 0.00009600000,4.88000,4.80000
,,, 0.00010000000,4.80000,4.80000
,,, 0.00010400000,4.88000,4.80000
,,, 0.00010800000,4.88000,4.72000
,,, 0.00011200000,4.88000,4.80000
,,, 0.00011600000,4.88000,4.80000
,,, 0.00012000000,4.88000,4.80000
,,, 0.00012400000,4.80000,4.72000
,,, 0.00012800000,4.88000,4.72000
,,, 0.00013200000,4.88000,4.80000
,,, 0.00013600000,4.88000,4.72000
,,, 0.00014000000,4.80000,4.80000
,,, 0.00014400001,4.88000,4.80000
,,, 0.00014800001,4.80000,4.80000
,,, 0.00015199999,4.88000,4.80000
,,, 0.00015599999,4.88000,4.80000
,,, 0.00016000000,4.88000,4.80000
,,, 0.00016400000,4.88000,4.72000
,,, 0.00016800000,4.88000,4.80000
,,, 0.00017200000,4.88000,4.80000
,,, 0.00017600000,4.80000,4.72000
,,, 0.00018000000,4.88000,4.72000
,,, 0.00018400000,4.88000,4.80000
,,, 0.00018800001,4.88000,4.80000
,,, 0.00019200001,4.88000,4.72000
,,, 0.00019599999,4.80000,4.80000
,,, 0.00019999999,4.88000,4.80000
,,, 0.00020400000,4.80000,4.80000
,,, 0.00020800000,4.88000,4.80000
,,, 0.00021200000,4.88000,4.80000
,,, 0.00021600000,4.80000,4.80000
,,, 0.00022000000,4.88000,4.72000
,,, 0.00022400000,4.88000,4.80000
,,, 0.00022800000,4.88000,4.72000
,,, 0.00023200001,4.88000,4.80000
,,, 0.00023599999,4.88000,4.72000
,,, 0.00023999999,4.88000,4.72000
,,, 0.00024400000,4.80000,4.80000
,,, 0.00024800000,4.88000,4.72000
,,, 0.00025200000,4.88000,4.80000
,,, 0.00025600000,4.88000,4.72000
,,, 0.00026000000,4.80000,4.80000
,,, 0.00026400000,4.88000,4.80000
,,, 0.00026800000,4.88000,4.80000
,,, 0.00027200000,4.80000,4.80000
,,, 0.00027600001,4.80000,4.80000
,,, 0.00028000001,4.88000,4.80000
,,, 0.00028400001,4.80000,4.80000
,,, 0.00028800001,4.88000,4.80000
,,, 0.00029200001,4.88000,4.80000
,,, 0.00029600001,4.80000,4.80000
,,, 0.00029999999,4.88000,4.80000
,,, 0.00030399999,4.88000,4.72000
,,, 0.00030799999,4.88000,4.80000
,,, 0.00031199999,4.80000,4.80000
,,, 0.00031599999,4.88000,4.72000
,,, 0.00031999999,4.80000,4.80000
,,, 0.00032399999,4.88000,4.80000
,,, 0.00032799999,4.88000,4.80000
,,, 0.00033200000,4.80000,4.88000
,,, 0.00033600000,4.88000,4.80000
,,, 0.00034000000,4.88000,4.80000
,,, 0.00034400000,4.88000,4.72000
,,, 0.00034800000,4.88000,4.80000
,,, 0.00035200000,4.88000,4.80000
,,, 0.00035600000,4.88000,4.72000
,,, 0.00036000001,4.88000,4.80000
,,, 0.00036400001,4.88000,4.80000
,,, 0.00036800001,4.88000,4.80000
,,, 0.00037200001,4.88000,4.80000
,,, 0.00037600001,4.88000,4.80000
,,, 0.00038000001,4.88000,4.80000
,,, 0.00038400001,4.88000,4.80000
,,, 0.00038799999,4.80000,4.80000
,,, 0.00039199999,4.88000,4.80000
,,, 0.00039599999,4.88000,4.72000
,,, 0.00039999999,4.88000,4.80000
,,, 0.00040399999,4.88000,4.88000
,,, 0.00040799999,4.88000,4.80000
,,, 0.00041199999,4.88000,4.80000
,,, 0.00041600000,4.88000,4.80000
,,, 0.00042000000,4.88000,4.80000
,,, 0.00042400000,4.88000,4.80000
,,, 0.00042800000,4.80000,4.80000
,,, 0.00043200000,4.88000,4.80000
,,, 0.00043600000,4.80000,4.88000
,,, 0.00044000000,4.88000,4.80000
,,, 0.00044400000,4.88000,4.80000
,,, 0.00044800001,4.88000,4.80000
,,, 0.00045200001,4.88000,4.80000
,,, 0.00045600001,4.88000,4.80000
,,, 0.00046000001,4.88000,4.80000
,,, 0.00046400001,4.88000,4.88000
,,, 0.00046800001,4.88000,4.80000
,,, 0.00047199999,4.88000,4.80000
,,, 0.00047599999,4.88000,4.80000
,,, 0.00047999999,4.88000,4.80000
,,, 0.00048399999,4.88000,4.80000
,,, 0.00048799999,4.88000,4.72000
,,, 0.00049200002,4.88000,4.88000
,,, 0.00049599999,4.88000,4.80000
,,, 0.00050000002,4.88000,4.80000
,,, 0.00050400000,4.88000,4.80000
,,, 0.00050800003,4.88000,4.80000
,,, 0.00051200000,4.88000,4.80000
,,, 0.00051599997,4.88000,4.72000
,,, 0.00052000000,4.88000,4.80000
,,, 0.00052399997,4.88000,4.80000
,,, 0.00052800000,4.88000,4.80000
,,, 0.00053199998,4.88000,4.88000
,,, 0.00053600001,4.88000,4.80000
,,, 0.00053999998,4.88000,4.80000
,,, 0.00054400001,4.88000,4.80000
,,, 0.00054799998,4.88000,4.80000
,,, 0.00055200001,4.88000,4.72000
,,, 0.00055599998,4.88000,4.80000
,,, 0.00056000001,4.80000,4.80000
,,, 0.00056399999,4.88000,4.80000
,,, 0.00056800002,4.88000,4.80000
,,, 0.00057199999,4.88000,4.88000
,,, 0.00057600002,4.88000,4.80000
,,, 0.00057999999,4.88000,4.80000
,,, 0.00058400002,4.88000,4.80000
,,, 0.00058800000,4.88000,4.80000
,,, 0.00059200003,4.88000,4.80000
,,, 0.00059600000,4.88000,4.80000
,,, 0.00059999997,4.88000,4.72000
,,, 0.00060400000,4.88000,4.88000
,,, 0.00060799997,4.88000,4.88000
,,, 0.00061200000,4.88000,4.88000
,,, 0.00061599998,4.88000,4.80000
,,, 0.00062000001,4.88000,4.80000
,,, 0.00062399998,4.88000,4.88000
,,, 0.00062800001,4.88000,4.80000
,,, 0.00063199998,4.88000,4.80000
,,, 0.00063600001,4.88000,4.80000
,,, 0.00063999998,4.88000,4.80000
,,, 0.00064400001,4.88000,4.80000
,,, 0.00064799999,4.88000,4.80000
,,, 0.00065200002,4.88000,4.88000
,,, 0.00065599999,4.88000,4.80000
,,, 0.00066000002,4.88000,4.80000
,,, 0.00066399999,4.88000,4.80000
,,, 0.00066800002,4.88000,4.80000
,,, 0.00067199999,4.88000,4.80000
,,, 0.00067600003,4.88000,4.80000
,,, 0.00068000000,4.88000,4.80000
,,, 0.00068399997,4.88000,4.80000
,,, 0.00068800000,4.88000,4.80000
,,, 0.00069199997,4.88000,4.80000
,,, 0.00069600000,4.80000,4.80000
,,, 0.00069999998,4.88000,4.88000
,,, 0.00070400001,4.88000,4.88000
,,, 0.00070799998,4.88000,4.80000
,,, 0.00071200001,4.88000,4.80000
,,, 0.00071599998,4.88000,4.80000
,,, 0.00072000001,4.88000,4.80000
,,, 0.00072399998,4.88000,4.80000
,,, 0.00072800001,4.88000,4.80000
,,, 0.00073199999,4.80000,4.80000
,,, 0.00073600002,4.88000,4.80000
,,, 0.00073999999,4.88000,4.80000
,,, 0.00074400002,4.88000,4.80000
,,, 0.00074799999,4.88000,4.80000
,,, 0.00075200002,4.88000,4.80000
,,, 0.00075599999,4.88000,4.80000
,,, 0.00076000002,4.88000,4.80000
,,, 0.00076400000,4.88000,4.80000
,,, 0.00076800003,4.88000,4.80000
,,, 0.00077200000,4.88000,4.80000
,,, 0.00077599997,4.88000,4.88000
,,, 0.00078000000,4.88000,4.80000
,,, 0.00078399997,4.88000,4.80000
,,, 0.00078800000,4.88000,4.80000
,,, 0.00079199998,4.88000,4.80000
,,, 0.00079600001,4.88000,4.80000
,,, 0.00079999998,4.88000,4.80000
,,, 0.00080400001,4.88000,4.80000
,,, 0.00080799998,4.88000,4.80000
,,, 0.00081200001,4.88000,4.80000
,,, 0.00081599999,4.88000,4.80000
,,, 0.00082000002,4.88000,4.80000
,,, 0.00082399999,4.88000,4.80000
,,, 0.00082800002,4.88000,4.80000
,,, 0.00083199999,4.88000,4.88000
,,, 0.00083600002,4.88000,4.88000
,,, 0.00083999999,4.88000,4.80000
,,, 0.00084400002,4.88000,4.80000
,,, 0.00084800000,4.88000,4.80000
,,, 0.00085200003,4.88000,4.80000
,,, 0.00085600000,4.88000,4.80000
,,, 0.00085999997,4.80000,4.80000
,,, 0.00086400000,4.88000,4.80000
,,, 0.00086799997,4.88000,4.88000
,,, 0.00087200000,4.88000,4.88000
,,, 0.00087599998,4.88000,4.80000
,,, 0.00088000001,4.88000,4.80000
,,, 0.00088399998,4.88000,4.80000
,,, 0.00088800001,4.88000,4.80000
,,, 0.00089199998,4.88000,4.80000
,,, 0.00089600001,4.88000,4.80000
,,, 0.00089999998,4.88000,4.80000
,,, 0.00090400001,4.88000,4.80000
,,, 0.00090799999,4.88000,4.80000
,,, 0.00091200002,4.88000,4.80000
,,, 0.00091599999,4.88000,4.80000
,,, 0.00092000002,4.80000,4.88000
,,, 0.00092399999,4.88000,4.80000
,,, 0.00092800002,4.88000,4.80000
,,, 0.00093200000,4.88000,4.80000
,,, 0.00093600003,4.80000,4.80000
,,, 0.00094000000,4.88000,4.80000
,,, 0.00094399997,4.88000,4.88000
,,, 0.00094800000,4.88000,4.80000
,,, 0.00095199997,4.88000,4.80000
,,, 0.00095600000,4.88000,4.80000
,,, 0.00095999998,4.88000,4.88000
,,, 0.00096400001,4.88000,4.88000
,,, 0.00096799998,4.88000,4.80000
,,, 0.00097200001,4.88000,4.88000
,,, 0.00097599998,4.88000,4.80000
,,, 0.00098000001,4.88000,4.80000
,,, 0.00098400004,4.88000,4.80000
,,, 0.00098799996,4.88000,4.88000
,,, 0.00099199999,4.80000,4.80000
,,, 0.00099600002,4.88000,4.80000
,,, 0.00100000005,4.88000,4.80000
,,, 0.00100399996,4.88000,4.80000
,,, 0.00100799999,4.88000,4.88000
,,, 0.00101200002,4.88000,4.88000
,,, 0.00101600005,4.88000,4.80000
,,, 0.00101999997,4.88000,4.88000
,,, 0.00102400000,4.88000,4.88000
,,, 0.00102800003,4.88000,4.80000
,,, 0.00103199994,4.88000,4.88000
,,, 0.00103599997,4.80000,4.80000
,,, 0.00104000000,4.88000,4.88000
,,, 0.00104400003,4.88000,4.80000
,,, 0.00104799995,4.88000,4.80000
,,, 0.00105199998,4.88000,4.80000
,,, 0.00105600001,4.88000,4.88000
,,, 0.00106000004,4.88000,4.88000
,,, 0.00106399995,4.88000,4.88000
,,, 0.00106799998,4.88000,4.88000
,,, 0.00107200001,4.88000,4.80000
,,, 0.00107600004,4.88000,4.88000
,,, 0.00107999996,4.88000,4.80000
,,, 0.00108399999,4.88000,4.80000
,,, 0.00108800002,4.88000,4.80000
,,, 0.00109200005,4.88000,4.80000
,,, 0.00109599996,4.88000,4.88000
,,, 0.00109999999,4.88000,4.80000
,,, 0.00110400002,4.88000,4.80000
,,, 0.00110800005,4.88000,4.80000
,,, 0.00111199997,4.88000,4.80000
,,, 0.00111600000,4.88000,4.88000
,,, 0.00112000003,4.88000,4.80000
,,, 0.00112399994,4.88000,4.80000
,,, 0.00112799997,4.88000,4.80000
,,, 0.00113200000,4.88000,4.88000
,,, 0.00113600004,4.88000,4.80000
,,, 0.00113999995,4.88000,4.88000
,,, 0.00114399998,4.88000,4.88000
,,, 0.00114800001,4.88000,4.80000
,,, 0.00115200004,4.88000,4.88000
,,, 0.00115599995,4.88000,4.88000
,,, 0.00115999999,4.88000,4.88000
,,, 0.00116400002,4.88000,4.80000
,,, 0.00116800005,4.88000,4.80000
,,, 0.00117199996,4.88000,4.88000
,,, 0.00117599999,4.88000,4.80000
,,, 0.00118000002,4.88000,4.80000
,,, 0.00118400005,4.88000,4.88000
,,, 0.00118799997,4.88000,4.88000
,,, 0.00119200000,4.88000,4.88000
,,, 0.00119600003,4.88000,4.88000
,,, 0.00119999994,4.88000,4.88000
,,, 0.00120399997,4.88000,4.80000
,,, 0.00120800000,4.88000,4.80000
,,, 0.00121200003,4.88000,4.80000
,,, 0.00121599995,4.88000,4.80000
,,, 0.00121999998,4.88000,4.80000
,,, 0.00122400001,4.88000,4.88000
,,, 0.00122800004,4.88000,4.80000
,,, 0.00123199995,4.88000,4.88000
,,, 0.00123599998,4.88000,4.80000
,,, 0.00124000001,4.88000,4.80000
,,, 0.00124400004,4.88000,4.80000
,,, 0.00124799996,4.88000,4.80000
,,, 0.00125199999,4.88000,4.80000
,,, 0.00125600002,4.88000,4.72000
,,, 0.00126000005,4.88000,4.88000
,,, 0.00126399996,4.88000,4.88000
,,, 0.00126799999,4.88000,4.80000
,,, 0.00127200002,4.88000,4.80000
,,, 0.00127600005,4.88000,4.80000
,,, 0.00127999997,4.88000,4.88000
,,, 0.00128400000,4.88000,4.80000
,,, 0.00128800003,4.88000,4.88000
,,, 0.00129199994,4.88000,4.88000
,,, 0.00129599997,4.88000,4.88000
,,, 0.00130000000,4.88000,4.88000
,,, 0.00130400003,4.88000,4.88000
,,, 0.00130799995,4.88000,4.88000
,,, 0.00131199998,4.88000,4.80000
,,, 0.00131600001,4.88000,4.80000
,,, 0.00132000004,4.88000,4.88000
,,, 0.00132399995,4.88000,4.88000
,,, 0.00132799998,4.88000,4.80000
,,, 0.00133200001,4.88000,4.80000
,,, 0.00133600004,4.88000,4.88000
,,, 0.00133999996,4.88000,4.88000
,,, 0.00134399999,4.88000,4.88000
,,, 0.00134800002,4.88000,4.80000
,,, 0.00135200005,4.88000,4.80000
,,, 0.00135599996,4.88000,4.80000
,,, 0.00135999999,4.88000,4.88000
,,, 0.00136400003,4.88000,4.88000
,,, 0.00136799994,4.88000,4.88000
,,, 0.00137199997,4.88000,4.88000
,,, 0.00137600000,4.88000,4.88000
,,, 0.00138000003,4.80000,4.88000
,,, 0.00138399994,4.88000,4.80000
,,, 0.00138799998,4.88000,4.80000
,,, 0.00139200001,4.88000,4.80000
,,, 0.00139600004,4.88000,4.88000
,,, 0.00139999995,4.88000,4.80000
,,, 0.00140399998,4.88000,4.80000
,,, 0.00140800001,4.88000,4.80000
,,, 0.00141200004,4.88000,4.80000
,,, 0.00141599996,4.88000,4.80000
,,, 0.00141999999,4.88000,4.80000
,,, 0.00142400002,4.88000,4.80000
,,, 0.00142800005,4.88000,4.80000
,,, 0.00143199996,4.88000,4.80000
,,, 0.00143599999,4.88000,4.80000
,,, 0.00144000002,4.88000,4.80000
,,, 0.00144400005,4.88000,4.80000
,,, 0.00144799997,4.88000,4.88000
,,, 0.00145200000,4.88000,4.80000
,,, 0.00145600003,4.80000,4.80000
,,, 0.00145999994,4.88000,4.80000
,,, 0.00146399997,4.88000,4.88000
,,, 0.00146800000,4.88000,4.80000
,,, 0.00147200003,4.88000,4.88000
,,, 0.00147599995,4.80000,4.80000
,,, 0.00147999998,4.88000,4.80000
,,, 0.00148400001,4.88000,4.80000
,,, 0.00148800004,4.88000,4.80000
,,, 0.00149199995,4.88000,4.80000
,,, 0.00149599998,4.88000,4.80000
,,, 0.00150000001,4.88000,4.88000
,,, 0.00150400004,4.88000,4.80000
,,, 0.00150799996,4.88000,4.80000
,,, 0.00151199999,4.80000,4.80000
,,, 0.00151600002,4.88000,4.88000
,,, 0.00152000005,4.88000,4.88000
,,, 0.00152399996,4.88000,4.80000
,,, 0.00152799999,4.80000,4.88000
,,, 0.00153200002,4.80000,4.88000
,,, 0.00153600005,4.88000,4.80000
,,, 0.00153999997,4.88000,4.88000
,,, 0.00154400000,4.88000,4.80000
,,, 0.00154800003,4.88000,4.80000
,,, 0.00155199994,4.80000,4.88000
,,, 0.00155599997,4.88000,4.88000
,,, 0.00156000000,4.88000,4.80000
,,, 0.00156400003,4.88000,4.88000
,,, 0.00156799995,4.88000,4.80000
,,, 0.00157199998,4.88000,4.88000
,,, 0.00157600001,4.88000,4.80000
,,, 0.00158000004,4.80000,4.80000
,,, 0.00158399995,4.88000,4.80000
,,, 0.00158799998,4.88000,4.88000
,,, 0.00159200002,4.88000,4.80000
,,, 0.00159600005,4.88000,4.80000
,,, 0.00159999996,4.88000,4.80000
,,, 0.00160399999,4.88000,4.88000
,,, 0.00160800002,4.88000,4.88000
,,, 0.00161200005,4.88000,4.80000
,,, 0.00161599996,4.88000,4.80000
,,, 0.00162000000,4.88000,4.80000
,,, 0.00162400003,4.88000,4.88000
,,, 0.00162799994,4.88000,4.88000
,,, 0.00163199997,4.88000,4.80000
,,, 0.00163600000,4.88000,4.88000
,,, 0.00164000003,4.88000,4.80000
,,, 0.00164399995,4.88000,4.80000
,,, 0.00164799998,4.88000,4.88000
,,, 0.00165200001,4.88000,4.88000
,,, 0.00165600004,4.88000,4.88000
,,, 0.00165999995,4.88000,4.88000
,,, 0.00166399998,4.88000,4.80000
,,, 0.00166800001,4.88000,4.80000
,,, 0.00167200004,4.88000,4.88000
,,, 0.00167599996,4.88000,4.88000
,,, 0.00167999999,4.88000,4.88000
,,, 0.00168400002,4.88000,4.88000
,,, 0.00168800005,4.80000,4.80000
,,, 0.00169199996,4.88000,4.80000
,,, 0.00169599999,4.88000,4.80000
,,, 0.00170000002,4.88000,4.80000
,,, 0.00170400005,4.88000,4.80000
,,, 0.00170799997,4.88000,4.80000
,,, 0.00171200000,4.88000,4.80000
,,, 0.00171600003,4.80000,4.80000
,,, 0.00171999994,4.80000,4.88000
,,, 0.00172399997,4.80000,4.80000
,,, 0.00172800000,4.80000,4.80000
,,, 0.00173200003,4.88000,4.80000
,,, 0.00173599995,4.88000,4.80000
,,, 0.00173999998,4.88000,4.80000
,,, 0.00174400001,4.88000,4.80000
,,, 0.00174800004,4.88000,4.80000
,,, 0.00175199995,4.80000,4.88000
,,, 0.00175599998,4.80000,4.80000
,,, 0.00176000001,4.80000,4.80000
,,, 0.00176400004,4.88000,4.80000
,,, 0.00176799996,4.88000,4.88000
,,, 0.00177199999,4.80000,4.80000
,,, 0.00177600002,4.88000,4.88000
,,, 0.00178000005,4.80000,4.80000
,,, 0.00178399996,4.88000,4.80000
,,, 0.00178799999,4.88000,4.80000
,,, 0.00179200002,4.88000,4.88000
,,, 0.00179599994,4.88000,4.80000
,,, 0.00179999997,4.80000,4.88000
,,, 0.00180400000,4.88000,4.88000
,,, 0.00180800003,4.88000,4.80000
,,, 0.00181199994,4.88000,4.88000
,,, 0.00181599997,4.88000,4.88000
,,, 0.00182000000,4.88000,4.88000
,,, 0.00182400004,4.88000,4.80000
,,, 0.00182799995,4.88000,4.80000
,,, 0.00183199998,4.88000,4.88000
,,, 0.00183600001,4.88000,4.88000
,,, 0.00184000004,4.88000,4.88000
,,, 0.00184399995,4.88000,4.80000
,,, 0.00184799999,4.88000,4.80000
,,, 0.00185200002,4.88000,4.80000
,,, 0.00185600005,4.88000,4.80000
,,, 0.00185999996,4.88000,4.88000
,,, 0.00186399999,4.88000,4.88000
,,, 0.00186800002,4.88000,4.80000
,,, 0.00187200005,4.88000,4.80000
,,, 0.00187599997,4.88000,4.88000
,,, 0.00188000000,4.88000,4.80000
,,, 0.00188400003,4.88000,4.80000
,,, 0.00188799994,4.88000,4.80000
,,, 0.00189199997,4.88000,4.88000
,,, 0.00189600000,4.88000,4.80000
,,, 0.00190000003,4.88000,4.80000
,,, 0.00190399995,4.88000,4.88000
,,, 0.00190799998,4.88000,4.80000
,,, 0.00191200001,4.88000,4.88000
,,, 0.00191600004,4.88000,4.88000
,,, 0.00191999995,4.88000,4.80000
,,, 0.00192399998,4.88000,4.88000
,,, 0.00192800001,4.88000,4.88000
,,, 0.00193200004,4.88000,4.80000
,,, 0.00193599996,4.88000,4.88000
,,, 0.00193999999,4.80000,4.80000
,,, 0.00194400002,4.80000,4.80000
,,, 0.00194800005,4.88000,4.80000
,,, 0.00195199996,4.88000,4.88000
,,, 0.00195599999,4.88000,4.80000
,,, 0.00196000002,4.80000,4.80000
,,, 0.00196400005,4.88000,4.80000
,,, 0.00196800008,4.88000,4.88000
,,, 0.00197199988,4.88000,4.80000
,,, 0.00197599991,4.80000,4.80000
,,, 0.00197999994,4.88000,4.80000
,,, 0.00198399997,4.88000,4.88000
,,, 0.00198800000,4.88000,4.88000
,,, 0.00199200003,4.88000,4.80000
,,, 0.00199600006,4.88000,4.88000
,,, 0.00200000009,4.88000,4.88000
,,, 0.00200399989,4.88000,4.88000
,,, 0.00200799992,4.88000,4.80000
,,, 0.00201199995,4.88000,4.80000
,,, 0.00201599998,4.88000,4.88000
,,, 0.00202000001,4.88000,4.80000
,,, 0.00202400004,4.88000,4.80000
,,, 0.00202800008,4.88000,4.88000
,,, 0.00203200011,4.88000,4.88000
,,, 0.00203599990,4.88000,4.88000
,,, 0.00203999993,4.88000,4.88000
,,, 0.00204399996,4.80000,4.80000
,,, 0.00204799999,4.88000,4.80000
,,, 0.00205200003,4.88000,4.88000
,,, 0.00205600006,4.88000,4.88000
,,, 0.00206000009,4.88000,4.88000
,,, 0.00206399988,4.88000,4.80000
,,, 0.00206799991,4.88000,4.88000
,,, 0.00207199994,4.88000,4.88000
,,, 0.00207599998,4.88000,4.88000
,,, 0.00208000001,4.88000,4.88000
,,, 0.00208400004,4.88000,4.80000
,,, 0.00208800007,4.88000,4.80000
,,, 0.00209200010,4.88000,4.88000
,,, 0.00209599989,4.88000,4.80000
,,, 0.00209999993,4.88000,4.88000
,,, 0.00210399996,4.88000,4.88000
,,, 0.00210799999,4.88000,4.88000
,,, 0.00211200002,4.88000,4.80000
,,, 0.00211600005,4.80000,4.88000
,,, 0.00212000008,4.88000,4.80000
,,, 0.00212400011,4.88000,4.88000
,,, 0.00212799991,4.88000,4.88000
,,, 0.00213199994,4.88000,4.88000
,,, 0.00213599997,4.88000,4.88000
,,, 0.00214000000,4.88000,4.80000
,,, 0.00214400003,4.88000,4.88000
,,, 0.00214800006,4.88000,4.80000
,,, 0.00215200009,4.88000,4.80000
,,, 0.00215599989,4.88000,4.88000
,,, 0.00215999992,4.88000,4.88000
,,, 0.00216399995,4.88000,4.80000
,,, 0.00216799998,4.88000,4.80000
,,, 0.00217200001,4.80000,4.88000
,,, 0.00217600004,4.88000,4.88000
,,, 0.00218000007,4.88000,4.88000
,,, 0.00218400010,4.88000,4.80000
,,, 0.00218799990,4.88000,4.80000
,,, 0.00219199993,4.88000,4.80000
,,, 0.00219599996,4.88000,4.88000
,,, 0.00219999999,4.88000,4.80000
,,, 0.00220400002,4.88000,4.88000
,,, 0.00220800005,4.88000,4.80000
,,, 0.00221200008,4.88000,4.80000
,,, 0.00221600011,4.88000,4.88000
,,, 0.00221999991,4.88000,4.88000
,,, 0.00222399994,4.88000,4.88000
,,, 0.00222799997,4.88000,4.80000
,,, 0.00223200000,4.88000,4.88000
,,, 0.00223600003,4.88000,4.88000
,,, 0.00224000006,4.88000,4.80000
,,, 0.00224400009,4.88000,4.88000
,,, 0.00224799989,4.88000,4.80000
,,, 0.00225199992,4.88000,4.88000
,,, 0.00225599995,4.88000,4.80000
,,, 0.00225999998,4.88000,4.80000
,,, 0.00226400001,4.88000,4.80000
,,, 0.00226800004,4.88000,4.88000
,,, 0.00227200007,4.88000,4.80000
,,, 0.00227600010,4.88000,4.80000
,,, 0.00227999990,4.88000,4.80000
,,, 0.00228399993,4.88000,4.88000
,,, 0.00228799996,4.88000,4.88000
,,, 0.00229199999,4.88000,4.88000
,,, 0.00229600002,4.88000,4.88000
,,, 0.00230000005,4.88000,4.88000
,,, 0.00230400008,4.88000,4.80000
,,, 0.00230799988,4.88000,4.88000
,,, 0.00231199991,4.88000,4.88000
,,, 0.00231599994,4.88000,4.88000
,,, 0.00231999997,4.88000,4.88000
,,, 0.00232400000,4.88000,4.88000
,,, 0.00232800003,4.88000,4.88000
,,, 0.00233200006,4.88000,4.80000
,,, 0.00233600009,4.88000,4.80000
,,, 0.00233999989,4.88000,4.88000
,,, 0.00234399992,4.88000,4.80000
,,, 0.00234799995,4.88000,4.88000
,,, 0.00235199998,4.88000,4.80000
,,, 0.00235600001,4.88000,4.80000
,,, 0.00236000004,4.88000,4.88000
,,, 0.00236400007,4.88000,4.88000
,,, 0.00236800010,4.88000,4.88000
,,, 0.00237199990,4.88000,4.88000
,,, 0.00237599993,4.88000,4.80000
,,, 0.00237999996,4.88000,4.80000
,,, 0.00238399999,4.88000,4.88000
,,, 0.00238800002,4.88000,4.88000
,,, 0.00239200005,4.88000,4.88000
,,, 0.00239600008,4.88000,4.88000
,,, 0.00239999988,4.88000,4.88000
,,, 0.00240399991,4.88000,4.88000
,,, 0.00240799994,4.88000,4.80000
,,, 0.00241199997,4.88000,4.88000
,,, 0.00241600000,4.88000,4.88000
,,, 0.00242000003,4.88000,4.88000
,,, 0.00242400006,4.88000,4.80000
,,, 0.00242800009,4.88000,4.80000
,,, 0.00243199989,4.88000,4.88000
,,, 0.00243599992,4.88000,4.80000
,,, 0.00243999995,4.88000,4.88000
,,, 0.00244399998,4.88000,4.88000
,,, 0.00244800001,4.88000,4.88000
,,, 0.00245200004,4.88000,4.88000
,,, 0.00245600007,4.88000,4.88000
,,, 0.00246000011,4.88000,4.88000
,,, 0.00246399990,4.88000,4.88000
,,, 0.00246799993,4.88000,4.88000
,,, 0.00247199996,4.88000,4.80000
,,, 0.00247599999,4.88000,4.80000
,,, 0.00248000002,4.88000,4.88000
,,, 0.00248400006,4.88000,4.80000
,,, 0.00248800009,4.88000,4.80000
,,, 0.00249199988,4.88000,4.88000
,,, 0.00249599991,4.88000,4.88000
,,, 0.00249999994,4.88000,4.88000
,,, 0.00250399997,4.88000,4.88000
,,, 0.00250800001,4.88000,4.88000
,,, 0.00251200004,4.88000,4.88000
,,, 0.00251600007,4.88000,4.88000
,,, 0.00252000010,4.88000,4.80000
,,, 0.00252399989,4.88000,4.88000
,,, 0.00252799992,4.88000,4.88000
,,, 0.00253199995,4.88000,4.80000
,,, 0.00253599999,4.88000,4.88000
,,, 0.00254000002,4.88000,4.80000
,,, 0.00254400005,4.88000,4.80000
,,, 0.00254800008,4.88000,4.88000
,,, 0.00255200011,4.88000,4.88000
,,, 0.00255599990,4.88000,4.88000
,,, 0.00255999994,4.88000,4.88000
,,, 0.00256399997,4.88000,4.88000
,,, 0.00256800000,4.88000,4.88000
,,, 0.00257200003,4.88000,4.88000
,,, 0.00257600006,4.88000,4.80000
,,, 0.00258000009,4.88000,4.88000
,,, 0.00258399989,4.88000,4.88000
,,, 0.00258799992,4.88000,4.88000
,,, 0.00259199995,4.88000,4.88000
,,, 0.00259599998,4.88000,4.80000
,,, 0.00260000001,4.88000,4.88000
,,, 0.00260400004,4.88000,4.88000
,,, 0.00260800007,4.88000,4.80000
,,, 0.00261200010,4.88000,4.88000
,,, 0.00261599990,4.88000,4.88000
,,, 0.00261999993,4.88000,4.80000
,,, 0.00262399996,4.88000,4.88000
,,, 0.00262799999,4.88000,4.88000
,,, 0.00263200002,4.88000,4.80000
,,, 0.00263600005,4.88000,4.88000
,,, 0.00264000008,4.88000,4.88000
,,, 0.00264400011,4.88000,4.88000
,,, 0.00264799991,4.88000,4.88000
,,, 0.00265199994,4.88000,4.88000
,,, 0.00265599997,4.88000,4.80000
,,, 0.00266000000,4.88000,4.88000
,,, 0.00266400003,4.88000,4.88000
,,, 0.00266800006,4.88000,4.80000
,,, 0.00267200009,4.88000,4.80000
,,, 0.00267599989,4.88000,4.80000
,,, 0.00267999992,4.88000,4.88000
,,, 0.00268399995,4.88000,4.88000
,,, 0.00268799998,4.88000,4.88000
,,, 0.00269200001,4.88000,4.88000
,,, 0.00269600004,4.88000,4.88000
,,, 0.00270000007,4.88000,4.88000
,,, 0.00270400010,4.88000,4.88000
,,, 0.00270799990,4.88000,4.88000
,,, 0.00271199993,4.88000,4.88000
,,, 0.00271599996,4.88000,4.88000
,,, 0.00271999999,4.88000,4.88000
,,, 0.00272400002,4.88000,4.88000
,,, 0.00272800005,4.88000,4.88000
,,, 0.00273200008,4.88000,4.80000
,,, 0.00273599988,4.88000,4.80000
,,, 0.00273999991,4.88000,4.88000
,,, 0.00274399994,4.88000,4.88000
,,, 0.00274799997,4.88000,4.80000
,,, 0.00275200000,4.88000,4.88000
,,, 0.00275600003,4.88000,4.88000
,,, 0.00276000006,4.88000,4.88000
,,, 0.00276400009,4.88000,4.80000
,,, 0.00276799989,4.88000,4.80000
,,, 0.00277199992,4.88000,4.88000
,,, 0.00277599995,4.88000,4.88000
,,, 0.00277999998,4.88000,4.88000
,,, 0.00278400001,4.88000,4.88000
,,, 0.00278800004,4.88000,4.88000
,,, 0.00279200007,4.88000,4.88000
,,, 0.00279600010,4.88000,4.88000
,,, 0.00279999990,4.88000,4.80000
,,, 0.00280399993,4.88000,4.88000
,,, 0.00280799996,4.88000,4.88000
,,, 0.00281199999,4.88000,4.88000
,,, 0.00281600002,4.88000,4.88000
,,, 0.00282000005,4.88000,4.80000
,,, 0.00282400008,4.88000,4.80000
,,, 0.00282799988,4.88000,4.88000
,,, 0.00283199991,4.88000,4.88000
,,, 0.00283599994,4.88000,4.80000
,,, 0.00283999997,4.88000,4.88000
,,, 0.00284400000,4.88000,4.88000
,,, 0.00284800003,4.88000,4.88000
,,, 0.00285200006,4.88000,4.88000
,,, 0.00285600009,4.88000,4.88000
,,, 0.00285999989,4.88000,4.88000
,,, 0.00286399992,4.88000,4.88000
,,, 0.00286799995,4.88000,4.88000
,,, 0.00287199998,4.88000,4.88000
,,, 0.00287600001,4.88000,4.88000
,,, 0.00288000004,4.88000,4.88000
,,, 0.00288400007,4.88000,4.88000
,,, 0.00288800010,4.88000,4.80000
,,, 0.00289199990,4.88000,4.88000
,,, 0.00289599993,4.88000,4.88000
,,, 0.00289999996,4.88000,4.80000
,,, 0.00290399999,4.88000,4.88000
,,, 0.00290800002,4.88000,4.88000
,,, 0.00291200005,4.88000,4.88000
,,, 0.00291600008,4.88000,4.88000
,,, 0.00291999988,4.80000,4.88000
,,, 0.00292399991,4.88000,4.88000
,,, 0.00292799994,4.88000,4.88000
,,, 0.00293199997,4.88000,4.80000
,,, 0.00293600000,4.88000,4.88000
,,, 0.00294000003,4.88000,4.80000
,,, 0.00294400007,4.88000,4.80000
,,, 0.00294800010,4.88000,4.88000
,,, 0.00295199989,4.88000,4.88000
,,, 0.00295599992,4.88000,4.88000
,,, 0.00295999995,4.88000,4.88000
,,, 0.00296399998,4.88000,4.80000
,,, 0.00296800002,4.88000,4.88000
,,, 0.00297200005,4.88000,4.88000
,,, 0.00297600008,4.88000,4.88000
,,, 0.00298000011,4.80000,4.80000
,,, 0.00298399990,4.88000,4.88000
,,, 0.00298799993,4.88000,4.88000
,,, 0.00299199997,4.88000,4.80000
,,, 0.00299600000,4.88000,4.88000
,,, 0.00300000003,4.88000,4.80000
,,, 0.00300400006,4.88000,4.80000
,,, 0.00300800009,4.88000,4.88000
,,, 0.00301199988,4.88000,4.88000
,,, 0.00301599992,4.88000,4.88000
,,, 0.00301999995,4.88000,4.88000
,,, 0.00302399998,4.88000,4.88000
,,, 0.00302800001,4.88000,4.88000
,,, 0.00303200004,4.88000,4.88000
,,, 0.00303600007,4.88000,4.80000
,,, 0.00304000010,4.88000,4.80000
,,, 0.00304399990,4.88000,4.80000
,,, 0.00304799993,4.88000,4.88000
,,, 0.00305199996,4.88000,4.88000
,,, 0.00305599999,4.88000,4.88000
,,, 0.00306000002,4.88000,4.80000
,,, 0.00306400005,4.88000,4.88000
,,, 0.00306800008,4.88000,4.88000
,,, 0.00307200011,4.88000,4.88000
,,, 0.00307599991,4.88000,4.88000
,,, 0.00307999994,4.88000,4.88000
,,, 0.00308399997,4.88000,4.88000
,,, 0.00308800000,4.88000,4.88000
,,, 0.00309200003,4.88000,4.88000
,,, 0.00309600006,4.88000,4.80000
,,, 0.00310000009,4.88000,4.80000
,,, 0.00310399989,4.88000,4.88000
,,, 0.00310799992,4.88000,4.88000
,,, 0.00311199995,4.88000,4.88000
,,, 0.00311599998,4.88000,4.88000
,,, 0.00312000001,4.88000,4.88000
,,, 0.00312400004,4.88000,4.88000
,,, 0.00312800007,4.88000,4.88000
,,, 0.00313200010,4.88000,4.80000
,,, 0.00313599990,4.88000,4.88000
,,, 0.00313999993,4.88000,4.88000
,,, 0.00314399996,4.88000,4.88000
,,, 0.00314799999,4.88000,4.80000
,,, 0.00315200002,4.88000,4.88000
,,, 0.00315600005,4.88000,4.88000
,,, 0.00316000008,4.88000,4.88000
,,, 0.00316399988,4.88000,4.80000
,,, 0.00316799991,4.88000,4.80000
,,, 0.00317199994,4.88000,4.88000
,,, 0.00317599997,4.88000,4.88000
,,, 0.00318000000,4.88000,4.88000
,,, 0.00318400003,4.88000,4.80000
,,, 0.00318800006,4.88000,4.80000
,,, 0.00319200009,4.88000,4.80000
,,, 0.00319599989,4.88000,4.80000
,,, 0.00319999992,4.88000,4.80000
,,, 0.00320399995,4.88000,4.88000
,,, 0.00320799998,4.88000,4.80000
,,, 0.00321200001,4.88000,4.88000
,,, 0.00321600004,4.88000,4.88000
,,, 0.00322000007,4.88000,4.80000
,,, 0.00322400010,4.88000,4.80000
,,, 0.00322799990,4.88000,4.80000
,,, 0.00323199993,4.88000,4.88000
,,, 0.00323599996,4.88000,4.88000
,,, 0.00323999999,4.88000,4.80000
,,, 0.00324400002,4.88000,4.88000
,,, 0.00324800005,4.88000,4.88000
,,, 0.00325200008,4.80000,4.88000
,,, 0.00325599988,4.80000,4.80000
,,, 0.00325999991,4.80000,4.80000
,,, 0.00326399994,4.88000,4.88000
,,, 0.00326799997,4.88000,4.88000
,,, 0.00327200000,4.88000,4.80000
,,, 0.00327600003,4.80000,4.88000
,,, 0.00328000006,4.88000,4.88000
,,, 0.00328400009,4.88000,4.88000
,,, 0.00328799989,4.88000,4.88000
,,, 0.00329199992,4.88000,4.80000
,,, 0.00329599995,4.88000,4.80000
,,, 0.00329999998,4.88000,4.80000
,,, 0.00330400001,4.88000,4.80000
,,, 0.00330800004,4.88000,4.80000
,,, 0.00331200007,4.88000,4.88000
,,, 0.00331600010,4.88000,4.88000
,,, 0.00331999990,4.88000,4.88000
,,, 0.00332399993,4.88000,4.88000
,,, 0.00332799996,4.88000,4.80000
,,, 0.00333199999,4.88000,4.80000
,,, 0.00333600002,4.88000,4.88000
,,, 0.00334000005,4.88000,4.88000
,,, 0.00334400008,4.88000,4.80000
,,, 0.00334799988,4.88000,4.80000
,,, 0.00335199991,4.88000,4.88000
,,, 0.00335599994,4.88000,4.88000
,,, 0.00335999997,4.88000,4.88000
,,, 0.00336400000,4.88000,4.80000
,,, 0.00336800003,4.88000,4.80000
,,, 0.00337200006,4.88000,4.88000
,,, 0.00337600010,4.88000,4.88000
,,, 0.00337999989,4.88000,4.88000
,,, 0.00338399992,4.88000,4.80000
,,, 0.00338799995,4.88000,4.88000
,,, 0.00339199998,4.88000,4.88000
,,, 0.00339600001,4.88000,4.88000
,,, 0.00340000005,4.88000,4.88000
,,, 0.00340400008,4.88000,4.88000
,,, 0.00340800011,4.88000,4.80000
,,, 0.00341199990,4.88000,4.88000
,,, 0.00341599993,4.88000,4.88000
,,, 0.00341999996,4.88000,4.80000
,,, 0.00342399999,4.88000,4.80000
,,, 0.00342800003,4.88000,4.80000
,,, 0.00343200006,4.88000,4.88000
,,, 0.00343600009,4.88000,4.80000
,,, 0.00343999988,4.88000,4.88000
,,, 0.00344399991,4.88000,4.88000
,,, 0.00344799994,4.88000,4.88000
,,, 0.00345199998,4.88000,4.80000
,,, 0.00345600001,4.88000,4.80000
,,, 0.00346000004,4.88000,4.80000
,,, 0.00346400007,4.88000,4.88000
,,, 0.00346800010,4.88000,4.88000
,,, 0.00347199989,4.88000,4.80000
,,, 0.00347599993,4.88000,4.80000
,,, 0.00347999996,4.88000,4.80000
,,, 0.00348399999,4.88000,4.88000
,,, 0.00348800002,4.88000,4.88000
,,, 0.00349200005,4.88000,4.88000
,,, 0.00349600008,4.88000,4.88000
,,, 0.00349999988,4.88000,4.80000
,,, 0.00350399991,4.88000,4.88000
,,, 0.00350799994,4.88000,4.80000
,,, 0.00351199997,4.88000,4.88000
,,, 0.00351600000,4.88000,4.88000
,,, 0.00352000003,4.88000,4.80000
,,, 0.00352400006,4.88000,4.88000
,,, 0.00352800009,4.88000,4.80000
,,, 0.00353199989,4.88000,4.88000
,,, 0.00353599992,4.88000,4.88000
,,, 0.00353999995,4.88000,4.80000
,,, 0.00354399998,4.88000,4.80000
,,, 0.00354800001,4.88000,4.88000
,,, 0.00355200004,4.88000,4.88000
,,, 0.00355600007,4.80000,4.88000
,,, 0.00356000010,4.88000,4.88000
,,, 0.00356399990,4.88000,4.80000
,,, 0.00356799993,4.88000,4.80000
,,, 0.00357199996,4.88000,4.80000
,,, 0.00357599999,4.88000,4.80000
,,, 0.00358000002,4.88000,4.88000
,,, 0.00358400005,4.88000,4.88000
,,, 0.00358800008,4.88000,4.88000
,,, 0.00359199988,4.88000,4.80000
,,, 0.00359599991,4.88000,4.88000
,,, 0.00359999994,4.88000,4.80000
,,, 0.00360399997,4.88000,4.88000
,,, 0.00360800000,4.88000,4.88000
,,, 0.00361200003,4.88000,4.88000
,,, 0.00361600006,4.88000,4.80000
,,, 0.00362000009,4.88000,4.80000
,,, 0.00362399989,4.88000,4.80000
,,, 0.00362799992,4.88000,4.80000
,,, 0.00363199995,4.80000,4.80000
,,, 0.00363599998,4.88000,4.80000
,,, 0.00364000001,4.88000,4.80000
,,, 0.00364400004,4.88000,4.80000
,,, 0.00364800007,4.88000,4.80000
,,, 0.00365200010,4.88000,4.80000
,,, 0.00365599990,4.88000,4.80000
,,, 0.00365999993,4.88000,4.80000
,,, 0.00366399996,4.88000,4.88000
,,, 0.00366799999,4.88000,4.80000
,,, 0.00367200002,4.88000,4.80000
,,, 0.00367600005,4.88000,4.88000
,,, 0.00368000008,4.88000,4.88000
,,, 0.00368399988,4.88000,4.80000
,,, 0.00368799991,4.88000,4.80000
,,, 0.00369199994,4.88000,4.80000
,,, 0.00369599997,4.88000,4.88000
,,, 0.00370000000,4.88000,4.80000
,,, 0.00370400003,4.88000,4.88000
,,, 0.00370800006,4.88000,4.80000
,,, 0.00371200009,4.88000,4.88000
,,, 0.00371599989,4.88000,4.80000
,,, 0.00371999992,4.80000,4.88000
,,, 0.00372399995,4.88000,4.80000
,,, 0.00372799998,4.88000,4.80000
,,, 0.00373200001,4.88000,4.88000
,,, 0.00373600004,4.88000,4.88000
,,, 0.00374000007,4.80000,4.88000
,,, 0.00374400010,4.88000,4.80000
,,, 0.00374799990,4.88000,4.80000
,,, 0.00375199993,4.88000,4.88000
,,, 0.00375599996,4.88000,4.88000
,,, 0.00375999999,4.88000,4.88000
,,, 0.00376400002,4.88000,4.88000
,,, 0.00376800005,4.88000,4.88000
,,, 0.00377200008,4.88000,4.80000
,,, 0.00377599988,4.80000,4.88000
,,, 0.00377999991,4.88000,4.80000
,,, 0.00378399994,4.88000,4.88000
,,, 0.00378799997,4.88000,4.88000
,,, 0.00379200000,4.88000,4.88000
,,, 0.00379600003,4.88000,4.80000
,,, 0.00380000006,4.88000,4.88000
,,, 0.00380400009,4.88000,4.88000
,,, 0.00380799989,4.88000,4.80000
,,, 0.00381199992,4.88000,4.80000
,,, 0.00381599995,4.88000,4.88000
,,, 0.00381999998,4.88000,4.88000
,,, 0.00382400001,4.88000,4.80000
,,, 0.00382800004,4.88000,4.88000
,,, 0.00383200007,4.88000,4.80000
,,, 0.00383600011,4.88000,4.80000
,,, 0.00383999990,4.88000,4.88000
,,, 0.00384399993,4.88000,4.88000
,,, 0.00384799996,4.88000,4.80000
,,, 0.00385199999,4.88000,4.88000
,,, 0.00385600002,4.88000,4.88000
,,, 0.00386000006,4.88000,4.88000
,,, 0.00386400009,4.88000,4.88000
,,, 0.00386799988,4.88000,4.80000
,,, 0.00387199991,4.88000,4.80000
,,, 0.00387599994,4.88000,4.88000
,,, 0.00387999997,4.88000,4.80000
,,, 0.00388400001,4.88000,4.80000
,,, 0.00388800004,4.88000,4.88000
,,, 0.00389200007,4.88000,4.88000
,,, 0.00389600010,4.88000,4.88000
,,, 0.00389999989,4.88000,4.80000
,,, 0.00390399992,4.88000,4.80000
,,, 0.00390799996,4.88000,4.80000
,,, 0.00391199999,4.88000,4.80000
,,, 0.00391600002,4.88000,4.88000
,,, 0.00392000005,4.88000,4.80000
,,, 0.00392400008,4.88000,4.88000
,,, 0.00392800011,4.88000,4.88000
,,, 0.00393200014,4.88000,4.80000
,,, 0.00393600017,4.88000,4.88000
,,, 0.00394000020,4.88000,4.88000
,,, 0.00394399976,4.88000,4.80000
,,, 0.00394799979,4.88000,4.88000
,,, 0.00395199982,4.88000,4.80000
,,, 0.00395599985,4.88000,4.80000
,,, 0.00395999989,4.88000,4.88000
,,, 0.00396399992,4.88000,4.80000
,,, 0.00396799995,4.88000,4.88000
,,, 0.00397199998,4.88000,4.88000
,,, 0.00397600001,4.80000,4.80000
,,, 0.00398000004,4.88000,4.80000
,,, 0.00398400007,4.88000,4.80000
,,, 0.00398800010,4.88000,4.80000
,,, 0.00399200013,4.88000,4.88000
,,, 0.00399600016,4.88000,4.88000
,,, 0.00400000019,4.88000,4.88000
,,, 0.00400400022,4.88000,4.88000
,,, 0.00400799979,4.88000,4.88000
,,, 0.00401199982,4.88000,4.88000
,,, 0.00401599985,4.88000,4.88000
,,, 0.00401999988,4.88000,4.80000
,,, 0.00402399991,4.88000,4.88000
,,, 0.00402799994,4.88000,4.80000
,,, 0.00403199997,4.88000,4.80000
,,, 0.00403600000,4.88000,4.88000
,,, 0.00404000003,4.88000,4.88000
,,, 0.00404400006,4.88000,4.88000
,,, 0.00404800009,4.88000,4.80000
,,, 0.00405200012,4.88000,4.88000
,,, 0.00405600015,4.88000,4.88000
,,, 0.00406000018,4.88000,4.88000
,,, 0.00406400021,4.88000,4.88000
,,, 0.00406799978,4.88000,4.88000
,,, 0.00407199981,4.88000,4.88000
,,, 0.00407599984,4.88000,4.88000
,,, 0.00407999987,4.88000,4.88000
,,, 0.00408399990,4.88000,4.80000
,,, 0.00408799993,4.88000,4.88000
,,, 0.00409199996,4.88000,4.80000
,,, 0.00409599999,4.88000,4.88000
,,, 0.00410000002,4.88000,4.80000
,,, 0.00410400005,4.88000,4.80000
,,, 0.00410800008,4.88000,4.80000
,,, 0.00411200011,4.88000,4.88000
,,, 0.00411600014,4.88000,4.88000
,,, 0.00412000017,4.88000,4.80000
,,, 0.00412400020,4.88000,4.80000
,,, 0.00412799977,4.88000,4.88000
,,, 0.00413199980,4.88000,4.88000
,,, 0.00413599983,4.88000,4.88000
,,, 0.00413999986,4.88000,4.80000
,,, 0.00414399989,4.88000,4.80000
,,, 0.00414799992,4.88000,4.80000
,,, 0.00415199995,4.88000,4.88000
,,, 0.00415599998,4.88000,4.80000
,,, 0.00416000001,4.88000,4.80000
,,, 0.00416400004,4.88000,4.88000
,,, 0.00416800007,4.88000,4.88000
,,, 0.00417200010,4.88000,4.88000
,,, 0.00417600013,4.88000,4.80000
,,, 0.00418000016,4.88000,4.80000
,,, 0.00418400019,4.88000,4.88000
,,, 0.00418799976,4.88000,4.80000
,,, 0.00419199979,4.88000,4.80000
,,, 0.00419599982,4.80000,4.80000
,,, 0.00419999985,4.88000,4.80000
,,, 0.00420399988,4.88000,4.88000
,,, 0.00420799991,4.88000,4.88000
,,, 0.00421199994,4.88000,4.80000
,,, 0.00421599997,4.88000,4.80000
,,, 0.00422000000,4.88000,4.88000
,,, 0.00422400003,4.88000,4.88000
,,, 0.00422800006,4.88000,4.80000
,,, 0.00423200009,4.88000,4.80000
,,, 0.00423600012,4.88000,4.80000
,,, 0.00424000015,4.88000,4.88000
,,, 0.00424400019,4.88000,4.80000
,,, 0.00424800022,4.88000,4.88000
,,, 0.00425199978,4.88000,4.88000
,,, 0.00425599981,4.88000,4.88000
,,, 0.00425999984,4.88000,4.88000
,,, 0.00426399987,4.88000,4.88000
,,, 0.00426799990,4.88000,4.88000
,,, 0.00427199993,4.88000,4.80000
,,, 0.00427599996,4.88000,4.80000
,,, 0.00427999999,4.88000,4.88000
,,, 0.00428400002,4.88000,4.88000
,,, 0.00428800005,4.88000,4.80000
,,, 0.00429200009,4.88000,4.88000
,,, 0.00429600012,4.88000,4.88000
,,, 0.00430000015,4.88000,4.88000
,,, 0.00430400018,4.88000,4.88000
,,, 0.00430800021,4.88000,4.80000
,,, 0.00431199977,4.88000,4.80000
,,, 0.00431599980,4.88000,4.88000
,,, 0.00431999983,4.88000,4.80000
,,, 0.00432399986,4.88000,4.80000
,,, 0.00432799989,4.88000,4.80000
,,, 0.00433199992,4.88000,4.88000
,,, 0.00433599995,4.88000,4.88000
,,, 0.00433999998,4.88000,4.88000
,,, 0.00434400002,4.88000,4.88000
,,, 0.00434800005,4.88000,4.88000
,,, 0.00435200008,4.88000,4.88000
,,, 0.00435600011,4.88000,4.88000
,,, 0.00436000014,4.88000,4.80000
,,, 0.00436400017,4.88000,4.80000
,,, 0.00436800020,4.88000,4.88000
,,, 0.00437199976,4.88000,4.88000
,,, 0.00437599979,4.88000,4.88000
,,, 0.00437999982,4.88000,4.80000
,,, 0.00438399985,4.88000,4.80000
,,, 0.00438799988,4.88000,4.80000
,,, 0.00439199992,4.88000,4.80000
,,, 0.00439599995,4.88000,4.88000
,,, 0.00439999998,4.88000,4.80000
,,, 0.00440400001,4.88000,4.88000
,,, 0.00440800004,4.88000,4.80000
,,, 0.00441200007,4.88000,4.88000
,,, 0.00441600010,4.88000,4.88000
,,, 0.00442000013,4.88000,4.80000
,,, 0.00442400016,4.88000,4.88000
,,, 0.00442800019,4.88000,4.88000
,,, 0.00443200022,4.88000,4.88000
,,, 0.00443599978,4.88000,4.80000
,,, 0.00443999982,4.88000,4.80000
,,, 0.00444399985,4.88000,4.88000
,,, 0.00444799988,4.88000,4.80000
,,, 0.00445199991,4.88000,4.88000
,,, 0.00445599994,4.88000,4.88000
,,, 0.00445999997,4.88000,4.88000
,,, 0.00446400000,4.88000,4.80000
,,, 0.00446800003,4.88000,4.88000
,,, 0.00447200006,4.88000,4.80000
,,, 0.00447600009,4.88000,4.80000
,,, 0.00448000012,4.88000,4.80000
,,, 0.00448400015,4.88000,4.80000
,,, 0.00448800018,4.88000,4.88000
,,, 0.00449200021,4.88000,4.88000
,,, 0.00449599978,4.80000,4.80000
,,, 0.00449999981,4.88000,4.88000
,,, 0.00450399984,4.88000,4.88000
,,, 0.00450799987,4.88000,4.88000
,,, 0.00451199990,4.88000,4.80000
,,, 0.00451599993,4.88000,4.80000
,,, 0.00451999996,4.88000,4.80000
,,, 0.00452399999,4.88000,4.88000
,,, 0.00452800002,4.88000,4.80000
,,, 0.00453200005,4.88000,4.80000
,,, 0.00453600008,4.88000,4.80000
,,, 0.00454000011,4.88000,4.80000
,,, 0.00454400014,4.88000,4.88000
,,, 0.00454800017,4.88000,4.80000
,,, 0.00455200020,4.88000,4.80000
,,, 0.00455599977,4.88000,4.88000
,,, 0.00455999980,4.88000,4.88000
,,, 0.00456399983,4.88000,4.80000
,,, 0.00456799986,4.88000,4.80000
,,, 0.00457199989,4.88000,4.80000
,,, 0.00457599992,4.88000,4.80000
,,, 0.00457999995,4.88000,4.80000
,,, 0.00458399998,4.88000,4.80000
,,, 0.00458800001,4.88000,4.88000
,,, 0.00459200004,4.88000,4.88000
,,, 0.00459600007,4.88000,4.88000
,,, 0.00460000010,4.88000,4.80000
,,, 0.00460400013,4.88000,4.80000
,,, 0.00460800016,4.88000,4.80000
,,, 0.00461200019,4.88000,4.88000
,,, 0.00461599976,4.88000,4.88000
,,, 0.00461999979,4.88000,4.88000
,,, 0.00462399982,4.88000,4.80000
,,, 0.00462799985,4.88000,4.88000
,,, 0.00463199988,4.88000,4.80000
,,, 0.00463599991,4.88000,4.80000
,,, 0.00463999994,4.88000,4.80000
,,, 0.00464399997,4.88000,4.88000
,,, 0.00464800000,4.88000,4.88000
,,, 0.00465200003,4.88000,4.80000
,,, 0.00465600006,4.88000,4.80000
,,, 0.00466000009,4.88000,4.80000
,,, 0.00466400012,4.88000,4.80000
,,, 0.00466800015,4.88000,4.80000
,,, 0.00467200018,4.88000,4.80000
,,, 0.00467600022,4.88000,4.88000
,,, 0.00467999978,4.88000,4.80000
,,, 0.00468399981,4.88000,4.88000
,,, 0.00468799984,4.88000,4.88000
,,, 0.00469199987,4.88000,4.80000
,,, 0.00469599990,4.88000,4.80000
,,, 0.00469999993,4.88000,4.88000
,,, 0.00470399996,4.88000,4.88000
,,, 0.00470799999,4.88000,4.88000
,,, 0.00471200002,4.88000,4.88000
,,, 0.00471600005,4.88000,4.80000
,,, 0.00472000008,4.88000,4.80000
,,, 0.00472400011,4.88000,4.80000
,,, 0.00472800015,4.88000,4.88000
,,, 0.00473200018,4.88000,4.88000
,,, 0.00473600021,4.88000,4.80000
,,, 0.00473999977,4.88000,4.88000
,,, 0.00474399980,4.88000,4.88000
,,, 0.00474799983,4.88000,4.88000
,,, 0.00475199986,4.88000,4.88000
,,, 0.00475599989,4.88000,4.88000
,,, 0.00475999992,4.88000,4.88000
,,, 0.00476399995,4.88000,4.88000
,,, 0.00476799998,4.88000,4.80000
,,, 0.00477200001,4.88000,4.88000
,,, 0.00477600005,4.88000,4.80000
,,, 0.00478000008,4.88000,4.88000
,,, 0.00478400011,4.88000,4.88000
,,, 0.00478800014,4.88000,4.88000
,,, 0.00479200017,4.88000,4.88000
,,, 0.00479600020,4.88000,4.88000
,,, 0.00479999976,4.88000,4.80000
,,, 0.00480399979,4.88000,4.88000
,,, 0.00480799982,4.88000,4.88000
,,, 0.00481199985,4.88000,4.80000
,,, 0.00481599988,4.88000,4.80000
,,, 0.00481999991,4.88000,4.88000
,,, 0.00482399995,4.88000,4.88000
,,, 0.00482799998,4.88000,4.80000
,,, 0.00483200001,4.88000,4.88000
,,, 0.00483600004,4.88000,4.80000
,,, 0.00484000007,4.88000,4.88000
,,, 0.00484400010,4.88000,4.80000
,,, 0.00484800013,4.88000,4.88000
,,, 0.00485200016,4.88000,4.88000
,,, 0.00485600019,4.88000,4.88000
,,, 0.00486000022,4.88000,4.80000
,,, 0.00486399978,4.80000,4.80000
,,, 0.00486799981,4.88000,4.80000
,,, 0.00487199984,4.88000,4.80000
,,, 0.00487599988,4.88000,4.80000
,,, 0.00487999991,4.88000,4.88000
,,, 0.00488399994,4.88000,4.80000
,,, 0.00488799997,4.88000,4.88000
,,, 0.00489200000,4.88000,4.80000
,,, 0.00489600003,4.88000,4.88000
,,, 0.00490000006,4.88000,4.88000
,,, 0.00490400009,4.88000,4.88000
,,, 0.00490800012,4.88000,4.80000
,,, 0.00491200015,4.88000,4.88000
,,, 0.00491600018,4.88000,4.88000
,,, 0.00492000021,4.88000,4.88000
,,, 0.00492399978,4.88000,4.88000
,,, 0.00492799981,4.88000,4.80000
,,, 0.00493199984,4.88000,4.88000
,,, 0.00493599987,4.88000,4.88000
,,, 0.00493999990,4.88000,4.80000
,,, 0.00494399993,4.88000,4.88000
,,, 0.00494799996,4.88000,4.80000
,,, 0.00495199999,4.88000,4.80000
,,, 0.00495600002,4.88000,4.88000
,,, 0.00496000005,4.88000,4.88000
,,, 0.00496400008,4.88000,4.88000
,,, 0.00496800011,4.88000,4.88000
,,, 0.00497200014,4.88000,4.80000
,,, 0.00497600017,4.88000,4.88000
,,, 0.00498000020,4.88000,4.88000
,,, 0.00498399977,4.88000,4.80000
,,, 0.00498799980,4.88000,4.80000
,,, 0.00499199983,4.88000,4.88000
,,, 0.00499599986,4.88000,4.80000
,,, 0.00499999989,4.80000,4.80000
,,, 0.00500399992,4.88000,4.88000
,,, 0.00500799995,4.88000,4.88000
,,, 0.00501199998,4.88000,4.80000
,,, 0.00501600001,4.88000,4.80000
,,, 0.00502000004,4.88000,4.80000
,,, 0.00502400007,4.88000,4.80000
,,, 0.00502800010,4.88000,4.80000
,,, 0.00503200013,4.88000,4.80000
,,, 0.00503600016,4.80000,4.80000
,,, 0.00504000019,4.88000,4.80000
,,, 0.00504399976,4.88000,4.80000
,,, 0.00504799979,4.88000,4.80000
,,, 0.00505199982,4.88000,4.80000
,,, 0.00505599985,4.80000,4.80000
,,, 0.00505999988,4.88000,4.88000
,,, 0.00506399991,4.88000,4.88000
,,, 0.00506799994,4.88000,4.80000
,,, 0.00507199997,4.88000,4.80000
,,, 0.00507600000,4.88000,4.80000
,,, 0.00508000003,4.88000,4.88000
,,, 0.00508400006,4.88000,4.88000
,,, 0.00508800009,4.88000,4.88000
,,, 0.00509200012,4.88000,4.80000
,,, 0.00509600015,4.88000,4.88000
,,, 0.00510000018,4.88000,4.80000
,,, 0.00510400021,4.88000,4.88000
,,, 0.00510799978,4.88000,4.88000
,,, 0.00511199981,4.88000,4.80000
,,, 0.00511599984,4.88000,4.88000
,,, 0.00511999987,4.88000,4.88000
,,, 0.00512399990,4.88000,4.88000
,,, 0.00512799993,4.88000,4.88000
,,, 0.00513199996,4.88000,4.80000
,,, 0.00513599999,4.88000,4.80000
,,, 0.00514000002,4.88000,4.80000
,,, 0.00514400005,4.88000,4.88000
,,, 0.00514800008,4.88000,4.88000
,,, 0.00515200011,4.88000,4.80000
,,, 0.00515600014,4.88000,4.80000
,,, 0.00516000018,4.88000,4.88000
,,, 0.00516400021,4.88000,4.80000
,,, 0.00516799977,4.88000,4.88000
,,, 0.00517199980,4.88000,4.80000
,,, 0.00517599983,4.88000,4.80000
,,, 0.00517999986,4.88000,4.80000
,,, 0.00518399989,4.88000,4.80000
,,, 0.00518799992,4.88000,4.88000
,,, 0.00519199995,4.80000,4.80000
,,, 0.00519599998,4.88000,4.88000
,,, 0.00520000001,4.88000,4.88000
,,, 0.00520400004,4.88000,4.80000
,,, 0.00520800008,4.88000,4.88000
,,, 0.00521200011,4.88000,4.88000
,,, 0.00521600014,4.88000,4.88000
,,, 0.00522000017,4.88000,4.88000
,,, 0.00522400020,4.88000,4.88000
,,, 0.00522799976,4.88000,4.88000
,,, 0.00523199979,4.88000,4.88000
,,, 0.00523599982,4.88000,4.80000
,,, 0.00523999985,4.88000,4.88000
,,, 0.00524399988,4.88000,4.88000
,,, 0.00524799991,4.88000,4.88000
,,, 0.00525199994,4.88000,4.88000
,,, 0.00525599997,4.88000,4.80000
,,, 0.00526000001,4.88000,4.88000
,,, 0.00526400004,4.88000,4.88000
,,, 0.00526800007,4.88000,4.80000
,,, 0.00527200010,4.88000,4.80000
,,, 0.00527600013,4.88000,4.88000
,,, 0.00528000016,4.88000,4.88000
,,, 0.00528400019,4.88000,4.88000
,,, 0.00528800022,4.88000,4.88000
,,, 0.00529199978,4.88000,4.88000
,,, 0.00529599981,4.88000,4.80000
,,, 0.00529999984,4.88000,4.88000
,,, 0.00530399987,4.88000,4.88000
,,, 0.00530799991,4.88000,4.88000
,,, 0.00531199994,4.88000,4.88000
,,, 0.00531599997,4.88000,4.80000
,,, 0.00532000000,4.88000,4.88000
,,, 0.00532400003,4.88000,4.88000
,,, 0.00532800006,4.88000,4.80000
,,, 0.00533200009,4.88000,4.80000
,,, 0.00533600012,4.88000,4.80000
,,, 0.00534000015,4.88000,4.88000
,,, 0.00534400018,4.88000,4.88000
,,, 0.00534800021,4.88000,4.88000
,,, 0.00535199977,4.88000,4.80000
,,, 0.00535599981,4.88000,4.88000
,,, 0.00535999984,4.88000,4.88000
,,, 0.00536399987,4.88000,4.88000
,,, 0.00536799990,4.88000,4.88000
,,, 0.00537199993,4.88000,4.88000
,,, 0.00537599996,4.88000,4.88000
,,, 0.00537999999,4.88000,4.88000
,,, 0.00538400002,4.88000,4.88000
,,, 0.00538800005,4.88000,4.88000
,,, 0.00539200008,4.88000,4.88000
,,, 0.00539600011,4.88000,4.88000
,,, 0.00540000014,4.88000,4.88000
,,, 0.00540400017,4.88000,4.80000
,,, 0.00540800020,4.88000,4.88000
,,, 0.00541199977,4.88000,4.80000
,,, 0.00541599980,4.88000,4.80000
,,, 0.00541999983,4.88000,4.88000
,,, 0.00542399986,4.88000,4.88000
,,, 0.00542799989,4.88000,4.88000
,,, 0.00543199992,4.88000,4.80000
,,, 0.00543599995,4.88000,4.88000
,,, 0.00543999998,4.88000,4.80000
,,, 0.00544400001,4.88000,4.88000
,,, 0.00544800004,4.88000,4.88000
,,, 0.00545200007,4.88000,4.80000
,,, 0.00545600010,4.88000,4.80000
,,, 0.00546000013,4.88000,4.88000
,,, 0.00546400016,4.88000,4.88000
,,, 0.00546800019,4.88000,4.88000
,,, 0.00547199976,4.88000,4.80000
,,, 0.00547599979,4.88000,4.80000
,,, 0.00547999982,4.88000,4.88000
,,, 0.00548399985,4.88000,4.88000
,,, 0.00548799988,4.88000,4.88000
,,, 0.00549199991,4.88000,4.88000
,,, 0.00549599994,4.88000,4.80000
,,, 0.00549999997,4.88000,4.88000
,,, 0.00550400000,4.88000,4.80000
,,, 0.00550800003,4.88000,4.88000
,,, 0.00551200006,4.88000,4.80000
,,, 0.00551600009,4.88000,4.80000
,,, 0.00552000012,4.88000,4.88000
,,, 0.00552400015,4.88000,4.80000
,,, 0.00552800018,4.88000,4.88000
,,, 0.00553200021,4.88000,4.80000
,,, 0.00553599978,4.88000,4.88000
,,, 0.00553999981,4.88000,4.88000
,,, 0.00554399984,4.88000,4.80000
,,, 0.00554799987,4.88000,4.80000
,,, 0.00555199990,4.88000,4.80000
,,, 0.00555599993,4.88000,4.88000
,,, 0.00555999996,4.88000,4.88000
,,, 0.00556399999,4.88000,4.80000
,,, 0.00556800002,4.88000,4.88000
,,, 0.00557200005,4.88000,4.80000
,,, 0.00557600008,4.88000,4.88000
,,, 0.00558000011,4.88000,4.88000
,,, 0.00558400014,4.88000,4.88000
,,, 0.00558800017,4.80000,4.88000
,,, 0.00559200021,4.88000,4.80000
,,, 0.00559599977,4.88000,4.80000
,,, 0.00559999980,4.88000,4.88000
,,, 0.00560399983,4.88000,4.88000
,,, 0.00560799986,4.88000,4.88000
,,, 0.00561199989,4.88000,4.80000
,,, 0.00561599992,4.88000,4.88000
,,, 0.00561999995,4.88000,4.88000
,,, 0.00562399998,4.88000,4.88000
,,, 0.00562800001,4.88000,4.80000
,,, 0.00563200004,4.88000,4.80000
,,, 0.00563600007,4.88000,4.80000
,,, 0.00564000010,4.88000,4.88000
,,, 0.00564400014,4.88000,4.88000
,,, 0.00564800017,4.88000,4.88000
,,, 0.00565200020,4.88000,4.88000
,,, 0.00565599976,4.88000,4.88000
,,, 0.00565999979,4.88000,4.88000
,,, 0.00566399982,4.88000,4.80000
,,, 0.00566799985,4.88000,4.80000
,,, 0.00567199988,4.88000,4.88000
,,, 0.00567599991,4.88000,4.80000
,,, 0.00567999994,4.88000,4.88000
,,, 0.00568399997,4.88000,4.80000
,,, 0.00568800000,4.88000,4.88000
,,, 0.00569200004,4.88000,4.88000
,,, 0.00569600007,4.88000,4.88000
,,, 0.00570000010,4.88000,4.88000
,,, 0.00570400013,4.88000,4.80000
,,, 0.00570800016,4.88000,4.80000
,,, 0.00571200019,4.88000,4.88000
,,, 0.00571600022,4.88000,4.80000
,,, 0.00571999978,4.88000,4.88000
,,, 0.00572399981,4.88000,4.88000
,,, 0.00572799984,4.88000,4.80000
,,, 0.00573199987,4.88000,4.88000
,,, 0.00573599990,4.88000,4.88000
,,, 0.00573999994,4.88000,4.88000
,,, 0.00574399997,4.88000,4.88000
,,, 0.00574800000,4.88000,4.80000
,,, 0.00575200003,4.88000,4.88000
,,, 0.00575600006,4.88000,4.88000
,,, 0.00576000009,4.88000,4.88000
,,, 0.00576400012,4.88000,4.80000
,,, 0.00576800015,4.88000,4.80000
,,, 0.00577200018,4.88000,4.80000
,,, 0.00577600021,4.88000,4.88000
,,, 0.00577999977,4.88000,4.88000
,,, 0.00578399980,4.88000,4.80000
,,, 0.00578799983,4.88000,4.80000
,,, 0.00579199987,4.88000,4.80000
,,, 0.00579599990,4.88000,4.80000
,,, 0.00579999993,4.88000,4.88000
,,, 0.00580399996,4.88000,4.80000
,,, 0.00580799999,4.88000,4.88000
,,, 0.00581200002,4.88000,4.88000
,,, 0.00581600005,4.88000,4.88000
,,, 0.00582000008,4.88000,4.88000
,,, 0.00582400011,4.88000,4.80000
,,, 0.00582800014,4.88000,4.80000
,,, 0.00583200017,4.88000,4.88000
,,, 0.00583600020,4.88000,4.88000
,,, 0.00583999977,4.88000,4.88000
,,, 0.00584399980,4.88000,4.80000
,,, 0.00584799983,4.88000,4.80000
,,, 0.00585199986,4.88000,4.88000
,,, 0.00585599989,4.88000,4.88000
,,, 0.00585999992,4.88000,4.88000
,,, 0.00586399995,4.88000,4.80000
,,, 0.00586799998,4.88000,4.88000
,,, 0.00587200001,4.88000,4.88000
,,, 0.00587600004,4.88000,4.88000
,,, 0.00588000007,4.88000,4.88000
,,, 0.00588400010,4.88000,4.80000
,,, 0.00588800013,4.88000,4.80000
,,, 0.00589200016,4.88000,4.88000
,,, 0.00589600019,4.88000,4.88000
,,, 0.00589999976,4.88000,4.88000
,,, 0.00590399979,4.88000,4.88000
,,, 0.00590799982,4.88000,4.80000
,,, 0.00591199985,4.88000,4.80000
,,, 0.00591599988,4.88000,4.80000
,,, 0.00591999991,4.88000,4.80000
,,, 0.00592399994,4.88000,4.80000
,,, 0.00592799997,4.88000,4.80000
,,, 0.00593200000,4.88000,4.88000
,,, 0.00593600003,4.88000,4.88000
,,, 0.00594000006,4.88000,4.88000
,,, 0.00594400009,4.88000,4.80000
,,, 0.00594800012,4.88000,4.88000
,,, 0.00595200015,4.88000,4.88000
,,, 0.00595600018,4.88000,4.88000
,,, 0.00596000021,4.88000,4.88000
,,, 0.00596399978,4.80000,4.88000
,,, 0.00596799981,4.88000,4.80000
,,, 0.00597199984,4.88000,4.80000
,,, 0.00597599987,4.88000,4.88000
,,, 0.00597999990,4.88000,4.80000
,,, 0.00598399993,4.88000,4.80000
,,, 0.00598799996,4.88000,4.80000
,,, 0.00599199999,4.88000,4.80000
,,, 0.00599600002,4.88000,4.80000
,,, 0.00600000005,4.88000,4.88000
,,, 0.00600400008,4.88000,4.80000
,,, 0.00600800011,4.88000,4.80000
,,, 0.00601200014,4.88000,4.88000
,,, 0.00601600017,4.88000,4.88000
,,, 0.00602000020,4.88000,4.80000
,,, 0.00602399977,4.88000,4.80000
,,, 0.00602799980,4.88000,4.88000
,,, 0.00603199983,4.88000,4.80000
,,, 0.00603599986,4.88000,4.80000
,,, 0.00603999989,4.88000,4.80000
,,, 0.00604399992,4.80000,4.80000
,,, 0.00604799995,4.88000,4.80000
,,, 0.00605199998,4.88000,4.80000
,,, 0.00605600001,4.88000,4.80000
,,, 0.00606000004,4.88000,4.88000
,,, 0.00606400007,4.88000,4.72000
,,, 0.00606800010,4.80000,4.80000
,,, 0.00607200013,4.88000,4.80000
,,, 0.00607600017,4.88000,4.88000
,,, 0.00608000020,4.88000,4.72000
,,, 0.00608399976,4.88000,4.80000
,,, 0.00608799979,4.88000,4.80000
,,, 0.00609199982,4.88000,4.88000
,,, 0.00609599985,4.88000,4.80000
,,, 0.00609999988,4.88000,4.80000
,,, 0.00610399991,4.88000,4.80000
,,, 0.00610799994,4.88000,4.88000
,,, 0.00611199997,4.88000,4.80000
,,, 0.00611600000,4.88000,4.80000
,,, 0.00612000003,4.88000,4.80000
,,, 0.00612400007,4.88000,4.88000
,,, 0.00612800010,4.88000,4.88000
,,, 0.00613200013,4.88000,4.80000
,,, 0.00613600016,4.88000,4.88000
,,, 0.00614000019,4.88000,4.88000
,,, 0.00614400022,4.88000,4.80000
,,, 0.00614799978,4.88000,4.88000
,,, 0.00615199981,4.80000,4.80000
,,, 0.00615599984,4.88000,4.88000
,,, 0.00615999987,4.88000,4.88000
,,, 0.00616399990,4.88000,4.88000
,,, 0.00616799993,4.88000,4.88000
,,, 0.00617199996,4.88000,4.80000
,,, 0.00617600000,4.88000,4.80000
,,, 0.00618000003,4.88000,4.80000
,,, 0.00618400006,4.88000,4.80000
,,, 0.00618800009,4.88000,4.88000
,,, 0.00619200012,4.88000,4.80000
,,, 0.00619600015,4.88000,4.80000
,,, 0.00620000018,4.88000,4.80000
,,, 0.00620400021,4.88000,4.88000
,,, 0.00620799977,4.88000,4.88000
,,, 0.00621199980,4.88000,4.80000
,,, 0.00621599983,4.88000,4.88000
,,, 0.00621999986,4.88000,4.88000
,,, 0.00622399990,4.88000,4.80000
,,, 0.00622799993,4.88000,4.88000
,,, 0.00623199996,4.88000,4.80000
,,, 0.00623599999,4.88000,4.80000
,,, 0.00624000002,4.88000,4.80000
,,, 0.00624400005,4.88000,4.88000
,,, 0.00624800008,4.88000,4.88000
,,, 0.00625200011,4.88000,4.88000
,,, 0.00625600014,4.88000,4.88000
,,, 0.00626000017,4.88000,4.80000
,,, 0.00626400020,4.88000,4.88000
,,, 0.00626799976,4.88000,4.80000
,,, 0.00627199979,4.88000,4.80000
,,, 0.00627599983,4.88000,4.80000
,,, 0.00627999986,4.88000,4.80000
,,, 0.00628399989,4.88000,4.80000
,,, 0.00628799992,4.88000,4.80000
,,, 0.00629199995,4.88000,4.80000
,,, 0.00629599998,4.88000,4.80000
,,, 0.00630000001,4.88000,4.88000
,,, 0.00630400004,4.88000,4.88000
,,, 0.00630800007,4.88000,4.80000
,,, 0.00631200010,4.88000,4.88000
,,, 0.00631600013,4.88000,4.88000
,,, 0.00632000016,4.88000,4.88000
,,, 0.00632400019,4.88000,4.88000
,,, 0.00632799976,4.88000,4.88000
,,, 0.00633199979,4.88000,4.80000
,,, 0.00633599982,4.88000,4.80000
,,, 0.00633999985,4.88000,4.80000
,,, 0.00634399988,4.88000,4.88000
,,, 0.00634799991,4.88000,4.80000
,,, 0.00635199994,4.88000,4.80000
,,, 0.00635599997,4.88000,4.80000
,,, 0.00636000000,4.88000,4.80000
,,, 0.00636400003,4.88000,4.88000
,,, 0.00636800006,4.88000,4.80000
,,, 0.00637200009,4.80000,4.80000
,,, 0.00637600012,4.88000,4.88000
,,, 0.00638000015,4.88000,4.88000
,,, 0.00638400018,4.88000,4.80000
,,, 0.00638800021,4.88000,4.80000
,,, 0.00639199978,4.88000,4.80000
,,, 0.00639599981,4.88000,4.80000
,,, 0.00639999984,4.88000,4.88000
,,, 0.00640399987,4.88000,4.80000
,,, 0.00640799990,4.88000,4.80000
,,, 0.00641199993,4.88000,4.80000
,,, 0.00641599996,4.88000,4.88000
,,, 0.00641999999,4.88000,4.88000
,,, 0.00642400002,4.88000,4.88000
,,, 0.00642800005,4.88000,4.80000
,,, 0.00643200008,4.88000,4.80000
,,, 0.00643600011,4.88000,4.88000
,,, 0.00644000014,4.88000,4.88000
,,, 0.00644400017,4.88000,4.80000
,,, 0.00644800020,4.88000,4.80000
,,, 0.00645199977,4.88000,4.88000
,,, 0.00645599980,4.88000,4.88000
,,, 0.00645999983,4.88000,4.80000
,,, 0.00646399986,4.88000,4.80000
,,, 0.00646799989,4.88000,4.88000
,,, 0.00647199992,4.88000,4.88000
,,, 0.00647599995,4.88000,4.80000
,,, 0.00647999998,4.88000,4.88000
,,, 0.00648400001,4.88000,4.88000
,,, 0.00648800004,4.88000,4.80000
,,, 0.00649200007,4.88000,4.80000
,,, 0.00649600010,4.88000,4.80000
,,, 0.00650000013,4.88000,4.80000
,,, 0.00650400016,4.88000,4.80000
,,, 0.00650800020,4.88000,4.80000
,,, 0.00651199976,4.88000,4.88000
,,, 0.00651599979,4.88000,4.80000
,,, 0.00651999982,4.88000,4.80000
,,, 0.00652399985,4.88000,4.80000
,,, 0.00652799988,4.88000,4.88000
,,, 0.00653199991,4.88000,4.88000
,,, 0.00653599994,4.88000,4.80000
,,, 0.00653999997,4.88000,4.80000
,,, 0.00654400000,4.88000,4.80000
,,, 0.00654800003,4.88000,4.88000
,,, 0.00655200006,4.88000,4.88000
,,, 0.00655600009,4.88000,4.80000
,,, 0.00656000013,4.88000,4.80000
,,, 0.00656400016,4.88000,4.80000
,,, 0.00656800019,4.88000,4.88000
,,, 0.00657199975,4.88000,4.88000
,,, 0.00657599978,4.88000,4.80000
,,, 0.00657999981,4.88000,4.88000
,,, 0.00658399984,4.88000,4.80000
,,, 0.00658799987,4.88000,4.80000
,,, 0.00659199990,4.88000,4.80000
,,, 0.00659599993,4.88000,4.88000
,,, 0.00659999996,4.88000,4.88000
,,, 0.00660399999,4.88000,4.88000
,,, 0.00660800003,4.88000,4.80000
,,, 0.00661200006,4.88000,4.88000
,,, 0.00661600009,4.88000,4.80000
,,, 0.00662000012,4.88000,4.80000
,,, 0.00662400015,4.88000,4.80000
,,, 0.00662800018,4.88000,4.80000
,,, 0.00663200021,4.88000,4.88000
,,, 0.00663599977,4.88000,4.80000
,,, 0.00663999980,4.88000,4.80000
,,, 0.00664399983,4.88000,4.80000
,,, 0.00664799986,4.88000,4.88000
,,, 0.00665199989,4.80000,4.80000
,,, 0.00665599992,4.88000,4.72000
,,, 0.00665999996,4.88000,3.68000
,,, 0.00666399999,4.80000,0.48000
,,, 0.00666800002,4.88000,0.32000
,,, 0.00667200005,4.88000,0.24000
,,, 0.00667600008,4.88000,0.16000
,,, 0.00668000011,4.88000,0.08000
,,, 0.00668400014,4.80000,0.08000
,,, 0.00668800017,4.88000,0.08000
,,, 0.00669200020,4.88000,0.08000
,,, 0.00669599976,4.80000,0.08000
,,, 0.00669999979,4.88000,0.08000
,,, 0.00670399982,4.88000,0.08000
,,, 0.00670799986,4.88000,0.08000
,,, 0.00671199989,4.88000,-0.24000
,,, 0.00671599992,4.88000,-0.16000
,,, 0.00671999995,4.88000,-0.16000
,,, 0.00672399998,4.88000,-0.08000
,,, 0.00672800001,4.88000,-0.08000
,,, 0.00673200004,4.88000,0.00
,,, 0.00673600007,4.88000,0.00
,,, 0.00674000010,4.88000,0.00
,,, 0.00674400013,4.88000,0.08000
,,, 0.00674800016,4.88000,0.00
,,, 0.00675200019,4.88000,0.08000
,,, 0.00675599976,4.88000,0.08000
,,, 0.00675999979,4.88000,0.08000
,,, 0.00676399982,4.88000,-0.24000
,,, 0.00676799985,4.88000,-0.16000
,,, 0.00677199988,4.88000,-0.08000
,,, 0.00677599991,4.88000,-0.08000
,,, 0.00677999994,4.88000,-0.08000
,,, 0.00678399997,4.88000,0.00
,,, 0.00678800000,4.88000,0.00
,,, 0.00679200003,4.88000,0.00
,,, 0.00679600006,4.88000,0.00
,,, 0.00680000009,4.88000,4.80000
,,, 0.00680400012,4.88000,4.80000
,,, 0.00680800015,4.88000,4.80000
,,, 0.00681200018,4.88000,0.72000
,,, 0.00681600021,4.88000,0.40000
,,, 0.00681999978,4.88000,0.24000
,,, 0.00682399981,4.88000,0.16000
,,, 0.00682799984,4.88000,0.16000
,,, 0.00683199987,4.88000,0.08000
,,, 0.00683599990,4.88000,0.08000
,,, 0.00683999993,4.88000,0.08000
,,, 0.00684399996,4.88000,0.08000
,,, 0.00684799999,4.88000,4.48000
,,, 0.00685200002,4.88000,4.88000
,,, 0.00685600005,4.88000,4.80000
,,, 0.00686000008,4.88000,4.80000
,,, 0.00686400011,4.88000,0.48000
,,, 0.00686800014,4.88000,0.40000
,,, 0.00687200017,4.88000,0.24000
,,, 0.00687600020,4.88000,0.16000
,,, 0.00687999977,4.88000,0.08000
,,, 0.00688399980,4.88000,0.08000
,,, 0.00688799983,4.88000,0.08000
,,, 0.00689199986,4.88000,0.08000
,,, 0.00689599989,4.88000,0.08000
,,, 0.00689999992,4.88000,0.00
,,, 0.00690399995,4.88000,0.00
,,, 0.00690799998,4.88000,0.00
,,, 0.00691200001,4.88000,-0.24000
,,, 0.00691600004,4.88000,-0.16000
,,, 0.00692000007,4.88000,-0.16000
,,, 0.00692400010,4.88000,-0.08000
,,, 0.00692800013,4.88000,-0.08000
,,, 0.00693200016,4.80000,-0.08000
,,, 0.00693600019,4.88000,-0.08000
,,, 0.00693999976,4.88000,0.00
,,, 0.00694399979,4.88000,0.00
,,, 0.00694799982,4.88000,0.08000
,,, 0.00695199985,4.88000,0.08000
,,, 0.00695599988,4.88000,0.08000
,,, 0.00695999991,4.88000,0.08000
,,, 0.00696399994,4.88000,-0.24000
,,, 0.00696799997,4.88000,-0.16000
,,, 0.00697200000,4.88000,-0.08000
,,, 0.00697600003,4.88000,-0.08000
,,, 0.00698000006,4.88000,0.00
,,, 0.00698400009,4.88000,0.00
,,, 0.00698800012,4.88000,0.00
,,, 0.00699200016,4.88000,0.00
,,, 0.00699600019,4.88000,0.00
,,, 0.00699999975,4.88000,4.80000
,,, 0.00700399978,4.88000,4.80000
,,, 0.00700799981,4.88000,4.80000
,,, 0.00701199984,4.80000,0.56000
,,, 0.00701599987,4.88000,0.40000
,,, 0.00701999990,4.80000,0.32000
,,, 0.00702399993,4.88000,0.16000
,,, 0.00702799996,4.88000,0.16000
,,, 0.00703199999,4.88000,0.08000
,,, 0.00703600002,4.88000,0.08000
,,, 0.00704000005,4.88000,0.08000
,,, 0.00704400009,4.88000,0.08000
,,, 0.00704800012,4.88000,4.72000
,,, 0.00705200015,4.88000,4.80000
,,, 0.00705600018,4.80000,4.80000
,,, 0.00706000021,4.88000,4.80000
,,, 0.00706399977,4.88000,0.56000
,,, 0.00706799980,4.88000,0.40000
,,, 0.00707199983,4.88000,0.24000
,,, 0.00707599986,4.88000,0.16000
,,, 0.00707999989,4.88000,0.08000
,,, 0.00708399992,4.88000,0.08000
,,, 0.00708799995,4.88000,0.08000
,,, 0.00709199999,4.88000,0.08000
,,, 0.00709600002,4.88000,0.08000
,,, 0.00710000005,4.88000,0.08000
,,, 0.00710400008,4.88000,0.00
,,, 0.00710800011,4.88000,0.00
,,, 0.00711200014,4.88000,-0.24000
,,, 0.00711600017,4.88000,-0.24000
,,, 0.00712000020,4.88000,-0.08000
,,, 0.00712399976,4.88000,-0.08000
,,, 0.00712799979,4.88000,-0.08000
,,, 0.00713199982,4.88000,-0.08000
,,, 0.00713599985,4.88000,0.00
,,, 0.00713999989,4.88000,0.00
,,, 0.00714399992,4.88000,0.00
,,, 0.00714799995,4.88000,0.08000
,,, 0.00715199998,4.88000,0.00
,,, 0.00715600001,4.88000,0.08000
,,, 0.00716000004,4.88000,0.08000
,,, 0.00716400007,4.88000,-0.24000
,,, 0.00716800010,4.88000,-0.16000
,,, 0.00717200013,4.88000,-0.08000
,,, 0.00717600016,4.88000,-0.08000
,,, 0.00718000019,4.88000,-0.08000
,,, 0.00718399975,4.88000,0.00
,,, 0.00718799978,4.88000,0.00
,,, 0.00719199982,4.88000,0.00
,,, 0.00719599985,4.88000,0.00
,,, 0.00719999988,4.88000,4.80000
,,, 0.00720399991,4.80000,4.80000
,,, 0.00720799994,4.88000,4.80000
,,, 0.00721199997,4.88000,0.72000
,,, 0.00721600000,4.88000,0.40000
,,, 0.00722000003,4.88000,0.24000
,,, 0.00722400006,4.88000,0.16000
,,, 0.00722800009,4.88000,0.16000
,,, 0.00723200012,4.88000,0.08000
,,, 0.00723600015,4.88000,0.08000
,,, 0.00724000018,4.88000,0.00
,,, 0.00724400021,4.88000,0.08000
,,, 0.00724799978,4.88000,4.64000
,,, 0.00725199981,4.88000,4.80000
,,, 0.00725599984,4.88000,4.72000
,,, 0.00725999987,4.88000,4.80000
,,, 0.00726399990,4.88000,0.56000
,,, 0.00726799993,4.88000,0.40000
,,, 0.00727199996,4.88000,0.24000
,,, 0.00727599999,4.88000,0.16000
,,, 0.00728000002,4.80000,0.16000
,,, 0.00728400005,4.88000,0.08000
,,, 0.00728800008,4.88000,0.08000
,,, 0.00729200011,4.88000,0.08000
,,, 0.00729600014,4.88000,0.08000
,,, 0.00730000017,4.88000,0.00
,,, 0.00730400020,4.88000,0.00
,,, 0.00730799977,4.88000,0.00
,,, 0.00731199980,4.88000,-0.32000
,,, 0.00731599983,4.88000,-0.24000
,,, 0.00731999986,4.88000,-0.16000
,,, 0.00732399989,4.88000,-0.08000
,,, 0.00732799992,4.88000,-0.08000
,,, 0.00733199995,4.88000,0.00
,,, 0.00733599998,4.88000,0.00
,,, 0.00734000001,4.88000,0.00
,,, 0.00734400004,4.88000,0.00
,,, 0.00734800007,4.88000,0.08000
,,, 0.00735200010,4.88000,0.08000
,,, 0.00735600013,4.88000,-0.08000
,,, 0.00736000016,4.88000,0.08000
,,, 0.00736400019,4.88000,-0.24000
,,, 0.00736799976,4.88000,-0.16000
,,, 0.00737199979,4.88000,-0.08000
,,, 0.00737599982,4.88000,-0.08000
,,, 0.00737999985,4.88000,-0.08000
,,, 0.00738399988,4.88000,0.00
,,, 0.00738799991,4.88000,0.00
,,, 0.00739199994,4.80000,0.00
,,, 0.00739599997,4.88000,0.00
,,, 0.00740000000,4.80000,4.80000
,,, 0.00740400003,4.88000,4.80000
,,, 0.00740800006,4.88000,4.80000
,,, 0.00741200009,4.88000,0.56000
,,, 0.00741600012,4.88000,0.40000
,,, 0.00742000015,4.88000,0.32000
,,, 0.00742400018,4.88000,0.16000
,,, 0.00742799975,4.88000,0.16000
,,, 0.00743199978,4.88000,0.08000
,,, 0.00743599981,4.88000,0.08000
,,, 0.00743999984,4.88000,0.08000
,,, 0.00744399987,4.88000,0.08000
,,, 0.00744799990,4.88000,4.40000
,,, 0.00745199993,4.88000,4.72000
,,, 0.00745599996,4.88000,4.72000
,,, 0.00745999999,4.88000,2.48000
,,, 0.00746400002,4.88000,0.48000
,,, 0.00746800005,4.88000,0.32000
,,, 0.00747200008,4.88000,0.24000
,,, 0.00747600012,4.88000,0.16000
,,, 0.00748000015,4.88000,0.08000
,,, 0.00748400018,4.88000,0.08000
,,, 0.00748800021,4.88000,0.08000
,,, 0.00749199977,4.88000,0.08000
,,, 0.00749599980,4.88000,0.08000
,,, 0.00749999983,4.88000,0.00
,,, 0.00750399986,4.88000,0.00
,,, 0.00750799989,4.88000,0.00
,,, 0.00751199992,4.88000,-0.32000
,,, 0.00751599995,4.88000,-0.16000
,,, 0.00751999998,4.88000,-0.16000
,,, 0.00752400002,4.88000,-0.08000
,,, 0.00752800005,4.88000,-0.08000
,,, 0.00753200008,4.80000,-0.08000
,,, 0.00753600011,4.80000,0.00
,,, 0.00754000014,4.88000,0.00
,,, 0.00754400017,4.88000,0.00
,,, 0.00754800020,4.88000,0.00
,,, 0.00755199976,4.88000,0.00
,,, 0.00755599979,4.88000,0.00
,,, 0.00755999982,4.88000,0.08000
,,, 0.00756399985,4.88000,-0.24000
,,, 0.00756799988,4.88000,-0.16000
,,, 0.00757199991,4.88000,-0.16000
,,, 0.00757599995,4.88000,-0.08000
,,, 0.00757999998,4.88000,-0.08000
,,, 0.00758400001,4.80000,0.00
,,, 0.00758800004,4.88000,0.00
,,, 0.00759200007,4.88000,0.00
,,, 0.00759600010,4.88000,0.00
,,, 0.00760000013,4.88000,4.88000
,,, 0.00760400016,4.88000,4.80000
,,, 0.00760800019,4.88000,4.80000
,,, 0.00761199975,4.88000,0.56000
,,, 0.00761599978,4.88000,0.40000
,,, 0.00761999981,4.88000,0.24000
,,, 0.00762399985,4.88000,0.16000
,,, 0.00762799988,4.80000,0.08000
,,, 0.00763199991,4.88000,0.08000
,,, 0.00763599994,4.88000,0.08000
,,, 0.00763999997,4.88000,0.08000
,,, 0.00764400000,4.88000,0.00
,,, 0.00764800003,4.88000,4.64000
,,, 0.00765200006,4.88000,4.88000
,,, 0.00765600009,4.88000,4.80000
,,, 0.00766000012,4.88000,4.80000
,,, 0.00766400015,4.88000,0.48000
,,, 0.00766800018,4.88000,0.32000
,,, 0.00767200021,4.88000,0.24000
,,, 0.00767599978,4.88000,0.16000
,,, 0.00767999981,4.88000,0.08000
,,, 0.00768399984,4.88000,0.08000
,,, 0.00768799987,4.88000,0.00
,,, 0.00769199990,4.88000,0.08000
,,, 0.00769599993,4.88000,0.08000
,,, 0.00769999996,4.88000,0.00
,,, 0.00770399999,4.88000,0.00
,,, 0.00770800002,4.88000,0.00
,,, 0.00771200005,4.88000,-0.32000
,,, 0.00771600008,4.88000,-0.24000
,,, 0.00772000011,4.88000,-0.16000
,,, 0.00772400014,4.88000,-0.08000
,,, 0.00772800017,4.88000,-0.08000
,,, 0.00773200020,4.88000,-0.08000
,,, 0.00773599977,4.88000,-0.08000
,,, 0.00773999980,4.88000,0.00
,,, 0.00774399983,4.88000,0.00
,,, 0.00774799986,4.88000,0.08000
,,, 0.00775199989,4.88000,0.00
,,, 0.00775599992,4.88000,0.00
,,, 0.00775999995,4.88000,-0.16000
,,, 0.00776399998,4.88000,-0.24000
,,, 0.00776800001,4.88000,-0.16000
,,, 0.00777200004,4.88000,-0.16000
,,, 0.00777600007,4.88000,-0.08000
,,, 0.00778000010,4.88000,-0.08000
,,, 0.00778400013,4.88000,-0.08000
,,, 0.00778800016,4.88000,0.00
,,, 0.00779200019,4.88000,0.00
,,, 0.00779599976,4.88000,0.08000
,,, 0.00779999979,4.88000,4.80000
,,, 0.00780399982,4.88000,4.72000
,,, 0.00780799985,4.88000,4.80000
,,, 0.00781199988,4.88000,0.56000
,,, 0.00781599991,4.88000,0.40000
,,, 0.00781999994,4.88000,0.24000
,,, 0.00782399997,4.88000,0.16000
,,, 0.00782800000,4.88000,0.16000
,,, 0.00783200003,4.88000,0.08000
,,, 0.00783600006,4.88000,0.08000
,,, 0.00784000009,4.88000,0.08000
,,, 0.00784400012,4.88000,0.08000
,,, 0.00784800015,4.88000,4.80000
,,, 0.00785200018,4.88000,4.72000
,,, 0.00785600021,4.88000,4.80000
,,, 0.00786000025,4.88000,4.80000
,,, 0.00786400028,4.88000,0.56000
,,, 0.00786800031,4.88000,0.40000
,,, 0.00787200034,4.88000,0.24000
,,, 0.00787600037,4.88000,0.16000
,,, 0.00788000040,4.88000,0.08000
,,, 0.00788400043,4.88000,0.08000
,,, 0.00788799953,4.88000,0.08000
,,, 0.00789199956,4.88000,0.08000
,,, 0.00789599959,4.88000,0.00
,,, 0.00789999962,4.88000,0.08000
,,, 0.00790399965,4.88000,0.00
,,, 0.00790799968,4.88000,0.08000
,,, 0.00791199971,4.88000,-0.40000
,,, 0.00791599974,4.88000,-0.24000
,,, 0.00791999977,4.88000,-0.16000
,,, 0.00792399980,4.88000,-0.08000
,,, 0.00792799983,4.88000,-0.08000
,,, 0.00793199986,4.88000,0.00
,,, 0.00793599989,4.88000,0.00
,,, 0.00793999992,4.88000,-0.08000
,,, 0.00794399995,4.88000,0.00
,,, 0.00794799998,4.88000,0.00
,,, 0.00795200001,4.88000,0.00
,,, 0.00795600004,4.88000,0.00
,,, 0.00796000008,4.88000,0.00
,,, 0.00796400011,4.88000,-0.24000
,,, 0.00796800014,4.88000,-0.16000
,,, 0.00797200017,4.88000,-0.08000
,,, 0.00797600020,4.88000,-0.08000
,,, 0.00798000023,4.88000,-0.08000
,,, 0.00798400026,4.88000,-0.08000
,,, 0.00798800029,4.88000,0.00
,,, 0.00799200032,4.88000,0.00
,,, 0.00799600035,4.88000,0.00
,,, 0.00800000038,4.88000,4.80000
,,, 0.00800400041,4.88000,4.80000
,,, 0.00800800044,4.88000,4.80000
,,, 0.00801199954,4.88000,0.56000
,,, 0.00801599957,4.88000,0.40000
,,, 0.00801999960,4.88000,0.24000
,,, 0.00802399963,4.88000,0.16000
,,, 0.00802799966,4.88000,0.08000
,,, 0.00803199969,4.88000,0.08000
,,, 0.00803599972,4.88000,0.08000
,,, 0.00803999975,4.88000,0.08000
,,, 0.00804399978,4.88000,0.08000
,,, 0.00804799981,4.88000,4.80000
,,, 0.00805199984,4.88000,4.72000
,,, 0.00805599988,4.88000,4.80000
,,, 0.00805999991,4.88000,4.80000
,,, 0.00806399994,4.88000,0.48000
,,, 0.00806799997,4.88000,0.32000
,,, 0.00807200000,4.88000,0.24000
,,, 0.00807600003,4.88000,0.16000
,,, 0.00808000006,4.88000,0.08000
,,, 0.00808400009,4.88000,0.08000
,,, 0.00808800012,4.88000,0.08000
,,, 0.00809200015,4.88000,0.08000
,,, 0.00809600018,4.88000,0.08000
,,, 0.00810000021,4.88000,0.08000
,,, 0.00810400024,4.88000,0.00
,,, 0.00810800027,4.88000,0.00
,,, 0.00811200030,4.88000,-0.32000
,,, 0.00811600033,4.88000,-0.24000
,,, 0.00812000036,4.88000,-0.16000
,,, 0.00812400039,4.88000,-0.08000
,,, 0.00812800042,4.88000,-0.08000
,,, 0.00813199952,4.88000,-0.08000
,,, 0.00813599955,4.88000,0.00
,,, 0.00813999958,4.88000,0.00
,,, 0.00814399961,4.88000,0.00
,,, 0.00814799964,4.88000,0.00
,,, 0.00815199967,4.88000,0.00
,,, 0.00815599971,4.88000,0.00
,,, 0.00815999974,4.88000,-0.08000
,,, 0.00816399977,4.88000,-0.24000
,,, 0.00816799980,4.88000,-0.16000
,,, 0.00817199983,4.88000,-0.16000
,,, 0.00817599986,4.88000,-0.08000
,,, 0.00817999989,4.88000,-0.08000
,,, 0.00818399992,4.88000,-0.08000
,,, 0.00818799995,4.88000,0.00
,,, 0.00819199998,4.88000,0.00
,,, 0.00819600001,4.96000,0.08000
,,, 0.00820000004,4.88000,4.88000
,,, 0.00820400007,4.88000,4.80000
,,, 0.00820800010,4.88000,4.80000
,,, 0.00821200013,4.88000,0.56000
,,, 0.00821600016,4.88000,0.40000
,,, 0.00822000019,4.88000,0.24000
,,, 0.00822400022,4.88000,0.16000
,,, 0.00822800025,4.88000,0.08000
,,, 0.00823200028,4.88000,0.08000
,,, 0.00823600031,4.88000,0.08000
,,, 0.00824000034,4.88000,0.08000
,,, 0.00824400038,4.88000,0.00
,,, 0.00824800041,4.88000,4.56000
,,, 0.00825200044,4.88000,4.80000
,,, 0.00825599954,4.88000,4.88000
,,, 0.00825999957,4.88000,4.80000
,,, 0.00826399960,4.88000,0.48000
,,, 0.00826799963,4.88000,0.32000
,,, 0.00827199966,4.88000,0.16000
,,, 0.00827599969,4.88000,0.16000
,,, 0.00827999972,4.88000,0.08000
,,, 0.00828399975,4.88000,0.08000
,,, 0.00828799978,4.88000,0.00
,,, 0.00829199981,4.88000,0.08000
,,, 0.00829599984,4.88000,0.08000
,,, 0.00829999987,4.88000,0.08000
,,, 0.00830399990,4.88000,0.00
,,, 0.00830799993,4.88000,0.00
,,, 0.00831199996,4.88000,-0.32000
,,, 0.00831599999,4.88000,-0.24000
,,, 0.00832000002,4.88000,-0.16000
,,, 0.00832400005,4.88000,-0.08000
,,, 0.00832800008,4.88000,-0.08000
,,, 0.00833200011,4.88000,0.00
,,, 0.00833600014,4.88000,0.00
,,, 0.00834000017,4.88000,0.00
,,, 0.00834400021,4.88000,-0.08000
,,, 0.00834800024,4.88000,0.08000
,,, 0.00835200027,4.88000,0.00
,,, 0.00835600030,4.88000,0.00
,,, 0.00836000033,4.88000,0.00
,,, 0.00836400036,4.88000,-0.24000
,,, 0.00836800039,4.88000,-0.16000
,,, 0.00837200042,4.88000,-0.16000
,,, 0.00837599952,4.88000,-0.08000
,,, 0.00837999955,4.88000,-0.08000
,,, 0.00838399958,4.88000,-0.08000
,,, 0.00838799961,4.88000,0.00
,,, 0.00839199964,4.88000,0.00
,,, 0.00839599967,4.96000,0.00
,,, 0.00839999970,4.88000,4.80000
,,, 0.00840399973,4.88000,4.80000
,,, 0.00840799976,4.88000,4.72000
,,, 0.00841199979,4.88000,0.56000
,,, 0.00841599982,4.88000,0.40000
,,, 0.00841999985,4.88000,0.24000
,,, 0.00842399988,4.88000,0.16000
,,, 0.00842799991,4.88000,0.08000
,,, 0.00843199994,4.88000,0.08000
,,, 0.00843599997,4.88000,0.08000
,,, 0.00844000001,4.88000,0.08000
,,, 0.00844400004,4.88000,0.08000
,,, 0.00844800007,4.88000,4.64000
,,, 0.00845200010,4.88000,4.80000
,,, 0.00845600013,4.88000,4.80000
,,, 0.00846000016,4.88000,4.80000
,,, 0.00846400019,4.88000,0.48000
,,, 0.00846800022,4.88000,0.32000
,,, 0.00847200025,4.88000,0.16000
,,, 0.00847600028,4.88000,0.16000
,,, 0.00848000031,4.88000,0.08000
,,, 0.00848400034,4.88000,0.08000
,,, 0.00848800037,4.88000,0.08000
,,, 0.00849200040,4.88000,0.08000
,,, 0.00849600043,4.88000,0.00
,,, 0.00849999953,4.88000,0.00
,,, 0.00850399956,4.88000,0.00
,,, 0.00850799959,4.88000,0.00
,,, 0.00851199962,4.88000,-0.40000
,,, 0.00851599965,4.88000,-0.24000
,,, 0.00851999968,4.88000,-0.16000
,,, 0.00852399971,4.88000,-0.08000
,,, 0.00852799974,4.88000,-0.08000
,,, 0.00853199977,4.88000,-0.08000
,,, 0.00853599980,4.88000,0.00
,,, 0.00853999984,4.88000,-0.08000
,,, 0.00854399987,4.88000,0.00
,,, 0.00854799990,4.88000,0.00
,,, 0.00855199993,4.88000,0.00
,,, 0.00855599996,4.88000,0.00
,,, 0.00855999999,4.88000,-0.24000
,,, 0.00856400002,4.88000,-0.24000
,,, 0.00856800005,4.88000,-0.16000
,,, 0.00857200008,4.88000,-0.16000
,,, 0.00857600011,4.88000,-0.08000
,,, 0.00858000014,4.88000,-0.08000
,,, 0.00858400017,4.88000,-0.08000
,,, 0.00858800020,4.88000,0.00
,,, 0.00859200023,4.88000,-0.08000
,,, 0.00859600026,4.88000,0.00
,,, 0.00860000029,4.88000,4.88000
,,, 0.00860400032,4.88000,4.80000
,,, 0.00860800035,4.88000,4.72000
,,, 0.00861200038,4.88000,0.56000
,,, 0.00861600041,4.88000,0.40000
,,, 0.00861999951,4.88000,0.24000
,,, 0.00862399954,4.88000,0.16000
,,, 0.00862799957,4.88000,0.16000
,,, 0.00863199960,4.88000,0.08000
,,, 0.00863599963,4.88000,0.00
,,, 0.00863999967,4.88000,0.08000
,,, 0.00864399970,4.88000,0.08000
,,, 0.00864799973,4.88000,4.80000
,,, 0.00865199976,4.88000,4.88000
,,, 0.00865599979,4.88000,4.80000
,,, 0.00865999982,4.88000,4.88000
,,, 0.00866399985,4.88000,0.56000
,,, 0.00866799988,4.88000,0.32000
,,, 0.00867199991,4.88000,0.24000
,,, 0.00867599994,4.88000,0.16000
,,, 0.00867999997,4.88000,0.08000
,,, 0.00868400000,4.88000,0.08000
,,, 0.00868800003,4.88000,0.08000
,,, 0.00869200006,4.88000,0.08000
,,, 0.00869600009,4.88000,0.00
,,, 0.00870000012,4.88000,0.00
,,, 0.00870400015,4.88000,0.08000
,,, 0.00870800018,4.88000,0.00
,,, 0.00871200021,4.88000,-0.32000
,,, 0.00871600024,4.88000,-0.24000
,,, 0.00872000027,4.88000,-0.16000
,,, 0.00872400030,4.88000,-0.08000
,,, 0.00872800034,4.88000,-0.08000
,,, 0.00873200037,4.88000,-0.08000
,,, 0.00873600040,4.88000,0.00
,,, 0.00874000043,4.88000,0.00
,,, 0.00874399953,4.88000,0.00
,,, 0.00874799956,4.88000,0.00
,,, 0.00875199959,4.88000,0.00
,,, 0.00875599962,4.88000,0.00
,,, 0.00875999965,4.88000,0.00
,,, 0.00876399968,4.88000,-0.24000
,,, 0.00876799971,4.88000,-0.16000
,,, 0.00877199974,4.88000,-0.16000
,,, 0.00877599977,4.88000,-0.08000
,,, 0.00877999980,4.88000,-0.08000
,,, 0.00878399983,4.88000,0.00
,,, 0.00878799986,4.88000,0.00
,,, 0.00879199989,4.88000,-0.08000
,,, 0.00879599992,4.88000,0.00
,,, 0.00879999995,4.88000,4.88000
,,, 0.00880399998,4.88000,4.72000
,,, 0.00880800001,4.88000,4.80000
,,, 0.00881200004,4.88000,0.56000
,,, 0.00881600007,4.88000,0.40000
,,, 0.00882000010,4.88000,0.24000
,,, 0.00882400014,4.88000,0.16000
,,, 0.00882800017,4.88000,0.08000
,,, 0.00883200020,4.88000,0.08000
,,, 0.00883600023,4.88000,0.08000
,,, 0.00884000026,4.88000,0.08000
,,, 0.00884400029,4.88000,0.08000
,,, 0.00884800032,4.88000,4.72000
,,, 0.00885200035,4.88000,4.88000
,,, 0.00885600038,4.88000,4.80000
,,, 0.00886000041,4.88000,4.80000
,,, 0.00886400044,4.88000,0.48000
,,, 0.00886799954,4.88000,0.32000
,,, 0.00887199957,4.88000,0.24000
,,, 0.00887599960,4.88000,0.16000
,,, 0.00887999963,4.88000,0.08000
,,, 0.00888399966,4.88000,0.08000
,,, 0.00888799969,4.88000,0.08000
,,, 0.00889199972,4.88000,0.08000
,,, 0.00889599975,4.88000,0.08000
,,, 0.00889999978,4.88000,0.00
,,, 0.00890399981,4.88000,0.00
,,, 0.00890799984,4.88000,0.00
,,, 0.00891199987,4.88000,-0.32000
,,, 0.00891599990,4.88000,-0.24000
,,, 0.00891999993,4.88000,-0.16000
,,, 0.00892399997,4.88000,-0.16000
,,, 0.00892800000,4.88000,-0.08000
,,, 0.00893200003,4.88000,-0.08000
,,, 0.00893600006,4.88000,0.00
,,, 0.00894000009,4.88000,0.00
,,, 0.00894400012,4.88000,0.00
,,, 0.00894800015,4.88000,0.00
,,, 0.00895200018,4.88000,0.00
,,, 0.00895600021,4.88000,0.00
,,, 0.00896000024,4.80000,-0.08000
,,, 0.00896400027,4.88000,-0.24000
,,, 0.00896800030,4.88000,-0.16000
,,, 0.00897200033,4.88000,-0.16000
,,, 0.00897600036,4.88000,-0.08000
,,, 0.00898000039,4.88000,-0.08000
,,, 0.00898400042,4.88000,0.00
,,, 0.00898799952,4.80000,0.00
,,, 0.00899199955,4.88000,0.00
,,, 0.00899599958,4.88000,0.00
,,, 0.00899999961,4.88000,4.80000
,,, 0.00900399964,4.88000,4.80000
,,, 0.00900799967,4.88000,4.80000
,,, 0.00901199970,4.88000,0.56000
,,, 0.00901599973,4.88000,0.40000
,,, 0.00901999976,4.88000,0.24000
,,, 0.00902399980,4.88000,0.16000
,,, 0.00902799983,4.88000,0.08000
,,, 0.00903199986,4.88000,0.08000
,,, 0.00903599989,4.88000,0.00
,,, 0.00903999992,4.88000,0.00
,,, 0.00904399995,4.88000,0.08000
,,, 0.00904799998,4.88000,4.56000
,,, 0.00905200001,4.88000,4.88000
,,, 0.00905600004,4.88000,4.80000
,,, 0.00906000007,4.88000,1.92000
,,, 0.00906400010,4.88000,0.48000
,,, 0.00906800013,4.88000,0.32000
,,, 0.00907200016,4.88000,0.16000
,,, 0.00907600019,4.88000,0.08000
,,, 0.00908000022,4.88000,0.08000
,,, 0.00908400025,4.88000,0.08000
,,, 0.00908800028,4.88000,0.08000
,,, 0.00909200031,4.88000,0.08000
,,, 0.00909600034,4.88000,0.00
,,, 0.00910000037,4.88000,0.00
,,, 0.00910400040,4.88000,-0.08000
,,, 0.00910800043,4.88000,0.00
,,, 0.00911199953,4.88000,-0.32000
,,, 0.00911599956,4.88000,-0.24000
,,, 0.00911999959,4.88000,-0.16000
,,, 0.00912399963,4.88000,-0.08000
,,, 0.00912799966,4.88000,-0.08000
,,, 0.00913199969,4.80000,0.00
,,, 0.00913599972,4.80000,0.00
,,, 0.00913999975,4.88000,0.00
,,, 0.00914399978,4.88000,0.00
,,, 0.00914799981,4.88000,0.00
,,, 0.00915199984,4.88000,0.00
,,, 0.00915599987,4.88000,-0.08000
,,, 0.00915999990,4.88000,0.00
,,, 0.00916399993,4.88000,-0.24000
,,, 0.00916799996,4.88000,-0.16000
,,, 0.00917199999,4.88000,-0.16000
,,, 0.00917600002,4.88000,-0.08000
,,, 0.00918000005,4.88000,-0.08000
,,, 0.00918400008,4.88000,-0.08000
,,, 0.00918800011,4.88000,0.00
,,, 0.00919200014,4.88000,0.00
,,, 0.00919600017,4.88000,0.00
,,, 0.00920000020,4.88000,4.80000
,,, 0.00920400023,4.88000,4.80000
,,, 0.00920800027,4.88000,4.80000
,,, 0.00921200030,4.88000,0.56000
,,, 0.00921600033,4.88000,0.40000
,,, 0.00922000036,4.88000,0.24000
,,, 0.00922400039,4.88000,0.16000
,,, 0.00922800042,4.88000,0.08000
,,, 0.00923199952,4.88000,0.08000
,,, 0.00923599955,4.88000,0.08000
,,, 0.00923999958,4.88000,0.00
,,, 0.00924399961,4.88000,0.00
,,, 0.00924799964,4.88000,4.56000
,,, 0.00925199967,4.88000,4.80000
,,, 0.00925599970,4.88000,4.80000
,,, 0.00925999973,4.88000,4.80000
,,, 0.00926399976,4.88000,0.48000
,,, 0.00926799979,4.88000,0.32000
,,, 0.00927199982,4.88000,0.16000
,,, 0.00927599985,4.88000,0.16000
,,, 0.00927999988,4.88000,0.08000
,,, 0.00928399991,4.88000,0.08000
,,, 0.00928799994,4.88000,0.00
,,, 0.00929199997,4.88000,0.00
,,, 0.00929600000,4.88000,0.08000
,,, 0.00930000003,4.88000,0.00
,,, 0.00930400006,4.88000,0.00
,,, 0.00930800010,4.88000,0.00
,,, 0.00931200013,4.88000,-0.32000
,,, 0.00931600016,4.88000,-0.24000
,,, 0.00932000019,4.88000,-0.16000
,,, 0.00932400022,4.88000,-0.08000
,,, 0.00932800025,4.88000,-0.08000
,,, 0.00933200028,4.88000,0.00
,,, 0.00933600031,4.88000,-0.08000
,,, 0.00934000034,4.88000,-0.08000
,,, 0.00934400037,4.88000,-0.08000
,,, 0.00934800040,4.88000,0.00
,,, 0.00935200043,4.88000,0.00
,,, 0.00935599953,4.88000,0.00
,,, 0.00935999956,4.88000,-0.16000
,,, 0.00936399959,4.88000,-0.32000
,,, 0.00936799962,4.88000,-0.16000
,,, 0.00937199965,4.88000,-0.16000
,,, 0.00937599968,4.88000,-0.08000
,,, 0.00937999971,4.88000,-0.08000
,,, 0.00938399974,4.88000,-0.08000
,,, 0.00938799977,4.88000,-0.08000
,,, 0.00939199980,4.88000,-0.08000
,,, 0.00939599983,4.88000,0.00
,,, 0.00939999986,4.88000,4.88000
,,, 0.00940399989,4.88000,4.80000
,,, 0.00940799993,4.88000,4.80000
,,, 0.00941199996,4.88000,0.56000
,,, 0.00941599999,4.88000,0.40000
,,, 0.00942000002,4.88000,0.24000
,,, 0.00942400005,4.88000,0.16000
,,, 0.00942800008,4.88000,0.08000
,,, 0.00943200011,4.88000,0.08000
,,, 0.00943600014,4.88000,0.08000
,,, 0.00944000017,4.88000,0.08000
,,, 0.00944400020,4.88000,0.08000
,,, 0.00944800023,4.88000,4.72000
,,, 0.00945200026,4.88000,4.88000
,,, 0.00945600029,4.88000,4.80000
,,, 0.00946000032,4.88000,4.80000
,,, 0.00946400035,4.88000,0.48000
,,, 0.00946800038,4.88000,0.32000
,,, 0.00947200041,4.88000,0.24000
,,, 0.00947599951,4.88000,0.16000
,,, 0.00947999954,4.88000,0.08000
,,, 0.00948399957,4.88000,0.08000
,,, 0.00948799960,4.88000,0.08000
,,, 0.00949199963,4.88000,0.00
,,, 0.00949599966,4.88000,0.00
,,, 0.00949999969,4.88000,0.00
,,, 0.00950399972,4.88000,0.00
,,, 0.00950799976,4.88000,0.00
,,, 0.00951199979,4.88000,-0.32000
,,, 0.00951599982,4.88000,-0.24000
,,, 0.00951999985,4.88000,-0.16000
,,, 0.00952399988,4.88000,-0.16000
,,, 0.00952799991,4.88000,-0.08000
,,, 0.00953199994,4.88000,-0.08000
,,, 0.00953599997,4.88000,-0.08000
,,, 0.00954000000,4.88000,0.00
,,, 0.00954400003,4.88000,-0.08000
,,, 0.00954800006,4.88000,0.00
,,, 0.00955200009,4.88000,0.00
,,, 0.00955600012,4.88000,0.00
,,, 0.00956000015,4.88000,0.00
,,, 0.00956400018,4.88000,-0.24000
,,, 0.00956800021,4.88000,-0.16000
,,, 0.00957200024,4.88000,-0.08000
,,, 0.00957600027,4.88000,-0.08000
,,, 0.00958000030,4.96000,-0.08000
,,, 0.00958400033,4.80000,-0.08000
,,, 0.00958800036,4.88000,0.00
,,, 0.00959200040,4.88000,0.00
,,, 0.00959600043,4.88000,0.00
,,, 0.00959999952,4.88000,4.80000
,,, 0.00960399956,4.88000,4.80000
,,, 0.00960799959,4.88000,4.80000
,,, 0.00961199962,4.88000,0.56000
,,, 0.00961599965,4.88000,0.40000
,,, 0.00961999968,4.88000,0.24000
,,, 0.00962399971,4.88000,0.16000
,,, 0.00962799974,4.88000,0.08000
,,, 0.00963199977,4.88000,0.08000
,,, 0.00963599980,4.88000,0.08000
,,, 0.00963999983,4.88000,0.00
,,, 0.00964399986,4.88000,0.00
,,, 0.00964799989,4.88000,4.72000
,,, 0.00965199992,4.88000,4.80000
,,, 0.00965599995,4.88000,4.80000
,,, 0.00965999998,4.88000,2.72000
,,, 0.00966400001,4.88000,0.48000
,,, 0.00966800004,4.88000,0.32000
,,, 0.00967200007,4.88000,0.16000
,,, 0.00967600010,4.88000,0.16000
,,, 0.00968000013,4.88000,0.08000
,,, 0.00968400016,4.88000,0.08000
,,, 0.00968800019,4.88000,0.08000
,,, 0.00969200023,4.88000,0.08000
,,, 0.00969600026,4.88000,0.00
,,, 0.00970000029,4.88000,0.00
,,, 0.00970400032,4.88000,0.00
,,, 0.00970800035,4.88000,0.00
,,, 0.00971200038,4.88000,-0.32000
,,, 0.00971600041,4.88000,-0.24000
,,, 0.00972000044,4.88000,-0.16000
,,, 0.00972399954,4.88000,-0.08000
,,, 0.00972799957,4.88000,-0.08000
,,, 0.00973199960,4.88000,-0.08000
,,, 0.00973599963,4.88000,-0.08000
,,, 0.00973999966,4.88000,0.00
,,, 0.00974399969,4.88000,-0.08000
,,, 0.00974799972,4.88000,0.00
,,, 0.00975199975,4.88000,0.00
,,, 0.00975599978,4.88000,0.00
,,, 0.00975999981,4.88000,0.00
,,, 0.00976399984,4.88000,-0.24000
,,, 0.00976799987,4.88000,-0.16000
,,, 0.00977199990,4.88000,-0.16000
,,, 0.00977599993,4.88000,-0.08000
,,, 0.00977999996,4.88000,-0.08000
,,, 0.00978399999,4.80000,-0.08000
,,, 0.00978800002,4.88000,-0.08000
,,, 0.00979200006,4.88000,0.00
,,, 0.00979600009,4.88000,0.00
,,, 0.00980000012,4.88000,4.88000
,,, 0.00980400015,4.88000,4.80000
,,, 0.00980800018,4.88000,4.80000
,,, 0.00981200021,4.88000,0.56000
,,, 0.00981600024,4.88000,0.40000
,,, 0.00982000027,4.88000,0.24000
,,, 0.00982400030,4.88000,0.16000
,,, 0.00982800033,4.88000,0.08000
,,, 0.00983200036,4.88000,0.08000
,,, 0.00983600039,4.88000,0.08000
,,, 0.00984000042,4.88000,0.00
,,, 0.00984399952,4.88000,0.08000
,,, 0.00984799955,4.88000,4.16000
,,, 0.00985199958,4.88000,4.80000
,,, 0.00985599961,4.88000,4.80000
,,, 0.00985999964,4.88000,2.80000
,,, 0.00986399967,4.88000,0.48000
,,, 0.00986799970,4.88000,0.32000
,,, 0.00987199973,4.88000,0.24000
,,, 0.00987599976,4.88000,0.16000
,,, 0.00987999979,4.88000,0.08000
,,, 0.00988399982,4.88000,0.08000
,,, 0.00988799985,4.88000,0.08000
,,, 0.00989199989,4.88000,0.00
,,, 0.00989599992,4.88000,0.08000
,,, 0.00989999995,4.88000,0.00
,,, 0.00990399998,4.88000,0.00
,,, 0.00990800001,4.88000,0.00
,,, 0.00991200004,4.88000,-0.24000
,,, 0.00991600007,4.88000,-0.16000
,,, 0.00992000010,4.88000,-0.16000
,,, 0.00992400013,4.88000,-0.08000
,,, 0.00992800016,4.88000,-0.08000
,,, 0.00993200019,4.88000,-0.08000
,,, 0.00993600022,4.88000,-0.08000
,,, 0.00994000025,4.88000,-0.08000
,,, 0.00994400028,4.88000,0.00
,,, 0.00994800031,4.88000,0.00
,,, 0.00995200034,4.88000,0.00
,,, 0.00995600037,4.96000,0.00
,,, 0.00996000040,4.88000,0.00
,,, 0.00996400043,4.88000,-0.32000
,,, 0.00996799953,4.88000,-0.16000
,,, 0.00997199956,4.88000,-0.16000
,,, 0.00997599959,4.88000,-0.08000
,,, 0.00997999962,4.88000,-0.08000
,,, 0.00998399965,4.88000,-0.08000
,,, 0.00998799969,4.88000,-0.08000
,,, 0.00999199972,4.88000,-0.08000
,,, 0.00999599975,4.88000,-0.08000
,,, 0.00999999978,4.88000,4.80000
,,, 0.01000399981,4.88000,4.80000
,,, 0.01000799984,4.88000,4.80000
,,, 0.01001199987,4.88000,0.56000
,,, 0.01001599990,4.88000,0.40000
,,, 0.01001999993,4.88000,0.24000
,,, 0.01002399996,4.88000,0.16000
,,, 0.01002799999,4.88000,0.08000
,,, 0.01003200002,4.88000,0.08000
,,, 0.01003600005,4.88000,0.00
,,, 0.01004000008,4.88000,0.08000
,,, 0.01004400011,4.88000,0.08000
,,, 0.01004800014,4.88000,4.56000
,,, 0.01005200017,4.88000,4.80000
,,, 0.01005600020,4.88000,4.88000
,,, 0.01006000023,4.88000,4.80000
,,, 0.01006400026,4.88000,0.56000
,,, 0.01006800029,4.88000,0.32000
,,, 0.01007200032,4.88000,0.16000
,,, 0.01007600036,4.88000,0.16000
,,, 0.01008000039,4.88000,0.08000
,,, 0.01008400042,4.88000,0.08000
,,, 0.01008799952,4.88000,0.08000
,,, 0.01009199955,4.88000,0.08000
,,, 0.01009599958,4.88000,0.00
,,, 0.01009999961,4.88000,0.00
,,, 0.01010399964,4.88000,0.00
,,, 0.01010799967,4.88000,0.00
,,, 0.01011199970,4.88000,-0.32000
,,, 0.01011599973,4.88000,-0.24000
,,, 0.01011999976,4.88000,-0.16000
,,, 0.01012399979,4.88000,-0.08000
,,, 0.01012799982,4.88000,-0.08000
,,, 0.01013199985,4.88000,0.00
,,, 0.01013599988,4.88000,-0.08000
,,, 0.01013999991,4.88000,-0.08000
,,, 0.01014399994,4.88000,0.00
,,, 0.01014799997,4.88000,0.00
,,, 0.01015200000,4.88000,0.00
,,, 0.01015600003,4.88000,0.00
,,, 0.01016000006,4.88000,0.00
,,, 0.01016400009,4.88000,-0.24000
,,, 0.01016800012,4.88000,-0.16000
,,, 0.01017200015,4.88000,-0.16000
,,, 0.01017600019,4.88000,-0.08000
,,, 0.01018000022,4.88000,-0.08000
,,, 0.01018400025,4.88000,-0.08000
,,, 0.01018800028,4.88000,-0.08000
,,, 0.01019200031,4.88000,-0.08000
,,, 0.01019600034,4.88000,0.00
,,, 0.01020000037,4.88000,4.88000
,,, 0.01020400040,4.88000,4.72000
,,, 0.01020800043,4.88000,4.80000
,,, 0.01021199953,4.80000,0.56000
,,, 0.01021599956,4.88000,0.40000
,,, 0.01021999959,4.88000,0.24000
,,, 0.01022399962,4.88000,0.16000
,,, 0.01022799965,4.88000,0.08000
,,, 0.01023199968,4.88000,0.08000
,,, 0.01023599971,4.88000,0.08000
,,, 0.01023999974,4.88000,0.00
,,, 0.01024399977,4.88000,0.08000
,,, 0.01024799980,4.88000,4.72000
,,, 0.01025199983,4.88000,4.80000
,,, 0.01025599986,4.88000,4.80000
,,, 0.01025999989,4.88000,4.80000
,,, 0.01026399992,4.88000,0.48000
,,, 0.01026799995,4.88000,0.40000
,,, 0.01027199998,4.88000,0.24000
,,, 0.01027600002,4.88000,0.16000
,,, 0.01028000005,4.88000,0.08000
,,, 0.01028400008,4.88000,0.08000
,,, 0.01028800011,4.88000,0.08000
,,, 0.01029200014,4.88000,0.08000
,,, 0.01029600017,4.88000,0.00
,,, 0.01030000020,4.88000,0.00
,,, 0.01030400023,4.88000,0.00
,,, 0.01030800026,4.88000,0.00
,,, 0.01031200029,4.88000,-0.32000
,,, 0.01031600032,4.88000,-0.24000
,,, 0.01032000035,4.88000,-0.16000
,,, 0.01032400038,4.88000,-0.08000
,,, 0.01032800041,4.88000,-0.08000
,,, 0.01033199951,4.88000,0.00
,,, 0.01033599954,4.88000,-0.08000
,,, 0.01033999957,4.88000,0.00
,,, 0.01034399960,4.88000,-0.08000
,,, 0.01034799963,4.88000,0.00
,,, 0.01035199966,4.88000,0.00
,,, 0.01035599969,4.88000,-0.08000
,,, 0.01035999972,4.88000,0.00
,,, 0.01036399975,4.88000,-0.24000
,,, 0.01036799978,4.88000,-0.16000
,,, 0.01037199982,4.88000,-0.16000
,,, 0.01037599985,4.88000,-0.08000
,,, 0.01037999988,4.88000,-0.08000
,,, 0.01038399991,4.88000,-0.08000
,,, 0.01038799994,4.88000,0.00
,,, 0.01039199997,4.88000,0.00
,,, 0.01039600000,4.88000,0.00
,,, 0.01040000003,4.88000,4.80000
,,, 0.01040400006,4.88000,4.80000
,,, 0.01040800009,4.88000,4.80000
,,, 0.01041200012,4.88000,0.56000
,,, 0.01041600015,4.88000,0.40000
,,, 0.01042000018,4.88000,0.24000
,,, 0.01042400021,4.88000,0.16000
,,, 0.01042800024,4.88000,0.08000
,,, 0.01043200027,4.88000,0.08000
,,, 0.01043600030,4.88000,0.08000
,,, 0.01044000033,4.88000,0.08000
,,, 0.01044400036,4.88000,0.00
,,, 0.01044800039,4.88000,4.64000
,,, 0.01045200042,4.88000,4.80000
,,, 0.01045599952,4.88000,4.72000
,,, 0.01045999955,4.88000,3.52000
,,, 0.01046399958,4.88000,0.48000
,,, 0.01046799961,4.88000,0.32000
,,, 0.01047199965,4.88000,0.16000
,,, 0.01047599968,4.88000,0.16000
,,, 0.01047999971,4.88000,0.08000
,,, 0.01048399974,4.88000,0.08000
,,, 0.01048799977,4.88000,0.08000
,,, 0.01049199980,4.88000,0.08000
,,, 0.01049599983,4.88000,0.08000
,,, 0.01049999986,4.88000,0.00
,,, 0.01050399989,4.88000,0.00
,,, 0.01050799992,4.88000,0.00
,,, 0.01051199995,4.88000,-0.24000
,,, 0.01051599998,4.88000,-0.24000
,,, 0.01052000001,4.88000,-0.16000
,,, 0.01052400004,4.88000,-0.08000
,,, 0.01052800007,4.88000,-0.08000
,,, 0.01053200010,4.88000,-0.08000
,,, 0.01053600013,4.96000,-0.08000
,,, 0.01054000016,4.88000,0.00
,,, 0.01054400019,4.88000,0.00
,,, 0.01054800022,4.88000,0.08000
,,, 0.01055200025,4.88000,0.00
,,, 0.01055600028,4.88000,0.00
,,, 0.01056000032,4.88000,0.00
,,, 0.01056400035,4.88000,-0.24000
,,, 0.01056800038,4.88000,-0.24000
,,, 0.01057200041,4.88000,-0.16000
,,, 0.01057600044,4.88000,-0.08000
,,, 0.01057999954,4.88000,-0.08000
,,, 0.01058399957,4.88000,-0.08000
,,, 0.01058799960,4.88000,0.00
,,, 0.01059199963,4.88000,0.00
,,, 0.01059599966,4.88000,0.00
,,, 0.01059999969,4.88000,4.80000
,,, 0.01060399972,4.88000,4.80000
,,, 0.01060799975,4.88000,4.80000
,,, 0.01061199978,4.88000,0.56000
,,, 0.01061599981,4.88000,0.40000
,,, 0.01061999984,4.88000,0.24000
,,, 0.01062399987,4.88000,0.16000
,,, 0.01062799990,4.88000,0.08000
,,, 0.01063199993,4.88000,0.08000
,,, 0.01063599996,4.88000,0.08000
,,, 0.01063999999,4.88000,0.08000
,,, 0.01064400002,4.88000,0.00
,,, 0.01064800005,4.88000,3.76000
,,, 0.01065200008,4.88000,4.88000
,,, 0.01065600011,4.88000,4.80000
,,, 0.01066000015,4.88000,3.76000
,,, 0.01066400018,4.88000,0.48000
,,, 0.01066800021,4.88000,0.32000
,,, 0.01067200024,4.88000,0.24000
,,, 0.01067600027,4.88000,0.16000
,,, 0.01068000030,4.88000,0.08000
,,, 0.01068400033,4.88000,0.08000
,,, 0.01068800036,4.88000,0.08000
,,, 0.01069200039,4.88000,0.00
,,, 0.01069600042,4.88000,0.08000
,,, 0.01069999952,4.88000,0.00
,,, 0.01070399955,4.88000,0.00
,,, 0.01070799958,4.88000,0.00
,,, 0.01071199961,4.88000,-0.32000
,,, 0.01071599964,4.88000,-0.24000
,,, 0.01071999967,4.88000,-0.16000
,,, 0.01072399970,4.88000,-0.08000
,,, 0.01072799973,4.88000,-0.08000
,,, 0.01073199976,4.88000,-0.08000
,,, 0.01073599979,4.88000,-0.08000
,,, 0.01073999982,4.88000,0.00
,,, 0.01074399985,4.88000,-0.08000
,,, 0.01074799988,4.88000,0.00
,,, 0.01075199991,4.88000,0.00
,,, 0.01075599995,4.88000,0.00
,,, 0.01075999998,4.88000,0.00
,,, 0.01076400001,4.88000,-0.24000
,,, 0.01076800004,4.88000,-0.16000
,,, 0.01077200007,4.88000,-0.08000
,,, 0.01077600010,4.88000,-0.08000
,,, 0.01078000013,4.88000,-0.08000
,,, 0.01078400016,4.88000,-0.08000
,,, 0.01078800019,4.80000,-0.08000
,,, 0.01079200022,4.88000,0.00
,,, 0.01079600025,4.88000,0.00
,,, 0.01080000028,4.88000,4.80000
,,, 0.01080400031,4.88000,4.80000
,,, 0.01080800034,4.88000,4.80000
,,, 0.01081200037,4.88000,0.56000
,,, 0.01081600040,4.88000,0.40000
,,, 0.01082000043,4.88000,0.24000
,,, 0.01082399953,4.88000,0.16000
,,, 0.01082799956,4.88000,0.08000
,,, 0.01083199959,4.88000,0.08000
,,, 0.01083599962,4.88000,0.00
,,, 0.01083999965,4.88000,0.08000
,,, 0.01084399968,4.88000,0.08000
,,, 0.01084799971,4.88000,4.32000
,,, 0.01085199974,4.88000,4.88000
,,, 0.01085599978,4.88000,4.72000
,,, 0.01085999981,4.88000,3.28000
,,, 0.01086399984,4.88000,0.48000
,,, 0.01086799987,4.88000,0.32000
,,, 0.01087199990,4.88000,0.16000
,,, 0.01087599993,4.88000,0.16000
,,, 0.01087999996,4.88000,0.08000
,,, 0.01088399999,4.88000,0.08000
,,, 0.01088800002,4.88000,0.00
,,, 0.01089200005,4.88000,0.08000
,,, 0.01089600008,4.88000,0.00
,,, 0.01090000011,4.88000,0.00
,,, 0.01090400014,4.88000,0.00
,,, 0.01090800017,4.88000,0.00
,,, 0.01091200020,4.88000,-0.32000
,,, 0.01091600023,4.88000,-0.24000
,,, 0.01092000026,4.88000,-0.16000
,,, 0.01092400029,4.88000,-0.08000
,,, 0.01092800032,4.88000,-0.08000
,,, 0.01093200035,4.96000,-0.08000
,,, 0.01093600038,4.88000,0.00
,,, 0.01094000041,4.88000,-0.08000
,,, 0.01094399951,4.88000,0.00
,,, 0.01094799954,4.88000,0.00
,,, 0.01095199957,4.88000,0.00
,,, 0.01095599961,4.88000,0.00
,,, 0.01095999964,4.88000,0.00
,,, 0.01096399967,4.88000,-0.24000
,,, 0.01096799970,4.88000,-0.16000
,,, 0.01097199973,4.88000,-0.08000
,,, 0.01097599976,4.88000,-0.08000
,,, 0.01097999979,4.88000,-0.08000
,,, 0.01098399982,4.88000,0.00
,,, 0.01098799985,4.88000,0.00
,,, 0.01099199988,4.88000,0.00
,,, 0.01099599991,4.88000,0.00
,,, 0.01099999994,4.88000,4.80000
,,, 0.01100399997,4.88000,4.80000
,,, 0.01100800000,4.88000,4.80000
,,, 0.01101200003,4.88000,0.56000
,,, 0.01101600006,4.88000,0.40000
,,, 0.01102000009,4.88000,0.24000
,,, 0.01102400012,4.88000,0.16000
,,, 0.01102800015,4.88000,0.08000
,,, 0.01103200018,4.88000,0.08000
,,, 0.01103600021,4.88000,0.08000
,,, 0.01104000024,4.88000,0.08000
,,, 0.01104400028,4.88000,0.08000
,,, 0.01104800031,4.88000,4.72000
,,, 0.01105200034,4.88000,4.80000
,,, 0.01105600037,4.88000,4.80000
,,, 0.01106000040,4.88000,4.72000
,,, 0.01106400043,4.88000,0.48000
,,, 0.01106799953,4.88000,0.40000
,,, 0.01107199956,4.88000,0.24000
,,, 0.01107599959,4.88000,0.16000
,,, 0.01107999962,4.88000,0.08000
,,, 0.01108399965,4.88000,0.08000
,,, 0.01108799968,4.88000,0.08000
,,, 0.01109199971,4.88000,0.08000
,,, 0.01109599974,4.88000,0.00
,,, 0.01109999977,4.88000,0.08000
,,, 0.01110399980,4.88000,0.00
,,, 0.01110799983,4.88000,0.00
,,, 0.01111199986,4.88000,-0.32000
,,, 0.01111599989,4.88000,-0.24000
,,, 0.01111999992,4.88000,-0.16000
,,, 0.01112399995,4.88000,-0.08000
,,, 0.01112799998,4.88000,-0.08000
,,, 0.01113200001,4.88000,0.00
,,, 0.01113600004,4.88000,-0.08000
,,, 0.01114000008,4.88000,0.00
,,, 0.01114400011,4.88000,0.00
,,, 0.01114800014,4.88000,0.00
,,, 0.01115200017,4.88000,0.00
,,, 0.01115600020,4.88000,0.00
,,, 0.01116000023,4.88000,0.00
,,, 0.01116400026,4.88000,-0.24000
,,, 0.01116800029,4.88000,-0.16000
,,, 0.01117200032,4.88000,-0.16000
,,, 0.01117600035,4.88000,-0.08000
,,, 0.01118000038,4.96000,-0.08000
,,, 0.01118400041,4.88000,-0.08000
,,, 0.01118799951,4.88000,0.00
,,, 0.01119199954,4.88000,0.08000
,,, 0.01119599957,4.88000,0.08000
,,, 0.01119999960,4.88000,4.80000
,,, 0.01120399963,4.88000,4.80000
,,, 0.01120799966,4.88000,4.80000
,,, 0.01121199969,4.88000,0.56000
,,, 0.01121599972,4.88000,0.40000
,,, 0.01121999975,4.88000,0.24000
,,, 0.01122399978,4.88000,0.16000
,,, 0.01122799981,4.88000,0.08000
,,, 0.01123199984,4.88000,0.08000
,,, 0.01123599987,4.88000,0.08000
,,, 0.01123999991,4.88000,0.08000
,,, 0.01124399994,4.88000,0.08000
,,, 0.01124799997,4.88000,4.56000
,,, 0.01125200000,4.88000,4.80000
,,, 0.01125600003,5.04000,4.80000
,,, 0.01126000006,4.88000,4.00000
,,, 0.01126400009,4.88000,0.48000
,,, 0.01126800012,4.88000,0.32000
,,, 0.01127200015,4.88000,0.24000
,,, 0.01127600018,4.88000,0.16000
,,, 0.01128000021,4.88000,0.08000
,,, 0.01128400024,4.88000,0.08000
,,, 0.01128800027,4.88000,0.08000
,,, 0.01129200030,4.88000,0.00
,,, 0.01129600033,4.88000,0.00
,,, 0.01130000036,4.88000,0.00
,,, 0.01130400039,4.88000,0.00
,,, 0.01130800042,4.88000,0.00
,,, 0.01131199952,4.88000,-0.32000
,,, 0.01131599955,4.88000,-0.24000
,,, 0.01131999958,4.88000,-0.16000
,,, 0.01132399961,4.88000,-0.08000
,,, 0.01132799964,4.88000,-0.08000
,,, 0.01133199967,4.88000,0.00
,,, 0.01133599970,4.88000,-0.08000
,,, 0.01133999974,4.80000,0.00
,,, 0.01134399977,4.88000,0.00
,,, 0.01134799980,4.88000,0.00
,,, 0.01135199983,4.88000,0.08000
,,, 0.01135599986,4.88000,0.00
,,, 0.01135999989,4.88000,-0.16000
,,, 0.01136399992,4.88000,-0.24000
,,, 0.01136799995,4.88000,-0.16000
,,, 0.01137199998,4.88000,-0.16000
,,, 0.01137600001,4.88000,-0.08000
,,, 0.01138000004,4.88000,-0.08000
,,, 0.01138400007,4.88000,-0.08000
,,, 0.01138800010,4.80000,0.00
,,, 0.01139200013,4.88000,0.00
,,, 0.01139600016,4.88000,0.00
,,, 0.01140000019,4.88000,4.88000
,,, 0.01140400022,4.88000,4.80000
,,, 0.01140800025,4.96000,4.80000
,,, 0.01141200028,4.88000,0.56000
,,, 0.01141600031,4.88000,0.40000
,,, 0.01142000034,4.88000,0.24000
,,, 0.01142400037,4.88000,0.16000
,,, 0.01142800041,4.88000,0.08000
,,, 0.01143200044,4.88000,0.08000
,,, 0.01143599954,4.88000,0.08000
,,, 0.01143999957,4.88000,0.08000
,,, 0.01144399960,4.88000,0.08000
,,, 0.01144799963,4.88000,2.80000
,,, 0.01145199966,4.88000,4.88000
,,, 0.01145599969,4.88000,4.80000
,,, 0.01145999972,4.88000,4.08000
,,, 0.01146399975,4.88000,0.48000
,,, 0.01146799978,4.88000,0.32000
,,, 0.01147199981,4.88000,0.24000
,,, 0.01147599984,4.88000,0.16000
,,, 0.01147999987,4.88000,0.08000
,,, 0.01148399990,4.88000,0.08000
,,, 0.01148799993,4.96000,0.00
,,, 0.01149199996,4.96000,0.00
,,, 0.01149599999,4.88000,0.08000
,,, 0.01150000002,4.88000,0.00
,,, 0.01150400005,4.88000,0.00
,,, 0.01150800008,4.88000,0.00
,,, 0.01151200011,4.88000,-0.32000
,,, 0.01151600014,4.88000,-0.24000
,,, 0.01152000017,4.88000,-0.16000
,,, 0.01152400021,4.88000,-0.08000
,,, 0.01152800024,4.88000,-0.08000
,,, 0.01153200027,4.88000,-0.08000
,,, 0.01153600030,4.80000,0.00
,,, 0.01154000033,4.88000,0.00
,,, 0.01154400036,4.88000,-0.08000
,,, 0.01154800039,4.88000,0.00
,,, 0.01155200042,4.88000,0.00
,,, 0.01155599952,4.88000,0.00
,,, 0.01155999955,4.88000,-0.24000
,,, 0.01156399958,4.88000,-0.24000
,,, 0.01156799961,4.88000,-0.16000
,,, 0.01157199964,4.88000,-0.08000
,,, 0.01157599967,4.88000,-0.08000
,,, 0.01157999970,4.88000,-0.08000
,,, 0.01158399973,4.88000,0.00
,,, 0.01158799976,4.88000,0.00
,,, 0.01159199979,4.88000,0.00
,,, 0.01159599982,4.88000,0.00
,,, 0.01159999985,4.88000,4.88000
,,, 0.01160399988,4.88000,4.80000
,,, 0.01160799991,4.88000,4.80000
,,, 0.01161199994,4.88000,0.72000
,,, 0.01161599997,4.88000,0.40000
,,, 0.01162000000,4.88000,0.24000
,,, 0.01162400004,4.88000,0.16000
,,, 0.01162800007,4.88000,0.16000
,,, 0.01163200010,4.88000,0.08000
,,, 0.01163600013,4.88000,0.08000
,,, 0.01164000016,4.88000,0.08000
,,, 0.01164400019,4.88000,0.08000
,,, 0.01164800022,4.88000,4.80000
,,, 0.01165200025,4.88000,4.80000
,,, 0.01165600028,4.88000,4.80000
,,, 0.01166000031,4.88000,3.84000
,,, 0.01166400034,4.88000,0.48000
,,, 0.01166800037,4.88000,0.32000
,,, 0.01167200040,4.88000,0.24000
,,, 0.01167600043,4.88000,0.16000
,,, 0.01167999953,4.88000,0.08000
,,, 0.01168399956,4.88000,0.08000
,,, 0.01168799959,4.88000,0.08000
,,, 0.01169199962,4.88000,0.00
,,, 0.01169599965,4.88000,0.08000
,,, 0.01169999968,4.88000,0.00
,,, 0.01170399971,4.88000,0.00
,,, 0.01170799974,4.88000,0.00
,,, 0.01171199977,4.88000,-0.32000
,,, 0.01171599980,4.88000,-0.24000
,,, 0.01171999983,4.88000,-0.16000
,,, 0.01172399987,4.88000,-0.08000
,,, 0.01172799990,4.88000,-0.08000
,,, 0.01173199993,4.88000,-0.08000
,,, 0.01173599996,4.88000,0.00
,,, 0.01173999999,4.88000,-0.08000
,,, 0.01174400002,4.88000,0.00
,,, 0.01174800005,4.88000,0.00
,,, 0.01175200008,4.88000,0.00
,,, 0.01175600011,4.88000,0.00
,,, 0.01176000014,4.88000,0.00
,,, 0.01176400017,4.88000,-0.24000
,,, 0.01176800020,4.88000,-0.16000
,,, 0.01177200023,4.88000,-0.08000
,,, 0.01177600026,4.88000,-0.08000
,,, 0.01178000029,4.88000,-0.08000
,,, 0.01178400032,4.88000,-0.08000
,,, 0.01178800035,4.88000,0.00
,,, 0.01179200038,4.88000,0.00
,,, 0.01179600041,4.88000,0.00
,,, 0.01179999951,4.88000,4.88000
,,, 0.01180399954,4.88000,4.80000
,,, 0.01180799957,4.88000,4.88000
,,, 0.01181199960,4.88000,0.72000
,,, 0.01181599963,4.88000,0.40000
,,, 0.01181999967,4.88000,0.24000
,,, 0.01182399970,4.88000,0.16000
,,, 0.01182799973,4.88000,0.08000
,,, 0.01183199976,4.88000,0.08000
,,, 0.01183599979,4.88000,0.08000
,,, 0.01183999982,4.88000,0.08000
,,, 0.01184399985,4.88000,0.08000
,,, 0.01184799988,4.88000,4.80000
,,, 0.01185199991,4.96000,4.80000
,,, 0.01185599994,4.88000,4.80000
,,, 0.01185999997,4.88000,4.00000
,,, 0.01186400000,4.88000,0.48000
,,, 0.01186800003,4.88000,0.32000
,,, 0.01187200006,4.88000,0.16000
,,, 0.01187600009,4.88000,0.08000
,,, 0.01188000012,4.88000,0.08000
,,, 0.01188400015,4.88000,0.08000
,,, 0.01188800018,4.88000,0.08000
,,, 0.01189200021,4.88000,0.08000
,,, 0.01189600024,4.88000,0.08000
,,, 0.01190000027,4.88000,0.00
,,, 0.01190400030,4.88000,0.00
,,, 0.01190800034,4.88000,0.00
,,, 0.01191200037,4.88000,-0.32000
,,, 0.01191600040,4.88000,-0.24000
,,, 0.01192000043,4.88000,-0.16000
,,, 0.01192399953,4.88000,-0.08000
,,, 0.01192799956,4.88000,-0.08000
,,, 0.01193199959,4.88000,-0.08000
,,, 0.01193599962,4.88000,0.00
,,, 0.01193999965,4.88000,0.00
,,, 0.01194399968,4.88000,0.00
,,, 0.01194799971,4.88000,0.08000
,,, 0.01195199974,4.88000,0.08000
,,, 0.01195599977,4.88000,0.08000
,,, 0.01195999980,4.88000,-0.32000
,,, 0.01196399983,4.88000,-0.24000
,,, 0.01196799986,4.88000,-0.16000
,,, 0.01197199989,4.88000,-0.08000
,,, 0.01197599992,4.88000,-0.08000
,,, 0.01197999995,4.88000,-0.08000
,,, 0.01198399998,4.88000,0.00
,,, 0.01198800001,4.88000,0.00
,,, 0.01199200004,4.88000,0.00
,,, 0.01199600007,4.88000,0.00
,,, 0.01200000010,4.88000,4.88000
,,, 0.01200400013,4.88000,4.80000
,,, 0.01200800017,4.88000,4.80000
,,, 0.01201200020,4.88000,0.72000
,,, 0.01201600023,4.88000,0.40000
,,, 0.01202000026,4.88000,0.24000
,,, 0.01202400029,4.88000,0.16000
,,, 0.01202800032,4.88000,0.08000
,,, 0.01203200035,4.88000,0.08000
,,, 0.01203600038,4.88000,0.08000
,,, 0.01204000041,4.88000,0.08000
,,, 0.01204399951,4.88000,0.08000
,,, 0.01204799954,4.88000,4.80000
,,, 0.01205199957,4.88000,4.80000
,,, 0.01205599960,4.88000,4.88000
,,, 0.01205999963,4.88000,4.64000
,,, 0.01206399966,4.88000,0.48000
,,, 0.01206799969,4.88000,0.32000
,,, 0.01207199972,4.88000,0.16000
,,, 0.01207599975,4.88000,0.08000
,,, 0.01207999978,4.88000,0.08000
,,, 0.01208399981,4.88000,0.08000
,,, 0.01208799984,4.88000,0.08000
,,, 0.01209199987,4.88000,0.00
,,, 0.01209599990,4.88000,0.00
,,, 0.01209999993,4.88000,0.00
,,, 0.01210399996,4.88000,0.00
,,, 0.01210800000,4.88000,0.00
,,, 0.01211200003,4.88000,-0.24000
,,, 0.01211600006,4.88000,-0.16000
,,, 0.01212000009,4.88000,-0.16000
,,, 0.01212400012,4.88000,-0.08000
,,, 0.01212800015,4.88000,-0.08000
,,, 0.01213200018,4.88000,-0.08000
,,, 0.01213600021,4.88000,-0.08000
,,, 0.01214000024,4.88000,0.00
,,, 0.01214400027,4.88000,-0.08000
,,, 0.01214800030,4.88000,0.08000
,,, 0.01215200033,4.88000,0.00
,,, 0.01215600036,4.88000,0.00
,,, 0.01216000039,4.88000,-0.08000
,,, 0.01216400042,4.88000,-0.24000
,,, 0.01216799952,4.88000,-0.16000
,,, 0.01217199955,4.88000,-0.08000
,,, 0.01217599958,4.88000,-0.08000
,,, 0.01217999961,4.88000,-0.08000
,,, 0.01218399964,4.88000,-0.08000
,,, 0.01218799967,4.88000,0.00
,,, 0.01219199970,4.88000,-0.08000
,,, 0.01219599973,4.88000,0.00
,,, 0.01219999976,4.88000,4.88000
,,, 0.01220399980,4.88000,4.80000
,,, 0.01220799983,4.88000,4.80000
,,, 0.01221199986,4.88000,0.72000
,,, 0.01221599989,4.88000,0.40000
,,, 0.01221999992,4.88000,0.24000
,,, 0.01222399995,4.88000,0.16000
,,, 0.01222799998,4.88000,0.08000
,,, 0.01223200001,4.88000,0.08000
,,, 0.01223600004,4.88000,0.08000
,,, 0.01224000007,4.88000,0.08000
,,, 0.01224400010,4.88000,0.08000
,,, 0.01224800013,4.88000,4.72000
,,, 0.01225200016,4.88000,4.80000
,,, 0.01225600019,4.88000,4.80000
,,, 0.01226000022,4.88000,4.72000
,,, 0.01226400025,4.88000,0.48000
,,, 0.01226800028,4.88000,0.40000
,,, 0.01227200031,4.88000,0.16000
,,, 0.01227600034,4.88000,0.16000
,,, 0.01228000037,4.88000,0.08000
,,, 0.01228400040,4.88000,0.08000
,,, 0.01228800043,4.88000,0.08000
,,, 0.01229199953,4.88000,0.08000
,,, 0.01229599956,4.88000,0.00
,,, 0.01229999959,4.88000,0.00
,,, 0.01230399963,4.88000,0.00
,,, 0.01230799966,4.88000,0.00
,,, 0.01231199969,4.88000,-0.32000
,,, 0.01231599972,4.88000,-0.24000
,,, 0.01231999975,4.88000,-0.16000
,,, 0.01232399978,4.88000,-0.08000
,,, 0.01232799981,4.88000,-0.08000
,,, 0.01233199984,4.88000,0.00
,,, 0.01233599987,4.80000,0.00
,,, 0.01233999990,4.88000,0.00
,,, 0.01234399993,4.88000,0.00
,,, 0.01234799996,4.88000,0.00
,,, 0.01235199999,4.88000,0.00
,,, 0.01235600002,4.88000,0.00
,,, 0.01236000005,4.88000,-0.16000
,,, 0.01236400008,4.88000,-0.24000
,,, 0.01236800011,4.88000,-0.16000
,,, 0.01237200014,4.88000,-0.08000
,,, 0.01237600017,4.88000,-0.08000
,,, 0.01238000020,4.88000,0.00
,,, 0.01238400023,4.88000,0.00
,,, 0.01238800026,4.88000,-0.08000
,,, 0.01239200030,4.88000,0.00
,,, 0.01239600033,4.88000,0.00
,,, 0.01240000036,4.88000,4.88000
,,, 0.01240400039,4.88000,4.88000
,,, 0.01240800042,4.88000,4.72000
,,, 0.01241199952,4.88000,0.56000
,,, 0.01241599955,4.88000,0.40000
,,, 0.01241999958,4.88000,0.24000
,,, 0.01242399961,4.88000,0.16000
,,, 0.01242799964,4.88000,0.16000
,,, 0.01243199967,4.88000,0.08000
,,, 0.01243599970,4.88000,0.08000
,,, 0.01243999973,4.88000,0.00
,,, 0.01244399976,4.88000,0.08000
,,, 0.01244799979,4.88000,4.88000
,,, 0.01245199982,4.88000,4.80000
,,, 0.01245599985,4.88000,4.80000
,,, 0.01245999988,4.88000,4.64000
,,, 0.01246399991,4.88000,0.48000
,,, 0.01246799994,4.88000,0.32000
,,, 0.01247199997,4.88000,0.24000
,,, 0.01247600000,4.88000,0.16000
,,, 0.01248000003,4.88000,0.08000
,,, 0.01248400006,4.88000,0.08000
,,, 0.01248800009,4.88000,0.08000
,,, 0.01249200013,4.88000,0.08000
,,, 0.01249600016,4.88000,0.08000
,,, 0.01250000019,4.88000,0.00
,,, 0.01250400022,4.88000,0.00
,,, 0.01250800025,4.88000,0.00
,,, 0.01251200028,4.88000,-0.32000
,,, 0.01251600031,4.88000,-0.24000
,,, 0.01252000034,4.88000,-0.08000
,,, 0.01252400037,4.88000,-0.08000
,,, 0.01252800040,4.88000,-0.08000
,,, 0.01253200043,4.88000,-0.08000
,,, 0.01253599953,4.88000,-0.08000
,,, 0.01253999956,4.88000,0.00
,,, 0.01254399959,4.88000,0.00
,,, 0.01254799962,4.88000,0.00
,,, 0.01255199965,4.88000,0.00
,,, 0.01255599968,4.88000,0.08000
,,, 0.01255999971,4.88000,-0.32000
,,, 0.01256399974,4.88000,-0.24000
,,, 0.01256799977,4.88000,-0.16000
,,, 0.01257199980,4.88000,-0.08000
,,, 0.01257599983,4.88000,-0.08000
,,, 0.01257999986,4.80000,0.00
,,, 0.01258399989,4.88000,0.00
,,, 0.01258799993,4.88000,-0.08000
,,, 0.01259199996,4.88000,0.00
,,, 0.01259599999,4.88000,0.00
,,, 0.01260000002,4.88000,4.88000
,,, 0.01260400005,4.88000,4.80000
,,, 0.01260800008,4.88000,4.80000
,,, 0.01261200011,4.88000,0.56000
,,, 0.01261600014,4.88000,0.40000
,,, 0.01262000017,4.88000,0.24000
,,, 0.01262400020,4.88000,0.16000
,,, 0.01262800023,4.88000,0.16000
,,, 0.01263200026,4.88000,0.08000
,,, 0.01263600029,4.88000,0.08000
,,, 0.01264000032,4.88000,0.08000
,,, 0.01264400035,4.88000,0.08000
,,, 0.01264800038,4.88000,4.88000
,,, 0.01265200041,4.88000,4.80000
,,, 0.01265599951,4.88000,4.72000
,,, 0.01265999954,4.88000,4.56000
,,, 0.01266399957,4.88000,0.48000
,,, 0.01266799960,4.88000,0.32000
,,, 0.01267199963,4.88000,0.24000
,,, 0.01267599966,4.88000,0.16000
,,, 0.01267999969,4.88000,0.08000
,,, 0.01268399972,4.88000,0.08000
,,, 0.01268799976,4.88000,0.08000
,,, 0.01269199979,4.88000,0.08000
,,, 0.01269599982,4.88000,0.00
,,, 0.01269999985,4.88000,0.08000
,,, 0.01270399988,4.88000,0.00
,,, 0.01270799991,4.88000,0.00
,,, 0.01271199994,4.88000,-0.24000
,,, 0.01271599997,4.88000,-0.24000
,,, 0.01272000000,4.88000,-0.16000
,,, 0.01272400003,4.88000,-0.08000
,,, 0.01272800006,4.88000,-0.08000
,,, 0.01273200009,4.88000,-0.08000
,,, 0.01273600012,4.88000,-0.08000
,,, 0.01274000015,4.88000,0.00
,,, 0.01274400018,4.88000,0.00
,,, 0.01274800021,4.88000,0.00
,,, 0.01275200024,4.88000,0.00
,,, 0.01275600027,4.88000,0.00
,,, 0.01276000030,4.88000,-0.32000
,,, 0.01276400033,4.88000,-0.24000
,,, 0.01276800036,4.88000,-0.16000
,,, 0.01277200039,4.88000,-0.16000
,,, 0.01277600043,4.88000,-0.08000
,,, 0.01277999952,4.88000,-0.08000
,,, 0.01278399955,4.88000,-0.08000
,,, 0.01278799959,4.88000,0.00
,,, 0.01279199962,4.88000,0.00
,,, 0.01279599965,4.88000,0.00
,,, 0.01279999968,4.88000,4.80000
,,, 0.01280399971,4.88000,4.80000
,,, 0.01280799974,4.88000,4.80000
,,, 0.01281199977,4.88000,0.56000
,,, 0.01281599980,4.88000,0.40000
,,, 0.01281999983,4.88000,0.24000
,,, 0.01282399986,4.88000,0.16000
,,, 0.01282799989,4.88000,0.16000
,,, 0.01283199992,4.88000,0.08000
,,, 0.01283599995,4.88000,0.08000
,,, 0.01283999998,4.88000,0.08000
,,, 0.01284400001,4.88000,0.08000
,,, 0.01284800004,4.88000,4.88000
,,, 0.01285200007,4.88000,4.80000
,,, 0.01285600010,4.88000,4.72000
,,, 0.01286000013,4.88000,4.80000
,,, 0.01286400016,4.88000,0.48000
,,, 0.01286800019,4.88000,0.32000
,,, 0.01287200022,4.88000,0.24000
,,, 0.01287600026,4.88000,0.16000
,,, 0.01288000029,4.88000,0.08000
,,, 0.01288400032,4.88000,0.08000
,,, 0.01288800035,4.88000,0.08000
,,, 0.01289200038,4.88000,0.08000
,,, 0.01289600041,4.88000,0.08000
,,, 0.01289999951,4.88000,0.00
,,, 0.01290399954,4.88000,0.00
,,, 0.01290799957,4.88000,0.00
,,, 0.01291199960,4.88000,-0.40000
,,, 0.01291599963,4.88000,-0.16000
,,, 0.01291999966,4.88000,-0.16000
,,, 0.01292399969,4.88000,-0.08000
,,, 0.01292799972,4.88000,-0.08000
,,, 0.01293199975,4.88000,-0.08000
,,, 0.01293599978,4.88000,0.00
,,, 0.01293999981,4.88000,0.00
,,, 0.01294399984,4.88000,0.00
,,, 0.01294799987,4.88000,0.00
,,, 0.01295199990,4.88000,0.08000
,,, 0.01295599993,4.88000,0.00
,,, 0.01295999996,4.88000,0.00
,,, 0.01296399999,4.88000,-0.24000
,,, 0.01296800002,4.88000,-0.24000
,,, 0.01297200006,4.88000,-0.16000
,,, 0.01297600009,4.88000,-0.08000
,,, 0.01298000012,4.88000,0.00
,,, 0.01298400015,4.88000,-0.08000
,,, 0.01298800018,4.88000,-0.08000
,,, 0.01299200021,4.88000,-0.08000
,,, 0.01299600024,4.88000,0.00
,,, 0.01300000027,4.88000,4.80000
,,, 0.01300400030,4.88000,4.80000
,,, 0.01300800033,4.88000,4.80000
,,, 0.01301200036,4.88000,0.72000
,,, 0.01301600039,4.88000,0.40000
,,, 0.01302000042,4.88000,0.24000
,,, 0.01302399952,4.88000,0.16000
,,, 0.01302799955,4.88000,0.16000
,,, 0.01303199958,4.88000,0.08000
,,, 0.01303599961,4.88000,0.08000
,,, 0.01303999964,4.88000,0.08000
,,, 0.01304399967,4.88000,0.08000
,,, 0.01304799970,4.88000,4.80000
,,, 0.01305199973,4.88000,4.80000
,,, 0.01305599976,4.88000,4.80000
,,, 0.01305999979,4.88000,4.80000
,,, 0.01306399982,4.88000,0.48000
,,, 0.01306799985,4.88000,0.40000
,,, 0.01307199989,4.88000,0.24000
,,, 0.01307599992,4.88000,0.16000
,,, 0.01307999995,4.88000,0.08000
,,, 0.01308399998,4.88000,0.08000
,,, 0.01308800001,4.88000,0.08000
,,, 0.01309200004,4.88000,0.08000
,,, 0.01309600007,4.88000,0.08000
,,, 0.01310000010,4.88000,0.00
,,, 0.01310400013,4.88000,0.00
,,, 0.01310800016,4.88000,0.08000
,,, 0.01311200019,4.88000,-0.32000
,,, 0.01311600022,4.88000,-0.24000
,,, 0.01312000025,4.88000,-0.16000
,,, 0.01312400028,4.88000,-0.08000
,,, 0.01312800031,4.88000,-0.08000
,,, 0.01313200034,4.88000,0.00
,,, 0.01313600037,4.88000,-0.08000
,,, 0.01314000040,4.88000,0.00
,,, 0.01314399950,4.88000,0.00
,,, 0.01314799953,4.88000,0.00
,,, 0.01315199956,4.88000,0.00
,,, 0.01315599959,4.88000,0.00
,,, 0.01315999962,4.88000,-0.08000
,,, 0.01316399965,4.88000,-0.24000
,,, 0.01316799968,4.88000,-0.16000
,,, 0.01317199972,4.88000,-0.16000
,,, 0.01317599975,4.88000,-0.08000
,,, 0.01317999978,4.88000,-0.08000
,,, 0.01318399981,4.80000,0.00
,,, 0.01318799984,4.88000,0.00
,,, 0.01319199987,4.88000,0.00
,,, 0.01319599990,4.88000,0.00
,,, 0.01319999993,4.88000,4.88000
,,, 0.01320399996,4.88000,4.88000
,,, 0.01320799999,4.88000,4.80000
,,, 0.01321200002,4.88000,0.56000
,,, 0.01321600005,4.88000,0.40000
,,, 0.01322000008,4.88000,0.24000
,,, 0.01322400011,4.88000,0.16000
,,, 0.01322800014,4.88000,0.08000
,,, 0.01323200017,4.88000,0.08000
,,, 0.01323600020,4.88000,0.08000
,,, 0.01324000023,4.88000,0.08000
,,, 0.01324400026,4.88000,0.08000
,,, 0.01324800029,4.96000,4.88000
,,, 0.01325200032,4.88000,4.80000
,,, 0.01325600035,4.88000,4.88000
,,, 0.01326000039,4.88000,4.88000
,,, 0.01326400042,4.88000,0.48000
,,, 0.01326799951,4.88000,0.32000
,,, 0.01327199955,4.88000,0.24000
,,, 0.01327599958,4.88000,0.16000
,,, 0.01327999961,4.88000,0.08000
,,, 0.01328399964,4.88000,0.08000
,,, 0.01328799967,4.88000,0.08000
,,, 0.01329199970,4.88000,0.08000
,,, 0.01329599973,4.88000,0.00
,,, 0.01329999976,4.88000,0.00
,,, 0.01330399979,4.88000,0.00
,,, 0.01330799982,4.88000,0.08000
,,, 0.01331199985,4.88000,-0.32000
,,, 0.01331599988,4.88000,-0.24000
,,, 0.01331999991,4.88000,-0.16000
,,, 0.01332399994,4.88000,-0.08000
,,, 0.01332799997,4.96000,-0.08000
,,, 0.01333200000,4.80000,-0.08000
,,, 0.01333600003,4.88000,0.00
,,, 0.01334000006,4.88000,0.00
,,, 0.01334400009,4.88000,0.00
,,, 0.01334800012,4.88000,0.00
,,, 0.01335200015,4.88000,0.00
,,, 0.01335600019,4.88000,0.00
,,, 0.01336000022,4.88000,-0.24000
,,, 0.01336400025,4.88000,-0.24000
,,, 0.01336800028,4.88000,-0.16000
,,, 0.01337200031,4.88000,-0.16000
,,, 0.01337600034,4.88000,-0.08000
,,, 0.01338000037,4.88000,-0.08000
,,, 0.01338400040,4.88000,0.00
,,, 0.01338800043,4.88000,0.00
,,, 0.01339199953,4.88000,-0.08000
,,, 0.01339599956,4.88000,0.00
,,, 0.01339999959,4.88000,4.88000
,,, 0.01340399962,4.88000,4.88000
,,, 0.01340799965,4.88000,4.80000
,,, 0.01341199968,4.88000,0.56000
,,, 0.01341599971,4.88000,0.40000
,,, 0.01341999974,4.88000,0.24000
,,, 0.01342399977,4.88000,0.16000
,,, 0.01342799980,4.88000,0.08000
,,, 0.01343199983,4.88000,0.08000
,,, 0.01343599986,4.88000,0.08000
,,, 0.01343999989,4.88000,0.08000
,,, 0.01344399992,4.88000,0.08000
,,, 0.01344799995,4.88000,4.88000
,,, 0.01345199998,4.88000,4.88000
,,, 0.01345600002,4.88000,4.80000
,,, 0.01346000005,4.88000,4.80000
,,, 0.01346400008,4.88000,0.48000
,,, 0.01346800011,4.88000,0.32000
,,, 0.01347200014,4.88000,0.16000
,,, 0.01347600017,4.88000,0.16000
,,, 0.01348000020,4.88000,0.08000
,,, 0.01348400023,4.88000,0.08000
,,, 0.01348800026,4.88000,0.00
,,, 0.01349200029,4.88000,0.08000
,,, 0.01349600032,4.88000,0.00
,,, 0.01350000035,4.88000,0.08000
,,, 0.01350400038,4.88000,0.00
,,, 0.01350800041,4.88000,0.00
,,, 0.01351199951,4.88000,-0.32000
,,, 0.01351599954,4.88000,-0.24000
,,, 0.01351999957,4.88000,-0.16000
,,, 0.01352399960,4.88000,-0.08000
,,, 0.01352799963,4.88000,-0.08000
,,, 0.01353199966,4.88000,0.00
,,, 0.01353599969,4.88000,0.00
,,, 0.01353999972,4.88000,0.00
,,, 0.01354399975,4.88000,0.00
,,, 0.01354799978,4.88000,0.00
,,, 0.01355199981,4.88000,0.00
,,, 0.01355599985,4.88000,0.00
,,, 0.01355999988,4.88000,-0.16000
,,, 0.01356399991,4.88000,-0.24000
,,, 0.01356799994,4.88000,-0.16000
,,, 0.01357199997,4.88000,-0.08000
,,, 0.01357600000,4.88000,-0.08000
,,, 0.01358000003,4.88000,-0.08000
,,, 0.01358400006,4.88000,-0.08000
,,, 0.01358800009,4.88000,-0.08000
,,, 0.01359200012,4.88000,0.00
,,, 0.01359600015,4.88000,0.00
,,, 0.01360000018,4.88000,4.88000
,,, 0.01360400021,4.96000,4.88000
,,, 0.01360800024,4.88000,4.88000
,,, 0.01361200027,4.88000,0.72000
,,, 0.01361600030,4.88000,0.40000
,,, 0.01362000033,4.88000,0.24000
,,, 0.01362400036,4.88000,0.16000
,,, 0.01362800039,4.88000,0.16000
,,, 0.01363200042,4.88000,0.08000
,,, 0.01363599952,4.88000,0.00
,,, 0.01363999955,4.88000,0.08000
,,, 0.01364399958,4.88000,0.00
,,, 0.01364799961,4.88000,4.80000
,,, 0.01365199964,4.88000,4.88000
,,, 0.01365599968,4.88000,4.88000
,,, 0.01365999971,4.88000,4.80000
,,, 0.01366399974,4.88000,0.48000
,,, 0.01366799977,4.88000,0.32000
,,, 0.01367199980,4.88000,0.24000
,,, 0.01367599983,4.88000,0.16000
,,, 0.01367999986,4.88000,0.08000
,,, 0.01368399989,4.88000,0.08000
,,, 0.01368799992,4.88000,0.08000
,,, 0.01369199995,4.88000,0.08000
,,, 0.01369599998,4.88000,0.08000
,,, 0.01370000001,4.88000,0.00
,,, 0.01370400004,4.88000,0.08000
,,, 0.01370800007,4.88000,0.00
,,, 0.01371200010,4.88000,-0.24000
,,, 0.01371600013,4.88000,-0.24000
,,, 0.01372000016,4.88000,-0.16000
,,, 0.01372400019,4.88000,-0.08000
,,, 0.01372800022,4.88000,-0.08000
,,, 0.01373200025,4.88000,0.00
,,, 0.01373600028,4.88000,-0.08000
,,, 0.01374000032,4.88000,0.00
,,, 0.01374400035,4.88000,0.00
,,, 0.01374800038,4.88000,0.00
,,, 0.01375200041,4.88000,0.00
,,, 0.01375599951,4.88000,0.00
,,, 0.01375999954,4.88000,0.00
,,, 0.01376399957,4.88000,-0.24000
,,, 0.01376799960,4.88000,-0.16000
,,, 0.01377199963,4.88000,-0.08000
,,, 0.01377599966,4.88000,-0.08000
,,, 0.01377999969,4.88000,0.00
,,, 0.01378399972,4.88000,-0.08000
,,, 0.01378799975,4.88000,0.00
,,, 0.01379199978,4.88000,0.08000
,,, 0.01379599981,4.88000,0.00
,,, 0.01379999984,4.88000,4.80000
,,, 0.01380399987,4.88000,4.88000
,,, 0.01380799990,4.88000,4.80000
,,, 0.01381199993,4.88000,0.56000
,,, 0.01381599996,4.88000,0.40000
,,, 0.01381999999,4.88000,0.24000
,,, 0.01382400002,4.88000,0.16000
,,, 0.01382800005,4.88000,0.08000
,,, 0.01383200008,4.88000,0.08000
,,, 0.01383600011,4.88000,0.08000
,,, 0.01384000015,4.88000,0.08000
,,, 0.01384400018,4.88000,0.08000
,,, 0.01384800021,4.88000,4.80000
,,, 0.01385200024,4.88000,4.80000
,,, 0.01385600027,4.88000,4.80000
,,, 0.01386000030,4.88000,1.52000
,,, 0.01386400033,4.88000,0.48000
,,, 0.01386800036,4.88000,0.32000
,,, 0.01387200039,4.88000,0.24000
,,, 0.01387600042,4.88000,0.16000
,,, 0.01387999952,4.88000,0.08000
,,, 0.01388399955,4.88000,0.08000
,,, 0.01388799958,4.88000,0.08000
,,, 0.01389199961,4.88000,0.08000
,,, 0.01389599964,4.88000,0.08000
,,, 0.01389999967,4.88000,0.00
,,, 0.01390399970,4.88000,0.00
,,, 0.01390799973,4.88000,0.00
,,, 0.01391199976,4.80000,-0.32000
,,, 0.01391599979,4.88000,-0.24000
,,, 0.01391999982,4.88000,-0.16000
,,, 0.01392399985,4.88000,-0.08000
,,, 0.01392799988,4.88000,-0.08000
,,, 0.01393199991,4.88000,-0.08000
,,, 0.01393599994,4.88000,-0.08000
,,, 0.01393999998,4.80000,0.00
,,, 0.01394400001,4.88000,0.00
,,, 0.01394800004,4.88000,0.00
,,, 0.01395200007,4.88000,0.00
,,, 0.01395600010,4.88000,0.08000
,,, 0.01396000013,4.88000,0.00
,,, 0.01396400016,4.88000,-0.24000
,,, 0.01396800019,4.88000,-0.16000
,,, 0.01397200022,4.88000,-0.16000
,,, 0.01397600025,4.88000,-0.08000
,,, 0.01398000028,4.88000,-0.08000
,,, 0.01398400031,4.88000,0.00
,,, 0.01398800034,4.88000,0.00
,,, 0.01399200037,4.88000,0.00
,,, 0.01399600040,4.88000,0.00
,,, 0.01399999950,4.88000,4.88000
,,, 0.01400399953,4.88000,4.80000
,,, 0.01400799956,4.88000,4.88000
,,, 0.01401199959,4.88000,0.56000
,,, 0.01401599962,4.88000,0.40000
,,, 0.01401999965,4.88000,0.24000
,,, 0.01402399968,4.88000,0.16000
,,, 0.01402799971,4.88000,0.16000
,,, 0.01403199974,4.88000,0.08000
,,, 0.01403599977,4.88000,0.08000
,,, 0.01403999981,4.88000,0.08000
,,, 0.01404399984,4.88000,0.08000
,,, 0.01404799987,4.88000,4.80000
,,, 0.01405199990,4.88000,4.80000
,,, 0.01405599993,4.88000,4.80000
,,, 0.01405999996,4.80000,4.80000
,,, 0.01406399999,4.88000,0.48000
,,, 0.01406800002,4.88000,0.40000
,,, 0.01407200005,4.88000,0.24000
,,, 0.01407600008,4.88000,0.16000
,,, 0.01408000011,4.88000,0.08000
,,, 0.01408400014,4.88000,0.08000
,,, 0.01408800017,4.88000,0.08000
,,, 0.01409200020,4.88000,0.08000
,,, 0.01409600023,4.88000,0.00
,,, 0.01410000026,4.88000,0.00
,,, 0.01410400029,4.88000,0.00
,,, 0.01410800032,4.88000,0.08000
,,, 0.01411200035,4.88000,-0.32000
,,, 0.01411600038,4.88000,-0.24000
,,, 0.01412000041,4.88000,-0.16000
,,, 0.01412399951,4.88000,-0.08000
,,, 0.01412799954,4.88000,-0.08000
,,, 0.01413199957,4.88000,-0.08000
,,, 0.01413599961,4.88000,0.00
,,, 0.01413999964,4.88000,0.00
,,, 0.01414399967,4.88000,0.00
,,, 0.01414799970,4.88000,0.00
,,, 0.01415199973,4.88000,0.00
,,, 0.01415599976,4.88000,0.00
,,, 0.01415999979,4.88000,-0.24000
,,, 0.01416399982,4.88000,-0.24000
,,, 0.01416799985,4.88000,-0.16000
,,, 0.01417199988,4.88000,-0.08000
,,, 0.01417599991,4.88000,-0.08000
,,, 0.01417999994,4.88000,-0.08000
,,, 0.01418399997,4.88000,0.00
,,, 0.01418800000,4.88000,0.00
,,, 0.01419200003,4.88000,0.00
,,, 0.01419600006,4.88000,0.00
,,, 0.01420000009,4.88000,4.88000
,,, 0.01420400012,4.88000,4.80000
,,, 0.01420800015,4.88000,4.80000
,,, 0.01421200018,4.88000,0.56000
,,, 0.01421600021,4.88000,0.40000
,,, 0.01422000024,4.88000,0.24000
,,, 0.01422400028,4.88000,0.16000
,,, 0.01422800031,4.88000,0.08000
,,, 0.01423200034,4.88000,0.08000
,,, 0.01423600037,4.88000,0.08000
,,, 0.01424000040,4.88000,0.08000
,,, 0.01424400043,4.88000,0.08000
,,, 0.01424799953,4.88000,4.80000
,,, 0.01425199956,4.88000,4.88000
,,, 0.01425599959,4.88000,4.80000
,,, 0.01425999962,4.88000,4.80000
,,, 0.01426399965,4.88000,0.48000
,,, 0.01426799968,4.88000,0.40000
,,, 0.01427199971,4.88000,0.24000
,,, 0.01427599974,4.88000,0.16000
,,, 0.01427999977,4.88000,0.08000
,,, 0.01428399980,4.88000,0.08000
,,, 0.01428799983,4.88000,0.00
,,, 0.01429199986,4.88000,0.00
,,, 0.01429599989,4.88000,0.08000
,,, 0.01429999992,4.88000,0.00
,,, 0.01430399995,4.88000,0.08000
,,, 0.01430799998,4.88000,0.00
,,, 0.01431200001,4.88000,-0.32000
,,, 0.01431600004,4.88000,-0.16000
,,, 0.01432000007,4.88000,-0.16000
,,, 0.01432400011,4.88000,-0.08000
,,, 0.01432800014,4.88000,-0.08000
,,, 0.01433200017,4.88000,0.00
,,, 0.01433600020,4.80000,0.00
,,, 0.01434000023,4.88000,0.00
,,, 0.01434400026,4.88000,0.00
,,, 0.01434800029,4.88000,0.00
,,, 0.01435200032,4.88000,0.00
,,, 0.01435600035,4.88000,0.00
,,, 0.01436000038,4.88000,-0.08000
,,, 0.01436400041,4.88000,-0.24000
,,, 0.01436799951,4.88000,-0.16000
,,, 0.01437199954,4.88000,-0.08000
,,, 0.01437599957,4.88000,-0.08000
,,, 0.01437999960,4.88000,0.00
,,, 0.01438399963,4.88000,0.00
,,, 0.01438799966,4.88000,0.00
,,, 0.01439199969,4.88000,0.00
,,, 0.01439599972,4.88000,0.00
,,, 0.01439999975,4.88000,4.80000
,,, 0.01440399978,4.88000,4.80000
,,, 0.01440799981,4.88000,4.80000
,,, 0.01441199984,4.88000,0.72000
,,, 0.01441599987,4.88000,0.40000
,,, 0.01441999990,4.88000,0.24000
,,, 0.01442399994,4.88000,0.16000
,,, 0.01442799997,4.88000,0.08000
,,, 0.01443200000,4.88000,0.08000
,,, 0.01443600003,4.88000,0.08000
,,, 0.01444000006,4.88000,0.08000
,,, 0.01444400009,4.88000,0.08000
,,, 0.01444800012,4.88000,4.80000
,,, 0.01445200015,4.88000,4.80000
,,, 0.01445600018,4.88000,4.80000
,,, 0.01446000021,4.88000,4.80000
,,, 0.01446400024,4.88000,0.56000
,,, 0.01446800027,4.88000,0.32000
,,, 0.01447200030,4.88000,0.24000
,,, 0.01447600033,4.88000,0.16000
,,, 0.01448000036,4.88000,0.08000
,,, 0.01448400039,4.88000,0.08000
,,, 0.01448800042,4.88000,0.08000
,,, 0.01449199952,4.88000,0.00
,,, 0.01449599955,4.88000,0.08000
,,, 0.01449999958,4.88000,0.00
,,, 0.01450399961,4.88000,0.00
,,, 0.01450799964,4.88000,0.00
,,, 0.01451199967,4.88000,-0.24000
,,, 0.01451599970,4.88000,-0.16000
,,, 0.01451999974,4.88000,-0.16000
,,, 0.01452399977,4.88000,-0.08000
,,, 0.01452799980,4.88000,-0.08000
,,, 0.01453199983,4.88000,-0.08000
,,, 0.01453599986,4.88000,-0.08000
,,, 0.01453999989,4.88000,0.00
,,, 0.01454399992,4.88000,0.00
,,, 0.01454799995,4.88000,0.08000
,,, 0.01455199998,4.88000,0.00
,,, 0.01455600001,4.88000,0.08000
,,, 0.01456000004,4.88000,0.00
,,, 0.01456400007,4.88000,-0.24000
,,, 0.01456800010,4.88000,-0.16000
,,, 0.01457200013,4.88000,-0.08000
,,, 0.01457600016,4.88000,-0.08000
,,, 0.01458000019,4.88000,-0.08000
,,, 0.01458400022,4.88000,-0.08000
,,, 0.01458800025,4.88000,0.00
,,, 0.01459200028,4.88000,0.00
,,, 0.01459600031,4.88000,0.00
,,, 0.01460000034,4.88000,4.80000
,,, 0.01460400037,4.88000,4.80000
,,, 0.01460800041,4.88000,4.80000
,,, 0.01461199950,4.88000,0.56000
,,, 0.01461599953,4.88000,0.48000
,,, 0.01461999957,4.88000,0.24000
,,, 0.01462399960,4.88000,0.16000
,,, 0.01462799963,4.88000,0.08000
,,, 0.01463199966,4.88000,0.08000
,,, 0.01463599969,4.88000,0.08000
,,, 0.01463999972,4.88000,0.08000
,,, 0.01464399975,4.88000,0.00
,,, 0.01464799978,4.88000,4.64000
,,, 0.01465199981,4.88000,4.80000
,,, 0.01465599984,4.88000,4.80000
,,, 0.01465999987,4.88000,1.60000
,,, 0.01466399990,4.88000,0.48000
,,, 0.01466799993,4.88000,0.32000
,,, 0.01467199996,4.88000,0.24000
,,, 0.01467599999,4.88000,0.16000
,,, 0.01468000002,4.88000,0.08000
,,, 0.01468400005,4.88000,0.08000
,,, 0.01468800008,4.88000,0.08000
,,, 0.01469200011,4.88000,0.08000
,,, 0.01469600014,4.88000,0.00
,,, 0.01470000017,4.88000,0.00
,,, 0.01470400020,4.88000,0.00
,,, 0.01470800024,4.88000,0.00
,,, 0.01471200027,4.88000,-0.32000
,,, 0.01471600030,4.88000,-0.24000
,,, 0.01472000033,4.88000,-0.08000
,,, 0.01472400036,4.88000,-0.08000
,,, 0.01472800039,4.88000,-0.08000
,,, 0.01473200042,4.88000,0.00
,,, 0.01473599952,4.88000,-0.08000
,,, 0.01473999955,4.88000,-0.08000
,,, 0.01474399958,4.88000,0.00
,,, 0.01474799961,4.88000,0.00
,,, 0.01475199964,4.88000,0.00
,,, 0.01475599967,4.88000,0.08000
,,, 0.01475999970,4.88000,0.00
,,, 0.01476399973,4.88000,-0.24000
,,, 0.01476799976,4.88000,-0.16000
,,, 0.01477199979,4.88000,-0.08000
,,, 0.01477599982,4.88000,-0.08000
,,, 0.01477999985,4.88000,-0.08000
,,, 0.01478399988,4.96000,0.00
,,, 0.01478799991,4.80000,0.00
,,, 0.01479199994,4.88000,0.00
,,, 0.01479599997,4.88000,0.00
,,, 0.01480000000,4.88000,4.80000
,,, 0.01480400003,4.88000,4.80000
,,, 0.01480800007,4.88000,4.80000
,,, 0.01481200010,4.88000,0.56000
,,, 0.01481600013,4.88000,0.40000
,,, 0.01482000016,4.88000,0.24000
,,, 0.01482400019,4.88000,0.16000
,,, 0.01482800022,4.88000,0.08000
,,, 0.01483200025,4.88000,0.08000
,,, 0.01483600028,4.88000,0.08000
,,, 0.01484000031,4.88000,0.08000
,,, 0.01484400034,4.88000,0.08000
,,, 0.01484800037,4.88000,4.72000
,,, 0.01485200040,4.88000,4.80000
,,, 0.01485599950,4.88000,4.72000
,,, 0.01485999953,4.88000,4.80000
,,, 0.01486399956,4.88000,0.48000
,,, 0.01486799959,4.88000,0.32000
,,, 0.01487199962,4.88000,0.24000
,,, 0.01487599965,4.88000,0.16000
,,, 0.01487999968,4.88000,0.08000
,,, 0.01488399971,4.88000,0.08000
,,, 0.01488799974,4.88000,0.08000
,,, 0.01489199977,4.88000,0.08000
,,, 0.01489599980,4.88000,0.08000
,,, 0.01489999983,4.88000,0.00
,,, 0.01490399987,4.88000,0.00
,,, 0.01490799990,4.88000,0.00
,,, 0.01491199993,4.88000,-0.24000
,,, 0.01491599996,4.88000,-0.24000
,,, 0.01491999999,4.88000,-0.16000
,,, 0.01492400002,4.88000,-0.08000
,,, 0.01492800005,4.88000,-0.08000
,,, 0.01493200008,4.80000,-0.08000
,,, 0.01493600011,4.88000,0.00
,,, 0.01494000014,4.88000,0.00
,,, 0.01494400017,4.88000,0.00
,,, 0.01494800020,4.88000,0.00
,,, 0.01495200023,4.88000,0.00
,,, 0.01495600026,4.88000,0.00
,,, 0.01496000029,4.88000,-0.24000
,,, 0.01496400032,4.88000,-0.24000
,,, 0.01496800035,4.88000,-0.16000
,,, 0.01497200038,4.88000,-0.08000
,,, 0.01497600041,4.88000,-0.08000
,,, 0.01497999951,4.88000,0.00
,,, 0.01498399954,4.88000,-0.08000
,,, 0.01498799957,4.88000,0.00
,,, 0.01499199960,4.88000,0.00
,,, 0.01499599963,4.88000,0.00
,,, 0.01499999966,4.88000,4.80000
,,, 0.01500399970,4.88000,4.72000
,,, 0.01500799973,4.80000,4.80000
,,, 0.01501199976,4.88000,0.56000
,,, 0.01501599979,4.88000,0.40000
,,, 0.01501999982,4.88000,0.24000
,,, 0.01502399985,4.88000,0.16000
,,, 0.01502799988,4.88000,0.08000
,,, 0.01503199991,4.88000,0.08000
,,, 0.01503599994,4.88000,0.08000
,,, 0.01503999997,4.88000,0.00
,,, 0.01504400000,4.88000,0.00
,,, 0.01504800003,4.88000,4.80000
,,, 0.01505200006,4.88000,4.88000
,,, 0.01505600009,4.88000,4.80000
,,, 0.01506000012,4.88000,4.80000
,,, 0.01506400015,4.88000,0.48000
,,, 0.01506800018,4.88000,0.40000
,,, 0.01507200021,4.88000,0.24000
,,, 0.01507600024,4.88000,0.16000
,,, 0.01508000027,4.88000,0.08000
,,, 0.01508400030,4.88000,0.00
,,, 0.01508800033,4.88000,0.08000
,,, 0.01509200037,4.88000,0.08000
,,, 0.01509600040,4.88000,0.00
,,, 0.01510000043,4.88000,0.00
,,, 0.01510399953,4.88000,0.00
,,, 0.01510799956,4.88000,0.00
,,, 0.01511199959,4.88000,-0.24000
,,, 0.01511599962,4.88000,-0.24000
,,, 0.01511999965,4.88000,-0.16000
,,, 0.01512399968,4.88000,-0.08000
,,, 0.01512799971,4.88000,-0.08000
,,, 0.01513199974,4.88000,-0.08000
,,, 0.01513599977,4.88000,0.00
,,, 0.01513999980,4.88000,0.00
,,, 0.01514399983,4.88000,0.00
,,, 0.01514799986,4.88000,0.00
,,, 0.01515199989,4.88000,0.00
,,, 0.01515599992,4.88000,0.08000
,,, 0.01515999995,4.88000,-0.16000
,,, 0.01516399998,4.88000,-0.24000
,,, 0.01516800001,4.88000,-0.16000
,,, 0.01517200004,4.88000,-0.08000
,,, 0.01517600007,4.88000,-0.08000
,,, 0.01518000010,4.80000,-0.08000
,,, 0.01518400013,4.80000,-0.08000
,,, 0.01518800016,4.80000,0.00
,,, 0.01519200020,4.88000,0.00
,,, 0.01519600023,4.88000,0.08000
,,, 0.01520000026,4.88000,4.80000
,,, 0.01520400029,4.88000,4.80000
,,, 0.01520800032,4.88000,4.80000
,,, 0.01521200035,4.88000,0.56000
,,, 0.01521600038,4.88000,0.40000
,,, 0.01522000041,4.88000,0.24000
,,, 0.01522399951,4.88000,0.16000
,,, 0.01522799954,4.88000,0.08000
,,, 0.01523199957,4.88000,0.08000
,,, 0.01523599960,4.88000,0.08000
,,, 0.01523999963,4.88000,0.08000
,,, 0.01524399966,4.88000,0.08000
,,, 0.01524799969,4.88000,4.80000
,,, 0.01525199972,4.88000,4.80000
,,, 0.01525599975,4.88000,4.72000
,,, 0.01525999978,4.88000,4.80000
,,, 0.01526399981,4.88000,0.48000
,,, 0.01526799984,4.88000,0.32000
,,, 0.01527199987,4.88000,0.24000
,,, 0.01527599990,4.88000,0.16000
,,, 0.01527999993,4.88000,0.08000
,,, 0.01528399996,4.88000,0.08000
,,, 0.01528800000,4.88000,0.08000
,,, 0.01529200003,4.88000,0.08000
,,, 0.01529600006,4.88000,0.08000
,,, 0.01530000009,4.88000,0.00
,,, 0.01530400012,4.88000,0.08000
,,, 0.01530800015,4.88000,0.08000
,,, 0.01531200018,4.88000,-0.32000
,,, 0.01531600021,4.88000,-0.24000
,,, 0.01532000024,4.88000,-0.16000
,,, 0.01532400027,4.88000,-0.08000
,,, 0.01532800030,4.88000,-0.08000
,,, 0.01533200033,4.80000,-0.08000
,,, 0.01533600036,4.80000,0.00
,,, 0.01534000039,4.88000,0.00
,,, 0.01534400042,4.88000,0.00
,,, 0.01534799952,4.88000,0.00
,,, 0.01535199955,4.88000,0.00
,,, 0.01535599958,4.88000,0.00
,,, 0.01535999961,4.88000,0.00
,,, 0.01536399964,4.88000,-0.24000
,,, 0.01536799967,4.88000,-0.16000
,,, 0.01537199970,4.88000,-0.08000
,,, 0.01537599973,4.88000,-0.08000
,,, 0.01537999976,4.88000,-0.08000
,,, 0.01538399979,4.80000,-0.08000
,,, 0.01538799983,4.88000,-0.08000
,,, 0.01539199986,4.88000,0.00
,,, 0.01539599989,4.88000,-0.08000
,,, 0.01539999992,4.88000,4.80000
,,, 0.01540399995,4.96000,4.72000
,,, 0.01540799998,4.88000,4.80000
,,, 0.01541200001,4.88000,0.56000
,,, 0.01541600004,4.88000,0.40000
,,, 0.01542000007,4.88000,0.24000
,,, 0.01542400010,4.88000,0.16000
,,, 0.01542800013,4.88000,0.16000
,,, 0.01543200016,4.88000,0.08000
,,, 0.01543600019,4.88000,0.08000
,,, 0.01544000022,4.88000,0.08000
,,, 0.01544400025,4.88000,0.00
,,, 0.01544800028,4.88000,4.64000
,,, 0.01545200031,4.88000,4.80000
,,, 0.01545600034,4.88000,4.80000
,,, 0.01546000037,4.88000,1.44000
,,, 0.01546400040,4.88000,0.48000
,,, 0.01546799950,4.88000,0.32000
,,, 0.01547199953,4.88000,0.24000
,,, 0.01547599956,4.88000,0.16000
,,, 0.01547999959,4.88000,0.08000
,,, 0.01548399962,4.88000,0.08000
,,, 0.01548799966,4.88000,0.08000
,,, 0.01549199969,4.88000,0.08000
,,, 0.01549599972,4.88000,0.00
,,, 0.01549999975,4.88000,0.00
,,, 0.01550399978,4.88000,0.08000
,,, 0.01550799981,4.88000,0.08000
,,, 0.01551199984,4.88000,-0.24000
,,, 0.01551599987,4.88000,-0.24000
,,, 0.01551999990,4.88000,-0.16000
,,, 0.01552399993,4.88000,-0.08000
,,, 0.01552799996,4.88000,-0.08000
,,, 0.01553199999,4.88000,0.00
,,, 0.01553600002,4.88000,0.00
,,, 0.01554000005,4.88000,0.00
,,, 0.01554400008,4.88000,0.00
,,, 0.01554800011,4.88000,0.08000
,,, 0.01555200014,4.88000,0.00
,,, 0.01555600017,4.88000,0.00
,,, 0.01556000020,4.88000,0.00
,,, 0.01556400023,4.88000,-0.24000
,,, 0.01556800026,4.88000,-0.16000
,,, 0.01557200029,4.88000,-0.08000
,,, 0.01557600033,4.88000,-0.08000
,,, 0.01558000036,4.88000,-0.08000
,,, 0.01558400039,4.88000,0.00
,,, 0.01558800042,4.88000,0.00
,,, 0.01559199952,4.88000,0.08000
,,, 0.01559599955,4.88000,0.00
,,, 0.01559999958,4.88000,4.88000
,,, 0.01560399961,4.88000,4.80000
,,, 0.01560799964,4.88000,4.80000
,,, 0.01561199967,4.88000,0.56000
,,, 0.01561599970,4.88000,0.40000
,,, 0.01561999973,4.88000,0.24000
,,, 0.01562399976,4.88000,0.16000
,,, 0.01562800072,4.88000,0.08000
,,, 0.01563199982,4.88000,0.08000
,,, 0.01563600078,4.88000,0.08000
,,, 0.01563999988,4.88000,0.08000
,,, 0.01564400084,4.88000,0.08000
,,, 0.01564799994,4.88000,4.72000
,,, 0.01565199904,4.88000,4.88000
,,, 0.01565600000,4.88000,4.80000
,,, 0.01565999910,4.88000,4.80000
,,, 0.01566400006,4.88000,0.48000
,,, 0.01566799916,4.88000,0.32000
,,, 0.01567200013,4.88000,0.24000
,,, 0.01567599922,4.88000,0.16000
,,, 0.01568000019,4.88000,0.08000
,,, 0.01568399929,4.88000,0.08000
,,, 0.01568800025,4.88000,0.08000
,,, 0.01569199935,4.88000,0.08000
,,, 0.01569600031,4.88000,0.08000
,,, 0.01569999941,4.88000,0.00
,,, 0.01570400037,4.88000,0.00
,,, 0.01570799947,4.88000,0.00
,,, 0.01571200043,4.88000,-0.32000
,,, 0.01571599953,4.88000,-0.24000
,,, 0.01572000049,4.88000,-0.16000
,,, 0.01572399959,4.88000,-0.08000
,,, 0.01572800055,4.88000,-0.08000
,,, 0.01573199965,4.88000,-0.08000
,,, 0.01573600061,4.88000,0.00
,,, 0.01573999971,4.80000,0.00
,,, 0.01574400067,4.88000,-0.08000
,,, 0.01574799977,4.88000,0.00
,,, 0.01575200073,4.88000,0.00
,,, 0.01575599983,4.88000,0.00
,,, 0.01576000080,4.88000,-0.24000
,,, 0.01576399989,4.88000,-0.24000
,,, 0.01576800086,4.88000,-0.16000
,,, 0.01577199996,4.88000,-0.08000
,,, 0.01577599905,4.88000,-0.08000
,,, 0.01578000002,4.88000,-0.08000
,,, 0.01578399912,4.80000,0.00
,,, 0.01578800008,4.88000,0.00
,,, 0.01579199918,4.88000,0.00
,,, 0.01579600014,4.88000,0.00
,,, 0.01579999924,4.88000,4.80000
,,, 0.01580400020,4.88000,4.72000
,,, 0.01580799930,4.88000,4.80000
,,, 0.01581200026,4.88000,0.72000
,,, 0.01581599936,4.88000,0.40000
,,, 0.01582000032,4.88000,0.24000
,,, 0.01582399942,4.88000,0.16000
,,, 0.01582800038,4.88000,0.08000
,,, 0.01583199948,4.88000,0.08000
,,, 0.01583600044,4.88000,0.08000
,,, 0.01583999954,4.88000,0.08000
,,, 0.01584400050,4.88000,0.00
,,, 0.01584799960,4.88000,4.80000
,,, 0.01585200056,4.88000,4.80000
,,, 0.01585599966,4.88000,4.88000
,,, 0.01586000063,4.88000,4.72000
,,, 0.01586399972,4.88000,0.48000
,,, 0.01586800069,4.88000,0.32000
,,, 0.01587199979,4.88000,0.16000
,,, 0.01587600075,4.88000,0.16000
,,, 0.01587999985,4.88000,0.08000
,,, 0.01588400081,4.88000,0.08000
,,, 0.01588799991,4.88000,0.08000
,,, 0.01589200087,4.88000,0.08000
,,, 0.01589599997,4.88000,0.08000
,,, 0.01589999907,4.88000,0.00
,,, 0.01590400003,4.88000,0.00
,,, 0.01590799913,4.88000,0.00
,,, 0.01591200009,4.88000,-0.32000
,,, 0.01591599919,4.88000,-0.24000
,,, 0.01592000015,4.88000,-0.16000
,,, 0.01592399925,4.88000,-0.08000
,,, 0.01592800021,4.88000,-0.08000
,,, 0.01593199931,4.88000,0.00
,,, 0.01593600027,4.88000,0.00
,,, 0.01593999937,4.88000,0.00
,,, 0.01594400033,4.88000,0.00
,,, 0.01594799943,4.88000,0.00
,,, 0.01595200039,4.88000,0.00
,,, 0.01595599949,4.88000,0.00
,,, 0.01596000046,4.88000,-0.24000
,,, 0.01596399955,4.88000,-0.24000
,,, 0.01596800052,4.88000,-0.16000
,,, 0.01597199962,4.88000,-0.08000
,,, 0.01597600058,4.88000,-0.08000
,,, 0.01597999968,4.88000,-0.08000
,,, 0.01598400064,4.88000,0.00
,,, 0.01598799974,4.88000,-0.08000
,,, 0.01599200070,4.88000,0.00
,,, 0.01599599980,4.88000,0.00
,,, 0.01600000076,4.88000,4.80000
,,, 0.01600399986,4.88000,4.80000
,,, 0.01600800082,4.88000,4.80000
,,, 0.01601199992,4.88000,0.72000
,,, 0.01601600088,4.88000,0.40000
,,, 0.01601999998,4.88000,0.24000
,,, 0.01602399908,4.88000,0.16000
,,, 0.01602800004,4.88000,0.16000
,,, 0.01603199914,4.88000,0.08000
,,, 0.01603600010,4.88000,0.08000
,,, 0.01603999920,4.88000,0.08000
,,, 0.01604400016,4.88000,0.08000
,,, 0.01604799926,4.88000,4.72000
,,, 0.01605200022,4.88000,4.80000
,,, 0.01605599932,4.88000,4.80000
,,, 0.01606000029,4.88000,4.72000
,,, 0.01606399938,4.88000,0.48000
,,, 0.01606800035,4.88000,0.32000
,,, 0.01607199945,4.88000,0.24000
,,, 0.01607600041,4.88000,0.16000
,,, 0.01607999951,4.88000,0.08000
,,, 0.01608400047,4.88000,0.08000
,,, 0.01608799957,4.88000,0.08000
,,, 0.01609200053,4.88000,0.08000
,,, 0.01609599963,4.88000,0.08000
,,, 0.01610000059,4.88000,0.00
,,, 0.01610399969,4.88000,0.00
,,, 0.01610800065,4.88000,0.08000
,,, 0.01611199975,4.88000,-0.24000
,,, 0.01611600071,4.88000,-0.16000
,,, 0.01611999981,4.88000,-0.16000
,,, 0.01612400077,4.88000,-0.08000
,,, 0.01612799987,4.88000,-0.08000
,,, 0.01613200083,4.88000,-0.08000
,,, 0.01613599993,4.88000,-0.08000
,,, 0.01613999903,4.88000,0.00
,,, 0.01614399999,4.88000,0.00
,,, 0.01614799909,4.88000,0.08000
,,, 0.01615200005,4.88000,0.00
,,, 0.01615599915,4.88000,0.00
,,, 0.01616000012,4.88000,0.00
,,, 0.01616399921,4.88000,-0.24000
,,, 0.01616800018,4.88000,-0.16000
,,, 0.01617199928,4.88000,-0.16000
,,, 0.01617600024,4.88000,-0.08000
,,, 0.01617999934,4.88000,-0.08000
,,, 0.01618400030,4.88000,-0.08000
,,, 0.01618799940,4.88000,0.00
,,, 0.01619200036,4.88000,-0.08000
,,, 0.01619599946,4.88000,0.00
,,, 0.01620000042,4.88000,4.80000
,,, 0.01620399952,4.88000,4.80000
,,, 0.01620800048,4.88000,4.80000
,,, 0.01621199958,4.88000,0.72000
,,, 0.01621600054,4.88000,0.40000
,,, 0.01621999964,4.88000,0.24000
,,, 0.01622400060,4.88000,0.16000
,,, 0.01622799970,4.88000,0.16000
,,, 0.01623200066,4.88000,0.08000
,,, 0.01623599976,4.88000,0.08000
,,, 0.01624000072,4.88000,0.08000
,,, 0.01624399982,4.88000,0.00
,,, 0.01624800079,4.88000,4.64000
,,, 0.01625199988,4.88000,4.80000
,,, 0.01625600085,4.88000,4.80000
,,, 0.01625999995,4.88000,4.72000
,,, 0.01626399904,4.88000,0.48000
,,, 0.01626800001,4.88000,0.32000
,,, 0.01627199911,4.88000,0.24000
,,, 0.01627600007,4.88000,0.16000
,,, 0.01627999917,4.88000,0.08000
,,, 0.01628400013,4.88000,0.08000
,,, 0.01628799923,4.88000,0.08000
,,, 0.01629200019,4.88000,0.08000
,,, 0.01629599929,4.88000,0.00
,,, 0.01630000025,4.88000,0.00
,,, 0.01630399935,4.88000,0.00
,,, 0.01630800031,4.88000,0.00
,,, 0.01631199941,4.88000,-0.32000
,,, 0.01631600037,4.80000,-0.24000
,,, 0.01631999947,4.88000,-0.16000
,,, 0.01632400043,4.88000,-0.08000
,,, 0.01632799953,4.88000,-0.08000
,,, 0.01633200049,4.80000,0.00
,,, 0.01633599959,4.88000,0.00
,,, 0.01634000055,4.88000,0.00
,,, 0.01634399965,4.88000,0.00
,,, 0.01634800062,4.88000,0.00
,,, 0.01635199971,4.88000,0.08000
,,, 0.01635600068,4.88000,0.00
,,, 0.01635999978,4.88000,-0.16000
,,, 0.01636400074,4.88000,-0.24000
,,, 0.01636799984,4.88000,-0.16000
,,, 0.01637200080,4.88000,-0.08000
,,, 0.01637599990,4.88000,-0.08000
,,, 0.01638000086,4.88000,-0.08000
,,, 0.01638399996,4.80000,-0.08000
,,, 0.01638799906,4.80000,-0.08000
,,, 0.01639200002,4.88000,0.00
,,, 0.01639599912,4.88000,0.00
,,, 0.01640000008,4.88000,4.80000
,,, 0.01640399918,4.88000,4.80000
,,, 0.01640800014,4.88000,4.80000
,,, 0.01641199924,4.88000,0.56000
,,, 0.01641600020,4.88000,0.40000
,,, 0.01641999930,4.88000,0.24000
,,, 0.01642400026,4.88000,0.16000
,,, 0.01642799936,4.88000,0.08000
,,, 0.01643200032,4.88000,0.08000
,,, 0.01643599942,4.88000,0.08000
,,, 0.01644000039,4.88000,0.08000
,,, 0.01644399948,4.88000,0.08000
,,, 0.01644800045,4.88000,4.80000
,,, 0.01645199955,4.88000,4.80000
,,, 0.01645600051,4.88000,4.80000
,,, 0.01645999961,4.88000,4.40000
,,, 0.01646400057,4.88000,0.48000
,,, 0.01646799967,4.88000,0.40000
,,, 0.01647200063,4.88000,0.24000
,,, 0.01647599973,4.88000,0.16000
,,, 0.01648000069,4.88000,0.08000
,,, 0.01648399979,4.88000,0.08000
,,, 0.01648800075,4.88000,0.08000
,,, 0.01649199985,4.88000,0.08000
,,, 0.01649600081,4.88000,0.00
,,, 0.01649999991,4.88000,0.00
,,, 0.01650400087,4.88000,0.08000
,,, 0.01650799997,4.88000,0.00
,,, 0.01651199907,4.80000,-0.32000
,,, 0.01651600003,4.88000,-0.16000
,,, 0.01651999913,4.88000,-0.16000
,,, 0.01652400009,4.88000,-0.08000
,,, 0.01652799919,4.88000,-0.08000
,,, 0.01653200015,4.88000,0.00
,,, 0.01653599925,4.88000,0.00
,,, 0.01654000022,4.88000,-0.08000
,,, 0.01654399931,4.88000,0.00
,,, 0.01654800028,4.88000,0.00
,,, 0.01655199938,4.88000,0.00
,,, 0.01655600034,4.88000,0.00
,,, 0.01655999944,4.88000,-0.32000
,,, 0.01656400040,4.88000,-0.24000
,,, 0.01656799950,4.88000,-0.16000
,,, 0.01657200046,4.88000,-0.08000
,,, 0.01657599956,4.88000,-0.08000
,,, 0.01658000052,4.88000,-0.08000
,,, 0.01658399962,4.80000,0.00
,,, 0.01658800058,4.88000,0.00
,,, 0.01659199968,4.88000,0.00
,,, 0.01659600064,4.88000,0.00
,,, 0.01659999974,4.88000,4.80000
,,, 0.01660400070,4.88000,4.80000
,,, 0.01660799980,4.88000,4.72000
,,, 0.01661200076,4.88000,0.56000
,,, 0.01661599986,4.88000,0.40000
,,, 0.01662000082,4.88000,0.24000
,,, 0.01662399992,4.88000,0.16000
,,, 0.01662800089,4.88000,0.08000
,,, 0.01663199998,4.88000,0.08000
,,, 0.01663599908,4.88000,0.08000
,,, 0.01664000005,4.88000,0.08000
,,, 0.01664399914,4.88000,0.08000
,,, 0.01664800011,4.88000,4.80000
,,, 0.01665199921,4.88000,4.80000
,,, 0.01665600017,4.88000,4.80000
,,, 0.01665999927,4.88000,3.92000
,,, 0.01666400023,4.88000,0.48000
,,, 0.01666799933,4.88000,0.32000
,,, 0.01667200029,4.88000,0.16000
,,, 0.01667599939,4.88000,0.16000
,,, 0.01668000035,4.88000,0.08000
,,, 0.01668399945,4.88000,0.08000
,,, 0.01668800041,4.88000,0.08000
,,, 0.01669199951,4.88000,0.08000
,,, 0.01669600047,4.88000,0.00
,,, 0.01669999957,4.88000,0.00
,,, 0.01670400053,4.88000,0.00
,,, 0.01670799963,4.88000,0.00
,,, 0.01671200059,4.88000,-0.24000
,,, 0.01671599969,4.88000,-0.24000
,,, 0.01672000065,4.88000,-0.16000
,,, 0.01672399975,4.88000,-0.08000
,,, 0.01672800072,4.88000,-0.08000
,,, 0.01673199981,4.80000,0.00
,,, 0.01673600078,4.88000,0.00
,,, 0.01673999988,4.80000,0.00
,,, 0.01674400084,4.80000,0.00
,,, 0.01674799994,4.80000,0.00
,,, 0.01675199904,4.80000,0.08000
,,, 0.01675600000,4.80000,0.08000
,,, 0.01675999910,4.88000,0.00
,,, 0.01676400006,4.88000,0.00
,,, 0.01676799916,4.88000,0.08000
,,, 0.01677200012,4.88000,0.00
,,, 0.01677599922,4.88000,0.00
,,, 0.01678000018,4.88000,0.08000
,,, 0.01678399928,4.88000,0.00
,,, 0.01678800024,4.88000,0.00
,,, 0.01679199934,4.88000,0.08000
,,, 0.01679600030,4.88000,0.00
,,, 0.01679999940,4.88000,0.00
,,, 0.01680400036,4.88000,0.00
,,, 0.01680799946,4.88000,0.00
,,, 0.01681200042,4.88000,0.00
,,, 0.01681599952,4.88000,0.00
,,, 0.01682000048,4.88000,0.00
,,, 0.01682399958,4.88000,0.00
,,, 0.01682800055,4.88000,0.00
,,, 0.01683199964,4.88000,0.00
,,, 0.01683600061,4.88000,0.00
,,, 0.01683999971,4.88000,0.00
,,, 0.01684400067,4.88000,0.08000
,,, 0.01684799977,4.88000,0.00
,,, 0.01685200073,4.88000,0.08000
,,, 0.01685599983,4.88000,0.08000
,,, 0.01686000079,4.88000,0.00
,,, 0.01686399989,4.88000,0.00
,,, 0.01686800085,4.88000,0.00
,,, 0.01687199995,4.88000,0.08000
,,, 0.01687599905,4.88000,0.08000
,,, 0.01688000001,4.88000,0.00
,,, 0.01688399911,4.88000,0.00
,,, 0.01688800007,4.88000,0.00
,,, 0.01689199917,4.88000,0.00
,,, 0.01689600013,4.88000,0.00
,,, 0.01689999923,4.88000,0.00
,,, 0.01690400019,4.88000,0.08000
,,, 0.01690799929,4.88000,0.00
,,, 0.01691200025,4.88000,0.08000
,,, 0.01691599935,4.88000,0.00
,,, 0.01692000031,4.88000,0.00
,,, 0.01692399941,4.88000,0.00
,,, 0.01692800038,4.88000,0.08000
,,, 0.01693199947,4.88000,0.00
,,, 0.01693600044,4.88000,0.00
,,, 0.01693999954,4.88000,0.00
,,, 0.01694400050,4.88000,0.00
,,, 0.01694799960,4.88000,0.00
,,, 0.01695200056,4.88000,0.00
,,, 0.01695599966,4.88000,0.00
,,, 0.01696000062,4.88000,0.08000
,,, 0.01696399972,4.88000,0.00
,,, 0.01696800068,4.88000,0.00
,,, 0.01697199978,4.88000,0.00
,,, 0.01697600074,4.88000,0.00
,,, 0.01697999984,4.88000,0.00
,,, 0.01698400080,4.88000,0.00
,,, 0.01698799990,4.88000,0.08000
,,, 0.01699200086,4.88000,0.00
,,, 0.01699599996,4.88000,0.00
,,, 0.01699999906,4.88000,0.08000
,,, 0.01700400002,4.88000,0.00
,,, 0.01700799912,4.88000,0.00
,,, 0.01701200008,4.88000,0.00
,,, 0.01701599918,4.88000,0.00
,,, 0.01702000014,4.88000,0.00
,,, 0.01702399924,4.88000,-0.08000
,,, 0.01702800021,4.88000,0.08000
,,, 0.01703199930,4.88000,0.08000
,,, 0.01703600027,4.88000,0.00
,,, 0.01703999937,4.88000,0.00
,,, 0.01704400033,4.88000,0.00
,,, 0.01704799943,4.88000,0.08000
,,, 0.01705200039,4.88000,0.00
,,, 0.01705599949,4.88000,0.00
,,, 0.01706000045,4.88000,0.00
,,, 0.01706399955,4.88000,0.00
,,, 0.01706800051,4.88000,0.08000
,,, 0.01707199961,4.88000,0.00
,,, 0.01707600057,4.88000,0.00
,,, 0.01707999967,4.88000,0.08000
,,, 0.01708400063,4.88000,0.00
,,, 0.01708799973,4.88000,0.00
,,, 0.01709200069,4.88000,0.00
,,, 0.01709599979,4.88000,0.08000
,,, 0.01710000075,4.88000,0.00
,,, 0.01710399985,4.88000,0.00
,,, 0.01710800081,4.88000,0.00
,,, 0.01711199991,4.88000,0.00
,,, 0.01711600088,4.88000,0.00
,,, 0.01711999997,4.88000,0.00
,,, 0.01712399907,4.88000,0.00
,,, 0.01712800004,4.88000,0.00
,,, 0.01713199914,4.88000,0.00
,,, 0.01713600010,4.88000,0.00
,,, 0.01713999920,4.88000,0.08000
,,, 0.01714400016,4.88000,0.00
,,, 0.01714799926,4.88000,0.00
,,, 0.01715200022,4.88000,0.08000
,,, 0.01715599932,4.88000,0.00
,,, 0.01716000028,4.88000,0.00
,,, 0.01716399938,4.88000,0.00
,,, 0.01716800034,4.88000,0.00
,,, 0.01717199944,4.88000,0.00
,,, 0.01717600040,4.88000,0.08000
,,, 0.01717999950,4.88000,0.00
,,, 0.01718400046,4.88000,0.00
,,, 0.01718799956,4.88000,0.00
,,, 0.01719200052,4.88000,0.08000
,,, 0.01719599962,4.88000,0.00
,,, 0.01720000058,4.88000,0.00
,,, 0.01720399968,4.88000,0.00
,,, 0.01720800065,4.88000,0.00
,,, 0.01721199974,4.88000,0.00
,,, 0.01721600071,4.88000,0.00
,,, 0.01721999981,4.88000,0.08000
,,, 0.01722400077,4.88000,0.00
,,, 0.01722799987,4.88000,0.00
,,, 0.01723200083,4.88000,0.00
,,, 0.01723599993,4.88000,0.00
,,, 0.01723999903,4.88000,0.00
,,, 0.01724399999,4.88000,0.00
,,, 0.01724799909,4.88000,0.00
,,, 0.01725200005,4.88000,0.08000
,,, 0.01725599915,4.88000,0.00
,,, 0.01726000011,4.88000,0.00
,,, 0.01726399921,4.88000,0.00
,,, 0.01726800017,4.88000,0.00
,,, 0.01727199927,4.88000,0.00
,,, 0.01727600023,4.88000,0.00
,,, 0.01727999933,4.88000,0.00
,,, 0.01728400029,4.88000,0.00
,,, 0.01728799939,4.88000,0.08000
,,, 0.01729200035,4.88000,0.00
,,, 0.01729599945,4.88000,0.00
,,, 0.01730000041,4.88000,0.00
,,, 0.01730399951,4.88000,0.00
,,, 0.01730800048,4.80000,0.00
,,, 0.01731199957,4.88000,0.00
,,, 0.01731600054,4.88000,0.00
,,, 0.01731999964,4.88000,0.00
,,, 0.01732400060,4.88000,0.00
,,, 0.01732799970,4.88000,0.00
,,, 0.01733200066,4.88000,0.00
,,, 0.01733599976,4.88000,0.00
,,, 0.01734000072,4.88000,0.00
,,, 0.01734399982,4.88000,0.00
,,, 0.01734800078,4.80000,0.08000
,,, 0.01735199988,4.88000,0.08000
,,, 0.01735600084,4.88000,0.00
,,, 0.01735999994,4.88000,0.00
,,, 0.01736399904,4.88000,0.00
,,, 0.01736800000,4.88000,0.00
,,, 0.01737199910,4.88000,0.00
,,, 0.01737600006,4.88000,0.08000
,,, 0.01737999916,4.88000,0.00
,,, 0.01738400012,4.88000,0.00
,,, 0.01738799922,4.88000,0.00
,,, 0.01739200018,4.88000,0.00
,,, 0.01739599928,4.88000,0.08000
,,, 0.01740000024,4.88000,0.00
,,, 0.01740399934,4.88000,0.00
,,, 0.01740800031,4.88000,0.00
,,, 0.01741199940,4.88000,0.00
,,, 0.01741600037,4.88000,0.00
,,, 0.01741999947,4.88000,0.00
,,, 0.01742400043,4.88000,0.00
,,, 0.01742799953,4.88000,0.00
,,, 0.01743200049,4.88000,0.00
,,, 0.01743599959,4.88000,0.00
,,, 0.01744000055,4.88000,0.00
,,, 0.01744399965,4.88000,0.00
,,, 0.01744800061,4.88000,0.00
,,, 0.01745199971,4.88000,0.00
,,, 0.01745600067,4.88000,0.00
,,, 0.01745999977,4.88000,0.00
,,, 0.01746400073,4.88000,0.08000
,,, 0.01746799983,4.88000,0.00
,,, 0.01747200079,4.88000,0.00
,,, 0.01747599989,4.80000,0.00
,,, 0.01748000085,4.88000,0.00
,,, 0.01748399995,4.88000,0.00
,,, 0.01748799905,4.88000,0.08000
,,, 0.01749200001,4.88000,0.00
,,, 0.01749599911,4.88000,0.00
,,, 0.01750000007,4.88000,0.00
,,, 0.01750399917,4.88000,0.00
,,, 0.01750800014,4.88000,0.08000
,,, 0.01751199923,4.88000,0.00
,,, 0.01751600020,4.88000,0.00
,,, 0.01751999930,4.88000,0.00
,,, 0.01752400026,4.88000,0.08000
,,, 0.01752799936,4.88000,0.00
,,, 0.01753200032,4.88000,0.00
,,, 0.01753599942,4.88000,0.00
,,, 0.01754000038,4.88000,0.08000
,,, 0.01754399948,4.88000,0.00
,,, 0.01754800044,4.88000,0.00
,,, 0.01755199954,4.88000,0.00
,,, 0.01755600050,4.88000,0.00
,,, 0.01755999960,4.88000,0.00
,,, 0.01756400056,4.88000,0.00
,,, 0.01756799966,4.88000,0.00
,,, 0.01757200062,4.88000,0.00
,,, 0.01757599972,4.88000,0.08000
,,, 0.01758000068,4.88000,0.00
,,, 0.01758399978,4.88000,0.00
,,, 0.01758800074,4.88000,0.08000
,,, 0.01759199984,4.88000,0.00
,,, 0.01759600081,4.88000,0.08000
,,, 0.01759999990,4.88000,0.00
,,, 0.01760400087,4.88000,0.00
,,, 0.01760799997,4.88000,0.00
,,, 0.01761199906,4.88000,0.00
,,, 0.01761600003,4.88000,0.08000
,,, 0.01761999913,4.88000,0.00
,,, 0.01762400009,4.88000,0.00
,,, 0.01762799919,4.88000,0.00
,,, 0.01763200015,4.88000,0.00
,,, 0.01763599925,4.88000,0.00
,,, 0.01764000021,4.88000,0.00
,,, 0.01764399931,4.88000,0.00
,,, 0.01764800027,4.88000,0.00
,,, 0.01765199937,4.88000,0.08000
,,, 0.01765600033,4.88000,0.00
,,, 0.01765999943,4.88000,0.00
,,, 0.01766400039,4.88000,0.00
,,, 0.01766799949,4.88000,0.00
,,, 0.01767200045,4.88000,0.00
,,, 0.01767599955,4.88000,0.00
,,, 0.01768000051,4.88000,0.00
,,, 0.01768399961,4.88000,0.00
,,, 0.01768800057,4.88000,0.08000
,,, 0.01769199967,4.88000,0.00
,,, 0.01769600064,4.88000,0.00
,,, 0.01769999973,4.88000,0.08000
,,, 0.01770400070,4.88000,0.08000
,,, 0.01770799980,4.88000,0.08000
,,, 0.01771200076,4.88000,0.00
,,, 0.01771599986,4.88000,0.00
,,, 0.01772000082,4.88000,0.00
,,, 0.01772399992,4.88000,0.00
,,, 0.01772800088,4.88000,0.00
,,, 0.01773199998,4.88000,0.00
,,, 0.01773599908,4.88000,0.08000
,,, 0.01774000004,4.88000,0.00
,,, 0.01774399914,4.88000,0.00
,,, 0.01774800010,4.88000,-0.08000
,,, 0.01775199920,4.88000,0.00
,,, 0.01775600016,4.88000,0.00
,,, 0.01775999926,4.88000,0.00
,,, 0.01776400022,4.88000,0.00
,,, 0.01776799932,4.88000,0.00
,,, 0.01777200028,4.88000,0.00
,,, 0.01777599938,4.88000,0.00
,,, 0.01778000034,4.88000,0.00
,,, 0.01778399944,4.88000,0.00
,,, 0.01778800040,4.88000,0.08000
,,, 0.01779199950,4.88000,0.00
,,, 0.01779600047,4.88000,0.00
,,, 0.01779999956,4.88000,0.00
,,, 0.01780400053,4.88000,0.00
,,, 0.01780799963,4.88000,0.00
,,, 0.01781200059,4.88000,0.00
,,, 0.01781599969,4.88000,0.00
,,, 0.01782000065,4.88000,0.00
,,, 0.01782399975,4.88000,0.00
,,, 0.01782800071,4.88000,0.00
,,, 0.01783199981,4.88000,0.00
,,, 0.01783600077,4.88000,0.00
,,, 0.01783999987,4.88000,0.00
,,, 0.01784400083,4.88000,0.00
,,, 0.01784799993,4.88000,0.08000
,,, 0.01785199903,4.88000,0.00
,,, 0.01785599999,4.88000,0.00
,,, 0.01785999909,4.88000,0.00
,,, 0.01786400005,4.88000,0.00
,,, 0.01786799915,4.88000,0.00
,,, 0.01787200011,4.88000,0.00
,,, 0.01787599921,4.88000,0.00
,,, 0.01788000017,4.88000,0.00
,,, 0.01788399927,4.88000,0.08000
,,, 0.01788800023,4.88000,0.00
,,, 0.01789199933,4.88000,0.00
,,, 0.01789600030,4.88000,0.00
,,, 0.01789999940,4.88000,0.00
,,, 0.01790400036,4.88000,0.00
,,, 0.01790799946,4.88000,0.00
,,, 0.01791200042,4.88000,0.00
,,, 0.01791599952,4.88000,0.00
,,, 0.01792000048,4.88000,0.00
,,, 0.01792399958,4.88000,0.08000
,,, 0.01792800054,4.88000,0.00
,,, 0.01793199964,4.88000,0.08000
,,, 0.01793600060,4.88000,0.00
,,, 0.01793999970,4.88000,0.00
,,, 0.01794400066,4.88000,0.00
,,, 0.01794799976,4.88000,0.00
,,, 0.01795200072,4.88000,0.00
,,, 0.01795599982,4.88000,0.00
,,, 0.01796000078,4.88000,0.08000
,,, 0.01796399988,4.88000,0.00
,,, 0.01796800084,4.88000,0.00
,,, 0.01797199994,4.88000,0.00
,,, 0.01797599904,4.88000,0.00
,,, 0.01798000000,4.88000,0.00
,,, 0.01798399910,4.88000,0.08000
,,, 0.01798800007,4.88000,0.00
,,, 0.01799199916,4.88000,0.00
,,, 0.01799600013,4.88000,0.00
,,, 0.01799999923,4.88000,0.08000
,,, 0.01800400019,4.88000,0.00
,,, 0.01800799929,4.88000,0.08000
,,, 0.01801200025,4.88000,0.00
,,, 0.01801599935,4.88000,0.00
,,, 0.01802000031,4.88000,0.00
,,, 0.01802399941,4.88000,0.00
,,, 0.01802800037,4.88000,0.00
,,, 0.01803199947,4.88000,0.00
,,, 0.01803600043,4.88000,0.00
,,, 0.01803999953,4.88000,0.00
,,, 0.01804400049,4.88000,0.00
,,, 0.01804799959,4.88000,0.00
,,, 0.01805200055,4.88000,0.00
,,, 0.01805599965,4.88000,0.00
,,, 0.01806000061,4.88000,0.00
,,, 0.01806399971,4.88000,0.00
,,, 0.01806800067,4.88000,0.00
,,, 0.01807199977,4.88000,0.00
,,, 0.01807600074,4.88000,0.00
,,, 0.01807999983,4.88000,0.00
,,, 0.01808400080,4.88000,0.00
,,, 0.01808799990,4.88000,0.00
,,, 0.01809200086,4.88000,0.00
,,, 0.01809599996,4.88000,0.00
,,, 0.01809999906,4.88000,0.00
,,, 0.01810400002,4.88000,0.08000
,,, 0.01810799912,4.88000,0.00
,,, 0.01811200008,4.88000,0.08000
,,, 0.01811599918,4.88000,0.00
,,, 0.01812000014,4.88000,0.00
,,, 0.01812399924,4.88000,0.00
,,, 0.01812800020,4.88000,0.00
,,, 0.01813199930,4.88000,0.08000
,,, 0.01813600026,4.88000,0.00
,,, 0.01813999936,4.88000,0.00
,,, 0.01814400032,4.88000,0.08000
,,, 0.01814799942,4.88000,0.00
,,, 0.01815200038,4.88000,0.00
,,, 0.01815599948,4.88000,0.00
,,, 0.01816000044,4.88000,0.08000
,,, 0.01816399954,4.88000,0.00
,,, 0.01816800050,4.88000,0.00
,,, 0.01817199960,4.88000,0.08000
,,, 0.01817600057,4.88000,0.00
,,, 0.01817999966,4.88000,0.00
,,, 0.01818400063,4.88000,0.00
,,, 0.01818799973,4.88000,0.00
,,, 0.01819200069,4.88000,0.08000
,,, 0.01819599979,4.88000,0.08000
,,, 0.01820000075,4.88000,0.00
,,, 0.01820399985,4.88000,0.08000
,,, 0.01820800081,4.88000,0.00
,,, 0.01821199991,4.88000,0.08000
,,, 0.01821600087,4.88000,0.00
,,, 0.01821999997,4.88000,0.00
,,, 0.01822399907,4.88000,0.08000
,,, 0.01822800003,4.88000,0.00
,,, 0.01823199913,4.88000,0.00
,,, 0.01823600009,4.88000,0.00
,,, 0.01823999919,4.88000,0.00
,,, 0.01824400015,4.88000,0.00
,,, 0.01824799925,4.88000,0.00
,,, 0.01825200021,4.88000,0.00
,,, 0.01825599931,4.88000,0.00
,,, 0.01826000027,4.88000,0.00
,,, 0.01826399937,4.88000,0.00
,,, 0.01826800033,4.88000,0.00
,,, 0.01827199943,4.88000,0.00
,,, 0.01827600040,4.88000,0.00
,,, 0.01827999949,4.88000,0.08000
,,, 0.01828400046,4.88000,0.00
,,, 0.01828799956,4.88000,0.00
,,, 0.01829200052,4.88000,0.00
,,, 0.01829599962,4.88000,0.00
,,, 0.01830000058,4.88000,0.00
,,, 0.01830399968,4.88000,0.00
,,, 0.01830800064,4.88000,0.00
,,, 0.01831199974,4.88000,0.08000
,,, 0.01831600070,4.88000,0.00
,,, 0.01831999980,4.88000,0.00
,,, 0.01832400076,4.88000,0.00
,,, 0.01832799986,4.88000,0.00
,,, 0.01833200082,4.88000,0.00
,,, 0.01833599992,4.88000,0.00
,,, 0.01834000088,4.88000,0.00
,,, 0.01834399998,4.88000,0.00
,,, 0.01834799908,4.88000,0.00
,,, 0.01835200004,4.88000,0.08000
,,, 0.01835599914,4.88000,0.00
,,, 0.01836000010,4.88000,0.00
,,, 0.01836399920,4.88000,0.00
,,, 0.01836800016,4.88000,0.00
,,, 0.01837199926,4.88000,0.00
,,, 0.01837600023,4.88000,0.00
,,, 0.01837999932,4.88000,0.08000
,,, 0.01838400029,4.88000,0.00
,,, 0.01838799939,4.88000,0.00
,,, 0.01839200035,4.88000,0.00
,,, 0.01839599945,4.88000,0.00
,,, 0.01840000041,4.88000,0.00
,,, 0.01840399951,4.88000,0.00
,,, 0.01840800047,4.88000,0.00
,,, 0.01841199957,4.88000,0.00
,,, 0.01841600053,4.88000,0.00
,,, 0.01841999963,4.88000,0.00
,,, 0.01842400059,4.88000,0.00
,,, 0.01842799969,4.88000,0.00
,,, 0.01843200065,4.88000,0.00
,,, 0.01843599975,4.88000,0.00
,,, 0.01844000071,4.88000,-0.08000
,,, 0.01844399981,4.88000,0.00
,,, 0.01844800077,4.88000,0.00
,,, 0.01845199987,4.88000,0.00
,,, 0.01845600083,4.88000,0.00
,,, 0.01845999993,4.88000,0.00
,,, 0.01846399903,4.88000,0.00
,,, 0.01846799999,4.88000,0.00
,,, 0.01847199909,4.88000,0.00
,,, 0.01847600006,4.88000,0.00
,,, 0.01847999915,4.88000,0.00
,,, 0.01848400012,4.88000,-0.08000
,,, 0.01848799922,4.88000,0.00
,,, 0.01849200018,4.88000,0.00
,,, 0.01849599928,4.88000,0.00
,,, 0.01850000024,4.88000,0.00
,,, 0.01850399934,4.88000,0.00
,,, 0.01850800030,4.88000,0.00
,,, 0.01851199940,4.88000,0.00
,,, 0.01851600036,4.88000,0.00
,,, 0.01851999946,4.88000,0.00
,,, 0.01852400042,4.88000,0.00
,,, 0.01852799952,4.88000,0.00
,,, 0.01853200048,4.88000,0.00
,,, 0.01853599958,4.88000,0.00
,,, 0.01854000054,4.88000,0.00
,,, 0.01854399964,4.88000,0.00
,,, 0.01854800060,4.88000,0.00
,,, 0.01855199970,4.88000,0.00
,,, 0.01855600066,4.88000,0.00
,,, 0.01855999976,4.88000,0.00
,,, 0.01856400073,4.88000,0.00
,,, 0.01856799982,4.88000,0.00
,,, 0.01857200079,4.88000,0.00
,,, 0.01857599989,4.88000,0.00
,,, 0.01858000085,4.88000,0.00
,,, 0.01858399995,4.88000,0.08000
,,, 0.01858799905,4.88000,0.00
,,, 0.01859200001,4.88000,0.00
,,, 0.01859599911,4.88000,0.00
,,, 0.01860000007,4.88000,0.08000
,,, 0.01860399917,4.88000,0.00
,,, 0.01860800013,4.88000,0.00
,,, 0.01861199923,4.88000,0.00
,,, 0.01861600019,4.88000,0.00
,,, 0.01861999929,4.88000,0.00
,,, 0.01862400025,4.88000,0.00
,,, 0.01862799935,4.88000,0.00
,,, 0.01863200031,4.88000,0.00
,,, 0.01863599941,4.88000,0.00
,,, 0.01864000037,4.88000,0.00
,,, 0.01864399947,4.88000,0.00
,,, 0.01864800043,4.88000,0.00
,,, 0.01865199953,4.88000,0.00
,,, 0.01865600049,4.88000,0.00
,,, 0.01865999959,4.88000,0.00
,,, 0.01866400056,4.80000,0.00
,,, 0.01866799966,4.88000,0.00
,,, 0.01867200062,4.88000,0.00
,,, 0.01867599972,4.88000,0.00
,,, 0.01868000068,4.88000,0.00
,,, 0.01868399978,4.80000,0.00
,,, 0.01868800074,4.88000,0.00
,,, 0.01869199984,4.80000,0.00
,,, 0.01869600080,4.88000,0.00
,,, 0.01869999990,4.88000,0.00
,,, 0.01870400086,4.88000,0.00
,,, 0.01870799996,4.88000,0.00
,,, 0.01871199906,4.88000,-0.08000
,,, 0.01871600002,4.88000,0.00
,,, 0.01871999912,4.88000,0.00
,,, 0.01872400008,4.88000,0.00
,,, 0.01872799918,4.88000,0.00
,,, 0.01873200014,4.88000,0.00
,,, 0.01873599924,4.88000,0.00
,,, 0.01874000020,4.88000,0.00
,,, 0.01874399930,4.88000,0.00
,,, 0.01874800026,4.88000,0.00
,,, 0.01875199936,4.80000,0.00
,,, 0.01875600033,4.88000,0.00
,,, 0.01875999942,4.88000,0.00
,,, 0.01876400039,4.88000,0.00
,,, 0.01876799949,4.88000,0.00
,,, 0.01877200045,4.88000,0.00
,,, 0.01877599955,4.88000,0.00
,,, 0.01878000051,4.80000,0.00
,,, 0.01878399961,4.88000,0.00
,,, 0.01878800057,4.88000,0.00
,,, 0.01879199967,4.88000,0.00
,,, 0.01879600063,4.88000,0.00
,,, 0.01879999973,4.88000,0.00
,,, 0.01880400069,4.80000,0.00
,,, 0.01880799979,4.88000,0.00
,,, 0.01881200075,4.88000,0.00
,,, 0.01881599985,4.88000,0.00
,,, 0.01882000081,4.88000,0.00
,,, 0.01882399991,4.88000,0.00
,,, 0.01882800087,4.88000,0.00
,,, 0.01883199997,4.88000,0.00
,,, 0.01883599907,4.88000,0.00
,,, 0.01884000003,4.88000,0.00
,,, 0.01884399913,4.88000,0.00
,,, 0.01884800009,4.88000,0.00
,,, 0.01885199919,4.88000,0.00
,,, 0.01885600016,4.88000,0.00
,,, 0.01885999925,4.88000,0.08000
,,, 0.01886400022,4.88000,0.00
,,, 0.01886799932,4.88000,0.00
,,, 0.01887200028,4.88000,0.00
,,, 0.01887599938,4.88000,0.00
,,, 0.01888000034,4.88000,0.00
,,, 0.01888399944,4.88000,0.00
,,, 0.01888800040,4.88000,0.00
,,, 0.01889199950,4.88000,0.00
,,, 0.01889600046,4.88000,0.00
,,, 0.01889999956,4.80000,0.00
,,, 0.01890400052,4.88000,-0.08000
,,, 0.01890799962,4.88000,0.08000
,,, 0.01891200058,4.88000,0.00
,,, 0.01891599968,4.88000,0.00
,,, 0.01892000064,4.88000,0.00
,,, 0.01892399974,4.88000,0.00
,,, 0.01892800070,4.88000,0.00
,,, 0.01893199980,4.88000,0.00
,,, 0.01893600076,4.88000,0.00
,,, 0.01893999986,4.88000,0.08000
,,, 0.01894400083,4.88000,0.00
,,, 0.01894799992,4.88000,0.00
,,, 0.01895199902,4.88000,0.00
,,, 0.01895599999,4.88000,0.00
,,, 0.01895999908,4.88000,0.00
,,, 0.01896400005,4.88000,0.00
,,, 0.01896799915,4.88000,0.08000
,,, 0.01897200011,4.80000,0.00
,,, 0.01897599921,4.88000,0.00
,,, 0.01898000017,4.88000,0.00
,,, 0.01898399927,4.88000,0.00
,,, 0.01898800023,4.88000,0.00
,,, 0.01899199933,4.88000,0.00
,,, 0.01899600029,4.88000,0.08000
,,, 0.01899999939,4.88000,0.00
,,, 0.01900400035,4.88000,0.00
,,, 0.01900799945,4.88000,0.00
,,, 0.01901200041,4.88000,0.00
,,, 0.01901599951,4.88000,0.00
,,, 0.01902000047,4.88000,0.00
,,, 0.01902399957,4.88000,0.00
,,, 0.01902800053,4.88000,0.00
,,, 0.01903199963,4.88000,0.00
,,, 0.01903600059,4.88000,0.00
,,, 0.01903999969,4.88000,0.00
,,, 0.01904400066,4.88000,0.00
,,, 0.01904799975,4.88000,0.00
,,, 0.01905200072,4.88000,0.08000
,,, 0.01905599982,4.88000,0.00
,,, 0.01906000078,4.88000,0.00
,,, 0.01906399988,4.88000,0.00
,,, 0.01906800084,4.88000,0.00
,,, 0.01907199994,4.88000,0.00
,,, 0.01907599904,4.88000,0.00
,,, 0.01908000000,4.88000,0.00
,,, 0.01908399910,4.88000,0.00
,,, 0.01908800006,4.88000,0.00
,,, 0.01909199916,4.88000,0.00
,,, 0.01909600012,4.88000,0.00
,,, 0.01909999922,4.88000,0.08000
,,, 0.01910400018,4.88000,0.00
,,, 0.01910799928,4.88000,0.00
,,, 0.01911200024,4.88000,0.08000
,,, 0.01911599934,4.88000,0.00
,,, 0.01912000030,4.88000,0.00
,,, 0.01912399940,4.88000,0.00
,,, 0.01912800036,4.88000,0.00
,,, 0.01913199946,4.88000,0.00
,,, 0.01913600042,4.88000,0.00
,,, 0.01913999952,4.88000,0.00
,,, 0.01914400049,4.88000,0.00
,,, 0.01914799958,4.88000,0.00
,,, 0.01915200055,4.88000,0.00
,,, 0.01915599965,4.88000,0.00
,,, 0.01916000061,4.88000,0.00
,,, 0.01916399971,4.88000,0.00
,,, 0.01916800067,4.88000,0.00
,,, 0.01917199977,4.88000,0.00
,,, 0.01917600073,4.88000,0.00
,,, 0.01917999983,4.88000,0.00
,,, 0.01918400079,4.88000,0.00
,,, 0.01918799989,4.88000,0.00
,,, 0.01919200085,4.88000,0.00
,,, 0.01919599995,4.88000,0.00
,,, 0.01919999905,4.88000,0.00
,,, 0.01920400001,4.88000,0.00
,,, 0.01920799911,4.88000,0.00
,,, 0.01921200007,4.88000,0.08000
,,, 0.01921599917,4.88000,0.00
,,, 0.01922000013,4.88000,0.00
,,, 0.01922399923,4.88000,0.00
,,, 0.01922800019,4.88000,0.08000
,,, 0.01923199929,4.88000,0.00
,,, 0.01923600025,4.88000,0.00
,,, 0.01923999935,4.88000,0.00
,,, 0.01924400032,4.88000,0.00
,,, 0.01924799941,4.88000,0.00
,,, 0.01925200038,4.88000,0.00
,,, 0.01925599948,4.88000,0.00
,,, 0.01926000044,4.88000,0.00
,,, 0.01926399954,4.88000,0.00
,,, 0.01926800050,4.88000,0.00
,,, 0.01927199960,4.88000,0.00
,,, 0.01927600056,4.88000,0.00
,,, 0.01927999966,4.88000,0.08000
,,, 0.01928400062,4.88000,0.00
,,, 0.01928799972,4.88000,0.00
,,, 0.01929200068,4.88000,0.00
,,, 0.01929599978,4.88000,0.00
,,, 0.01930000074,4.88000,0.00
,,, 0.01930399984,4.88000,0.00
,,, 0.01930800080,4.88000,0.08000
,,, 0.01931199990,4.88000,0.00
,,, 0.01931600086,4.88000,0.08000
,,, 0.01931999996,4.88000,0.08000
,,, 0.01932399906,4.88000,0.00
,,, 0.01932800002,4.88000,0.08000
,,, 0.01933199912,4.88000,0.00
,,, 0.01933600008,4.88000,0.00
,,, 0.01933999918,4.88000,0.00
,,, 0.01934400015,4.88000,0.00
,,, 0.01934799924,4.88000,0.00
,,, 0.01935200021,4.88000,0.00
,,, 0.01935599931,4.88000,0.00
,,, 0.01936000027,4.88000,0.00
,,, 0.01936399937,4.80000,0.00
,,, 0.01936800033,4.88000,0.00
,,, 0.01937199943,4.88000,-0.08000
,,, 0.01937600039,4.88000,0.00
,,, 0.01937999949,4.88000,0.00
,,, 0.01938400045,4.88000,0.00
,,, 0.01938799955,4.88000,0.00
,,, 0.01939200051,4.88000,0.00
,,, 0.01939599961,4.88000,0.08000
,,, 0.01940000057,4.88000,0.00
,,, 0.01940399967,4.88000,0.00
,,, 0.01940800063,4.88000,0.00
,,, 0.01941199973,4.80000,0.00
,,, 0.01941600069,4.88000,0.00
,,, 0.01941999979,4.88000,0.00
,,, 0.01942400075,4.88000,0.00
,,, 0.01942799985,4.88000,0.00
,,, 0.01943200082,4.88000,0.08000
,,, 0.01943599992,4.88000,0.00
,,, 0.01944000088,4.88000,0.00
,,, 0.01944399998,4.88000,0.00
,,, 0.01944799908,4.88000,0.00
,,, 0.01945200004,4.88000,0.00
,,, 0.01945599914,4.88000,0.00
,,, 0.01946000010,4.88000,0.00
,,, 0.01946399920,4.88000,0.00
,,, 0.01946800016,4.88000,0.00
,,, 0.01947199926,4.88000,0.00
,,, 0.01947600022,4.88000,0.00
,,, 0.01947999932,4.88000,0.00
,,, 0.01948400028,4.88000,0.00
,,, 0.01948799938,4.88000,0.00
,,, 0.01949200034,4.88000,0.00
,,, 0.01949599944,4.88000,-0.08000
,,, 0.01950000040,4.88000,0.00
,,, 0.01950399950,4.88000,0.00
,,, 0.01950800046,4.88000,0.00
,,, 0.01951199956,4.88000,0.00
,,, 0.01951600052,4.88000,0.00
,,, 0.01951999962,4.88000,0.00
,,, 0.01952400059,4.88000,0.00
,,, 0.01952799968,4.88000,0.00
,,, 0.01953200065,4.88000,-0.08000
,,, 0.01953599975,4.88000,0.00
,,, 0.01954000071,4.88000,0.00
,,, 0.01954399981,4.88000,-0.08000
,,, 0.01954800077,4.88000,0.00
,,, 0.01955199987,4.88000,0.00
,,, 0.01955600083,4.88000,0.00
,,, 0.01955999993,4.88000,0.00
,,, 0.01956399903,4.88000,0.08000
,,, 0.01956799999,4.88000,0.00
,,, 0.01957199909,4.88000,0.00
,,, 0.01957600005,4.88000,0.00
,,, 0.01957999915,4.88000,0.00
,,, 0.01958400011,4.88000,0.00
,,, 0.01958799921,4.88000,0.00
,,, 0.01959200017,4.88000,0.00
,,, 0.01959599927,4.88000,0.00
,,, 0.01960000023,4.88000,0.00
,,, 0.01960399933,4.88000,0.00
,,, 0.01960800029,4.88000,0.00
,,, 0.01961199939,4.88000,0.00
,,, 0.01961600035,4.88000,0.00
,,, 0.01961999945,4.88000,0.00
,,, 0.01962400042,4.88000,0.00
,,, 0.01962799951,4.88000,0.00
,,, 0.01963200048,4.88000,0.08000
,,, 0.01963599958,4.88000,0.00
,,, 0.01964000054,4.88000,0.00
,,, 0.01964399964,4.80000,0.00
,,, 0.01964800060,4.88000,0.00
,,, 0.01965199970,4.88000,0.00
,,, 0.01965600066,4.80000,0.00
,,, 0.01965999976,4.88000,0.00
,,, 0.01966400072,4.88000,0.00
,,, 0.01966799982,4.88000,0.00
,,, 0.01967200078,4.88000,0.00
,,, 0.01967599988,4.88000,0.00
,,, 0.01968000084,4.88000,0.00
,,, 0.01968399994,4.88000,0.00
,,, 0.01968799904,4.88000,0.00
,,, 0.01969200000,4.88000,0.00
,,, 0.01969599910,4.88000,0.00
,,, 0.01970000006,4.80000,0.00
,,, 0.01970399916,4.88000,0.00
,,, 0.01970800012,4.88000,0.00
,,, 0.01971199922,4.88000,0.00
,,, 0.01971600018,4.88000,0.00
,,, 0.01971999928,4.80000,0.00
,,, 0.01972400025,4.88000,0.00
,,, 0.01972799934,4.88000,0.00
,,, 0.01973200031,4.88000,0.00
,,, 0.01973599941,4.88000,0.00
,,, 0.01974000037,4.88000,0.00
,,, 0.01974399947,4.88000,0.00
,,, 0.01974800043,4.88000,0.00
,,, 0.01975199953,4.88000,0.00
,,, 0.01975600049,4.88000,0.00
,,, 0.01975999959,4.88000,0.00
,,, 0.01976400055,4.88000,0.00
,,, 0.01976799965,4.88000,0.00
,,, 0.01977200061,4.88000,0.00
,,, 0.01977599971,4.88000,0.00
,,, 0.01978000067,4.88000,0.08000
,,, 0.01978399977,4.88000,0.00
,,, 0.01978800073,4.88000,0.00
,,, 0.01979199983,4.88000,0.00
,,, 0.01979600079,4.88000,0.00
,,, 0.01979999989,4.88000,0.00
,,, 0.01980400085,4.88000,0.00
,,, 0.01980799995,4.80000,0.00
,,, 0.01981199905,4.88000,0.00
,,, 0.01981600001,4.88000,0.00
,,, 0.01981999911,4.88000,0.00
,,, 0.01982400008,4.88000,0.00
,,, 0.01982799917,4.88000,0.00
,,, 0.01983200014,4.88000,0.00
,,, 0.01983599924,4.80000,0.00
,,, 0.01984000020,4.88000,0.00
,,, 0.01984399930,4.88000,0.00
,,, 0.01984800026,4.88000,0.00
,,, 0.01985199936,4.88000,0.00
,,, 0.01985600032,4.88000,0.08000
,,, 0.01985999942,4.88000,0.00
,,, 0.01986400038,4.88000,0.00
,,, 0.01986799948,4.88000,0.08000
,,, 0.01987200044,4.88000,0.00
,,, 0.01987599954,4.88000,0.00
,,, 0.01988000050,4.88000,0.00
,,, 0.01988399960,4.88000,0.00
,,, 0.01988800056,4.88000,0.00
,,, 0.01989199966,4.88000,0.08000
,,, 0.01989600062,4.88000,0.00
,,, 0.01989999972,4.88000,0.00
,,, 0.01990400068,4.88000,0.00
,,, 0.01990799978,4.88000,0.00
,,, 0.01991200075,4.88000,0.00
,,, 0.01991599984,4.88000,0.08000
,,, 0.01992000081,4.88000,0.00
,,, 0.01992399991,4.88000,0.08000
,,, 0.01992800087,4.88000,0.00
,,, 0.01993199997,4.88000,0.00
,,, 0.01993599907,4.88000,0.00
,,, 0.01994000003,4.88000,0.00
,,, 0.01994399913,4.88000,0.00
,,, 0.01994800009,4.88000,0.00
,,, 0.01995199919,4.88000,0.00
,,, 0.01995600015,4.88000,0.00
,,, 0.01995999925,4.88000,0.08000
,,, 0.01996400021,4.88000,0.08000
,,, 0.01996799931,4.88000,0.00
,,, 0.01997200027,4.88000,0.00
,,, 0.01997599937,4.88000,0.00
,,, 0.01998000033,4.88000,0.08000
,,, 0.01998399943,4.88000,0.00
,,, 0.01998800039,4.88000,0.00
,,, 0.01999199949,4.88000,0.00
,,, 0.01999600045,4.88000,-0.08000
,,, 0.01999999955,4.88000,0.00
,,, 0.02000400051,4.88000,0.00
,,, 0.02000799961,4.88000,0.00
,,, 0.02001200058,4.88000,0.00
,,, 0.02001599967,4.88000,0.00
,,, 0.02002000064,4.88000,0.00
,,, 0.02002399974,4.88000,0.00
,,, 0.02002800070,4.88000,0.00
,,, 0.02003199980,4.80000,0.08000
,,, 0.02003600076,4.88000,0.00
,,, 0.02003999986,4.88000,0.00
,,, 0.02004400082,4.88000,0.00
,,, 0.02004799992,4.88000,0.00
,,, 0.02005200088,4.88000,0.00
,,, 0.02005599998,4.88000,0.00
,,, 0.02005999908,4.88000,0.00
,,, 0.02006400004,4.88000,0.00
,,, 0.02006799914,4.88000,0.00
,,, 0.02007200010,4.88000,0.00
,,, 0.02007599920,4.88000,0.08000
,,, 0.02008000016,4.88000,0.00
,,, 0.02008399926,4.88000,0.00
,,, 0.02008800022,4.88000,0.00
,,, 0.02009199932,4.88000,0.08000
,,, 0.02009600028,4.88000,0.00
,,, 0.02009999938,4.88000,0.00
,,, 0.02010400034,4.88000,0.00
,,, 0.02010799944,4.88000,0.08000
,,, 0.02011200041,4.88000,0.00
,,, 0.02011599950,4.88000,0.00
,,, 0.02012000047,4.88000,0.00
,,, 0.02012399957,4.88000,0.00
,,, 0.02012800053,4.88000,0.00
,,, 0.02013199963,4.88000,0.00
,,, 0.02013600059,4.88000,0.00
,,, 0.02013999969,4.88000,0.08000
,,, 0.02014400065,4.88000,0.00
,,, 0.02014799975,4.88000,0.00
,,, 0.02015200071,4.80000,0.00
,,, 0.02015599981,4.88000,0.00
,,, 0.02016000077,4.88000,0.00
,,, 0.02016399987,4.88000,0.00
,,, 0.02016800083,4.88000,0.00
,,, 0.02017199993,4.88000,0.00
,,, 0.02017599903,4.88000,0.00
,,, 0.02017999999,4.88000,0.00
,,, 0.02018399909,4.88000,0.00
,,, 0.02018800005,4.88000,0.00
,,, 0.02019199915,4.88000,0.00
,,, 0.02019600011,4.88000,0.00
,,, 0.02019999921,4.88000,0.00
,,, 0.02020400017,4.88000,0.00
,,, 0.02020799927,4.88000,0.00
,,, 0.02021200024,4.88000,0.00
,,, 0.02021599934,4.88000,0.00
,,, 0.02022000030,4.88000,0.00
,,, 0.02022399940,4.88000,0.00
,,, 0.02022800036,4.88000,0.00
,,, 0.02023199946,4.88000,0.00
,,, 0.02023600042,4.88000,0.00
,,, 0.02023999952,4.88000,0.00
,,, 0.02024400048,4.88000,0.00
,,, 0.02024799958,4.88000,0.00
,,, 0.02025200054,4.88000,0.00
,,, 0.02025599964,4.88000,0.00
,,, 0.02026000060,4.88000,0.00
,,, 0.02026399970,4.88000,0.00
,,, 0.02026800066,4.88000,0.08000
,,, 0.02027199976,4.88000,-0.08000
,,, 0.02027600072,4.88000,0.00
,,, 0.02027999982,4.88000,0.00
,,, 0.02028400078,4.88000,0.08000
,,, 0.02028799988,4.88000,0.00
,,, 0.02029200085,4.88000,0.00
,,, 0.02029599994,4.88000,0.00
,,, 0.02029999904,4.88000,0.00
,,, 0.02030400001,4.88000,0.08000
,,, 0.02030799910,4.88000,0.00
,,, 0.02031200007,4.88000,0.00
,,, 0.02031599917,4.88000,0.00
,,, 0.02032000013,4.88000,0.00
,,, 0.02032399923,4.88000,0.00
,,, 0.02032800019,4.88000,0.00
,,, 0.02033199929,4.88000,0.00
,,, 0.02033600025,4.88000,0.00
,,, 0.02033999935,4.88000,0.00
,,, 0.02034400031,4.88000,0.00
,,, 0.02034799941,4.88000,0.00
,,, 0.02035200037,4.88000,0.00
,,, 0.02035599947,4.88000,0.00
,,, 0.02036000043,4.88000,0.00
,,, 0.02036399953,4.88000,0.00
,,, 0.02036800049,4.88000,0.00
,,, 0.02037199959,4.88000,0.00
,,, 0.02037600055,4.88000,0.00
,,, 0.02037999965,4.88000,0.00
,,, 0.02038400061,4.88000,0.00
,,, 0.02038799971,4.88000,0.00
,,, 0.02039200068,4.88000,0.00
,,, 0.02039599977,4.88000,0.08000
,,, 0.02040000074,4.88000,0.00
,,, 0.02040399984,4.88000,0.00
,,, 0.02040800080,4.88000,0.00
,,, 0.02041199990,4.88000,0.00
,,, 0.02041600086,4.88000,0.00
,,, 0.02041999996,4.88000,0.00
,,, 0.02042399906,4.88000,0.00
,,, 0.02042800002,4.88000,0.00
,,, 0.02043199912,4.88000,0.00
,,, 0.02043600008,4.88000,0.00
,,, 0.02043999918,4.88000,0.00
,,, 0.02044400014,4.88000,0.00
,,, 0.02044799924,4.88000,0.00
,,, 0.02045200020,4.88000,0.00
,,, 0.02045599930,4.88000,0.00
,,, 0.02046000026,4.88000,0.00
,,, 0.02046399936,4.88000,0.00
,,, 0.02046800032,4.88000,0.00
,,, 0.02047199942,4.88000,0.00
,,, 0.02047600038,4.88000,0.08000
,,, 0.02047999948,4.88000,0.08000
,,, 0.02048400044,4.88000,0.00
,,, 0.02048799954,4.88000,0.08000
,,, 0.02049200051,4.88000,0.00
,,, 0.02049599960,4.88000,0.00
,,, 0.02050000057,4.88000,0.00
,,, 0.02050399967,4.88000,0.00
,,, 0.02050800063,4.88000,0.00
,,, 0.02051199973,4.88000,0.08000
,,, 0.02051600069,4.88000,0.00
,,, 0.02051999979,4.88000,0.00
,,, 0.02052400075,4.88000,0.08000
,,, 0.02052799985,4.88000,0.00
,,, 0.02053200081,4.88000,0.00
,,, 0.02053599991,4.88000,0.00
,,, 0.02054000087,4.88000,0.08000
,,, 0.02054399997,4.88000,0.00
,,, 0.02054799907,4.88000,0.08000
,,, 0.02055200003,4.88000,0.00
,,, 0.02055599913,4.88000,0.00
,,, 0.02056000009,4.88000,0.00
,,, 0.02056399919,4.88000,0.00
,,, 0.02056800015,4.88000,0.00
,,, 0.02057199925,4.88000,0.00
,,, 0.02057600021,4.88000,0.00
,,, 0.02057999931,4.88000,0.00
,,, 0.02058400027,4.88000,0.00
,,, 0.02058799937,4.88000,0.00
,,, 0.02059200034,4.88000,0.00
,,, 0.02059599943,4.88000,0.00
,,, 0.02060000040,4.88000,0.00
,,, 0.02060399950,4.88000,0.00
,,, 0.02060800046,4.88000,0.00
,,, 0.02061199956,4.88000,0.08000
,,, 0.02061600052,4.88000,0.08000
,,, 0.02061999962,4.88000,0.00
,,, 0.02062400058,4.88000,0.08000
,,, 0.02062799968,4.88000,0.00
,,, 0.02063200064,4.88000,0.00
,,, 0.02063599974,4.88000,0.08000
,,, 0.02064000070,4.88000,0.00
,,, 0.02064399980,4.88000,0.08000
,,, 0.02064800076,4.88000,0.00
,,, 0.02065199986,4.88000,0.00
,,, 0.02065600082,4.88000,0.00
,,, 0.02065999992,4.88000,0.08000
,,, 0.02066399902,4.88000,0.00
,,, 0.02066799998,4.88000,0.00
,,, 0.02067199908,4.88000,0.00
,,, 0.02067600004,4.88000,0.08000
,,, 0.02067999914,4.88000,0.00
,,, 0.02068400010,4.88000,0.00
,,, 0.02068799920,4.80000,0.00
,,, 0.02069200017,4.88000,0.00
,,, 0.02069599926,4.88000,0.00
,,, 0.02070000023,4.88000,0.00
,,, 0.02070399933,4.88000,0.00
,,, 0.02070800029,4.88000,0.00
,,, 0.02071199939,4.88000,0.00
,,, 0.02071600035,4.88000,0.00
,,, 0.02071999945,4.88000,0.00
,,, 0.02072400041,4.88000,0.00
,,, 0.02072799951,4.88000,0.00
,,, 0.02073200047,4.88000,0.00
,,, 0.02073599957,4.88000,0.00
,,, 0.02074000053,4.88000,0.00
,,, 0.02074399963,4.88000,-0.08000
,,, 0.02074800059,4.88000,0.00
,,, 0.02075199969,4.88000,0.00
,,, 0.02075600065,4.88000,0.00
,,, 0.02075999975,4.88000,0.08000
,,, 0.02076400071,4.88000,0.00
,,, 0.02076799981,4.88000,0.00
,,, 0.02077200077,4.88000,0.00
,,, 0.02077599987,4.88000,0.08000
,,, 0.02078000084,4.88000,0.00
,,, 0.02078399993,4.88000,0.00
,,, 0.02078799903,4.88000,0.00
,,, 0.02079200000,4.88000,0.00
,,, 0.02079599909,4.88000,0.00
,,, 0.02080000006,4.88000,-0.08000
,,, 0.02080399916,4.88000,0.00
,,, 0.02080800012,4.88000,0.00
,,, 0.02081199922,4.88000,0.00
,,, 0.02081600018,4.88000,0.00
,,, 0.02081999928,4.88000,0.00
,,, 0.02082400024,4.88000,0.08000
,,, 0.02082799934,4.88000,0.00
,,, 0.02083200030,4.88000,0.08000
,,, 0.02083599940,4.88000,0.00
,,, 0.02084000036,4.88000,0.00
,,, 0.02084399946,4.88000,0.00
,,, 0.02084800042,4.88000,0.00
,,, 0.02085199952,4.88000,0.00
,,, 0.02085600048,4.88000,0.00
,,, 0.02085999958,4.88000,0.00
,,, 0.02086400054,4.88000,0.00
,,, 0.02086799964,4.88000,0.00
,,, 0.02087200060,4.88000,0.00
,,, 0.02087599970,4.88000,0.00
,,, 0.02088000067,4.88000,0.00
,,, 0.02088399976,4.88000,0.00
,,, 0.02088800073,4.88000,0.00
,,, 0.02089199983,4.88000,0.00
,,, 0.02089600079,4.88000,0.00
,,, 0.02089999989,4.88000,0.00
,,, 0.02090400085,4.88000,0.00
,,, 0.02090799995,4.88000,0.00
,,, 0.02091199905,4.88000,0.00
,,, 0.02091600001,4.88000,0.08000
,,, 0.02091999911,4.88000,0.00
,,, 0.02092400007,4.88000,0.00
,,, 0.02092799917,4.80000,0.00
,,, 0.02093200013,4.88000,0.00
,,, 0.02093599923,4.88000,0.00
,,, 0.02094000019,4.88000,0.00
,,, 0.02094399929,4.88000,0.00
,,, 0.02094800025,4.88000,0.08000
,,, 0.02095199935,4.88000,0.00
,,, 0.02095600031,4.88000,0.00
,,, 0.02095999941,4.88000,0.00
,,, 0.02096400037,4.88000,0.00
,,, 0.02096799947,4.88000,0.00
,,, 0.02097200043,4.88000,0.00
,,, 0.02097599953,4.88000,0.00
,,, 0.02098000050,4.88000,0.08000
,,, 0.02098399960,4.88000,0.00
,,, 0.02098800056,4.88000,0.00
,,, 0.02099199966,4.88000,0.00
,,, 0.02099600062,4.88000,0.00
,,, 0.02099999972,4.88000,0.00
,,, 0.02100400068,4.80000,0.00
,,, 0.02100799978,4.88000,0.00
,,, 0.02101200074,4.88000,0.00
,,, 0.02101599984,4.88000,0.00
,,, 0.02102000080,4.88000,0.00
,,, 0.02102399990,4.88000,0.00
,,, 0.02102800086,4.88000,0.00
,,, 0.02103199996,4.88000,0.00
,,, 0.02103599906,4.88000,0.00
,,, 0.02104000002,4.88000,0.08000
,,, 0.02104399912,4.88000,0.00
,,, 0.02104800008,4.80000,0.00
,,, 0.02105199918,4.88000,0.00
,,, 0.02105600014,4.88000,0.08000
,,, 0.02105999924,4.88000,0.00
,,, 0.02106400020,4.88000,0.00
,,, 0.02106799930,4.88000,0.00
,,, 0.02107200027,4.88000,0.00
,,, 0.02107599936,4.88000,0.00
,,, 0.02108000033,4.88000,0.00
,,, 0.02108399943,4.88000,0.00
,,, 0.02108800039,4.88000,0.00
,,, 0.02109199949,4.88000,0.00
,,, 0.02109600045,4.88000,0.00
,,, 0.02109999955,4.88000,0.00
,,, 0.02110400051,4.88000,0.00
,,, 0.02110799961,4.88000,0.00
,,, 0.02111200057,4.88000,0.08000
,,, 0.02111599967,4.88000,0.00
,,, 0.02112000063,4.88000,0.00
,,, 0.02112399973,4.88000,0.00
,,, 0.02112800069,4.88000,0.00
,,, 0.02113199979,4.88000,0.00
,,, 0.02113600075,4.88000,0.00
,,, 0.02113999985,4.88000,0.00
,,, 0.02114400081,4.88000,0.00
,,, 0.02114799991,4.88000,0.00
,,, 0.02115200087,4.88000,0.00
,,, 0.02115599997,4.88000,0.00
,,, 0.02115999907,4.88000,0.00
,,, 0.02116400003,4.88000,0.00
,,, 0.02116799913,4.88000,0.00
,,, 0.02117200010,4.88000,0.00
,,, 0.02117599919,4.88000,0.08000
,,, 0.02118000016,4.88000,0.00
,,, 0.02118399926,4.88000,0.08000
,,, 0.02118800022,4.88000,0.00
,,, 0.02119199932,4.88000,0.00
,,, 0.02119600028,4.88000,0.00
,,, 0.02119999938,4.88000,0.00
,,, 0.02120400034,4.88000,0.00
,,, 0.02120799944,4.88000,0.00
,,, 0.02121200040,4.88000,0.00
,,, 0.02121599950,4.88000,0.00
,,, 0.02122000046,4.88000,0.00
,,, 0.02122399956,4.88000,0.00
,,, 0.02122800052,4.88000,0.00
,,, 0.02123199962,4.88000,0.00
,,, 0.02123600058,4.88000,0.00
,,, 0.02123999968,4.88000,0.00
,,, 0.02124400064,4.88000,0.00
,,, 0.02124799974,4.88000,0.00
,,, 0.02125200070,4.88000,0.00
,,, 0.02125599980,4.88000,0.00
,,, 0.02126000077,4.88000,0.00
,,, 0.02126399986,4.88000,0.00
,,, 0.02126800083,4.88000,0.00
,,, 0.02127199993,4.88000,0.00
,,, 0.02127599902,4.88000,0.00
,,, 0.02127999999,4.88000,0.08000
,,, 0.02128399909,4.88000,0.00
,,, 0.02128800005,4.88000,0.00
,,, 0.02129199915,4.88000,0.00
,,, 0.02129600011,4.88000,0.00
,,, 0.02129999921,4.88000,0.00
,,, 0.02130400017,4.88000,0.00
,,, 0.02130799927,4.88000,0.00
,,, 0.02131200023,4.88000,0.08000
,,, 0.02131599933,4.88000,0.08000
,,, 0.02132000029,4.88000,0.00
,,, 0.02132399939,4.88000,0.00
,,, 0.02132800035,4.88000,0.00
,,, 0.02133199945,4.88000,0.00
,,, 0.02133600041,4.88000,0.00
,,, 0.02133999951,4.88000,0.00
,,, 0.02134400047,4.88000,0.00
,,, 0.02134799957,4.88000,-0.08000
,,, 0.02135200053,4.88000,0.00
,,, 0.02135599963,4.88000,0.00
,,, 0.02136000060,4.88000,0.00
,,, 0.02136399969,4.88000,0.00
,,, 0.02136800066,4.88000,0.00
,,, 0.02137199976,4.88000,0.00
,,, 0.02137600072,4.88000,0.00
,,, 0.02137999982,4.88000,0.08000
,,, 0.02138400078,4.88000,0.00
,,, 0.02138799988,4.88000,0.00
,,, 0.02139200084,4.88000,0.00
,,, 0.02139599994,4.88000,0.00
,,, 0.02139999904,4.88000,0.00
,,, 0.02140400000,4.88000,0.00
,,, 0.02140799910,4.80000,0.08000
,,, 0.02141200006,4.88000,0.00
,,, 0.02141599916,4.88000,0.00
,,, 0.02142000012,4.88000,0.00
,,, 0.02142399922,4.88000,0.00
,,, 0.02142800018,4.88000,0.00
,,, 0.02143199928,4.88000,0.00
,,, 0.02143600024,4.88000,0.00
,,, 0.02143999934,4.80000,0.00
,,, 0.02144400030,4.88000,0.08000
,,, 0.02144799940,4.88000,0.08000
,,, 0.02145200036,4.88000,0.00
,,, 0.02145599946,4.88000,0.00
,,, 0.02146000043,4.88000,0.00
,,, 0.02146399952,4.88000,0.00
,,, 0.02146800049,4.88000,0.00
,,, 0.02147199959,4.88000,0.00
,,, 0.02147600055,4.88000,0.00
,,, 0.02147999965,4.88000,0.00
,,, 0.02148400061,4.88000,0.00
,,, 0.02148799971,4.88000,0.00
,,, 0.02149200067,4.88000,0.00
,,, 0.02149599977,4.88000,0.08000
,,, 0.02150000073,4.88000,0.00
,,, 0.02150399983,4.88000,0.08000
,,, 0.02150800079,4.88000,0.00
,,, 0.02151199989,4.88000,0.00
,,, 0.02151600085,4.88000,0.00
,,, 0.02151999995,4.88000,0.00
,,, 0.02152399905,4.88000,0.00
,,, 0.02152800001,4.80000,0.00
,,, 0.02153199911,4.88000,0.00
,,, 0.02153600007,4.88000,0.00
,,, 0.02153999917,4.88000,0.00
,,, 0.02154400013,4.88000,0.00
,,, 0.02154799923,4.88000,0.08000
,,, 0.02155200019,4.88000,0.00
,,, 0.02155599929,4.88000,0.00
,,, 0.02156000026,4.88000,0.00
,,, 0.02156399935,4.88000,0.00
,,, 0.02156800032,4.88000,0.08000
,,, 0.02157199942,4.88000,-0.08000
,,, 0.02157600038,4.80000,0.00
,,, 0.02157999948,4.88000,0.00
,,, 0.02158400044,4.88000,0.00
,,, 0.02158799954,4.88000,0.00
,,, 0.02159200050,4.88000,0.00
,,, 0.02159599960,4.88000,0.00
,,, 0.02160000056,4.88000,0.00
,,, 0.02160399966,4.88000,0.00
,,, 0.02160800062,4.88000,0.00
,,, 0.02161199972,4.88000,0.00
,,, 0.02161600068,4.88000,0.00
,,, 0.02161999978,4.88000,0.00
,,, 0.02162400074,4.88000,0.00
,,, 0.02162799984,4.88000,0.00
,,, 0.02163200080,4.80000,0.00
,,, 0.02163599990,4.88000,0.08000
,,, 0.02164000086,4.88000,0.00
,,, 0.02164399996,4.88000,0.00
,,, 0.02164799906,4.88000,0.00
,,, 0.02165200002,4.88000,0.00
,,, 0.02165599912,4.88000,0.00
,,, 0.02166000009,4.88000,0.00
,,, 0.02166399918,4.88000,0.00
,,, 0.02166800015,4.88000,0.00
,,, 0.02167199925,4.88000,0.08000
,,, 0.02167600021,4.88000,0.00
,,, 0.02167999931,4.88000,0.00
,,, 0.02168400027,4.88000,0.08000
,,, 0.02168799937,4.88000,0.00
,,, 0.02169200033,4.88000,0.00
,,, 0.02169599943,4.80000,0.08000
,,, 0.02170000039,4.88000,0.00
,,, 0.02170399949,4.88000,0.00
,,, 0.02170800045,4.88000,0.00
,,, 0.02171199955,4.88000,0.00
,,, 0.02171600051,4.88000,0.00
,,, 0.02171999961,4.88000,0.00
,,, 0.02172400057,4.88000,0.00
,,, 0.02172799967,4.88000,0.08000
,,, 0.02173200063,4.88000,0.00
,,, 0.02173599973,4.88000,0.00
,,, 0.02174000069,4.88000,0.00
,,, 0.02174399979,4.88000,0.00
,,, 0.02174800076,4.88000,0.00
,,, 0.02175199986,4.88000,0.00
,,, 0.02175600082,4.88000,0.00
,,, 0.02175999992,4.88000,0.00
,,, 0.02176399902,4.88000,0.00
,,, 0.02176799998,4.88000,0.00
,,, 0.02177199908,4.88000,0.00
,,, 0.02177600004,4.88000,0.00
,,, 0.02177999914,4.88000,0.00
,,, 0.02178400010,4.88000,0.00
,,, 0.02178799920,4.88000,0.00
,,, 0.02179200016,4.88000,0.00
,,, 0.02179599926,4.88000,0.00
,,, 0.02180000022,4.88000,0.00
,,, 0.02180399932,4.88000,0.00
,,, 0.02180800028,4.80000,0.00
,,, 0.02181199938,4.80000,0.00
,,, 0.02181600034,4.88000,0.08000
,,, 0.02181999944,4.88000,0.00
,,, 0.02182400040,4.88000,0.00
,,, 0.02182799950,4.88000,0.00
,,, 0.02183200046,4.88000,0.00
,,, 0.02183599956,4.88000,0.00
,,, 0.02184000053,4.88000,0.00
,,, 0.02184399962,4.88000,0.00
,,, 0.02184800059,4.88000,0.08000
,,, 0.02185199969,4.88000,0.08000
,,, 0.02185600065,4.88000,0.00
,,, 0.02185999975,4.88000,0.00
,,, 0.02186400071,4.88000,0.00
,,, 0.02186799981,4.88000,0.00
,,, 0.02187200077,4.88000,0.00
,,, 0.02187599987,4.88000,0.00
,,, 0.02188000083,4.88000,0.00
,,, 0.02188399993,4.88000,0.00
,,, 0.02188799903,4.88000,0.00
,,, 0.02189199999,4.88000,0.00
,,, 0.02189599909,4.88000,0.08000
,,, 0.02190000005,4.88000,0.00
,,, 0.02190399915,4.88000,0.00
,,, 0.02190800011,4.88000,0.00
,,, 0.02191199921,4.88000,0.00
,,, 0.02191600017,4.88000,0.00
,,, 0.02191999927,4.88000,0.00
,,, 0.02192400023,4.88000,0.00
,,, 0.02192799933,4.88000,0.00
,,, 0.02193200029,4.88000,0.00
,,, 0.02193599939,4.88000,0.00
,,, 0.02194000036,4.88000,0.08000
,,, 0.02194399945,4.88000,0.00
,,, 0.02194800042,4.88000,0.00
,,, 0.02195199952,4.88000,0.00
,,, 0.02195600048,4.88000,0.00
,,, 0.02195999958,4.88000,0.00
,,, 0.02196400054,4.88000,0.00
,,, 0.02196799964,4.88000,0.00
,,, 0.02197200060,4.88000,0.08000
,,, 0.02197599970,4.88000,0.08000
,,, 0.02198000066,4.88000,0.08000
,,, 0.02198399976,4.88000,0.08000
,,, 0.02198800072,4.88000,0.00
,,, 0.02199199982,4.88000,0.00
,,, 0.02199600078,4.88000,0.00
,,, 0.02199999988,4.88000,0.00
,,, 0.02200400084,4.88000,0.00
,,, 0.02200799994,4.88000,0.00
,,, 0.02201199904,4.88000,0.00
,,, 0.02201600000,4.88000,0.00
,,, 0.02201999910,4.88000,0.00
,,, 0.02202400006,4.88000,0.00
,,, 0.02202799916,4.88000,0.00
,,, 0.02203200012,4.88000,0.00
,,, 0.02203599922,4.88000,0.00
,,, 0.02204000019,4.88000,0.00
,,, 0.02204399928,4.88000,0.00
,,, 0.02204800025,4.88000,0.00
,,, 0.02205199935,4.88000,0.00
,,, 0.02205600031,4.88000,0.08000
,,, 0.02205999941,4.88000,0.00
,,, 0.02206400037,4.88000,0.00
,,, 0.02206799947,4.88000,0.00
,,, 0.02207200043,4.88000,0.00
,,, 0.02207599953,4.88000,0.08000
,,, 0.02208000049,4.88000,0.00
,,, 0.02208399959,4.88000,0.00
,,, 0.02208800055,4.80000,0.00
,,, 0.02209199965,4.88000,0.00
,,, 0.02209600061,4.88000,0.00
,,, 0.02209999971,4.88000,0.00
,,, 0.02210400067,4.88000,0.00
,,, 0.02210799977,4.80000,0.08000
,,, 0.02211200073,4.88000,0.00
,,, 0.02211599983,4.88000,0.00
,,, 0.02212000079,4.88000,0.00
,,, 0.02212399989,4.88000,0.00
,,, 0.02212800086,4.88000,0.00
,,, 0.02213199995,4.88000,0.08000
,,, 0.02213599905,4.88000,0.00
,,, 0.02214000002,4.88000,0.08000
,,, 0.02214399911,4.88000,0.00
,,, 0.02214800008,4.88000,0.00
,,, 0.02215199918,4.88000,0.00
,,, 0.02215600014,4.88000,0.00
,,, 0.02215999924,4.88000,0.00
,,, 0.02216400020,4.88000,0.00
,,, 0.02216799930,4.88000,0.00
,,, 0.02217200026,4.88000,0.00
,,, 0.02217599936,4.88000,0.00
,,, 0.02218000032,4.88000,0.00
,,, 0.02218399942,4.88000,0.00
,,, 0.02218800038,4.88000,0.00
,,, 0.02219199948,4.88000,0.00
,,, 0.02219600044,4.88000,0.00
,,, 0.02219999954,4.88000,0.00
,,, 0.02220400050,4.88000,0.00
,,, 0.02220799960,4.88000,0.00
,,, 0.02221200056,4.88000,0.00
,,, 0.02221599966,4.88000,0.00
,,, 0.02222000062,4.88000,0.00
,,, 0.02222399972,4.88000,0.00
,,, 0.02222800069,4.88000,0.00
,,, 0.02223199978,4.88000,0.00
,,, 0.02223600075,4.88000,0.08000
,,, 0.02223999985,4.88000,0.00
,,, 0.02224400081,4.88000,0.00
,,, 0.02224799991,4.88000,0.00
,,, 0.02225200087,4.88000,0.00
,,, 0.02225599997,4.88000,0.08000
,,, 0.02225999907,4.88000,0.00
,,, 0.02226400003,4.88000,0.00
,,, 0.02226799913,4.88000,0.08000
,,, 0.02227200009,4.88000,0.00
,,, 0.02227599919,4.88000,0.00
,,, 0.02228000015,4.88000,-0.08000
,,, 0.02228399925,4.88000,0.00
,,, 0.02228800021,4.88000,0.00
,,, 0.02229199931,4.88000,0.00
,,, 0.02229600027,4.88000,0.00
,,, 0.02229999937,4.88000,0.00
,,, 0.02230400033,4.80000,0.00
,,, 0.02230799943,4.88000,0.00
,,, 0.02231200039,4.88000,0.00
,,, 0.02231599949,4.88000,0.00
,,, 0.02232000045,4.88000,0.00
,,, 0.02232399955,4.88000,0.00
,,, 0.02232800052,4.88000,0.00
,,, 0.02233199961,4.88000,0.00
,,, 0.02233600058,4.88000,0.00
,,, 0.02233999968,4.88000,0.00
,,, 0.02234400064,4.88000,0.00
,,, 0.02234799974,4.88000,0.00
,,, 0.02235200070,4.88000,0.00
,,, 0.02235599980,4.88000,0.00
,,, 0.02236000076,4.88000,0.00
,,, 0.02236399986,4.88000,0.00
,,, 0.02236800082,4.88000,0.00
,,, 0.02237199992,4.88000,0.00
,,, 0.02237599902,4.88000,0.00
,,, 0.02237999998,4.88000,0.00
,,, 0.02238399908,4.88000,0.00
,,, 0.02238800004,4.88000,0.00
,,, 0.02239199914,4.88000,0.00
,,, 0.02239600010,4.80000,0.00
,,, 0.02239999920,4.88000,0.00
,,, 0.02240400016,4.88000,0.00
,,, 0.02240799926,4.88000,0.00
,,, 0.02241200022,4.88000,0.00
,,, 0.02241599932,4.88000,0.00
,,, 0.02242000028,4.88000,0.00
,,, 0.02242399938,4.88000,0.00
,,, 0.02242800035,4.88000,0.00
,,, 0.02243199944,4.88000,0.00
,,, 0.02243600041,4.88000,0.00
,,, 0.02243999951,4.88000,0.08000
,,, 0.02244400047,4.88000,0.00
,,, 0.02244799957,4.80000,0.00
,,, 0.02245200053,4.88000,0.00
,,, 0.02245599963,4.88000,0.08000
,,, 0.02246000059,4.88000,0.08000
,,, 0.02246399969,4.88000,0.00
,,, 0.02246800065,4.88000,0.00
,,, 0.02247199975,4.88000,0.00
,,, 0.02247600071,4.88000,0.08000
,,, 0.02247999981,4.88000,0.08000
,,, 0.02248400077,4.88000,0.00
,,, 0.02248799987,4.88000,0.00
,,, 0.02249200083,4.88000,0.00
,,, 0.02249599993,4.88000,0.00
,,, 0.02249999903,4.88000,0.00
,,, 0.02250399999,4.88000,0.00
,,, 0.02250799909,4.88000,0.00
,,, 0.02251200005,4.88000,0.00
,,, 0.02251599915,4.88000,0.00
,,, 0.02252000012,4.88000,0.00
,,, 0.02252399921,4.88000,0.00
,,, 0.02252800018,4.88000,0.00
,,, 0.02253199928,4.88000,0.00
,,, 0.02253600024,4.88000,0.00
,,, 0.02253999934,4.88000,0.00
,,, 0.02254400030,4.88000,0.08000
,,, 0.02254799940,4.88000,0.00
,,, 0.02255200036,4.88000,0.00
,,, 0.02255599946,4.88000,0.00
,,, 0.02256000042,4.88000,0.00
,,, 0.02256399952,4.88000,0.08000
,,, 0.02256800048,4.88000,0.00
,,, 0.02257199958,4.88000,0.00
,,, 0.02257600054,4.88000,0.00
,,, 0.02257999964,4.88000,0.00
,,, 0.02258400060,4.88000,0.00
,,, 0.02258799970,4.88000,0.00
,,, 0.02259200066,4.88000,0.08000
,,, 0.02259599976,4.88000,0.00
,,, 0.02260000072,4.88000,0.00
,,, 0.02260399982,4.88000,0.00
,,, 0.02260800079,4.88000,0.00
,,, 0.02261199988,4.88000,0.00
,,, 0.02261600085,4.88000,0.00
,,, 0.02261999995,4.88000,0.00
,,, 0.02262399904,4.88000,0.00
,,, 0.02262800001,4.88000,0.00
,,, 0.02263199911,4.88000,0.00
,,, 0.02263600007,4.88000,0.00
,,, 0.02263999917,4.88000,0.08000
,,, 0.02264400013,4.88000,0.00
,,, 0.02264799923,4.88000,0.00
,,, 0.02265200019,4.88000,0.00
,,, 0.02265599929,4.88000,0.00
,,, 0.02266000025,4.88000,0.00
,,, 0.02266399935,4.88000,0.00
,,, 0.02266800031,4.88000,-0.08000
,,, 0.02267199941,4.88000,0.00
,,, 0.02267600037,4.88000,0.00
,,, 0.02267999947,4.88000,0.08000
,,, 0.02268400043,4.88000,0.00
,,, 0.02268799953,4.88000,0.00
,,, 0.02269200049,4.88000,0.08000
,,, 0.02269599959,4.88000,0.00
,,, 0.02270000055,4.88000,0.00
,,, 0.02270399965,4.88000,0.00
,,, 0.02270800062,4.88000,-0.08000
,,, 0.02271199971,4.88000,0.00
,,, 0.02271600068,4.88000,0.00
,,, 0.02271999978,4.88000,0.00
,,, 0.02272400074,4.88000,0.00
,,, 0.02272799984,4.88000,0.00
,,, 0.02273200080,4.88000,0.00
,,, 0.02273599990,4.88000,0.00
,,, 0.02274000086,4.88000,0.00
,,, 0.02274399996,4.88000,0.00
,,, 0.02274799906,4.88000,0.00
,,, 0.02275200002,4.80000,0.00
,,, 0.02275599912,4.88000,0.00
,,, 0.02276000008,4.88000,0.00
,,, 0.02276399918,4.88000,0.00
,,, 0.02276800014,4.88000,0.00
,,, 0.02277199924,4.88000,0.00
,,, 0.02277600020,4.88000,0.08000
,,, 0.02277999930,4.88000,0.00
,,, 0.02278400026,4.88000,0.00
,,, 0.02278799936,4.88000,0.00
,,, 0.02279200032,4.88000,0.00
,,, 0.02279599942,4.88000,0.00
,,, 0.02280000038,4.80000,0.00
,,, 0.02280399948,4.88000,0.00
,,, 0.02280800045,4.88000,0.08000
,,, 0.02281199954,4.88000,0.00
,,, 0.02281600051,4.88000,0.00
,,, 0.02281999961,4.88000,0.00
,,, 0.02282400057,4.88000,0.00
,,, 0.02282799967,4.88000,0.08000
,,, 0.02283200063,4.88000,0.00
,,, 0.02283599973,4.88000,0.00
,,, 0.02284000069,4.88000,0.00
,,, 0.02284399979,4.88000,0.00
,,, 0.02284800075,4.88000,0.00
,,, 0.02285199985,4.88000,0.00
,,, 0.02285600081,4.88000,0.00
,,, 0.02285999991,4.88000,0.00
,,, 0.02286400087,4.88000,0.00
,,, 0.02286799997,4.88000,0.00
,,, 0.02287199907,4.88000,0.00
,,, 0.02287600003,4.88000,0.00
,,, 0.02287999913,4.88000,0.00
,,, 0.02288400009,4.88000,0.00
,,, 0.02288799919,4.88000,0.00
,,, 0.02289200015,4.88000,0.00
,,, 0.02289599925,4.88000,0.00
,,, 0.02290000021,4.88000,0.00
,,, 0.02290399931,4.88000,0.00
,,, 0.02290800028,4.88000,0.00
,,, 0.02291199937,4.88000,0.00
,,, 0.02291600034,4.88000,0.00
,,, 0.02291999944,4.88000,0.00
,,, 0.02292400040,4.88000,0.00
,,, 0.02292799950,4.88000,0.00
,,, 0.02293200046,4.88000,0.00
,,, 0.02293599956,4.88000,0.00
,,, 0.02294000052,4.88000,0.00
,,, 0.02294399962,4.88000,0.00
,,, 0.02294800058,4.88000,0.00
,,, 0.02295199968,4.88000,0.08000
,,, 0.02295600064,4.88000,0.00
,,, 0.02295999974,4.88000,0.00
,,, 0.02296400070,4.88000,0.00
,,, 0.02296799980,4.88000,0.08000
,,, 0.02297200076,4.88000,0.00
,,, 0.02297599986,4.88000,0.00
,,, 0.02298000082,4.88000,0.00
,,, 0.02298399992,4.88000,0.00
,,, 0.02298799902,4.88000,0.00
,,, 0.02299199998,4.88000,0.00
,,, 0.02299599908,4.88000,0.00
,,, 0.02300000004,4.88000,0.00
,,, 0.02300399914,4.88000,0.00
,,, 0.02300800011,4.88000,0.00
,,, 0.02301199920,4.88000,0.00
,,, 0.02301600017,4.88000,0.00
,,, 0.02301999927,4.88000,0.00
,,, 0.02302400023,4.88000,0.00
,,, 0.02302799933,4.88000,0.00
,,, 0.02303200029,4.88000,0.08000
,,, 0.02303599939,4.88000,0.08000
,,, 0.02304000035,4.88000,0.00
,,, 0.02304399945,4.88000,0.00
,,, 0.02304800041,4.88000,0.00
,,, 0.02305199951,4.88000,0.00
,,, 0.02305600047,4.88000,0.00
,,, 0.02305999957,4.88000,0.00
,,, 0.02306400053,4.88000,0.00
,,, 0.02306799963,4.88000,0.00
,,, 0.02307200059,4.80000,0.00
,,, 0.02307599969,4.88000,0.00
,,, 0.02308000065,4.88000,0.00
,,, 0.02308399975,4.88000,0.00
,,, 0.02308800071,4.88000,0.00
,,, 0.02309199981,4.88000,0.08000
,,, 0.02309600078,4.88000,0.00
,,, 0.02309999987,4.88000,0.00
,,, 0.02310400084,4.88000,0.08000
,,, 0.02310799994,4.88000,0.00
,,, 0.02311199903,4.88000,0.00
,,, 0.02311600000,4.88000,0.00
,,, 0.02311999910,4.88000,0.00
,,, 0.02312400006,4.88000,0.00
,,, 0.02312799916,4.88000,0.00
,,, 0.02313200012,4.88000,0.00
,,, 0.02313599922,4.88000,0.00
,,, 0.02314000018,4.80000,0.00
,,, 0.02314399928,4.88000,0.00
,,, 0.02314800024,4.88000,0.00
,,, 0.02315199934,4.88000,0.00
,,, 0.02315600030,4.88000,0.00
,,, 0.02315999940,4.88000,0.00
,,, 0.02316400036,4.88000,0.00
,,, 0.02316799946,4.88000,0.00
,,, 0.02317200042,4.88000,0.00
,,, 0.02317599952,4.88000,0.08000
,,, 0.02318000048,4.88000,0.08000
,,, 0.02318399958,4.88000,0.00
,,, 0.02318800054,4.88000,0.00
,,, 0.02319199964,4.88000,0.00
,,, 0.02319600061,4.88000,0.00
,,, 0.02319999970,4.88000,0.00
,,, 0.02320400067,4.88000,0.00
,,, 0.02320799977,4.88000,0.00
,,, 0.02321200073,4.88000,0.00
,,, 0.02321599983,4.88000,0.00
,,, 0.02322000079,4.88000,0.08000
,,, 0.02322399989,4.88000,0.00
,,, 0.02322800085,4.88000,0.08000
,,, 0.02323199995,4.88000,0.00
,,, 0.02323599905,4.88000,0.00
,,, 0.02324000001,4.88000,0.00
,,, 0.02324399911,4.88000,0.00
,,, 0.02324800007,4.88000,0.00
,,, 0.02325199917,4.88000,0.08000
,,, 0.02325600013,4.88000,0.00
,,, 0.02325999923,4.88000,0.00
,,, 0.02326400019,4.88000,0.00
,,, 0.02326799929,4.88000,0.00
,,, 0.02327200025,4.88000,0.00
,,, 0.02327599935,4.88000,0.00
,,, 0.02328000031,4.88000,0.00
,,, 0.02328399941,4.88000,0.00
,,, 0.02328800038,4.88000,0.00
,,, 0.02329199947,4.88000,0.00
,,, 0.02329600044,4.88000,0.00
,,, 0.02329999954,4.88000,0.00
,,, 0.02330400050,4.80000,0.00
,,, 0.02330799960,4.88000,0.00
,,, 0.02331200056,4.88000,0.08000
,,, 0.02331599966,4.88000,0.00
,,, 0.02332000062,4.88000,0.00
,,, 0.02332399972,4.88000,0.00
,,, 0.02332800068,4.88000,0.00
,,, 0.02333199978,4.88000,0.00
,,, 0.02333600074,4.88000,0.00
,,, 0.02333999984,4.88000,0.00
,,, 0.02334400080,4.88000,0.00
,,, 0.02334799990,4.88000,0.00
,,, 0.02335200086,4.88000,0.08000
,,, 0.02335599996,4.88000,0.00
,,, 0.02335999906,4.88000,0.00
,,, 0.02336400002,4.88000,0.00
,,, 0.02336799912,4.88000,0.00
,,, 0.02337200008,4.88000,0.00
,,, 0.02337599918,4.88000,0.00
,,, 0.02338000014,4.88000,-0.08000
,,, 0.02338399924,4.88000,0.08000
,,, 0.02338800021,4.88000,0.00
,,, 0.02339199930,4.88000,0.00
,,, 0.02339600027,4.88000,0.00
,,, 0.02339999937,4.88000,0.00
,,, 0.02340400033,4.88000,0.00
,,, 0.02340799943,4.88000,0.00
,,, 0.02341200039,4.88000,0.00
,,, 0.02341599949,4.88000,0.00
,,, 0.02342000045,4.88000,0.00
,,, 0.02342399955,4.88000,0.08000
,,, 0.02342800051,4.88000,0.00
,,, 0.02343199961,4.88000,0.00
,,, 0.02343600057,4.88000,0.00
,,, 0.02343999967,4.88000,0.00
,,, 0.02344400063,4.88000,0.00
,,, 0.02344799973,4.88000,0.00
,,, 0.02345200069,4.88000,0.00
,,, 0.02345599979,4.88000,0.00
,,, 0.02346000075,4.88000,0.00
,,, 0.02346399985,4.88000,0.00
,,, 0.02346800081,4.88000,0.00
,,, 0.02347199991,4.88000,0.00
,,, 0.02347599901,4.88000,0.00
,,, 0.02347999997,4.88000,0.00
,,, 0.02348399907,4.88000,0.00
,,, 0.02348800004,4.88000,0.00
,,, 0.02349199913,4.88000,0.00
,,, 0.02349600010,4.88000,0.00
,,, 0.02349999920,4.88000,0.00
,,, 0.02350400016,4.88000,0.00
,,, 0.02350799926,4.88000,0.00
,,, 0.02351200022,4.88000,0.00
,,, 0.02351599932,4.88000,0.00
,,, 0.02352000028,4.88000,0.08000
,,, 0.02352399938,4.88000,0.00
,,, 0.02352800034,4.88000,0.00
,,, 0.02353199944,4.88000,0.08000
,,, 0.02353600040,4.88000,0.00
,,, 0.02353999950,4.88000,0.00
,,, 0.02354400046,4.88000,0.00
,,, 0.02354799956,4.88000,0.00
,,, 0.02355200052,4.88000,0.00
,,, 0.02355599962,4.88000,0.00
,,, 0.02356000058,4.80000,0.08000
,,, 0.02356399968,4.88000,0.00
,,, 0.02356800064,4.88000,0.08000
,,, 0.02357199974,4.88000,0.08000
,,, 0.02357600071,4.88000,0.00
,,, 0.02357999980,4.88000,0.00
,,, 0.02358400077,4.88000,0.00
,,, 0.02358799987,4.88000,0.08000
,,, 0.02359200083,4.88000,0.00
,,, 0.02359599993,4.88000,0.00
,,, 0.02359999903,4.88000,0.00
,,, 0.02360399999,4.88000,0.00
,,, 0.02360799909,4.88000,0.00
,,, 0.02361200005,4.88000,0.00
,,, 0.02361599915,4.88000,0.00
,,, 0.02362000011,4.88000,0.00
,,, 0.02362399921,4.88000,0.00
,,, 0.02362800017,4.88000,0.00
,,, 0.02363199927,4.88000,0.08000
,,, 0.02363600023,4.88000,0.00
,,, 0.02363999933,4.88000,0.00
,,, 0.02364400029,4.88000,0.00
,,, 0.02364799939,4.88000,0.08000
,,, 0.02365200035,4.88000,0.00
,,, 0.02365599945,4.88000,0.00
,,, 0.02366000041,4.88000,0.00
,,, 0.02366399951,4.88000,0.08000
,,, 0.02366800047,4.88000,0.00
,,, 0.02367199957,4.88000,0.00
,,, 0.02367600054,4.88000,0.08000
,,, 0.02367999963,4.88000,0.00
,,, 0.02368400060,4.88000,0.00
,,, 0.02368799970,4.88000,0.00
,,, 0.02369200066,4.88000,0.00
,,, 0.02369599976,4.88000,0.08000
,,, 0.02370000072,4.88000,0.00
,,, 0.02370399982,4.88000,0.00
,,, 0.02370800078,4.88000,0.08000
,,, 0.02371199988,4.88000,0.08000
,,, 0.02371600084,4.88000,0.00
,,, 0.02371999994,4.88000,0.00
,,, 0.02372399904,4.88000,0.00
,,, 0.02372800000,4.88000,0.00
,,, 0.02373199910,4.88000,0.00
,,, 0.02373600006,4.88000,0.00
,,, 0.02373999916,4.88000,0.08000
,,, 0.02374400012,4.88000,0.00
,,, 0.02374799922,4.96000,0.00
,,, 0.02375200018,4.88000,0.08000
,,, 0.02375599928,4.88000,0.00
,,, 0.02376000024,4.88000,0.00
,,, 0.02376399934,4.88000,0.00
,,, 0.02376800030,4.88000,0.00
,,, 0.02377199940,4.88000,0.00
,,, 0.02377600037,4.88000,0.00
,,, 0.02377999946,4.88000,0.00
,,, 0.02378400043,4.88000,0.00
,,, 0.02378799953,4.88000,0.00
,,, 0.02379200049,4.88000,0.00
,,, 0.02379599959,4.88000,0.00
,,, 0.02380000055,4.88000,0.00
,,, 0.02380399965,4.88000,0.00
,,, 0.02380800061,4.88000,0.00
,,, 0.02381199971,4.88000,0.00
,,, 0.02381600067,4.88000,0.00
,,, 0.02381999977,4.88000,0.00
,,, 0.02382400073,4.88000,0.00
,,, 0.02382799983,4.88000,0.00
,,, 0.02383200079,4.88000,0.00
,,, 0.02383599989,4.88000,0.08000
,,, 0.02384000085,4.88000,0.00
,,, 0.02384399995,4.88000,0.00
,,, 0.02384799905,4.88000,0.00
,,, 0.02385200001,4.88000,0.00
,,, 0.02385599911,4.88000,0.00
,,, 0.02386000007,4.88000,0.00
,,, 0.02386399917,4.88000,0.08000
,,, 0.02386800013,4.88000,0.00
,,, 0.02387199923,4.88000,0.00
,,, 0.02387600020,4.88000,0.08000
,,, 0.02387999929,4.88000,0.00
,,, 0.02388400026,4.88000,0.00
,,, 0.02388799936,4.88000,0.00
,,, 0.02389200032,4.88000,0.00
,,, 0.02389599942,4.88000,0.00
,,, 0.02390000038,4.88000,0.00
,,, 0.02390399948,4.88000,0.00
,,, 0.02390800044,4.88000,0.00
,,, 0.02391199954,4.88000,0.00
,,, 0.02391600050,4.88000,0.00
,,, 0.02391999960,4.88000,0.00
,,, 0.02392400056,4.88000,0.00
,,, 0.02392799966,4.88000,0.00
,,, 0.02393200062,4.88000,0.08000
,,, 0.02393599972,4.88000,0.00
,,, 0.02394000068,4.88000,0.00
,,, 0.02394399978,4.88000,0.00
,,, 0.02394800074,4.88000,0.00
,,, 0.02395199984,4.88000,0.00
,,, 0.02395600080,4.88000,0.00
,,, 0.02395999990,4.88000,0.00
,,, 0.02396400087,4.88000,0.00
,,, 0.02396799996,4.88000,0.00
,,, 0.02397199906,4.88000,0.08000
,,, 0.02397600003,4.88000,0.00
,,, 0.02397999913,4.88000,0.00
,,, 0.02398400009,4.88000,0.00
,,, 0.02398799919,4.88000,0.00
,,, 0.02399200015,4.88000,0.00
,,, 0.02399599925,4.80000,0.08000
,,, 0.02400000021,4.88000,0.00
,,, 0.02400399931,4.88000,0.00
,,, 0.02400800027,4.88000,0.00
,,, 0.02401199937,4.88000,0.00
,,, 0.02401600033,4.88000,0.00
,,, 0.02401999943,4.88000,0.08000
,,, 0.02402400039,4.88000,0.00
,,, 0.02402799949,4.88000,0.00
,,, 0.02403200045,4.88000,0.00
,,, 0.02403599955,4.88000,0.00
,,, 0.02404000051,4.88000,0.00
,,, 0.02404399961,4.88000,0.00
,,, 0.02404800057,4.88000,0.00
,,, 0.02405199967,4.88000,0.00
,,, 0.02405600064,4.88000,0.00
,,, 0.02405999973,4.88000,0.08000
,,, 0.02406400070,4.88000,0.08000
,,, 0.02406799980,4.88000,0.00
,,, 0.02407200076,4.88000,0.00
,,, 0.02407599986,4.88000,0.08000
,,, 0.02408000082,4.88000,0.00
,,, 0.02408399992,4.88000,0.00
,,, 0.02408799902,4.88000,0.00
,,, 0.02409199998,4.88000,0.00
,,, 0.02409599908,4.88000,0.00
,,, 0.02410000004,4.88000,0.00
,,, 0.02410399914,4.88000,0.00
,,, 0.02410800010,4.88000,0.08000
,,, 0.02411199920,4.88000,0.00
,,, 0.02411600016,4.88000,0.00
,,, 0.02411999926,4.88000,0.00
,,, 0.02412400022,4.88000,0.00
,,, 0.02412799932,4.88000,0.00
,,, 0.02413200028,4.88000,0.00
,,, 0.02413599938,4.88000,0.00
,,, 0.02414000034,4.88000,0.00
,,, 0.02414399944,4.88000,0.00
,,, 0.02414800040,4.88000,0.00
,,, 0.02415199950,4.88000,0.00
,,, 0.02415600047,4.88000,0.00
,,, 0.02415999956,4.88000,0.00
,,, 0.02416400053,4.88000,0.00
,,, 0.02416799963,4.88000,0.00
,,, 0.02417200059,4.88000,0.00
,,, 0.02417599969,4.88000,0.00
,,, 0.02418000065,4.88000,0.00
,,, 0.02418399975,4.88000,0.00
,,, 0.02418800071,4.88000,0.00
,,, 0.02419199981,4.88000,0.00
,,, 0.02419600077,4.88000,0.00
,,, 0.02419999987,4.80000,0.00
,,, 0.02420400083,4.88000,-0.08000
,,, 0.02420799993,4.88000,0.00
,,, 0.02421199903,4.88000,-0.08000
,,, 0.02421599999,4.88000,0.00
,,, 0.02421999909,4.88000,0.00
,,, 0.02422400005,4.88000,0.00
,,, 0.02422799915,4.88000,0.00
,,, 0.02423200011,4.88000,0.08000
,,, 0.02423599921,4.88000,0.00
,,, 0.02424000017,4.88000,0.00
,,, 0.02424399927,4.88000,0.00
,,, 0.02424800023,4.88000,0.08000
,,, 0.02425199933,4.88000,0.00
,,, 0.02425600030,4.88000,0.00
,,, 0.02425999939,4.88000,0.00
,,, 0.02426400036,4.88000,0.00
,,, 0.02426799946,4.88000,0.00
,,, 0.02427200042,4.88000,0.00
,,, 0.02427599952,4.88000,0.00
,,, 0.02428000048,4.88000,0.00
,,, 0.02428399958,4.88000,0.00
,,, 0.02428800054,4.88000,0.00
,,, 0.02429199964,4.88000,0.08000
,,, 0.02429600060,4.88000,0.00
,,, 0.02429999970,4.88000,0.00
,,, 0.02430400066,4.88000,0.00
,,, 0.02430799976,4.88000,0.00
,,, 0.02431200072,4.88000,0.00
,,, 0.02431599982,4.88000,0.00
,,, 0.02432000078,4.88000,0.08000
,,, 0.02432399988,4.88000,-0.08000
,,, 0.02432800084,4.88000,0.08000
,,, 0.02433199994,4.88000,0.00
,,, 0.02433599904,4.88000,0.00
,,, 0.02434000000,4.88000,0.00
,,, 0.02434399910,4.88000,0.00
,,, 0.02434800006,4.88000,0.00
,,, 0.02435199916,4.88000,0.00
,,, 0.02435600013,4.88000,0.08000
,,, 0.02435999922,4.88000,0.00
,,, 0.02436400019,4.88000,0.00
,,, 0.02436799929,4.88000,0.00
,,, 0.02437200025,4.88000,0.00
,,, 0.02437599935,4.88000,0.00
,,, 0.02438000031,4.88000,0.00
,,, 0.02438399941,4.88000,0.00
,,, 0.02438800037,4.88000,0.00
,,, 0.02439199947,4.88000,0.00
,,, 0.02439600043,4.88000,0.00
,,, 0.02439999953,4.88000,0.00
,,, 0.02440400049,4.88000,-0.08000
,,, 0.02440799959,4.88000,0.00
,,, 0.02441200055,4.88000,0.00
,,, 0.02441599965,4.88000,0.00
,,, 0.02442000061,4.88000,0.08000
,,, 0.02442399971,4.88000,0.00
,,, 0.02442800067,4.88000,0.00
,,, 0.02443199977,4.88000,0.00
,,, 0.02443600073,4.88000,0.00
,,, 0.02443999983,4.88000,0.00
,,, 0.02444400080,4.88000,0.08000
,,, 0.02444799989,4.88000,0.08000
,,, 0.02445200086,4.88000,0.00
,,, 0.02445599996,4.88000,0.00
,,, 0.02445999905,4.88000,0.00
,,, 0.02446400002,4.88000,0.00
,,, 0.02446799912,4.88000,0.08000
,,, 0.02447200008,4.88000,0.00
,,, 0.02447599918,4.88000,0.00
,,, 0.02448000014,4.88000,0.00
,,, 0.02448399924,4.88000,0.00
,,, 0.02448800020,4.88000,0.00
,,, 0.02449199930,4.88000,0.00
,,, 0.02449600026,4.88000,0.00
,,, 0.02449999936,4.88000,0.00
,,, 0.02450400032,4.88000,0.00
,,, 0.02450799942,4.88000,0.00
,,, 0.02451200038,4.88000,0.00
,,, 0.02451599948,4.88000,0.00
,,, 0.02452000044,4.88000,0.00
,,, 0.02452399954,4.88000,0.00
,,, 0.02452800050,4.88000,0.08000
,,, 0.02453199960,4.88000,0.00
,,, 0.02453600056,4.88000,0.08000
,,, 0.02453999966,4.88000,0.00
,,, 0.02454400063,4.88000,0.00
,,, 0.02454799972,4.88000,0.08000
,,, 0.02455200069,4.88000,0.00
,,, 0.02455599979,4.88000,0.00
,,, 0.02456000075,4.88000,0.00
,,, 0.02456399985,4.88000,0.00
,,, 0.02456800081,4.88000,0.00
,,, 0.02457199991,4.88000,0.00
,,, 0.02457600087,4.88000,0.00
,,, 0.02457999997,4.88000,0.00
,,, 0.02458399907,4.88000,0.00
,,, 0.02458800003,4.88000,0.00
,,, 0.02459199913,4.88000,0.00
,,, 0.02459600009,4.88000,0.00
,,, 0.02459999919,4.88000,0.00
,,, 0.02460400015,4.88000,0.00
,,, 0.02460799925,4.88000,0.00
,,, 0.02461200021,4.88000,0.00
,,, 0.02461599931,4.88000,0.08000
,,, 0.02462000027,4.88000,0.00
,,, 0.02462399937,4.88000,0.00
,,, 0.02462800033,4.88000,0.00
,,, 0.02463199943,4.88000,0.00
,,, 0.02463600039,4.88000,0.00
,,, 0.02463999949,4.88000,0.00
,,, 0.02464400046,4.88000,0.00
,,, 0.02464799955,4.88000,0.08000
,,, 0.02465200052,4.88000,0.00
,,, 0.02465599962,4.88000,0.00
,,, 0.02466000058,4.88000,0.00
,,, 0.02466399968,4.88000,0.00
,,, 0.02466800064,4.88000,0.00
,,, 0.02467199974,4.88000,0.00
,,, 0.02467600070,4.88000,0.00
,,, 0.02467999980,4.88000,0.00
,,, 0.02468400076,4.88000,0.08000
,,, 0.02468799986,4.88000,0.00
,,, 0.02469200082,4.88000,0.08000
,,, 0.02469599992,4.88000,0.00
,,, 0.02469999902,4.88000,0.00
,,, 0.02470399998,4.88000,0.00
,,, 0.02470799908,4.88000,0.00
,,, 0.02471200004,4.88000,0.00
,,, 0.02471599914,4.88000,-0.08000
,,, 0.02472000010,4.88000,0.00
,,, 0.02472399920,4.88000,0.08000
,,, 0.02472800016,4.88000,0.00
,,, 0.02473199926,4.88000,0.00
,,, 0.02473600022,4.88000,0.00
,,, 0.02473999932,4.88000,0.00
,,, 0.02474400029,4.88000,0.00
,,, 0.02474799938,4.88000,0.08000
,,, 0.02475200035,4.88000,0.00
,,, 0.02475599945,4.88000,0.00
,,, 0.02476000041,4.88000,0.00
,,, 0.02476399951,4.88000,0.00
,,, 0.02476800047,4.88000,0.00
,,, 0.02477199957,4.88000,0.00
,,, 0.02477600053,4.88000,0.08000
,,, 0.02477999963,4.88000,0.08000
,,, 0.02478400059,4.88000,0.00
,,, 0.02478799969,4.88000,0.00
,,, 0.02479200065,4.88000,0.00
,,, 0.02479599975,4.88000,0.08000
,,, 0.02480000071,4.88000,0.00
,,, 0.02480399981,4.88000,0.00
,,, 0.02480800077,4.88000,0.00
,,, 0.02481199987,4.88000,0.00
,,, 0.02481600083,4.88000,0.00
,,, 0.02481999993,4.88000,0.00
,,, 0.02482399903,4.88000,0.00
,,, 0.02482799999,4.88000,0.00
,,, 0.02483199909,4.80000,0.00
,,, 0.02483600006,4.88000,0.08000
,,, 0.02483999915,4.88000,0.00
,,, 0.02484400012,4.88000,0.00
,,, 0.02484799922,4.88000,0.00
,,, 0.02485200018,4.88000,0.00
,,, 0.02485599928,4.88000,0.00
,,, 0.02486000024,4.88000,0.00
,,, 0.02486399934,4.88000,0.00
,,, 0.02486800030,4.88000,0.00
,,, 0.02487199940,4.88000,0.00
,,, 0.02487600036,4.88000,0.00
,,, 0.02487999946,4.88000,0.00
,,, 0.02488400042,4.88000,0.00
,,, 0.02488799952,4.88000,0.00
,,, 0.02489200048,4.88000,0.00
,,, 0.02489599958,4.88000,0.00
,,, 0.02490000054,4.88000,0.00
,,, 0.02490399964,4.88000,0.00
,,, 0.02490800060,4.88000,0.00
,,, 0.02491199970,4.88000,0.00
,,, 0.02491600066,4.88000,0.08000
,,, 0.02491999976,4.88000,0.00
,,, 0.02492400073,4.88000,0.00
,,, 0.02492799982,4.88000,0.00
,,, 0.02493200079,4.88000,0.08000
,,, 0.02493599989,4.88000,0.00
,,, 0.02494000085,4.88000,0.00
,,, 0.02494399995,4.88000,0.00
,,, 0.02494799905,4.88000,0.00
,,, 0.02495200001,4.88000,-0.08000
,,, 0.02495599911,4.88000,0.00
,,, 0.02496000007,4.88000,0.08000
,,, 0.02496399917,4.88000,0.00
,,, 0.02496800013,4.88000,0.00
,,, 0.02497199923,4.88000,0.00
,,, 0.02497600019,4.88000,0.00
,,, 0.02497999929,4.88000,0.00
,,, 0.02498400025,4.88000,0.00
,,, 0.02498799935,4.88000,0.00
,,, 0.02499200031,4.88000,0.00
,,, 0.02499599941,4.88000,0.00
,,, 0.02500000037,4.88000,0.00
,,, 0.02500399947,4.88000,0.08000
,,, 0.02500800043,4.88000,0.00
,,, 0.02501199953,4.88000,0.00
,,, 0.02501600049,4.88000,0.00
,,, 0.02501999959,4.88000,0.00
,,, 0.02502400056,4.88000,0.00
,,, 0.02502799965,4.88000,0.00
,,, 0.02503200062,4.88000,0.00
,,, 0.02503599972,4.88000,0.00
,,, 0.02504000068,4.88000,0.00
,,, 0.02504399978,4.88000,0.00
,,, 0.02504800074,4.88000,0.00
,,, 0.02505199984,4.88000,0.00
,,, 0.02505600080,4.88000,0.00
,,, 0.02505999990,4.88000,0.00
,,, 0.02506400086,4.88000,0.00
,,, 0.02506799996,4.88000,0.00
,,, 0.02507199906,4.88000,0.00
,,, 0.02507600002,4.88000,0.00
,,, 0.02507999912,4.88000,0.08000
,,, 0.02508400008,4.88000,0.00
,,, 0.02508799918,4.88000,0.00
,,, 0.02509200014,4.88000,0.00
,,, 0.02509599924,4.88000,0.00
,,, 0.02510000020,4.88000,0.00
,,, 0.02510399930,4.88000,0.08000
,,, 0.02510800026,4.88000,0.00
,,, 0.02511199936,4.88000,0.00
,,, 0.02511600032,4.88000,0.00
,,, 0.02511999942,4.88000,0.00
,,, 0.02512400039,4.88000,0.00
,,, 0.02512799948,4.88000,0.00
,,, 0.02513200045,4.88000,0.00
,,, 0.02513599955,4.88000,0.00
,,, 0.02514000051,4.88000,0.08000
,,, 0.02514399961,4.88000,0.00
,,, 0.02514800057,4.88000,0.00
,,, 0.02515199967,4.88000,0.00
,,, 0.02515600063,4.88000,0.08000
,,, 0.02515999973,4.88000,0.00
,,, 0.02516400069,4.88000,0.00
,,, 0.02516799979,4.88000,0.00
,,, 0.02517200075,4.88000,0.00
,,, 0.02517599985,4.88000,0.08000
,,, 0.02518000081,4.88000,0.00
,,, 0.02518399991,4.88000,0.00
,,, 0.02518799901,4.88000,0.00
,,, 0.02519199997,4.88000,0.00
,,, 0.02519599907,4.88000,0.00
,,, 0.02520000003,4.88000,0.00
,,, 0.02520399913,4.88000,0.00
,,, 0.02520800009,4.88000,0.00
,,, 0.02521199919,4.88000,0.00
,,, 0.02521600015,4.88000,0.00
,,, 0.02521999925,4.88000,0.00
,,, 0.02522400022,4.88000,0.00
,,, 0.02522799931,4.88000,0.08000
,,, 0.02523200028,4.88000,0.00
,,, 0.02523599938,4.88000,0.00
,,, 0.02524000034,4.88000,0.00
,,, 0.02524399944,4.88000,0.00
,,, 0.02524800040,4.88000,0.00
,,, 0.02525199950,4.88000,0.00
,,, 0.02525600046,4.88000,0.00
,,, 0.02525999956,4.88000,0.00
,,, 0.02526400052,4.88000,0.00
,,, 0.02526799962,4.88000,0.00
,,, 0.02527200058,4.88000,0.00
,,, 0.02527599968,4.88000,0.00
,,, 0.02528000064,4.88000,0.00
,,, 0.02528399974,4.88000,0.00
,,, 0.02528800070,4.88000,0.00
,,, 0.02529199980,4.88000,0.00
,,, 0.02529600076,4.88000,0.00
,,, 0.02529999986,4.88000,0.00
,,, 0.02530400082,4.88000,0.00
,,, 0.02530799992,4.88000,0.08000
,,, 0.02531199902,4.88000,0.08000
,,, 0.02531599998,4.88000,0.00
,,, 0.02531999908,4.88000,0.08000
,,, 0.02532400005,4.88000,0.08000
,,, 0.02532799914,4.88000,0.00
,,, 0.02533200011,4.88000,0.00
,,, 0.02533599921,4.88000,0.00
,,, 0.02534000017,4.88000,0.08000
,,, 0.02534399927,4.88000,0.00
,,, 0.02534800023,4.88000,0.00
,,, 0.02535199933,4.88000,0.00
,,, 0.02535600029,4.88000,0.00
,,, 0.02535999939,4.88000,0.00
,,, 0.02536400035,4.88000,0.00
,,, 0.02536799945,4.88000,0.00
,,, 0.02537200041,4.88000,0.00
,,, 0.02537599951,4.88000,0.00
,,, 0.02538000047,4.88000,0.00
,,, 0.02538399957,4.88000,0.00
,,, 0.02538800053,4.88000,0.00
,,, 0.02539199963,4.88000,0.00
,,, 0.02539600059,4.88000,0.00
,,, 0.02539999969,4.88000,0.00
,,, 0.02540400065,4.88000,0.00
,,, 0.02540799975,4.88000,-0.08000
,,, 0.02541200072,4.88000,0.00
,,, 0.02541599981,4.88000,0.00
,,, 0.02542000078,4.88000,0.00
,,, 0.02542399988,4.88000,0.00
,,, 0.02542800084,4.88000,0.00
,,, 0.02543199994,4.88000,0.00
,,, 0.02543599904,4.88000,0.08000
,,, 0.02544000000,4.88000,0.00
,,, 0.02544399910,4.88000,0.00
,,, 0.02544800006,4.88000,0.00
,,, 0.02545199916,4.88000,0.00
,,, 0.02545600012,4.88000,0.00
,,, 0.02545999922,4.88000,0.00
,,, 0.02546400018,4.88000,0.00
,,, 0.02546799928,4.88000,0.00
,,, 0.02547200024,4.88000,0.00
,,, 0.02547599934,4.88000,0.00
,,, 0.02548000030,4.88000,0.00
,,, 0.02548399940,4.88000,0.00
,,, 0.02548800036,4.88000,0.00
,,, 0.02549199946,4.88000,0.00
,,, 0.02549600042,4.88000,0.00
,,, 0.02549999952,4.88000,0.08000
,,, 0.02550400048,4.88000,0.08000
,,, 0.02550799958,4.88000,0.00
,,, 0.02551200055,4.88000,0.00
,,, 0.02551599964,4.88000,0.00
,,, 0.02552000061,4.88000,0.00
,,, 0.02552399971,4.88000,0.00
,,, 0.02552800067,4.88000,0.00
,,, 0.02553199977,4.88000,0.00
,,, 0.02553600073,4.88000,0.08000
,,, 0.02553999983,4.88000,0.08000
,,, 0.02554400079,4.88000,0.00
,,, 0.02554799989,4.88000,0.00
,,, 0.02555200085,4.88000,0.00
,,, 0.02555599995,4.88000,0.00
,,, 0.02555999905,4.88000,0.00
,,, 0.02556400001,4.88000,0.00
,,, 0.02556799911,4.88000,0.08000
,,, 0.02557200007,4.88000,0.00
,,, 0.02557599917,4.88000,0.00
,,, 0.02558000013,4.88000,0.00
,,, 0.02558399923,4.88000,0.00
,,, 0.02558800019,4.88000,0.00
,,, 0.02559199929,4.88000,0.00
,,, 0.02559600025,4.88000,0.00
,,, 0.02559999935,4.88000,0.00
,,, 0.02560400032,4.88000,0.00
,,, 0.02560799941,4.88000,0.00
,,, 0.02561200038,4.88000,0.00
,,, 0.02561599948,4.88000,0.00
,,, 0.02562000044,4.88000,0.00
,,, 0.02562399954,4.88000,0.00
,,, 0.02562800050,4.88000,0.00
,,, 0.02563199960,4.88000,0.00
,,, 0.02563600056,4.88000,0.00
,,, 0.02563999966,4.88000,0.00
,,, 0.02564400062,4.88000,0.00
,,, 0.02564799972,4.88000,0.00
,,, 0.02565200068,4.88000,0.00
,,, 0.02565599978,4.88000,0.00
,,, 0.02566000074,4.88000,0.00
,,, 0.02566399984,4.88000,0.00
,,, 0.02566800080,4.88000,0.00
,,, 0.02567199990,4.88000,0.00
,,, 0.02567600086,4.88000,0.00
,,, 0.02567999996,4.88000,0.00
,,, 0.02568399906,4.88000,0.00
,,, 0.02568800002,4.88000,0.00
,,, 0.02569199912,4.88000,0.00
,,, 0.02569600008,4.88000,0.00
,,, 0.02569999918,4.88000,0.00
,,, 0.02570400015,4.80000,0.00
,,, 0.02570799924,4.88000,0.00
,,, 0.02571200021,4.88000,0.00
,,, 0.02571599931,4.88000,0.08000
,,, 0.02572000027,4.88000,0.00
,,, 0.02572399937,4.88000,0.00
,,, 0.02572800033,4.88000,0.00
,,, 0.02573199943,4.88000,0.08000
,,, 0.02573600039,4.88000,0.08000
,,, 0.02573999949,4.88000,0.00
,,, 0.02574400045,4.88000,0.00
,,, 0.02574799955,4.88000,0.00
,,, 0.02575200051,4.88000,0.08000
,,, 0.02575599961,4.88000,0.00
,,, 0.02576000057,4.88000,0.00
,,, 0.02576399967,4.88000,0.08000
,,, 0.02576800063,4.88000,0.00
,,, 0.02577199973,4.88000,0.00
,,, 0.02577600069,4.88000,0.00
,,, 0.02577999979,4.88000,0.00
,,, 0.02578400075,4.88000,0.00
,,, 0.02578799985,4.88000,0.00
,,, 0.02579200082,4.88000,0.00
,,, 0.02579599991,4.88000,0.00
,,, 0.02579999901,4.88000,0.00
,,, 0.02580399998,4.88000,0.00
,,, 0.02580799907,4.88000,0.00
,,, 0.02581200004,4.88000,0.08000
,,, 0.02581599914,4.88000,0.00
,,, 0.02582000010,4.88000,0.00
,,, 0.02582399920,4.88000,0.00
,,, 0.02582800016,4.88000,0.00
,,, 0.02583199926,4.88000,0.00
,,, 0.02583600022,4.88000,0.00
,,, 0.02583999932,4.88000,0.00
,,, 0.02584400028,4.88000,0.00
,,, 0.02584799938,4.88000,0.00
,,, 0.02585200034,4.88000,0.00
,,, 0.02585599944,4.88000,0.00
,,, 0.02586000040,4.88000,0.00
,,, 0.02586399950,4.88000,0.00
,,, 0.02586800046,4.88000,0.08000
,,, 0.02587199956,4.88000,0.00
,,, 0.02587600052,4.88000,0.00
,,, 0.02587999962,4.88000,0.00
,,, 0.02588400058,4.88000,0.00
,,, 0.02588799968,4.88000,0.00
,,, 0.02589200065,4.88000,0.00
,,, 0.02589599974,4.88000,0.00
,,, 0.02590000071,4.88000,0.00
,,, 0.02590399981,4.88000,0.00
,,, 0.02590800077,4.88000,0.00
,,, 0.02591199987,4.88000,0.00
,,, 0.02591600083,4.88000,0.00
,,, 0.02591999993,4.88000,0.00
,,, 0.02592399903,4.88000,0.00
,,, 0.02592799999,4.88000,0.00
,,, 0.02593199909,4.88000,-0.08000
,,, 0.02593600005,4.88000,0.00
,,, 0.02593999915,4.88000,0.00
,,, 0.02594400011,4.88000,0.00
,,, 0.02594799921,4.88000,0.08000
,,, 0.02595200017,4.88000,0.00
,,, 0.02595599927,4.88000,0.00
,,, 0.02596000023,4.88000,0.00
,,, 0.02596399933,4.88000,0.00
,,, 0.02596800029,4.88000,0.00
,,, 0.02597199939,4.88000,0.00
,,, 0.02597600035,4.88000,0.00
,,, 0.02597999945,4.88000,0.00
,,, 0.02598400041,4.88000,0.00
,,, 0.02598799951,4.88000,0.00
,,, 0.02599200048,4.88000,0.00
,,, 0.02599599957,4.88000,0.00
,,, 0.02600000054,4.88000,0.00
,,, 0.02600399964,4.88000,0.00
,,, 0.02600800060,4.88000,0.00
,,, 0.02601199970,4.88000,0.08000
,,, 0.02601600066,4.88000,0.00
,,, 0.02601999976,4.88000,0.08000
,,, 0.02602400072,4.88000,0.00
,,, 0.02602799982,4.88000,0.08000
,,, 0.02603200078,4.88000,0.00
,,, 0.02603599988,4.88000,0.00
,,, 0.02604000084,4.88000,0.00
,,, 0.02604399994,4.88000,0.00
,,, 0.02604799904,4.88000,0.00
,,, 0.02605200000,4.88000,0.00
,,, 0.02605599910,4.88000,0.00
,,, 0.02606000006,4.88000,0.00
,,, 0.02606399916,4.88000,0.00
,,, 0.02606800012,4.88000,0.00
,,, 0.02607199922,4.88000,0.00
,,, 0.02607600018,4.88000,0.00
,,, 0.02607999928,4.88000,0.08000
,,, 0.02608400024,4.88000,0.00
,,, 0.02608799934,4.88000,0.00
,,, 0.02609200031,4.88000,0.00
,,, 0.02609599940,4.88000,0.00
,,, 0.02610000037,4.88000,0.00
,,, 0.02610399947,4.88000,0.00
,,, 0.02610800043,4.88000,0.08000
,,, 0.02611199953,4.88000,0.00
,,, 0.02611600049,4.88000,0.00
,,, 0.02611999959,4.88000,0.00
,,, 0.02612400055,4.88000,0.00
,,, 0.02612799965,4.88000,0.00
,,, 0.02613200061,4.88000,0.00
,,, 0.02613599971,4.88000,0.00
,,, 0.02614000067,4.88000,0.00
,,, 0.02614399977,4.88000,0.08000
,,, 0.02614800073,4.88000,0.00
,,, 0.02615199983,4.88000,0.00
,,, 0.02615600079,4.88000,0.00
,,, 0.02615999989,4.88000,0.00
,,, 0.02616400085,4.88000,0.00
,,, 0.02616799995,4.88000,0.00
,,, 0.02617199905,4.88000,0.00
,,, 0.02617600001,4.88000,0.00
,,, 0.02617999911,4.88000,0.00
,,, 0.02618400007,4.88000,0.00
,,, 0.02618799917,4.88000,0.00
,,, 0.02619200014,4.88000,0.00
,,, 0.02619599923,4.88000,0.00
,,, 0.02620000020,4.88000,0.00
,,, 0.02620399930,4.88000,0.00
,,, 0.02620800026,4.88000,0.00
,,, 0.02621199936,4.88000,0.00
,,, 0.02621600032,4.88000,0.00
,,, 0.02621999942,4.88000,0.00
,,, 0.02622400038,4.88000,0.00
,,, 0.02622799948,4.88000,0.00
,,, 0.02623200044,4.88000,0.00
,,, 0.02623599954,4.88000,0.00
,,, 0.02624000050,4.88000,0.00
,,, 0.02624399960,4.88000,0.00
,,, 0.02624800056,4.88000,0.00
,,, 0.02625199966,4.88000,0.00
,,, 0.02625600062,4.88000,0.00
,,, 0.02625999972,4.88000,0.00
,,, 0.02626400068,4.88000,0.00
,,, 0.02626799978,4.88000,0.00
,,, 0.02627200074,4.88000,0.00
,,, 0.02627599984,4.88000,0.08000
,,, 0.02628000081,4.88000,0.08000
,,, 0.02628399990,4.88000,0.08000
,,, 0.02628799900,4.88000,0.00
,,, 0.02629199997,4.88000,0.00
,,, 0.02629599907,4.88000,0.00
,,, 0.02630000003,4.88000,0.00
,,, 0.02630399913,4.88000,0.00
,,, 0.02630800009,4.88000,0.00
,,, 0.02631199919,4.88000,0.00
,,, 0.02631600015,4.88000,0.00
,,, 0.02631999925,4.88000,0.00
,,, 0.02632400021,4.88000,0.08000
,,, 0.02632799931,4.88000,0.00
,,, 0.02633200027,4.88000,0.00
,,, 0.02633599937,4.88000,0.00
,,, 0.02634000033,4.80000,0.00
,,, 0.02634399943,4.88000,0.00
,,, 0.02634800039,4.88000,-0.08000
,,, 0.02635199949,4.88000,0.00
,,, 0.02635600045,4.88000,0.00
,,, 0.02635999955,4.88000,0.00
,,, 0.02636400051,4.88000,0.00
,,, 0.02636799961,4.88000,0.00
,,, 0.02637200058,4.88000,0.00
,,, 0.02637599967,4.88000,0.00
,,, 0.02638000064,4.88000,0.00
,,, 0.02638399974,4.88000,0.08000
,,, 0.02638800070,4.88000,0.00
,,, 0.02639199980,4.88000,0.00
,,, 0.02639600076,4.88000,0.00
,,, 0.02639999986,4.88000,0.00
,,, 0.02640400082,4.88000,0.00
,,, 0.02640799992,4.88000,0.00
,,, 0.02641199902,4.88000,0.00
,,, 0.02641599998,4.88000,0.00
,,, 0.02641999908,4.88000,0.00
,,, 0.02642400004,4.88000,0.00
,,, 0.02642799914,4.88000,0.00
,,, 0.02643200010,4.88000,0.00
,,, 0.02643599920,4.88000,0.08000
,,, 0.02644000016,4.88000,0.00
,,, 0.02644399926,4.88000,0.00
,,, 0.02644800022,4.88000,0.00
,,, 0.02645199932,4.88000,0.00
,,, 0.02645600028,4.88000,0.00
,,, 0.02645999938,4.88000,0.00
,,, 0.02646400034,4.88000,0.00
,,, 0.02646799944,4.88000,0.00
,,, 0.02647200041,4.88000,0.00
,,, 0.02647599950,4.88000,0.00
,,, 0.02648000047,4.88000,0.08000
,,, 0.02648399957,4.88000,0.08000
,,, 0.02648800053,4.88000,0.08000
,,, 0.02649199963,4.88000,0.00
,,, 0.02649600059,4.88000,0.00
,,, 0.02649999969,4.88000,0.08000
,,, 0.02650400065,4.88000,0.08000
,,, 0.02650799975,4.96000,0.00
,,, 0.02651200071,4.88000,0.00
,,, 0.02651599981,4.88000,0.00
,,, 0.02652000077,4.88000,0.00
,,, 0.02652399987,4.88000,0.00
,,, 0.02652800083,4.88000,0.00
,,, 0.02653199993,4.88000,0.00
,,, 0.02653599903,4.88000,0.00
,,, 0.02653999999,4.88000,0.00
,,, 0.02654399909,4.88000,0.00
,,, 0.02654800005,4.88000,0.00
,,, 0.02655199915,4.88000,0.00
,,, 0.02655600011,4.88000,0.00
,,, 0.02655999921,4.88000,0.00
,,, 0.02656400017,4.88000,0.00
,,, 0.02656799927,4.88000,0.00
,,, 0.02657200024,4.88000,0.00
,,, 0.02657599933,4.88000,0.00
,,, 0.02658000030,4.88000,0.00
,,, 0.02658399940,4.88000,0.00
,,, 0.02658800036,4.88000,0.00
,,, 0.02659199946,4.88000,0.00
,,, 0.02659600042,4.88000,0.00
,,, 0.02659999952,4.88000,0.00
,,, 0.02660400048,4.88000,0.00
,,, 0.02660799958,4.88000,0.00
,,, 0.02661200054,4.88000,0.08000
,,, 0.02661599964,4.88000,0.08000
,,, 0.02662000060,4.88000,0.00
,,, 0.02662399970,4.88000,0.00
,,, 0.02662800066,4.88000,0.00
,,, 0.02663199976,4.88000,0.00
,,, 0.02663600072,4.88000,0.00
,,, 0.02663999982,4.88000,0.00
,,, 0.02664400078,4.88000,0.00
,,, 0.02664799988,4.88000,0.00
,,, 0.02665200084,4.88000,0.08000
,,, 0.02665599994,4.88000,0.00
,,, 0.02665999904,4.88000,0.00
,,, 0.02666400000,4.88000,0.08000
,,, 0.02666799910,4.88000,0.00
,,, 0.02667200007,4.88000,0.00
,,, 0.02667599916,4.88000,0.00
,,, 0.02668000013,4.88000,0.08000
,,, 0.02668399923,4.88000,0.00
,,, 0.02668800019,4.88000,0.00
,,, 0.02669199929,4.88000,0.00
,,, 0.02669600025,4.88000,0.08000
,,, 0.02669999935,4.88000,0.00
,,, 0.02670400031,4.88000,0.00
,,, 0.02670799941,4.88000,0.00
,,, 0.02671200037,4.88000,0.00
,,, 0.02671599947,4.88000,0.08000
,,, 0.02672000043,4.88000,0.00
,,, 0.02672399953,4.88000,0.00
,,, 0.02672800049,4.88000,0.00
,,, 0.02673199959,4.88000,0.00
,,, 0.02673600055,4.88000,0.08000
,,, 0.02673999965,4.88000,0.00
,,, 0.02674400061,4.88000,0.08000
,,, 0.02674799971,4.88000,0.00
,,, 0.02675200067,4.88000,0.00
,,, 0.02675599977,4.88000,0.00
,,, 0.02676000074,4.88000,0.00
,,, 0.02676399983,4.88000,0.08000
,,, 0.02676800080,4.88000,0.00
,,, 0.02677199990,4.88000,0.00
,,, 0.02677600086,4.88000,0.00
,,, 0.02677999996,4.88000,0.00
,,, 0.02678399906,4.88000,0.00
,,, 0.02678800002,4.88000,0.00
,,, 0.02679199912,4.88000,0.00
,,, 0.02679600008,4.88000,0.00
,,, 0.02679999918,4.88000,0.00
,,, 0.02680400014,4.88000,0.00
,,, 0.02680799924,4.88000,0.08000
,,, 0.02681200020,4.88000,0.00
,,, 0.02681599930,4.88000,0.00
,,, 0.02682000026,4.88000,0.00
,,, 0.02682399936,4.88000,0.08000
,,, 0.02682800032,4.88000,0.00
,,, 0.02683199942,4.88000,0.00
,,, 0.02683600038,4.88000,0.00
,,, 0.02683999948,4.88000,0.00
,,, 0.02684400044,4.80000,0.00
,,, 0.02684799954,4.88000,0.00
,,, 0.02685200050,4.88000,0.00
,,, 0.02685599960,4.80000,0.00
,,, 0.02686000057,4.88000,0.00
,,, 0.02686399966,4.88000,0.00
,,, 0.02686800063,4.88000,0.00
,,, 0.02687199973,4.88000,0.00
,,, 0.02687600069,4.88000,0.00
,,, 0.02687999979,4.88000,0.08000
,,, 0.02688400075,4.88000,0.00
,,, 0.02688799985,4.88000,0.00
,,, 0.02689200081,4.88000,0.00
,,, 0.02689599991,4.88000,0.00
,,, 0.02689999901,4.88000,0.00
,,, 0.02690399997,4.88000,0.00
,,, 0.02690799907,4.88000,0.08000
,,, 0.02691200003,4.88000,0.00
,,, 0.02691599913,4.88000,0.00
,,, 0.02692000009,4.88000,0.00
,,, 0.02692399919,4.88000,0.00
,,, 0.02692800015,4.88000,0.00
,,, 0.02693199925,4.88000,0.00
,,, 0.02693600021,4.88000,0.00
,,, 0.02693999931,4.88000,0.00
,,, 0.02694400027,4.88000,0.08000
,,, 0.02694799937,4.88000,0.00
,,, 0.02695200033,4.88000,0.00
,,, 0.02695599943,4.88000,0.00
,,, 0.02696000040,4.88000,0.00
,,, 0.02696399949,4.88000,0.00
,,, 0.02696800046,4.88000,0.00
,,, 0.02697199956,4.88000,0.08000
,,, 0.02697600052,4.88000,0.00
,,, 0.02697999962,4.88000,0.00
,,, 0.02698400058,4.88000,0.00
,,, 0.02698799968,4.88000,0.00
,,, 0.02699200064,4.88000,0.00
,,, 0.02699599974,4.88000,0.00
,,, 0.02700000070,4.88000,0.00
,,, 0.02700399980,4.88000,0.00
,,, 0.02700800076,4.88000,0.00
,,, 0.02701199986,4.88000,0.00
,,, 0.02701600082,4.88000,0.00
,,, 0.02701999992,4.88000,0.00
,,, 0.02702399902,4.88000,0.00
,,, 0.02702799998,4.88000,0.00
,,, 0.02703199908,4.88000,0.00
,,, 0.02703600004,4.88000,0.00
,,, 0.02703999914,4.88000,0.00
,,, 0.02704400010,4.88000,0.00
,,, 0.02704799920,4.88000,0.00
,,, 0.02705200016,4.88000,0.00
,,, 0.02705599926,4.88000,0.00
,,, 0.02706000023,4.88000,0.00
,,, 0.02706399933,4.88000,0.00
,,, 0.02706800029,4.88000,0.00
,,, 0.02707199939,4.88000,0.00
,,, 0.02707600035,4.88000,0.00
,,, 0.02707999945,4.88000,0.00
,,, 0.02708400041,4.88000,0.00
,,, 0.02708799951,4.88000,0.08000
,,, 0.02709200047,4.88000,0.00
,,, 0.02709599957,4.88000,0.00
,,, 0.02710000053,4.88000,0.00
,,, 0.02710399963,4.88000,0.00
,,, 0.02710800059,4.88000,0.00
,,, 0.02711199969,4.88000,0.00
,,, 0.02711600065,4.88000,0.00
,,, 0.02711999975,4.88000,0.08000
,,, 0.02712400071,4.88000,0.00
,,, 0.02712799981,4.88000,0.00
,,, 0.02713200077,4.88000,0.00
,,, 0.02713599987,4.88000,0.00
,,, 0.02714000084,4.88000,0.00
,,, 0.02714399993,4.88000,0.00
,,, 0.02714799903,4.88000,0.00
,,, 0.02715200000,4.88000,0.00
,,, 0.02715599909,4.88000,0.00
,,, 0.02716000006,4.88000,0.00
,,, 0.02716399916,4.88000,0.00
,,, 0.02716800012,4.88000,0.00
,,, 0.02717199922,4.88000,0.00
,,, 0.02717600018,4.88000,0.00
,,, 0.02717999928,4.88000,0.00
,,, 0.02718400024,4.88000,0.00
,,, 0.02718799934,4.88000,0.00
,,, 0.02719200030,4.88000,0.00
,,, 0.02719599940,4.88000,0.00
,,, 0.02720000036,4.88000,0.00
,,, 0.02720399946,4.88000,0.00
,,, 0.02720800042,4.88000,0.00
,,, 0.02721199952,4.88000,0.00
,,, 0.02721600048,4.88000,0.00
,,, 0.02721999958,4.88000,0.00
,,, 0.02722400054,4.88000,0.00
,,, 0.02722799964,4.88000,0.00
,,, 0.02723200060,4.88000,0.00
,,, 0.02723599970,4.88000,0.00
,,, 0.02724000067,4.88000,0.00
,,, 0.02724399976,4.88000,0.00
,,, 0.02724800073,4.96000,0.00
,,, 0.02725199983,4.88000,0.00
,,, 0.02725600079,4.88000,0.00
,,, 0.02725999989,4.88000,0.00
,,, 0.02726400085,4.88000,0.00
,,, 0.02726799995,4.88000,0.00
,,, 0.02727199905,4.88000,0.00
,,, 0.02727600001,4.88000,0.00
,,, 0.02727999911,4.88000,0.00
,,, 0.02728400007,4.88000,0.00
,,, 0.02728799917,4.88000,0.00
,,, 0.02729200013,4.88000,0.08000
,,, 0.02729599923,4.88000,0.00
,,, 0.02730000019,4.88000,0.08000
,,, 0.02730399929,4.88000,0.08000
,,, 0.02730800025,4.88000,0.08000
,,, 0.02731199935,4.88000,0.08000
,,, 0.02731600031,4.88000,0.00
,,, 0.02731999941,4.88000,0.00
,,, 0.02732400037,4.88000,0.00
,,, 0.02732799947,4.88000,0.00
,,, 0.02733200043,4.88000,0.00
,,, 0.02733599953,4.88000,0.00
,,, 0.02734000050,4.88000,0.00
,,, 0.02734399959,4.88000,0.00
,,, 0.02734800056,4.88000,0.00
,,, 0.02735199966,4.88000,0.00
,,, 0.02735600062,4.88000,0.00
,,, 0.02735999972,4.88000,0.00
,,, 0.02736400068,4.88000,0.00
,,, 0.02736799978,4.88000,0.08000
,,, 0.02737200074,4.88000,0.00
,,, 0.02737599984,4.88000,0.00
,,, 0.02738000080,4.88000,0.00
,,, 0.02738399990,4.88000,0.00
,,, 0.02738800086,4.88000,0.00
,,, 0.02739199996,4.88000,0.00
,,, 0.02739599906,4.88000,0.00
,,, 0.02740000002,4.88000,-0.08000
,,, 0.02740399912,4.88000,0.00
,,, 0.02740800008,4.88000,0.00
,,, 0.02741199918,4.88000,0.00
,,, 0.02741600014,4.88000,0.08000
,,, 0.02741999924,4.88000,0.00
,,, 0.02742400020,4.88000,0.08000
,,, 0.02742799930,4.88000,0.00
,,, 0.02743200026,4.88000,0.00
,,, 0.02743599936,4.88000,0.00
,,, 0.02744000033,4.88000,0.08000
,,, 0.02744399942,4.88000,0.00
,,, 0.02744800039,4.88000,0.00
,,, 0.02745199949,4.88000,0.08000
,,, 0.02745600045,4.88000,0.00
,,, 0.02745999955,4.88000,0.00
,,, 0.02746400051,4.88000,0.00
,,, 0.02746799961,4.88000,0.00
,,, 0.02747200057,4.88000,0.00
,,, 0.02747599967,4.88000,0.08000
,,, 0.02748000063,4.88000,0.00
,,, 0.02748399973,4.88000,0.08000
,,, 0.02748800069,4.88000,0.00
,,, 0.02749199979,4.88000,0.08000
,,, 0.02749600075,4.88000,0.00
,,, 0.02749999985,4.88000,0.00
,,, 0.02750400081,4.88000,0.00
,,, 0.02750799991,4.88000,0.00
,,, 0.02751199901,4.88000,0.00
,,, 0.02751599997,4.88000,0.00
,,, 0.02751999907,4.88000,0.00
,,, 0.02752400003,4.88000,0.00
,,, 0.02752799913,4.88000,0.00
,,, 0.02753200009,4.88000,0.00
,,, 0.02753599919,4.88000,0.00
,,, 0.02754000016,4.88000,0.08000
,,, 0.02754399925,4.88000,0.00
,,, 0.02754800022,4.88000,0.00
,,, 0.02755199932,4.88000,-0.08000
,,, 0.02755600028,4.88000,0.00
,,, 0.02755999938,4.88000,0.00
,,, 0.02756400034,4.88000,0.00
,,, 0.02756799944,4.88000,0.00
,,, 0.02757200040,4.88000,0.00
,,, 0.02757599950,4.88000,0.00
,,, 0.02758000046,4.88000,0.00
,,, 0.02758399956,4.88000,0.00
,,, 0.02758800052,4.88000,0.08000
,,, 0.02759199962,4.88000,0.00
,,, 0.02759600058,4.88000,0.00
,,, 0.02759999968,4.88000,0.08000
,,, 0.02760400064,4.88000,0.08000
,,, 0.02760799974,4.88000,0.00
,,, 0.02761200070,4.88000,0.00
,,, 0.02761599980,4.88000,0.00
,,, 0.02762000076,4.88000,0.00
,,, 0.02762399986,4.88000,0.00
,,, 0.02762800083,4.88000,0.08000
,,, 0.02763199992,4.88000,0.00
,,, 0.02763599902,4.88000,0.08000
,,, 0.02763999999,4.88000,0.00
,,, 0.02764399908,4.88000,0.08000
,,, 0.02764800005,4.88000,0.00
,,, 0.02765199915,4.88000,0.00
,,, 0.02765600011,4.88000,0.00
,,, 0.02765999921,4.88000,0.00
,,, 0.02766400017,4.88000,0.00
,,, 0.02766799927,4.88000,0.08000
,,, 0.02767200023,4.88000,0.00
,,, 0.02767599933,4.88000,0.00
,,, 0.02768000029,4.88000,0.08000
,,, 0.02768399939,4.88000,0.00
,,, 0.02768800035,4.88000,0.00
,,, 0.02769199945,4.88000,0.08000
,,, 0.02769600041,4.88000,0.00
,,, 0.02769999951,4.88000,0.08000
,,, 0.02770400047,4.88000,0.00
,,, 0.02770799957,4.88000,0.00
,,, 0.02771200053,4.88000,0.08000
,,, 0.02771599963,4.88000,0.00
,,, 0.02772000059,4.88000,0.00
,,, 0.02772399969,4.88000,0.00
,,, 0.02772800066,4.88000,0.00
,,, 0.02773199975,4.88000,0.00
,,, 0.02773600072,4.88000,0.00
,,, 0.02773999982,4.88000,0.08000
,,, 0.02774400078,4.88000,0.00
,,, 0.02774799988,4.88000,0.00
,,, 0.02775200084,4.88000,0.00
,,, 0.02775599994,4.88000,0.08000
,,, 0.02775999904,4.88000,0.00
,,, 0.02776400000,4.88000,0.00
,,, 0.02776799910,4.88000,0.00
,,, 0.02777200006,4.88000,0.00
,,, 0.02777599916,4.88000,0.00
,,, 0.02778000012,4.88000,0.00
,,, 0.02778399922,4.88000,0.00
,,, 0.02778800018,4.88000,0.00
,,, 0.02779199928,4.88000,0.00
,,, 0.02779600024,4.88000,0.00
,,, 0.02779999934,4.88000,0.00
,,, 0.02780400030,4.88000,0.00
,,, 0.02780799940,4.88000,0.00
,,, 0.02781200036,4.88000,0.00
,,, 0.02781599946,4.88000,0.00
,,, 0.02782000042,4.88000,0.00
,,, 0.02782399952,4.88000,0.00
,,, 0.02782800049,4.88000,0.00
,,, 0.02783199959,4.88000,0.00
,,, 0.02783600055,4.88000,0.08000
,,, 0.02783999965,4.88000,0.00
,,, 0.02784400061,4.88000,0.00
,,, 0.02784799971,4.88000,0.00
,,, 0.02785200067,4.88000,0.00
,,, 0.02785599977,4.88000,0.08000
,,, 0.02786000073,4.88000,0.00
,,, 0.02786399983,4.88000,0.00
,,, 0.02786800079,4.88000,0.00
,,, 0.02787199989,4.88000,0.00
,,, 0.02787600085,4.88000,0.00
,,, 0.02787999995,4.88000,0.00
,,, 0.02788399905,4.88000,0.00
,,, 0.02788800001,4.88000,0.00
,,, 0.02789199911,4.88000,0.00
,,, 0.02789600007,4.88000,0.00
,,, 0.02789999917,4.88000,0.08000
,,, 0.02790400013,4.88000,0.00
,,, 0.02790799923,4.88000,0.00
,,, 0.02791200019,4.88000,0.08000
,,, 0.02791599929,4.88000,0.00
,,, 0.02792000026,4.88000,0.00
,,, 0.02792399935,4.88000,0.00
,,, 0.02792800032,4.88000,0.00
,,, 0.02793199942,4.88000,0.00
,,, 0.02793600038,4.88000,0.00
,,, 0.02793999948,4.88000,0.00
,,, 0.02794400044,4.88000,0.00
,,, 0.02794799954,4.88000,0.00
,,, 0.02795200050,4.88000,0.00
,,, 0.02795599960,4.88000,0.00
,,, 0.02796000056,4.88000,0.00
,,, 0.02796399966,4.88000,0.00
,,, 0.02796800062,4.88000,0.08000
,,, 0.02797199972,4.88000,0.00
,,, 0.02797600068,4.88000,0.00
,,, 0.02797999978,4.88000,0.08000
,,, 0.02798400074,4.88000,0.08000
,,, 0.02798799984,4.88000,0.08000
,,, 0.02799200080,4.88000,0.00
,,, 0.02799599990,4.88000,0.00
,,, 0.02799999900,4.88000,0.00
,,, 0.02800399996,4.88000,0.00
,,, 0.02800799906,4.88000,0.00
,,, 0.02801200002,4.88000,0.00
,,, 0.02801599912,4.88000,0.00
,,, 0.02802000009,4.88000,0.00
,,, 0.02802399918,4.88000,0.00
,,, 0.02802800015,4.88000,0.00
,,, 0.02803199925,4.88000,0.00
,,, 0.02803600021,4.88000,0.00
,,, 0.02803999931,4.88000,0.00
,,, 0.02804400027,4.88000,0.00
,,, 0.02804799937,4.88000,0.00
,,, 0.02805200033,4.88000,-0.08000
,,, 0.02805599943,4.88000,0.00
,,, 0.02806000039,4.88000,0.00
,,, 0.02806399949,4.88000,0.00
,,, 0.02806800045,4.88000,0.00
,,, 0.02807199955,4.88000,0.00
,,, 0.02807600051,4.88000,0.00
,,, 0.02807999961,4.88000,0.00
,,, 0.02808400057,4.88000,0.00
,,, 0.02808799967,4.88000,0.00
,,, 0.02809200063,4.88000,0.00
,,, 0.02809599973,4.88000,0.00
,,, 0.02810000069,4.88000,0.00
,,, 0.02810399979,4.88000,0.00
,,, 0.02810800076,4.88000,0.00
,,, 0.02811199985,4.88000,0.08000
,,, 0.02811600082,4.88000,0.08000
,,, 0.02811999992,4.88000,0.00
,,, 0.02812399901,4.88000,0.00
,,, 0.02812799998,4.88000,0.08000
,,, 0.02813199908,4.88000,0.00
,,, 0.02813600004,4.88000,0.00
,,, 0.02813999914,4.88000,0.00
,,, 0.02814400010,4.88000,0.00
,,, 0.02814799920,4.96000,0.00
,,, 0.02815200016,4.88000,0.00
,,, 0.02815599926,4.88000,0.00
,,, 0.02816000022,4.88000,0.00
,,, 0.02816399932,4.88000,0.08000
,,, 0.02816800028,4.88000,0.00
,,, 0.02817199938,4.88000,0.00
,,, 0.02817600034,4.88000,0.00
,,, 0.02817999944,4.88000,0.00
,,, 0.02818400040,4.88000,0.00
,,, 0.02818799950,4.88000,0.00
,,, 0.02819200046,4.88000,0.00
,,, 0.02819599956,4.88000,0.00
,,, 0.02820000052,4.88000,0.00
,,, 0.02820399962,4.88000,0.00
,,, 0.02820800059,4.88000,0.00
,,, 0.02821199968,4.88000,0.00
,,, 0.02821600065,4.88000,0.08000
,,, 0.02821999975,4.88000,0.00
,,, 0.02822400071,4.88000,0.00
,,, 0.02822799981,4.88000,0.00
,,, 0.02823200077,4.88000,0.00
,,, 0.02823599987,4.88000,0.00
,,, 0.02824000083,4.88000,0.00
,,, 0.02824399993,4.88000,0.00
,,, 0.02824799903,4.88000,0.00
,,, 0.02825199999,4.88000,0.00
,,, 0.02825599909,4.88000,0.08000
,,, 0.02826000005,4.88000,0.00
,,, 0.02826399915,4.88000,0.00
,,, 0.02826800011,4.80000,0.08000
,,, 0.02827199921,4.88000,0.00
,,, 0.02827600017,4.88000,0.00
,,, 0.02827999927,4.88000,0.00
,,, 0.02828400023,4.88000,0.00
,,, 0.02828799933,4.88000,0.08000
,,, 0.02829200029,4.88000,0.08000
,,, 0.02829599939,4.88000,0.00
,,, 0.02830000035,4.88000,0.00
,,, 0.02830399945,4.88000,0.00
,,, 0.02830800042,4.88000,0.00
,,, 0.02831199951,4.88000,0.00
,,, 0.02831600048,4.88000,0.08000
,,, 0.02831999958,4.88000,0.00
,,, 0.02832400054,4.88000,0.08000
,,, 0.02832799964,4.88000,0.00
,,, 0.02833200060,4.88000,0.00
,,, 0.02833599970,4.88000,0.00
,,, 0.02834000066,4.88000,0.00
,,, 0.02834399976,4.80000,0.00
,,, 0.02834800072,4.88000,0.08000
,,, 0.02835199982,4.88000,0.00
,,, 0.02835600078,4.88000,0.00
,,, 0.02835999988,4.88000,0.00
,,, 0.02836400084,4.88000,0.00
,,, 0.02836799994,4.88000,0.00
,,, 0.02837199904,4.88000,0.00
,,, 0.02837600000,4.88000,0.00
,,, 0.02837999910,4.88000,0.00
,,, 0.02838400006,4.88000,0.00
,,, 0.02838799916,4.88000,0.00
,,, 0.02839200012,4.88000,0.00
,,, 0.02839599922,4.88000,0.00
,,, 0.02840000018,4.88000,0.00
,,, 0.02840399928,4.88000,0.00
,,, 0.02840800025,4.88000,0.00
,,, 0.02841199934,4.88000,0.00
,,, 0.02841600031,4.88000,0.00
,,, 0.02841999941,4.88000,0.00
,,, 0.02842400037,4.88000,0.00
,,, 0.02842799947,4.88000,0.00
,,, 0.02843200043,4.88000,0.00
,,, 0.02843599953,4.88000,0.08000
,,, 0.02844000049,4.88000,0.00
,,, 0.02844399959,4.88000,0.00
,,, 0.02844800055,4.88000,0.08000
,,, 0.02845199965,4.88000,0.00
,,, 0.02845600061,4.88000,0.00
,,, 0.02845999971,4.88000,0.00
,,, 0.02846400067,4.88000,0.00
,,, 0.02846799977,4.88000,0.00
,,, 0.02847200073,4.88000,0.00
,,, 0.02847599983,4.88000,0.00
,,, 0.02848000079,4.88000,0.08000
,,, 0.02848399989,4.88000,0.00
,,, 0.02848800085,4.88000,0.00
,,, 0.02849199995,4.88000,0.00
,,, 0.02849599905,4.88000,0.00
,,, 0.02850000001,4.88000,0.00
,,, 0.02850399911,4.88000,0.00
,,, 0.02850800008,4.88000,0.00
,,, 0.02851199917,4.88000,0.00
,,, 0.02851600014,4.88000,0.00
,,, 0.02851999924,4.88000,0.00
,,, 0.02852400020,4.88000,0.00
,,, 0.02852799930,4.88000,0.00
,,, 0.02853200026,4.88000,0.00
,,, 0.02853599936,4.88000,0.00
,,, 0.02854000032,4.88000,0.08000
,,, 0.02854399942,4.88000,0.00
,,, 0.02854800038,4.88000,0.08000
,,, 0.02855199948,4.88000,0.00
,,, 0.02855600044,4.88000,0.00
,,, 0.02855999954,4.88000,0.00
,,, 0.02856400050,4.88000,0.08000
,,, 0.02856799960,4.88000,0.08000
,,, 0.02857200056,4.88000,0.00
,,, 0.02857599966,4.88000,0.00
,,, 0.02858000062,4.88000,0.00
,,, 0.02858399972,4.88000,0.00
,,, 0.02858800068,4.88000,0.00
,,, 0.02859199978,4.88000,0.00
,,, 0.02859600075,4.88000,0.00
,,, 0.02859999985,4.88000,0.00
,,, 0.02860400081,4.88000,0.00
,,, 0.02860799991,4.88000,0.00
,,, 0.02861199901,4.88000,-0.08000
,,, 0.02861599997,4.88000,0.08000
,,, 0.02861999907,4.88000,0.00
,,, 0.02862400003,4.88000,0.00
,,, 0.02862799913,4.88000,0.00
,,, 0.02863200009,4.88000,0.08000
,,, 0.02863599919,4.88000,0.00
,,, 0.02864000015,4.88000,0.00
,,, 0.02864399925,4.88000,0.00
,,, 0.02864800021,4.88000,0.08000
,,, 0.02865199931,4.88000,0.00
,,, 0.02865600027,4.88000,0.00
,,, 0.02865999937,4.88000,0.00
,,, 0.02866400033,4.88000,0.00
,,, 0.02866799943,4.88000,0.00
,,, 0.02867200039,4.88000,0.00
,,, 0.02867599949,4.88000,0.08000
,,, 0.02868000045,4.88000,0.00
,,, 0.02868399955,4.88000,0.00
,,, 0.02868800052,4.88000,0.00
,,, 0.02869199961,4.88000,0.00
,,, 0.02869600058,4.88000,0.00
,,, 0.02869999968,4.88000,0.08000
,,, 0.02870400064,4.88000,0.00
,,, 0.02870799974,4.88000,0.00
,,, 0.02871200070,4.88000,0.00
,,, 0.02871599980,4.88000,0.00
,,, 0.02872000076,4.88000,0.08000
,,, 0.02872399986,4.88000,0.00
,,, 0.02872800082,4.88000,0.00
,,, 0.02873199992,4.88000,0.00
,,, 0.02873599902,4.88000,0.00
,,, 0.02873999998,4.88000,0.00
,,, 0.02874399908,4.88000,0.00
,,, 0.02874800004,4.88000,0.00
,,, 0.02875199914,4.88000,0.00
,,, 0.02875600010,4.88000,0.00
,,, 0.02875999920,4.88000,0.00
,,, 0.02876400016,4.88000,0.00
,,, 0.02876799926,4.88000,0.00
,,, 0.02877200022,4.88000,0.00
,,, 0.02877599932,4.88000,0.00
,,, 0.02878000028,4.88000,0.00
,,, 0.02878399938,4.88000,0.00
,,, 0.02878800035,4.88000,0.00
,,, 0.02879199944,4.88000,0.00
,,, 0.02879600041,4.88000,0.00
,,, 0.02879999951,4.88000,0.00
,,, 0.02880400047,4.88000,0.00
,,, 0.02880799957,4.88000,0.00
,,, 0.02881200053,4.88000,0.00
,,, 0.02881599963,4.88000,0.00
,,, 0.02882000059,4.88000,0.00
,,, 0.02882399969,4.88000,0.00
,,, 0.02882800065,4.88000,0.00
,,, 0.02883199975,4.88000,0.00
,,, 0.02883600071,4.88000,0.00
,,, 0.02883999981,4.88000,0.00
,,, 0.02884400077,4.88000,0.08000
,,, 0.02884799987,4.88000,0.00
,,, 0.02885200083,4.88000,0.08000
,,, 0.02885599993,4.88000,0.00
,,, 0.02885999903,4.88000,0.00
,,, 0.02886399999,4.88000,0.00
,,, 0.02886799909,4.88000,-0.08000
,,, 0.02887200005,4.88000,0.00
,,, 0.02887599915,4.88000,0.00
,,, 0.02888000011,4.88000,0.00
,,, 0.02888399921,4.88000,0.00
,,, 0.02888800018,4.88000,0.00
,,, 0.02889199927,4.88000,0.00
,,, 0.02889600024,4.88000,0.08000
,,, 0.02889999934,4.88000,0.00
,,, 0.02890400030,4.88000,0.00
,,, 0.02890799940,4.88000,0.00
,,, 0.02891200036,4.88000,0.00
,,, 0.02891599946,4.88000,0.00
,,, 0.02892000042,4.88000,0.08000
,,, 0.02892399952,4.88000,0.00
,,, 0.02892800048,4.88000,0.00
,,, 0.02893199958,4.88000,0.00
,,, 0.02893600054,4.88000,0.08000
,,, 0.02893999964,4.88000,0.00
,,, 0.02894400060,4.88000,0.00
,,, 0.02894799970,4.88000,0.00
,,, 0.02895200066,4.88000,0.00
,,, 0.02895599976,4.88000,0.00
,,, 0.02896000072,4.88000,0.00
,,, 0.02896399982,4.88000,0.00
,,, 0.02896800078,4.88000,0.00
,,, 0.02897199988,4.88000,0.00
,,, 0.02897600085,4.88000,0.00
,,, 0.02897999994,4.88000,0.00
,,, 0.02898399904,4.88000,0.00
,,, 0.02898800001,4.80000,0.08000
,,, 0.02899199910,4.88000,0.08000
,,, 0.02899600007,4.88000,0.00
,,, 0.02899999917,4.88000,0.00
,,, 0.02900400013,4.88000,0.00
,,, 0.02900799923,4.88000,0.00
,,, 0.02901200019,4.88000,0.00
,,, 0.02901599929,4.88000,0.00
,,, 0.02902000025,4.88000,0.00
,,, 0.02902399935,4.88000,0.08000
,,, 0.02902800031,4.88000,0.00
,,, 0.02903199941,4.88000,0.00
,,, 0.02903600037,4.88000,0.00
,,, 0.02903999947,4.88000,0.08000
,,, 0.02904400043,4.88000,0.00
,,, 0.02904799953,4.88000,0.00
,,, 0.02905200049,4.88000,0.00
,,, 0.02905599959,4.88000,0.00
,,, 0.02906000055,4.88000,0.00
,,, 0.02906399965,4.88000,0.08000
,,, 0.02906800061,4.88000,0.00
,,, 0.02907199971,4.88000,0.00
,,, 0.02907600068,4.88000,0.00
,,, 0.02907999977,4.88000,0.00
,,, 0.02908400074,4.88000,0.00
,,, 0.02908799984,4.88000,0.00
,,, 0.02909200080,4.88000,0.00
,,, 0.02909599990,4.88000,0.00
,,, 0.02909999900,4.88000,0.00
,,, 0.02910399996,4.88000,0.00
,,, 0.02910799906,4.88000,0.00
,,, 0.02911200002,4.88000,0.00
,,, 0.02911599912,4.88000,0.00
,,, 0.02912000008,4.88000,0.08000
,,, 0.02912399918,4.88000,0.00
,,, 0.02912800014,4.88000,0.00
,,, 0.02913199924,4.88000,0.00
,,, 0.02913600020,4.88000,0.00
,,, 0.02913999930,4.88000,0.00
,,, 0.02914400026,4.88000,0.00
,,, 0.02914799936,4.88000,0.00
,,, 0.02915200032,4.88000,0.00
,,, 0.02915599942,4.88000,0.00
,,, 0.02916000038,4.88000,0.08000
,,, 0.02916399948,4.88000,0.00
,,, 0.02916800044,4.88000,0.00
,,, 0.02917199954,4.88000,0.00
,,, 0.02917600051,4.88000,0.00
,,, 0.02917999960,4.88000,0.00
,,, 0.02918400057,4.88000,0.00
,,, 0.02918799967,4.88000,0.00
,,, 0.02919200063,4.88000,0.00
,,, 0.02919599973,4.88000,0.00
,,, 0.02920000069,4.88000,0.00
,,, 0.02920399979,4.88000,0.00
,,, 0.02920800075,4.88000,0.00
,,, 0.02921199985,4.88000,0.08000
,,, 0.02921600081,4.88000,0.00
,,, 0.02921999991,4.88000,0.00
,,, 0.02922399901,4.88000,0.00
,,, 0.02922799997,4.88000,0.00
,,, 0.02923199907,4.88000,0.00
,,, 0.02923600003,4.88000,0.00
,,, 0.02923999913,4.88000,0.00
,,, 0.02924400009,4.88000,0.00
,,, 0.02924799919,4.88000,0.00
,,, 0.02925200015,4.88000,0.00
,,, 0.02925599925,4.88000,0.08000
,,, 0.02926000021,4.88000,0.00
,,, 0.02926399931,4.88000,0.00
,,, 0.02926800027,4.88000,0.08000
,,, 0.02927199937,4.88000,0.00
,,, 0.02927600034,4.88000,0.00
,,, 0.02927999943,4.88000,0.00
,,, 0.02928400040,4.88000,0.00
,,, 0.02928799950,4.88000,0.08000
,,, 0.02929200046,4.88000,0.00
,,, 0.02929599956,4.88000,0.00
,,, 0.02930000052,4.88000,0.00
,,, 0.02930399962,4.88000,0.08000
,,, 0.02930800058,4.80000,0.00
,,, 0.02931199968,4.88000,0.00
,,, 0.02931600064,4.88000,0.00
,,, 0.02931999974,4.88000,0.00
,,, 0.02932400070,4.88000,0.00
,,, 0.02932799980,4.88000,-0.08000
,,, 0.02933200076,4.88000,0.00
,,, 0.02933599986,4.88000,0.00
,,, 0.02934000082,4.88000,0.00
,,, 0.02934399992,4.88000,0.00
,,, 0.02934799902,4.88000,0.00
,,, 0.02935199998,4.88000,0.00
,,, 0.02935599908,4.88000,0.00
,,, 0.02936000004,4.88000,0.00
,,, 0.02936399914,4.88000,0.00
,,, 0.02936800011,4.88000,0.00
,,, 0.02937199920,4.88000,0.00
,,, 0.02937600017,4.88000,0.00
,,, 0.02937999927,4.88000,0.00
,,, 0.02938400023,4.88000,0.00
,,, 0.02938799933,4.88000,0.00
,,, 0.02939200029,4.88000,0.00
,,, 0.02939599939,4.88000,0.00
,,, 0.02940000035,4.88000,0.00
,,, 0.02940399945,4.88000,0.00
,,, 0.02940800041,4.88000,0.00
,,, 0.02941199951,4.88000,0.00
,,, 0.02941600047,4.88000,0.08000
,,, 0.02941999957,4.88000,0.00
,,, 0.02942400053,4.88000,0.08000
,,, 0.02942799963,4.88000,0.00
,,, 0.02943200059,4.88000,0.00
,,, 0.02943599969,4.88000,0.00
,,, 0.02944000065,4.88000,0.00
,,, 0.02944399975,4.88000,0.00
,,, 0.02944800071,4.88000,0.00
,,, 0.02945199981,4.88000,0.00
,,, 0.02945600078,4.88000,0.00
,,, 0.02945999987,4.88000,0.00
,,, 0.02946400084,4.88000,0.00
,,, 0.02946799994,4.88000,0.00
,,, 0.02947199903,4.88000,0.00
,,, 0.02947600000,4.88000,0.00
,,, 0.02947999910,4.88000,0.08000
,,, 0.02948400006,4.88000,0.00
,,, 0.02948799916,4.88000,0.00
,,, 0.02949200012,4.88000,0.08000
,,, 0.02949599922,4.88000,0.00
,,, 0.02950000018,4.88000,0.00
,,, 0.02950399928,4.88000,0.08000
,,, 0.02950800024,4.88000,0.00
,,, 0.02951199934,4.88000,0.00
,,, 0.02951600030,4.88000,0.00
,,, 0.02951999940,4.88000,0.00
,,, 0.02952400036,4.88000,0.00
,,, 0.02952799946,4.88000,0.00
,,, 0.02953200042,4.88000,0.00
,,, 0.02953599952,4.88000,0.00
,,, 0.02954000048,4.88000,0.00
,,, 0.02954399958,4.88000,0.00
,,, 0.02954800054,4.88000,0.00
,,, 0.02955199964,4.88000,0.08000
,,, 0.02955600061,4.88000,0.08000
,,, 0.02955999970,4.88000,0.00
,,, 0.02956400067,4.88000,0.08000
,,, 0.02956799977,4.88000,0.00
,,, 0.02957200073,4.88000,0.00
,,, 0.02957599983,4.88000,0.08000
,,, 0.02958000079,4.88000,0.00
,,, 0.02958399989,4.88000,0.00
,,, 0.02958800085,4.88000,0.00
,,, 0.02959199995,4.88000,0.00
,,, 0.02959599905,4.88000,0.00
,,, 0.02960000001,4.88000,0.00
,,, 0.02960399911,4.88000,0.00
,,, 0.02960800007,4.88000,0.00
,,, 0.02961199917,4.88000,0.00
,,, 0.02961600013,4.88000,0.00
,,, 0.02961999923,4.88000,0.00
,,, 0.02962400019,4.88000,0.00
,,, 0.02962799929,4.88000,0.00
,,, 0.02963200025,4.88000,-0.08000
,,, 0.02963599935,4.88000,0.00
,,, 0.02964000031,4.88000,0.00
,,, 0.02964399941,4.88000,0.00
,,, 0.02964800037,4.88000,0.00
,,, 0.02965199947,4.88000,0.00
,,, 0.02965600044,4.88000,-0.08000
,,, 0.02965999953,4.88000,0.00
,,, 0.02966400050,4.88000,0.08000
,,, 0.02966799960,4.88000,0.00
,,, 0.02967200056,4.88000,0.00
,,, 0.02967599966,4.88000,0.08000
,,, 0.02968000062,4.88000,0.00
,,, 0.02968399972,4.88000,0.00
,,, 0.02968800068,4.88000,0.00
,,, 0.02969199978,4.88000,0.00
,,, 0.02969600074,4.88000,0.08000
,,, 0.02969999984,4.88000,0.00
,,, 0.02970400080,4.88000,0.00
,,, 0.02970799990,4.88000,0.00
,,, 0.02971199900,4.88000,0.00
,,, 0.02971599996,4.88000,0.00
,,, 0.02971999906,4.88000,0.08000
,,, 0.02972400002,4.88000,0.00
,,, 0.02972799912,4.88000,0.00
,,, 0.02973200008,4.88000,0.00
,,, 0.02973599918,4.88000,0.00
,,, 0.02974000014,4.88000,0.00
,,, 0.02974399924,4.88000,0.00
,,, 0.02974800020,4.88000,0.08000
,,, 0.02975199930,4.88000,0.00
,,, 0.02975600027,4.88000,0.00
,,, 0.02975999936,4.88000,0.00
,,, 0.02976400033,4.88000,0.00
,,, 0.02976799943,4.88000,0.00
,,, 0.02977200039,4.88000,0.00
,,, 0.02977599949,4.88000,0.00
,,, 0.02978000045,4.88000,0.00
,,, 0.02978399955,4.88000,0.08000
,,, 0.02978800051,4.88000,0.00
,,, 0.02979199961,4.88000,0.00
,,, 0.02979600057,4.88000,0.00
,,, 0.02979999967,4.88000,0.00
,,, 0.02980400063,4.88000,0.00
,,, 0.02980799973,4.88000,0.00
,,, 0.02981200069,4.88000,0.00
,,, 0.02981599979,4.88000,0.00
,,, 0.02982000075,4.88000,0.00
,,, 0.02982399985,4.88000,0.08000
,,, 0.02982800081,4.88000,0.08000
,,, 0.02983199991,4.88000,0.00
,,, 0.02983599901,4.88000,0.00
,,, 0.02983999997,4.88000,0.00
,,, 0.02984399907,4.88000,0.00
,,, 0.02984800003,4.88000,0.00
,,, 0.02985199913,4.88000,0.00
,,, 0.02985600010,4.88000,0.00
,,, 0.02985999919,4.88000,0.00
,,, 0.02986400016,4.88000,0.08000
,,, 0.02986799926,4.88000,0.00
,,, 0.02987200022,4.88000,0.00
,,, 0.02987599932,4.88000,0.00
,,, 0.02988000028,4.88000,0.00
,,, 0.02988399938,4.88000,0.08000
,,, 0.02988800034,4.88000,0.00
,,, 0.02989199944,4.88000,0.00
,,, 0.02989600040,4.88000,0.00
,,, 0.02989999950,4.88000,0.00
,,, 0.02990400046,4.88000,0.00
,,, 0.02990799956,4.88000,0.08000
,,, 0.02991200052,4.88000,0.00
,,, 0.02991599962,4.88000,0.00
,,, 0.02992000058,4.88000,0.08000
,,, 0.02992399968,4.88000,0.00
,,, 0.02992800064,4.88000,0.00
,,, 0.02993199974,4.88000,0.00
,,, 0.02993600070,4.88000,0.00
,,, 0.02993999980,4.88000,0.00
,,, 0.02994400077,4.88000,0.00
,,, 0.02994799986,4.88000,0.00
,,, 0.02995200083,4.88000,0.08000
,,, 0.02995599993,4.88000,0.00
,,, 0.02995999902,4.88000,0.08000
,,, 0.02996399999,4.88000,0.00
,,, 0.02996799909,4.88000,0.08000
,,, 0.02997200005,4.88000,0.00
,,, 0.02997599915,4.88000,0.00
,,, 0.02998000011,4.88000,0.00
,,, 0.02998399921,4.88000,0.00
,,, 0.02998800017,4.88000,0.00
,,, 0.02999199927,4.88000,0.00
,,, 0.02999600023,4.88000,0.00
,,, 0.02999999933,4.88000,0.00
,,, 0.03000400029,4.88000,0.00
,,, 0.03000799939,4.88000,0.08000
,,, 0.03001200035,4.88000,0.00
,,, 0.03001599945,4.88000,0.00
,,, 0.03002000041,4.88000,0.00
,,, 0.03002399951,4.88000,0.00
,,, 0.03002800047,4.88000,0.08000
,,, 0.03003199957,4.88000,0.00
,,, 0.03003600053,4.88000,0.00
,,, 0.03003999963,4.88000,0.00
,,, 0.03004400060,4.88000,0.08000
,,, 0.03004799969,4.88000,0.00
,,, 0.03005200066,4.88000,0.00
,,, 0.03005599976,4.88000,0.00
,,, 0.03006000072,4.88000,0.08000
,,, 0.03006399982,4.88000,0.00
,,, 0.03006800078,4.88000,0.00
,,, 0.03007199988,4.88000,0.00
,,, 0.03007600084,4.88000,0.00
,,, 0.03007999994,4.88000,0.00
,,, 0.03008399904,4.88000,0.00
,,, 0.03008800000,4.88000,0.00
,,, 0.03009199910,4.88000,0.00
,,, 0.03009600006,4.88000,0.00
,,, 0.03009999916,4.88000,0.00
,,, 0.03010400012,4.88000,0.00
,,, 0.03010799922,4.88000,0.08000
,,, 0.03011200018,4.88000,0.00
,,, 0.03011599928,4.88000,0.08000
,,, 0.03012000024,4.88000,0.00
,,, 0.03012399934,4.88000,0.00
,,, 0.03012800030,4.88000,0.08000
,,, 0.03013199940,4.88000,0.00
,,, 0.03013600037,4.88000,0.00
,,, 0.03013999946,4.88000,0.08000
,,, 0.03014400043,4.88000,0.00
,,, 0.03014799953,4.88000,0.00
,,, 0.03015200049,4.88000,0.00
,,, 0.03015599959,4.88000,0.00
,,, 0.03016000055,4.88000,0.08000
,,, 0.03016399965,4.88000,0.00
,,, 0.03016800061,4.88000,0.00
,,, 0.03017199971,4.88000,0.08000
,,, 0.03017600067,4.88000,0.00
,,, 0.03017999977,4.88000,0.00
,,, 0.03018400073,4.88000,0.00
,,, 0.03018799983,4.88000,0.00
,,, 0.03019200079,4.88000,0.00
,,, 0.03019599989,4.88000,0.00
,,, 0.03020000085,4.88000,0.00
,,, 0.03020399995,4.88000,0.00
,,, 0.03020799905,4.88000,0.00
,,, 0.03021200001,4.88000,0.00
,,, 0.03021599911,4.88000,0.00
,,, 0.03022000007,4.88000,0.00
,,, 0.03022399917,4.80000,0.00
,,, 0.03022800013,4.88000,0.00
,,, 0.03023199923,4.88000,0.08000
,,, 0.03023600020,4.88000,0.00
,,, 0.03023999929,4.88000,0.00
,,, 0.03024400026,4.88000,0.00
,,, 0.03024799936,4.88000,0.08000
,,, 0.03025200032,4.88000,0.08000
,,, 0.03025599942,4.88000,0.00
,,, 0.03026000038,4.88000,0.00
,,, 0.03026399948,4.88000,0.00
,,, 0.03026800044,4.88000,0.08000
,,, 0.03027199954,4.88000,0.00
,,, 0.03027600050,4.88000,0.00
,,, 0.03027999960,4.88000,0.00
,,, 0.03028400056,4.88000,0.00
,,, 0.03028799966,4.88000,0.00
,,, 0.03029200062,4.88000,0.00
,,, 0.03029599972,4.88000,0.00
,,, 0.03030000068,4.88000,0.00
,,, 0.03030399978,4.88000,0.08000
,,, 0.03030800074,4.88000,0.00
,,, 0.03031199984,4.88000,0.00
,,, 0.03031600080,4.88000,0.00
,,, 0.03031999990,4.88000,0.00
,,, 0.03032399900,4.88000,0.00
,,, 0.03032799996,4.88000,0.00
,,, 0.03033199906,4.88000,0.08000
,,, 0.03033600003,4.88000,0.00
,,, 0.03033999912,4.88000,0.00
,,, 0.03034400009,4.88000,0.00
,,, 0.03034799919,4.88000,0.00
,,, 0.03035200015,4.88000,0.00
,,, 0.03035599925,4.88000,0.08000
,,, 0.03036000021,4.88000,0.00
,,, 0.03036399931,4.88000,0.00
,,, 0.03036800027,4.88000,0.00
,,, 0.03037199937,4.88000,0.00
,,, 0.03037600033,4.88000,0.00
,,, 0.03037999943,4.88000,0.00
,,, 0.03038400039,4.88000,0.08000
,,, 0.03038799949,4.88000,0.00
,,, 0.03039200045,4.88000,0.00
,,, 0.03039599955,4.88000,0.08000
,,, 0.03040000051,4.88000,0.00
,,, 0.03040399961,4.88000,0.00
,,, 0.03040800057,4.88000,0.00
,,, 0.03041199967,4.88000,0.00
,,, 0.03041600063,4.88000,0.00
,,, 0.03041999973,4.88000,0.00
,,, 0.03042400070,4.80000,0.00
,,, 0.03042799979,4.88000,0.00
,,, 0.03043200076,4.88000,0.08000
,,, 0.03043599986,4.88000,0.00
,,, 0.03044000082,4.88000,0.00
,,, 0.03044399992,4.88000,0.00
,,, 0.03044799902,4.88000,0.00
,,, 0.03045199998,4.88000,0.08000
,,, 0.03045599908,4.88000,0.00
,,, 0.03046000004,4.88000,0.00
,,, 0.03046399914,4.88000,0.00
,,, 0.03046800010,4.88000,0.00
,,, 0.03047199920,4.88000,0.00
,,, 0.03047600016,4.88000,0.00
,,, 0.03047999926,4.88000,0.00
,,, 0.03048400022,4.88000,0.00
,,, 0.03048799932,4.88000,0.00
,,, 0.03049200028,4.88000,0.00
,,, 0.03049599938,4.88000,0.00
,,, 0.03050000034,4.88000,0.00
,,, 0.03050399944,4.88000,0.08000
,,, 0.03050800040,4.88000,0.08000
,,, 0.03051199950,4.88000,0.08000
,,, 0.03051600046,4.88000,0.08000
,,, 0.03051999956,4.88000,0.00
,,, 0.03052400053,4.88000,0.00
,,, 0.03052799962,4.88000,0.00
,,, 0.03053200059,4.88000,0.00
,,, 0.03053599969,4.88000,0.00
,,, 0.03054000065,4.88000,0.08000
,,, 0.03054399975,4.88000,0.00
,,, 0.03054800071,4.88000,0.00
,,, 0.03055199981,4.88000,0.08000
,,, 0.03055600077,4.88000,0.00
,,, 0.03055999987,4.88000,0.00
,,, 0.03056400083,4.88000,0.00
,,, 0.03056799993,4.88000,0.00
,,, 0.03057199903,4.88000,0.00
,,, 0.03057599999,4.88000,0.00
,,, 0.03057999909,4.88000,0.08000
,,, 0.03058400005,4.88000,0.00
,,, 0.03058799915,4.88000,0.00
,,, 0.03059200011,4.88000,0.00
,,, 0.03059599921,4.88000,0.00
,,, 0.03060000017,4.88000,0.00
,,, 0.03060399927,4.88000,0.00
,,, 0.03060800023,4.88000,0.00
,,, 0.03061199933,4.88000,0.00
,,, 0.03061600029,4.88000,0.08000
,,, 0.03061999939,4.88000,0.08000
,,, 0.03062400036,4.88000,0.00
,,, 0.03062799945,4.88000,0.00
,,, 0.03063200042,4.88000,0.00
,,, 0.03063599952,4.88000,0.00
,,, 0.03064000048,4.88000,0.00
,,, 0.03064399958,4.88000,0.00
,,, 0.03064800054,4.88000,0.08000
,,, 0.03065199964,4.88000,0.00
,,, 0.03065600060,4.88000,0.00
,,, 0.03065999970,4.88000,0.00
,,, 0.03066400066,4.88000,0.00
,,, 0.03066799976,4.88000,0.00
,,, 0.03067200072,4.88000,0.00
,,, 0.03067599982,4.88000,0.00
,,, 0.03068000078,4.88000,0.00
,,, 0.03068399988,4.88000,0.00
,,, 0.03068800084,4.88000,0.00
,,, 0.03069199994,4.88000,-0.08000
,,, 0.03069599904,4.88000,0.00
,,, 0.03070000000,4.88000,0.00
,,, 0.03070399910,4.88000,0.00
,,, 0.03070800006,4.88000,0.00
,,, 0.03071199916,4.88000,0.00
,,, 0.03071600012,4.88000,0.00
,,, 0.03071999922,4.88000,0.00
,,, 0.03072400019,4.88000,0.00
,,, 0.03072799928,4.88000,0.00
,,, 0.03073200025,4.88000,0.08000
,,, 0.03073599935,4.88000,0.00
,,, 0.03074000031,4.88000,0.00
,,, 0.03074399941,4.88000,0.00
,,, 0.03074800037,4.88000,0.00
,,, 0.03075199947,4.88000,0.00
,,, 0.03075600043,4.88000,0.00
,,, 0.03075999953,4.88000,0.08000
,,, 0.03076400049,4.88000,0.00
,,, 0.03076799959,4.88000,0.00
,,, 0.03077200055,4.88000,0.00
,,, 0.03077599965,4.88000,0.00
,,, 0.03078000061,4.88000,0.00
,,, 0.03078399971,4.88000,0.00
,,, 0.03078800067,4.88000,0.00
,,, 0.03079199977,4.88000,0.00
,,, 0.03079600073,4.88000,0.00
,,, 0.03079999983,4.88000,0.08000
,,, 0.03080400079,4.88000,0.00
,,, 0.03080799989,4.88000,0.00
,,, 0.03081199899,4.88000,0.00
,,, 0.03081599995,4.88000,0.00
,,, 0.03081999905,4.88000,0.00
,,, 0.03082400002,4.88000,0.00
,,, 0.03082799911,4.88000,0.00
,,, 0.03083200008,4.88000,0.00
,,, 0.03083599918,4.88000,0.08000
,,, 0.03084000014,4.88000,0.00
,,, 0.03084399924,4.88000,0.00
,,, 0.03084800020,4.88000,0.00
,,, 0.03085199930,4.88000,0.00
,,, 0.03085600026,4.88000,0.00
,,, 0.03085999936,4.88000,0.00
,,, 0.03086400032,4.88000,0.00
,,, 0.03086799942,4.88000,0.08000
,,, 0.03087200038,4.88000,0.00
,,, 0.03087599948,4.88000,0.00
,,, 0.03088000044,4.88000,0.00
,,, 0.03088399954,4.88000,0.00
,,, 0.03088800050,4.88000,-0.08000
,,, 0.03089199960,4.88000,0.00
,,, 0.03089600056,4.88000,0.00
,,, 0.03089999966,4.88000,0.00
,,, 0.03090400063,4.88000,0.00
,,, 0.03090799972,4.88000,0.00
,,, 0.03091200069,4.88000,0.00
,,, 0.03091599979,4.88000,0.00
,,, 0.03092000075,4.88000,-0.08000
,,, 0.03092399985,4.88000,0.08000
,,, 0.03092800081,4.88000,0.00
,,, 0.03093199991,4.88000,-0.08000
,,, 0.03093599901,4.80000,0.08000
,,, 0.03093999997,4.88000,0.00
,,, 0.03094399907,4.88000,0.00
,,, 0.03094800003,4.88000,0.08000
,,, 0.03095199913,4.88000,0.00
,,, 0.03095600009,4.88000,0.00
,,, 0.03095999919,4.88000,0.00
,,, 0.03096400015,4.88000,0.00
,,, 0.03096799925,4.88000,0.00
,,, 0.03097200021,4.88000,0.08000
,,, 0.03097599931,4.88000,0.00
,,, 0.03098000027,4.88000,0.00
,,, 0.03098399937,4.88000,0.00
,,, 0.03098800033,4.88000,0.00
,,, 0.03099199943,4.88000,0.00
,,, 0.03099600039,4.88000,0.08000
,,, 0.03099999949,4.88000,0.00
,,, 0.03100400046,4.88000,0.00
,,, 0.03100799955,4.88000,0.00
,,, 0.03101200052,4.88000,0.00
,,, 0.03101599962,4.88000,0.00
,,, 0.03102000058,4.88000,0.00
,,, 0.03102399968,4.88000,0.00
,,, 0.03102800064,4.88000,0.00
,,, 0.03103199974,4.88000,0.00
,,, 0.03103600070,4.88000,0.00
,,, 0.03103999980,4.88000,0.00
,,, 0.03104400076,4.88000,0.00
,,, 0.03104799986,4.88000,0.00
,,, 0.03105200082,4.88000,0.00
,,, 0.03105599992,4.88000,0.00
,,, 0.03105999902,4.88000,0.00
,,, 0.03106399998,4.88000,0.00
,,, 0.03106799908,4.80000,0.00
,,, 0.03107200004,4.88000,0.00
,,, 0.03107599914,4.88000,0.00
,,, 0.03108000010,4.88000,0.08000
,,, 0.03108399920,4.88000,0.00
,,, 0.03108800016,4.88000,0.00
,,, 0.03109199926,4.88000,0.00
,,, 0.03109600022,4.88000,0.00
,,, 0.03109999932,4.88000,0.00
,,, 0.03110400029,4.88000,0.00
,,, 0.03110799938,4.88000,0.00
,,, 0.03111200035,4.88000,0.00
,,, 0.03111599945,4.88000,0.00
,,, 0.03112000041,4.88000,0.00
,,, 0.03112399951,4.88000,0.00
,,, 0.03112800047,4.88000,0.08000
,,, 0.03113199957,4.88000,0.00
,,, 0.03113600053,4.88000,0.00
,,, 0.03113999963,4.88000,0.00
,,, 0.03114400059,4.88000,0.00
,,, 0.03114799969,4.88000,0.00
,,, 0.03115200065,4.88000,0.08000
,,, 0.03115599975,4.88000,0.00
,,, 0.03116000071,4.88000,0.00
,,, 0.03116399981,4.88000,0.08000
,,, 0.03116800077,4.88000,0.08000
,,, 0.03117199987,4.88000,0.00
,,, 0.03117600083,4.88000,0.00
,,, 0.03117999993,4.88000,0.08000
,,, 0.03118399903,4.88000,-0.08000
,,, 0.03118799999,4.88000,0.00
,,, 0.03119199909,4.88000,0.08000
,,, 0.03119600005,4.88000,0.00
,,, 0.03119999915,4.88000,0.00
,,, 0.03120400012,4.88000,0.00
,,, 0.03120799921,4.88000,0.00
,,, 0.03121200018,4.88000,0.00
,,, 0.03121599928,4.88000,0.00
,,, 0.03122000024,4.88000,0.08000
,,, 0.03122399934,4.88000,0.00
,,, 0.03122800030,4.88000,0.00
,,, 0.03123199940,4.88000,0.00
,,, 0.03123600036,4.88000,0.00
,,, 0.03123999946,4.88000,0.08000
,,, 0.03124400042,4.88000,0.00
,,, 0.03124799952,4.88000,0.00
,,, 0.03125200048,4.88000,0.08000
,,, 0.03125600144,4.88000,0.00
,,, 0.03125999868,4.88000,0.00
,,, 0.03126399964,4.88000,0.00
,,, 0.03126800060,4.88000,0.00
,,, 0.03127200156,4.88000,0.08000
,,, 0.03127599880,4.88000,0.00
,,, 0.03127999976,4.88000,0.00
,,, 0.03128400072,4.88000,0.00
,,, 0.03128800169,4.88000,0.00
,,, 0.03129199892,4.88000,0.00
,,, 0.03129599988,4.88000,0.00
,,, 0.03130000085,4.88000,0.00
,,, 0.03130399808,4.88000,0.00
,,, 0.03130799904,4.88000,0.00
,,, 0.03131200001,4.88000,0.08000
,,, 0.03131600097,4.88000,0.00
,,, 0.03131999820,4.88000,0.08000
,,, 0.03132399917,4.88000,0.00
,,, 0.03132800013,4.88000,0.00
,,, 0.03133200109,4.88000,0.00
,,, 0.03133599833,4.88000,0.00
,,, 0.03133999929,4.88000,0.00
,,, 0.03134400025,4.88000,0.00
,,, 0.03134800121,4.88000,0.00
,,, 0.03135199845,4.88000,0.00
,,, 0.03135599941,4.88000,0.08000
,,, 0.03136000037,4.88000,0.00
,,, 0.03136400133,4.88000,0.00
,,, 0.03136799857,4.88000,0.00
,,, 0.03137199953,4.88000,0.00
,,, 0.03137600049,4.88000,0.00
,,, 0.03138000146,4.88000,0.00
,,, 0.03138399869,4.88000,0.00
,,, 0.03138799965,4.88000,0.00
,,, 0.03139200062,4.88000,0.00
,,, 0.03139600158,4.88000,0.08000
,,, 0.03139999881,4.88000,0.00
,,, 0.03140399978,4.88000,0.08000
,,, 0.03140800074,4.88000,0.08000
,,, 0.03141200170,4.88000,0.08000
,,, 0.03141599894,4.88000,0.00
,,, 0.03141999990,4.80000,0.00
,,, 0.03142400086,4.88000,0.08000
,,, 0.03142799810,4.88000,0.00
,,, 0.03143199906,4.88000,0.00
,,, 0.03143600002,4.88000,0.00
,,, 0.03144000098,4.88000,0.00
,,, 0.03144399822,4.88000,0.00
,,, 0.03144799918,4.88000,0.08000
,,, 0.03145200014,4.88000,0.00
,,, 0.03145600110,4.88000,0.00
,,, 0.03145999834,4.88000,0.00
,,, 0.03146399930,4.88000,0.00
,,, 0.03146800026,4.88000,0.00
,,, 0.03147200122,4.88000,0.00
,,, 0.03147599846,4.88000,0.00
,,, 0.03147999942,4.88000,0.00
,,, 0.03148400038,4.88000,0.08000
,,, 0.03148800135,4.88000,0.00
,,, 0.03149199858,4.88000,0.00
,,, 0.03149599954,4.88000,0.00
,,, 0.03150000051,4.88000,0.00
,,, 0.03150400147,4.88000,0.00
,,, 0.03150799870,4.88000,0.00
,,, 0.03151199967,4.88000,0.00
,,, 0.03151600063,4.88000,0.00
,,, 0.03152000159,4.88000,0.00
,,, 0.03152399883,4.88000,0.00
,,, 0.03152799979,4.88000,0.00
,,, 0.03153200075,4.88000,0.08000
,,, 0.03153600171,4.88000,0.00
,,, 0.03153999895,4.88000,0.00
,,, 0.03154399991,4.88000,0.00
,,, 0.03154800087,4.88000,0.00
,,, 0.03155199811,4.88000,0.00
,,, 0.03155599907,4.88000,0.00
,,, 0.03156000003,4.88000,0.00
,,, 0.03156400099,4.88000,0.00
,,, 0.03156799823,4.88000,0.00
,,, 0.03157199919,4.88000,0.00
,,, 0.03157600015,4.88000,0.00
,,, 0.03158000112,4.88000,0.08000
,,, 0.03158399835,4.88000,0.08000
,,, 0.03158799931,4.88000,0.00
,,, 0.03159200028,4.88000,0.00
,,, 0.03159600124,4.88000,0.00
,,, 0.03159999847,4.88000,0.00
,,, 0.03160399944,4.88000,0.08000
,,, 0.03160800040,4.88000,0.08000
,,, 0.03161200136,4.88000,0.00
,,, 0.03161599860,4.88000,0.08000
,,, 0.03161999956,4.88000,0.00
,,, 0.03162400052,4.88000,0.00
,,, 0.03162800148,4.88000,0.00
,,, 0.03163199872,4.88000,0.08000
,,, 0.03163599968,4.80000,0.08000
,,, 0.03164000064,4.88000,0.00
,,, 0.03164400160,4.88000,0.00
,,, 0.03164799884,4.88000,0.00
,,, 0.03165199980,4.88000,0.00
,,, 0.03165600076,4.88000,0.08000
,,, 0.03166000172,4.88000,0.00
,,, 0.03166399896,4.88000,0.00
,,, 0.03166799992,4.88000,0.00
,,, 0.03167200089,4.88000,0.00
,,, 0.03167599812,4.88000,0.00
,,, 0.03167999908,4.88000,0.00
,,, 0.03168400005,4.88000,0.00
,,, 0.03168800101,4.88000,0.00
,,, 0.03169199824,4.88000,0.00
,,, 0.03169599921,4.88000,0.00
,,, 0.03170000017,4.88000,0.00
,,, 0.03170400113,4.88000,0.00
,,, 0.03170799837,4.88000,0.00
,,, 0.03171199933,4.88000,0.00
,,, 0.03171600029,4.88000,0.08000
,,, 0.03172000125,4.88000,0.00
,,, 0.03172399849,4.88000,0.00
,,, 0.03172799945,4.88000,0.00
,,, 0.03173200041,4.88000,0.00
,,, 0.03173600137,4.88000,0.00
,,, 0.03173999861,4.88000,0.00
,,, 0.03174399957,4.88000,0.00
,,, 0.03174800053,4.88000,0.00
,,, 0.03175200149,4.88000,0.08000
,,, 0.03175599873,4.88000,0.00
,,, 0.03175999969,4.88000,0.00
,,, 0.03176400065,4.88000,0.00
,,, 0.03176800162,4.88000,0.00
,,, 0.03177199885,4.88000,0.00
,,, 0.03177599981,4.88000,0.00
,,, 0.03178000078,4.88000,0.00
,,, 0.03178400174,4.88000,0.00
,,, 0.03178799897,4.88000,0.00
,,, 0.03179199994,4.88000,0.00
,,, 0.03179600090,4.88000,0.00
,,, 0.03179999813,4.88000,0.00
,,, 0.03180399910,4.88000,0.00
,,, 0.03180800006,4.88000,0.00
,,, 0.03181200102,4.88000,0.00
,,, 0.03181599826,4.88000,0.00
,,, 0.03181999922,4.88000,0.00
,,, 0.03182400018,4.88000,0.00
,,, 0.03182800114,4.88000,0.08000
,,, 0.03183199838,4.88000,0.08000
,,, 0.03183599934,4.88000,0.00
,,, 0.03184000030,4.88000,0.00
,,, 0.03184400126,4.88000,0.00
,,, 0.03184799850,4.88000,0.00
,,, 0.03185199946,4.88000,0.00
,,, 0.03185600042,4.88000,0.00
,,, 0.03186000139,4.88000,0.00
,,, 0.03186399862,4.88000,0.00
,,, 0.03186799958,4.88000,0.00
,,, 0.03187200055,4.88000,0.08000
,,, 0.03187600151,4.88000,0.00
,,, 0.03187999874,4.88000,0.00
,,, 0.03188399971,4.88000,0.00
,,, 0.03188800067,4.88000,0.00
,,, 0.03189200163,4.88000,0.00
,,, 0.03189599887,4.88000,0.00
,,, 0.03189999983,4.88000,0.00
,,, 0.03190400079,4.88000,0.00
,,, 0.03190800175,4.88000,0.00
,,, 0.03191199899,4.80000,0.00
,,, 0.03191599995,4.88000,0.00
,,, 0.03192000091,4.88000,0.08000
,,, 0.03192399815,4.88000,0.08000
,,, 0.03192799911,4.88000,0.00
,,, 0.03193200007,4.88000,0.00
,,, 0.03193600103,4.88000,0.00
,,, 0.03193999827,4.88000,0.00
,,, 0.03194399923,4.88000,0.00
,,, 0.03194800019,4.88000,0.00
,,, 0.03195200115,4.88000,0.00
,,, 0.03195599839,4.88000,0.00
,,, 0.03195999935,4.88000,0.00
,,, 0.03196400031,4.88000,0.00
,,, 0.03196800128,4.96000,0.00
,,, 0.03197199851,4.88000,0.00
,,, 0.03197599947,4.88000,0.00
,,, 0.03198000044,4.88000,0.00
,,, 0.03198400140,4.88000,0.00
,,, 0.03198799863,4.88000,0.00
,,, 0.03199199960,4.88000,0.00
,,, 0.03199600056,4.88000,0.00
,,, 0.03200000152,4.88000,0.00
,,, 0.03200399876,4.88000,0.00
,,, 0.03200799972,4.88000,0.00
,,, 0.03201200068,4.88000,0.00
,,, 0.03201600164,4.88000,0.00
,,, 0.03201999888,4.88000,0.00
,,, 0.03202399984,4.88000,0.00
,,, 0.03202800080,4.88000,0.00
,,, 0.03203200176,4.88000,0.00
,,, 0.03203599900,4.88000,0.00
,,, 0.03203999996,4.88000,0.00
,,, 0.03204400092,4.88000,0.00
,,, 0.03204799816,4.88000,0.00
,,, 0.03205199912,4.88000,0.00
,,, 0.03205600008,4.88000,0.08000
,,, 0.03206000105,4.88000,0.00
,,, 0.03206399828,4.88000,0.00
,,, 0.03206799924,4.88000,0.00
,,, 0.03207200021,4.88000,0.00
,,, 0.03207600117,4.88000,0.00
,,, 0.03207999840,4.88000,0.00
,,, 0.03208399937,4.88000,0.00
,,, 0.03208800033,4.88000,0.00
,,, 0.03209200129,4.88000,0.00
,,, 0.03209599853,4.88000,0.00
,,, 0.03209999949,4.88000,0.00
,,, 0.03210400045,4.88000,0.00
,,, 0.03210800141,4.88000,0.00
,,, 0.03211199865,4.88000,0.00
,,, 0.03211599961,4.88000,0.00
,,, 0.03212000057,4.88000,0.00
,,, 0.03212400153,4.88000,0.00
,,, 0.03212799877,4.88000,0.00
,,, 0.03213199973,4.88000,0.00
,,, 0.03213600069,4.88000,0.08000
,,, 0.03214000165,4.88000,0.00
,,, 0.03214399889,4.96000,0.00
,,, 0.03214799985,4.88000,0.00
,,, 0.03215200081,4.88000,0.00
,,, 0.03215600178,4.88000,0.00
,,, 0.03215999901,4.88000,0.08000
,,, 0.03216399997,4.88000,0.00
,,, 0.03216800094,4.88000,0.00
,,, 0.03217199817,4.88000,0.00
,,, 0.03217599913,4.88000,0.00
,,, 0.03218000010,4.88000,0.00
,,, 0.03218400106,4.88000,0.00
,,, 0.03218799829,4.88000,0.00
,,, 0.03219199926,4.88000,0.00
,,, 0.03219600022,4.88000,0.08000
,,, 0.03220000118,4.88000,0.00
,,, 0.03220399842,4.88000,0.00
,,, 0.03220799938,4.88000,0.00
,,, 0.03221200034,4.88000,0.08000
,,, 0.03221600130,4.88000,0.00
,,, 0.03221999854,4.88000,0.00
,,, 0.03222399950,4.88000,0.00
,,, 0.03222800046,4.88000,0.08000
,,, 0.03223200142,4.88000,0.00
,,, 0.03223599866,4.88000,0.00
,,, 0.03223999962,4.88000,0.00
,,, 0.03224400058,4.88000,0.00
,,, 0.03224800155,4.88000,0.00
,,, 0.03225199878,4.88000,0.00
,,, 0.03225599974,4.88000,0.00
,,, 0.03226000071,4.88000,0.00
,,, 0.03226400167,4.88000,0.00
,,, 0.03226799890,4.88000,0.00
,,, 0.03227199987,4.88000,0.08000
,,, 0.03227600083,4.88000,0.00
,,, 0.03227999806,4.88000,0.00
,,, 0.03228399903,4.88000,0.00
,,, 0.03228799999,4.88000,0.00
,,, 0.03229200095,4.88000,0.00
,,, 0.03229599819,4.88000,0.08000
,,, 0.03229999915,4.88000,0.00
,,, 0.03230400011,4.88000,0.00
,,, 0.03230800107,4.88000,0.00
,,, 0.03231199831,4.88000,0.00
,,, 0.03231599927,4.88000,0.00
,,, 0.03232000023,4.88000,0.08000
,,, 0.03232400119,4.88000,0.00
,,, 0.03232799843,4.88000,0.00
,,, 0.03233199939,4.88000,0.00
,,, 0.03233600035,4.88000,0.00
,,, 0.03234000131,4.88000,0.08000
,,, 0.03234399855,4.88000,0.00
,,, 0.03234799951,4.88000,0.00
,,, 0.03235200047,4.88000,0.00
,,, 0.03235600144,4.88000,0.00
,,, 0.03235999867,4.88000,0.00
,,, 0.03236399963,4.88000,0.00
,,, 0.03236800060,4.88000,0.00
,,, 0.03237200156,4.88000,0.00
,,, 0.03237599880,4.88000,0.00
,,, 0.03237999976,4.88000,0.00
,,, 0.03238400072,4.88000,0.00
,,, 0.03238800168,4.88000,0.00
,,, 0.03239199892,4.88000,0.00
,,, 0.03239599988,4.88000,0.00
,,, 0.03240000084,4.88000,0.00
,,, 0.03240399808,4.88000,0.00
,,, 0.03240799904,4.88000,0.00
,,, 0.03241200000,4.88000,0.00
,,, 0.03241600096,4.88000,0.00
,,, 0.03241999820,4.88000,0.00
,,, 0.03242399916,4.88000,0.00
,,, 0.03242800012,4.88000,0.00
,,, 0.03243200108,4.88000,0.00
,,, 0.03243599832,4.88000,0.00
,,, 0.03243999928,4.88000,0.00
,,, 0.03244400024,4.88000,0.00
,,, 0.03244800121,4.88000,0.00
,,, 0.03245199844,4.88000,0.00
,,, 0.03245599940,4.88000,0.00
,,, 0.03246000037,4.88000,0.00
,,, 0.03246400133,4.88000,0.00
,,, 0.03246799856,4.88000,0.00
,,, 0.03247199953,4.88000,0.00
,,, 0.03247600049,4.88000,0.00
,,, 0.03248000145,4.88000,0.00
,,, 0.03248399869,4.88000,0.00
,,, 0.03248799965,4.88000,0.00
,,, 0.03249200061,4.88000,0.00
,,, 0.03249600157,4.88000,0.00
,,, 0.03249999881,4.88000,0.00
,,, 0.03250399977,4.88000,0.00
,,, 0.03250800073,4.88000,0.00
,,, 0.03251200169,4.88000,0.08000
,,, 0.03251599893,4.88000,0.00
,,, 0.03251999989,4.88000,0.00
,,, 0.03252400085,4.96000,0.00
,,, 0.03252799809,4.88000,0.00
,,, 0.03253199905,4.88000,0.00
,,, 0.03253600001,4.88000,0.00
,,, 0.03254000098,4.80000,0.08000
,,, 0.03254399821,4.88000,0.00
,,, 0.03254799917,4.88000,0.00
,,, 0.03255200014,4.88000,0.00
,,, 0.03255600110,4.88000,0.00
,,, 0.03255999833,4.88000,0.00
,,, 0.03256399930,4.88000,0.00
,,, 0.03256800026,4.88000,0.00
,,, 0.03257200122,4.88000,0.08000
,,, 0.03257599846,4.88000,0.00
,,, 0.03257999942,4.88000,0.00
,,, 0.03258400038,4.88000,0.00
,,, 0.03258800134,4.88000,0.00
,,, 0.03259199858,4.88000,0.00
,,, 0.03259599954,4.88000,0.00
,,, 0.03260000050,4.88000,0.00
,,, 0.03260400146,4.88000,0.00
,,, 0.03260799870,4.88000,0.00
,,, 0.03261199966,4.88000,0.08000
,,, 0.03261600062,4.88000,0.00
,,, 0.03262000158,4.88000,0.00
,,, 0.03262399882,4.88000,0.08000
,,, 0.03262799978,4.88000,0.00
,,, 0.03263200074,4.88000,0.00
,,, 0.03263600171,4.88000,0.00
,,, 0.03263999894,4.88000,0.00
,,, 0.03264399990,4.88000,0.00
,,, 0.03264800087,4.88000,0.00
,,, 0.03265199810,4.88000,0.08000
,,, 0.03265599906,4.88000,0.00
,,, 0.03266000003,4.88000,0.00
,,, 0.03266400099,4.88000,0.00
,,, 0.03266799822,4.88000,0.00
,,, 0.03267199919,4.88000,0.08000
,,, 0.03267600015,4.88000,0.08000
,,, 0.03268000111,4.88000,0.08000
,,, 0.03268399835,4.88000,0.00
,,, 0.03268799931,4.88000,0.00
,,, 0.03269200027,4.88000,0.00
,,, 0.03269600123,4.88000,0.00
,,, 0.03269999847,4.88000,0.00
,,, 0.03270399943,4.88000,0.00
,,, 0.03270800039,4.88000,0.00
,,, 0.03271200135,4.80000,0.00
,,, 0.03271599859,4.88000,0.08000
,,, 0.03271999955,4.88000,0.00
,,, 0.03272400051,4.88000,0.00
,,, 0.03272800148,4.88000,0.00
,,, 0.03273199871,4.88000,0.00
,,, 0.03273599967,4.88000,0.00
,,, 0.03274000064,4.88000,0.00
,,, 0.03274400160,4.88000,0.00
,,, 0.03274799883,4.88000,0.00
,,, 0.03275199980,4.88000,0.00
,,, 0.03275600076,4.88000,0.00
,,, 0.03276000172,4.88000,0.00
,,, 0.03276399896,4.88000,0.00
,,, 0.03276799992,4.88000,0.00
,,, 0.03277200088,4.88000,0.00
,,, 0.03277599812,4.88000,0.00
,,, 0.03277999908,4.88000,0.00
,,, 0.03278400004,4.88000,0.00
,,, 0.03278800100,4.88000,0.00
,,, 0.03279199824,4.88000,0.00
,,, 0.03279599920,4.88000,0.00
,,, 0.03280000016,4.88000,0.00
,,, 0.03280400112,4.88000,0.00
,,, 0.03280799836,4.88000,0.00
,,, 0.03281199932,4.88000,0.00
,,, 0.03281600028,4.80000,0.00
,,, 0.03282000124,4.88000,0.00
,,, 0.03282399848,4.88000,0.08000
,,, 0.03282799944,4.88000,0.08000
,,, 0.03283200040,4.88000,0.00
,,, 0.03283600137,4.88000,0.00
,,, 0.03283999860,4.88000,0.00
,,, 0.03284399956,4.88000,0.00
,,, 0.03284800053,4.88000,0.00
,,, 0.03285200149,4.88000,0.00
,,, 0.03285599872,4.88000,0.00
,,, 0.03285999969,4.88000,0.00
,,, 0.03286400065,4.88000,0.00
,,, 0.03286800161,4.88000,0.08000
,,, 0.03287199885,4.88000,0.08000
,,, 0.03287599981,4.88000,0.00
,,, 0.03288000077,4.88000,0.00
,,, 0.03288400173,4.88000,0.00
,,, 0.03288799897,4.88000,0.08000
,,, 0.03289199993,4.88000,0.00
,,, 0.03289600089,4.88000,0.00
,,, 0.03289999813,4.88000,0.08000
,,, 0.03290399909,4.88000,0.00
,,, 0.03290800005,4.88000,0.00
,,, 0.03291200101,4.88000,0.00
,,, 0.03291599825,4.88000,0.00
,,, 0.03291999921,4.88000,0.00
,,, 0.03292400017,4.88000,0.00
,,, 0.03292800114,4.88000,0.00
,,, 0.03293199837,4.88000,0.00
,,, 0.03293599933,4.88000,0.00
,,, 0.03294000030,4.88000,0.00
,,, 0.03294400126,4.88000,0.00
,,, 0.03294799849,4.88000,0.00
,,, 0.03295199946,4.88000,0.00
,,, 0.03295600042,4.88000,0.00
,,, 0.03296000138,4.88000,0.00
,,, 0.03296399862,4.88000,0.00
,,, 0.03296799958,4.88000,0.00
,,, 0.03297200054,4.88000,0.00
,,, 0.03297600150,4.88000,0.08000
,,, 0.03297999874,4.88000,0.00
,,, 0.03298399970,4.88000,0.00
,,, 0.03298800066,4.88000,0.00
,,, 0.03299200162,4.88000,0.00
,,, 0.03299599886,4.88000,0.00
,,, 0.03299999982,4.88000,0.00
,,, 0.03300400078,4.88000,0.00
,,, 0.03300800174,4.88000,0.00
,,, 0.03301199898,4.88000,0.00
,,, 0.03301599994,4.88000,0.00
,,, 0.03302000090,4.88000,0.00
,,, 0.03302399814,4.88000,0.00
,,, 0.03302799910,4.88000,0.00
,,, 0.03303200006,4.88000,0.00
,,, 0.03303600103,4.88000,0.00
,,, 0.03303999826,4.80000,0.00
,,, 0.03304399922,4.88000,0.00
,,, 0.03304800019,4.88000,0.00
,,, 0.03305200115,4.88000,0.08000
,,, 0.03305599838,4.88000,0.00
,,, 0.03305999935,4.88000,0.00
,,, 0.03306400031,4.88000,0.00
,,, 0.03306800127,4.88000,0.00
,,, 0.03307199851,4.88000,0.00
,,, 0.03307599947,4.88000,0.00
,,, 0.03308000043,4.88000,0.00
,,, 0.03308400139,4.88000,0.00
,,, 0.03308799863,4.88000,0.00
,,, 0.03309199959,4.88000,0.00
,,, 0.03309600055,4.88000,0.00
,,, 0.03310000151,4.88000,0.00
,,, 0.03310399875,4.88000,0.00
,,, 0.03310799971,4.88000,0.00
,,, 0.03311200067,4.88000,0.00
,,, 0.03311600164,4.88000,0.00
,,, 0.03311999887,4.88000,0.00
,,, 0.03312399983,4.88000,0.00
,,, 0.03312800080,4.88000,0.00
,,, 0.03313200176,4.88000,0.00
,,, 0.03313599899,4.88000,0.08000
,,, 0.03313999996,4.88000,0.00
,,, 0.03314400092,4.88000,0.00
,,, 0.03314799815,4.88000,0.00
,,, 0.03315199912,4.88000,0.00
,,, 0.03315600008,4.88000,0.00
,,, 0.03316000104,4.88000,0.00
,,, 0.03316399828,4.88000,0.00
,,, 0.03316799924,4.88000,0.00
,,, 0.03317200020,4.88000,0.00
,,, 0.03317600116,4.88000,0.00
,,, 0.03317999840,4.88000,0.00
,,, 0.03318399936,4.88000,0.00
,,, 0.03318800032,4.88000,0.00
,,, 0.03319200128,4.88000,0.08000
,,, 0.03319599852,4.88000,0.00
,,, 0.03319999948,4.88000,0.00
,,, 0.03320400044,4.88000,0.00
,,, 0.03320800141,4.88000,0.00
,,, 0.03321199864,4.88000,0.00
,,, 0.03321599960,4.88000,0.00
,,, 0.03322000057,4.88000,0.00
,,, 0.03322400153,4.88000,0.00
,,, 0.03322799876,4.88000,0.00
,,, 0.03323199973,4.88000,0.00
,,, 0.03323600069,4.88000,0.00
,,, 0.03324000165,4.88000,0.00
,,, 0.03324399889,4.88000,0.00
,,, 0.03324799985,4.88000,0.00
,,, 0.03325200081,4.88000,0.00
,,, 0.03325600177,4.88000,0.00
,,, 0.03325999901,4.88000,0.00
,,, 0.03326399997,4.88000,0.00
,,, 0.03326800093,4.88000,0.08000
,,, 0.03327199817,4.88000,0.00
,,, 0.03327599913,4.88000,0.00
,,, 0.03328000009,4.88000,0.00
,,, 0.03328400105,4.88000,0.00
,,, 0.03328799829,4.88000,0.00
,,, 0.03329199925,4.88000,0.00
,,, 0.03329600021,4.88000,0.00
,,, 0.03330000117,4.88000,0.00
,,, 0.03330399841,4.88000,0.00
,,, 0.03330799937,4.88000,0.00
,,, 0.03331200033,4.88000,0.00
,,, 0.03331600130,4.88000,0.00
,,, 0.03331999853,4.88000,0.00
,,, 0.03332399949,4.88000,0.08000
,,, 0.03332800046,4.88000,0.00
,,, 0.03333200142,4.88000,0.00
,,, 0.03333599865,4.88000,0.00
,,, 0.03333999962,4.88000,0.00
,,, 0.03334400058,4.88000,0.00
,,, 0.03334800154,4.88000,0.00
,,, 0.03335199878,4.88000,0.00
,,, 0.03335599974,4.88000,0.00
,,, 0.03336000070,4.88000,0.00
,,, 0.03336400166,4.88000,0.00
,,, 0.03336799890,4.88000,0.00
,,, 0.03337199986,4.88000,0.00
,,, 0.03337600082,4.88000,0.00
,,, 0.03337999806,4.88000,0.00
,,, 0.03338399902,4.88000,0.00
,,, 0.03338799998,4.88000,0.08000
,,, 0.03339200094,4.88000,0.00
,,, 0.03339599818,4.88000,0.00
,,, 0.03339999914,4.88000,0.00
,,, 0.03340400010,4.88000,0.00
,,, 0.03340800107,4.88000,0.00
,,, 0.03341199830,4.88000,0.00
,,, 0.03341599926,4.88000,0.00
,,, 0.03342000023,4.88000,0.00
,,, 0.03342400119,4.88000,0.00
,,, 0.03342799842,4.88000,0.00
,,, 0.03343199939,4.88000,0.00
,,, 0.03343600035,4.88000,0.00
,,, 0.03344000131,4.88000,0.00
,,, 0.03344399855,4.88000,0.00
,,, 0.03344799951,4.88000,0.00
,,, 0.03345200047,4.88000,0.00
,,, 0.03345600143,4.88000,0.00
,,, 0.03345999867,4.88000,0.08000
,,, 0.03346399963,4.88000,0.00
,,, 0.03346800059,4.88000,0.00
,,, 0.03347200155,4.88000,0.00
,,, 0.03347599879,4.88000,0.00
,,, 0.03347999975,4.88000,0.08000
,,, 0.03348400071,4.88000,0.00
,,, 0.03348800167,4.88000,0.08000
,,, 0.03349199891,4.88000,0.00
,,, 0.03349599987,4.88000,0.00
,,, 0.03350000083,4.88000,0.00
,,, 0.03350399807,4.88000,0.00
,,, 0.03350799903,4.88000,0.00
,,, 0.03351199999,4.88000,0.00
,,, 0.03351600096,4.88000,0.08000
,,, 0.03351999819,4.88000,0.00
,,, 0.03352399915,4.88000,0.00
,,, 0.03352800012,4.88000,0.00
,,, 0.03353200108,4.88000,0.00
,,, 0.03353599831,4.88000,0.00
,,, 0.03353999928,4.88000,0.00
,,, 0.03354400024,4.88000,0.00
,,, 0.03354800120,4.88000,0.00
,,, 0.03355199844,4.88000,0.00
,,, 0.03355599940,4.88000,0.00
,,, 0.03356000036,4.88000,0.00
,,, 0.03356400132,4.88000,0.00
,,, 0.03356799856,4.88000,0.08000
,,, 0.03357199952,4.88000,0.00
,,, 0.03357600048,4.88000,0.00
,,, 0.03358000144,4.88000,0.00
,,, 0.03358399868,4.88000,0.08000
,,, 0.03358799964,4.88000,0.00
,,, 0.03359200060,4.88000,0.00
,,, 0.03359600157,4.88000,0.00
,,, 0.03359999880,4.88000,0.00
,,, 0.03360399976,4.88000,0.00
,,, 0.03360800073,4.88000,0.00
,,, 0.03361200169,4.88000,0.08000
,,, 0.03361599892,4.88000,0.00
,,, 0.03361999989,4.88000,0.00
,,, 0.03362400085,4.88000,0.00
,,, 0.03362799808,4.88000,0.00
,,, 0.03363199905,4.88000,0.00
,,, 0.03363600001,4.88000,0.00
,,, 0.03364000097,4.88000,0.00
,,, 0.03364399821,4.88000,0.08000
,,, 0.03364799917,4.88000,0.08000
,,, 0.03365200013,4.88000,0.00
,,, 0.03365600109,4.88000,0.00
,,, 0.03365999833,4.88000,0.00
,,, 0.03366399929,4.88000,-0.08000
,,, 0.03366800025,4.88000,0.00
,,, 0.03367200121,4.88000,0.08000
,,, 0.03367599845,4.88000,0.00
,,, 0.03367999941,4.88000,0.00
,,, 0.03368400037,4.88000,0.00
,,, 0.03368800133,4.88000,0.00
,,, 0.03369199857,4.88000,0.00
,,, 0.03369599953,4.88000,0.00
,,, 0.03370000049,4.88000,0.08000
,,, 0.03370400146,4.88000,0.00
,,, 0.03370799869,4.88000,0.00
,,, 0.03371199965,4.88000,0.00
,,, 0.03371600062,4.88000,0.00
,,, 0.03372000158,4.88000,0.00
,,, 0.03372399881,4.88000,0.00
,,, 0.03372799978,4.88000,0.00
,,, 0.03373200074,4.88000,0.08000
,,, 0.03373600170,4.88000,0.00
,,, 0.03373999894,4.88000,0.00
,,, 0.03374399990,4.88000,0.00
,,, 0.03374800086,4.88000,0.00
,,, 0.03375199810,4.88000,0.00
,,, 0.03375599906,4.88000,0.00
,,, 0.03376000002,4.88000,0.00
,,, 0.03376400098,4.88000,0.00
,,, 0.03376799822,4.88000,0.08000
,,, 0.03377199918,4.88000,0.08000
,,, 0.03377600014,4.88000,0.08000
,,, 0.03378000110,4.88000,0.00
,,, 0.03378399834,4.88000,0.00
,,, 0.03378799930,4.88000,0.00
,,, 0.03379200026,4.88000,0.08000
,,, 0.03379600123,4.88000,0.00
,,, 0.03379999846,4.88000,0.00
,,, 0.03380399942,4.88000,0.00
,,, 0.03380800039,4.88000,0.00
,,, 0.03381200135,4.88000,0.00
,,, 0.03381599858,4.88000,0.00
,,, 0.03381999955,4.88000,0.00
,,, 0.03382400051,4.88000,0.08000
,,, 0.03382800147,4.88000,0.00
,,, 0.03383199871,4.88000,0.00
,,, 0.03383599967,4.88000,0.00
,,, 0.03384000063,4.88000,0.00
,,, 0.03384400159,4.88000,0.00
,,, 0.03384799883,4.80000,0.00
,,, 0.03385199979,4.88000,0.00
,,, 0.03385600075,4.88000,0.00
,,, 0.03386000171,4.88000,0.00
,,, 0.03386399895,4.88000,0.00
,,, 0.03386799991,4.88000,0.00
,,, 0.03387200087,4.88000,0.00
,,, 0.03387599811,4.88000,0.00
,,, 0.03387999907,4.88000,0.00
,,, 0.03388400003,4.88000,0.08000
,,, 0.03388800099,4.88000,0.00
,,, 0.03389199823,4.88000,0.00
,,, 0.03389599919,4.88000,0.00
,,, 0.03390000015,4.88000,0.00
,,, 0.03390400112,4.88000,0.00
,,, 0.03390799835,4.88000,-0.08000
,,, 0.03391199932,4.88000,0.00
,,, 0.03391600028,4.88000,0.00
,,, 0.03392000124,4.88000,0.00
,,, 0.03392399848,4.88000,0.00
,,, 0.03392799944,4.88000,0.00
,,, 0.03393200040,4.88000,0.00
,,, 0.03393600136,4.88000,0.00
,,, 0.03393999860,4.88000,0.00
,,, 0.03394399956,4.88000,0.08000
,,, 0.03394800052,4.88000,0.00
,,, 0.03395200148,4.88000,0.00
,,, 0.03395599872,4.88000,0.00
,,, 0.03395999968,4.88000,0.00
,,, 0.03396400064,4.88000,0.00
,,, 0.03396800160,4.88000,0.00
,,, 0.03397199884,4.88000,0.00
,,, 0.03397599980,4.88000,0.00
,,, 0.03398000076,4.88000,0.00
,,, 0.03398400173,4.88000,0.00
,,, 0.03398799896,4.88000,0.00
,,, 0.03399199992,4.88000,0.00
,,, 0.03399600089,4.88000,0.00
,,, 0.03399999812,4.88000,0.00
,,, 0.03400399908,4.88000,0.00
,,, 0.03400800005,4.88000,0.00
,,, 0.03401200101,4.88000,0.00
,,, 0.03401599824,4.88000,0.08000
,,, 0.03401999921,4.88000,0.00
,,, 0.03402400017,4.88000,0.08000
,,, 0.03402800113,4.88000,0.00
,,, 0.03403199837,4.88000,0.00
,,, 0.03403599933,4.88000,0.00
,,, 0.03404000029,4.88000,0.00
,,, 0.03404400125,4.88000,0.08000
,,, 0.03404799849,4.88000,0.00
,,, 0.03405199945,4.88000,0.00
,,, 0.03405600041,4.88000,0.00
,,, 0.03406000137,4.88000,0.00
,,, 0.03406399861,4.88000,0.00
,,, 0.03406799957,4.88000,0.00
,,, 0.03407200053,4.88000,-0.08000
,,, 0.03407600150,4.88000,0.00
,,, 0.03407999873,4.88000,0.08000
,,, 0.03408399969,4.88000,0.00
,,, 0.03408800066,4.88000,0.00
,,, 0.03409200162,4.88000,0.08000
,,, 0.03409599885,4.88000,0.00
,,, 0.03409999982,4.88000,0.08000
,,, 0.03410400078,4.88000,0.08000
,,, 0.03410800174,4.88000,0.00
,,, 0.03411199898,4.88000,0.00
,,, 0.03411599994,4.88000,0.00
,,, 0.03412000090,4.88000,0.00
,,, 0.03412399814,4.88000,0.00
,,, 0.03412799910,4.88000,0.00
,,, 0.03413200006,4.88000,0.00
,,, 0.03413600102,4.88000,0.00
,,, 0.03413999826,4.88000,0.00
,,, 0.03414399922,4.88000,0.08000
,,, 0.03414800018,4.88000,0.00
,,, 0.03415200114,4.88000,0.00
,,, 0.03415599838,4.88000,0.00
,,, 0.03415999934,4.88000,0.08000
,,, 0.03416400030,4.88000,0.00
,,, 0.03416800126,4.88000,0.00
,,, 0.03417199850,4.88000,0.00
,,, 0.03417599946,4.88000,0.00
,,, 0.03418000042,4.88000,0.00
,,, 0.03418400139,4.88000,0.00
,,, 0.03418799862,4.88000,0.00
,,, 0.03419199958,4.88000,0.00
,,, 0.03419600055,4.88000,0.08000
,,, 0.03420000151,4.88000,0.08000
,,, 0.03420399874,4.88000,0.00
,,, 0.03420799971,4.88000,0.00
,,, 0.03421200067,4.88000,0.00
,,, 0.03421600163,4.88000,0.00
,,, 0.03421999887,4.88000,0.00
,,, 0.03422399983,4.88000,0.00
,,, 0.03422800079,4.88000,0.00
,,, 0.03423200175,4.88000,0.00
,,, 0.03423599899,4.88000,0.00
,,, 0.03423999995,4.88000,0.00
,,, 0.03424400091,4.88000,0.00
,,, 0.03424799815,4.88000,0.00
,,, 0.03425199911,4.88000,0.08000
,,, 0.03425600007,4.88000,0.00
,,, 0.03426000103,4.88000,0.00
,,, 0.03426399827,4.88000,0.08000
,,, 0.03426799923,4.88000,0.00
,,, 0.03427200019,4.88000,0.00
,,, 0.03427600116,4.88000,0.00
,,, 0.03427999839,4.88000,0.00
,,, 0.03428399935,4.88000,0.00
,,, 0.03428800032,4.88000,0.00
,,, 0.03429200128,4.88000,0.00
,,, 0.03429599851,4.88000,0.00
,,, 0.03429999948,4.88000,0.00
,,, 0.03430400044,4.88000,0.00
,,, 0.03430800140,4.88000,0.08000
,,, 0.03431199864,4.88000,0.00
,,, 0.03431599960,4.88000,0.00
,,, 0.03432000056,4.88000,0.00
,,, 0.03432400152,4.88000,0.00
,,, 0.03432799876,4.88000,0.00
,,, 0.03433199972,4.88000,0.00
,,, 0.03433600068,4.88000,0.08000
,,, 0.03434000164,4.88000,0.00
,,, 0.03434399888,4.88000,0.00
,,, 0.03434799984,4.88000,0.00
,,, 0.03435200080,4.88000,0.00
,,, 0.03435600176,4.88000,0.00
,,, 0.03435999900,4.88000,0.00
,,, 0.03436399996,4.88000,0.00
,,, 0.03436800092,4.88000,0.08000
,,, 0.03437199816,4.88000,0.00
,,, 0.03437599912,4.88000,0.08000
,,, 0.03438000008,4.88000,0.00
,,, 0.03438400105,4.88000,0.00
,,, 0.03438799828,4.88000,0.00
,,, 0.03439199924,4.88000,0.00
,,, 0.03439600021,4.88000,0.00
,,, 0.03440000117,4.88000,0.00
,,, 0.03440399840,4.88000,0.00
,,, 0.03440799937,4.88000,0.00
,,, 0.03441200033,4.88000,0.00
,,, 0.03441600129,4.88000,0.00
,,, 0.03441999853,4.88000,0.08000
,,, 0.03442399949,4.88000,0.00
,,, 0.03442800045,4.88000,0.00
,,, 0.03443200141,4.88000,0.00
,,, 0.03443599865,4.88000,0.00
,,, 0.03443999961,4.88000,0.00
,,, 0.03444400057,4.88000,0.00
,,, 0.03444800153,4.88000,0.00
,,, 0.03445199877,4.88000,0.08000
,,, 0.03445599973,4.88000,0.00
,,, 0.03446000069,4.88000,0.08000
,,, 0.03446400166,4.88000,0.00
,,, 0.03446799889,4.88000,0.08000
,,, 0.03447199985,4.88000,0.00
,,, 0.03447600082,4.88000,0.00
,,, 0.03447999805,4.88000,0.00
,,, 0.03448399901,4.88000,0.00
,,, 0.03448799998,4.88000,0.00
,,, 0.03449200094,4.88000,0.00
,,, 0.03449599817,4.88000,0.00
,,, 0.03449999914,4.88000,0.00
,,, 0.03450400010,4.88000,0.00
,,, 0.03450800106,4.88000,0.00
,,, 0.03451199830,4.88000,0.00
,,, 0.03451599926,4.88000,0.00
,,, 0.03452000022,4.88000,0.00
,,, 0.03452400118,4.88000,0.08000
,,, 0.03452799842,4.88000,0.00
,,, 0.03453199938,4.88000,0.00
,,, 0.03453600034,4.88000,0.00
,,, 0.03454000130,4.88000,0.00
,,, 0.03454399854,4.88000,0.00
,,, 0.03454799950,4.88000,0.00
,,, 0.03455200046,4.88000,0.00
,,, 0.03455600142,4.88000,0.00
,,, 0.03455999866,4.88000,0.00
,,, 0.03456399962,4.88000,0.00
,,, 0.03456800058,4.88000,0.00
,,, 0.03457200155,4.88000,0.08000
,,, 0.03457599878,4.88000,0.00
,,, 0.03457999974,4.88000,0.00
,,, 0.03458400071,4.88000,0.08000
,,, 0.03458800167,4.88000,0.00
,,, 0.03459199890,4.88000,0.00
,,, 0.03459599987,4.88000,0.00
,,, 0.03460000083,4.88000,0.00
,,, 0.03460399806,4.88000,0.00
,,, 0.03460799903,4.88000,0.00
,,, 0.03461199999,4.88000,0.00
,,, 0.03461600095,4.88000,0.00
,,, 0.03461999819,4.88000,0.00
,,, 0.03462399915,4.88000,0.00
,,, 0.03462800011,4.88000,0.00
,,, 0.03463200107,4.88000,0.00
,,, 0.03463599831,4.88000,0.00
,,, 0.03463999927,4.88000,0.00
,,, 0.03464400023,4.88000,0.00
,,, 0.03464800119,4.88000,0.00
,,, 0.03465199843,4.88000,0.00
,,, 0.03465599939,4.88000,0.08000
,,, 0.03466000035,4.88000,0.00
,,, 0.03466400132,4.88000,0.00
,,, 0.03466799855,4.88000,0.00
,,, 0.03467199951,4.88000,0.00
,,, 0.03467600048,4.88000,0.00
,,, 0.03468000144,4.88000,0.00
,,, 0.03468399867,4.88000,0.08000
,,, 0.03468799964,4.88000,0.00
,,, 0.03469200060,4.88000,0.00
,,, 0.03469600156,4.88000,0.00
,,, 0.03469999880,4.88000,0.08000
,,, 0.03470399976,4.88000,0.00
,,, 0.03470800072,4.88000,0.00
,,, 0.03471200168,4.88000,0.00
,,, 0.03471599892,4.88000,0.00
,,, 0.03471999988,4.88000,0.00
,,, 0.03472400084,4.88000,0.08000
,,, 0.03472799808,4.88000,0.00
,,, 0.03473199904,4.88000,0.00
,,, 0.03473600000,4.88000,0.00
,,, 0.03474000096,4.88000,0.00
,,, 0.03474399820,4.88000,0.00
,,, 0.03474799916,4.88000,0.00
,,, 0.03475200012,4.88000,0.00
,,, 0.03475600109,4.88000,0.00
,,, 0.03475999832,4.88000,0.00
,,, 0.03476399928,4.88000,0.00
,,, 0.03476800025,4.88000,0.00
,,, 0.03477200121,4.88000,-0.08000
,,, 0.03477599844,4.88000,0.00
,,, 0.03477999941,4.88000,0.00
,,, 0.03478400037,4.88000,0.08000
,,, 0.03478800133,4.88000,0.08000
,,, 0.03479199857,4.88000,0.00
,,, 0.03479599953,4.88000,0.00
,,, 0.03480000049,4.88000,0.00
,,, 0.03480400145,4.88000,0.00
,,, 0.03480799869,4.88000,0.00
,,, 0.03481199965,4.88000,0.08000
,,, 0.03481600061,4.88000,0.00
,,, 0.03482000157,4.88000,0.00
,,, 0.03482399881,4.88000,0.00
,,, 0.03482799977,4.88000,0.00
,,, 0.03483200073,4.88000,0.08000
,,, 0.03483600169,4.88000,0.00
,,, 0.03483999893,4.88000,0.00
,,, 0.03484399989,4.88000,0.00
,,, 0.03484800085,4.88000,0.00
,,, 0.03485199809,4.88000,0.08000
,,, 0.03485599905,4.80000,0.08000
,,, 0.03486000001,4.88000,0.00
,,, 0.03486400098,4.88000,0.00
,,, 0.03486799821,4.88000,0.08000
,,, 0.03487199917,4.88000,0.00
,,, 0.03487600014,4.88000,0.00
,,, 0.03488000110,4.88000,0.00
,,, 0.03488399833,4.88000,0.00
,,, 0.03488799930,4.88000,0.00
,,, 0.03489200026,4.88000,0.00
,,, 0.03489600122,4.88000,0.00
,,, 0.03489999846,4.88000,0.00
,,, 0.03490399942,4.88000,0.00
,,, 0.03490800038,4.88000,0.00
,,, 0.03491200134,4.88000,0.00
,,, 0.03491599858,4.88000,0.00
,,, 0.03491999954,4.88000,0.08000
,,, 0.03492400050,4.88000,0.00
,,, 0.03492800146,4.88000,0.00
,,, 0.03493199870,4.88000,0.00
,,, 0.03493599966,4.88000,0.00
,,, 0.03494000062,4.88000,0.00
,,, 0.03494400159,4.88000,0.00
,,, 0.03494799882,4.88000,0.00
,,, 0.03495199978,4.88000,0.00
,,, 0.03495600075,4.88000,0.00
,,, 0.03496000171,4.88000,0.08000
,,, 0.03496399894,4.88000,0.00
,,, 0.03496799991,4.88000,0.00
,,, 0.03497200087,4.88000,0.00
,,, 0.03497599810,4.88000,0.08000
,,, 0.03497999907,4.88000,0.00
,,, 0.03498400003,4.88000,0.00
,,, 0.03498800099,4.88000,0.00
,,, 0.03499199823,4.88000,0.00
,,, 0.03499599919,4.88000,0.00
,,, 0.03500000015,4.88000,0.00
,,, 0.03500400111,4.88000,0.08000
,,, 0.03500799835,4.88000,0.08000
,,, 0.03501199931,4.88000,0.00
,,, 0.03501600027,4.88000,0.00
,,, 0.03502000123,4.88000,0.00
,,, 0.03502399847,4.88000,0.00
,,, 0.03502799943,4.88000,0.00
,,, 0.03503200039,4.88000,0.00
,,, 0.03503600135,4.88000,0.00
,,, 0.03503999859,4.88000,0.08000
,,, 0.03504399955,4.88000,0.00
,,, 0.03504800051,4.88000,0.00
,,, 0.03505200148,4.88000,0.08000
,,, 0.03505599871,4.88000,0.00
,,, 0.03505999967,4.88000,0.00
,,, 0.03506400064,4.88000,0.00
,,, 0.03506800160,4.88000,0.00
,,, 0.03507199883,4.88000,0.00
,,, 0.03507599980,4.88000,0.00
,,, 0.03508000076,4.88000,0.00
,,, 0.03508400172,4.88000,0.00
,,, 0.03508799896,4.88000,0.08000
,,, 0.03509199992,4.88000,0.00
,,, 0.03509600088,4.88000,0.08000
,,, 0.03509999812,4.88000,0.00
,,, 0.03510399908,4.88000,0.00
,,, 0.03510800004,4.88000,0.00
,,, 0.03511200100,4.88000,0.00
,,, 0.03511599824,4.88000,0.00
,,, 0.03511999920,4.88000,0.00
,,, 0.03512400016,4.88000,0.00
,,, 0.03512800112,4.88000,0.00
,,, 0.03513199836,4.88000,0.00
,,, 0.03513599932,4.88000,0.00
,,, 0.03514000028,4.88000,0.00
,,, 0.03514400125,4.88000,0.00
,,, 0.03514799848,4.88000,0.00
,,, 0.03515199944,4.88000,0.00
,,, 0.03515600041,4.88000,0.00
,,, 0.03516000137,4.88000,0.00
,,, 0.03516399860,4.88000,0.00
,,, 0.03516799957,4.88000,0.00
,,, 0.03517200053,4.88000,0.00
,,, 0.03517600149,4.88000,0.00
,,, 0.03517999873,4.88000,0.00
,,, 0.03518399969,4.88000,0.00
,,, 0.03518800065,4.88000,0.00
,,, 0.03519200161,4.88000,0.00
,,, 0.03519599885,4.88000,0.00
,,, 0.03519999981,4.88000,0.00
,,, 0.03520400077,4.88000,0.00
,,, 0.03520800173,4.88000,0.00
,,, 0.03521199897,4.88000,0.00
,,, 0.03521599993,4.88000,0.00
,,, 0.03522000089,4.88000,0.08000
,,, 0.03522399813,4.88000,0.00
,,, 0.03522799909,4.88000,0.00
,,, 0.03523200005,4.88000,0.00
,,, 0.03523600101,4.88000,0.00
,,, 0.03523999825,4.88000,0.00
,,, 0.03524399921,4.88000,0.00
,,, 0.03524800017,4.88000,0.00
,,, 0.03525200114,4.88000,0.00
,,, 0.03525599837,4.88000,-0.08000
,,, 0.03525999933,4.88000,0.00
,,, 0.03526400030,4.88000,0.00
,,, 0.03526800126,4.88000,0.00
,,, 0.03527199849,4.88000,0.00
,,, 0.03527599946,4.88000,0.08000
,,, 0.03528000042,4.88000,0.00
,,, 0.03528400138,4.88000,0.00
,,, 0.03528799862,4.88000,0.00
,,, 0.03529199958,4.88000,0.00
,,, 0.03529600054,4.88000,0.08000
,,, 0.03530000150,4.88000,0.00
,,, 0.03530399874,4.88000,0.08000
,,, 0.03530799970,4.88000,0.00
,,, 0.03531200066,4.88000,0.00
,,, 0.03531600162,4.88000,0.08000
,,, 0.03531999886,4.88000,0.08000
,,, 0.03532399982,4.88000,0.00
,,, 0.03532800078,4.88000,0.00
,,, 0.03533200175,4.88000,0.00
,,, 0.03533599898,4.88000,0.00
,,, 0.03533999994,4.88000,0.00
,,, 0.03534400091,4.88000,0.00
,,, 0.03534799814,4.88000,0.00
,,, 0.03535199910,4.88000,0.00
,,, 0.03535600007,4.88000,0.00
,,, 0.03536000103,4.88000,0.00
,,, 0.03536399826,4.88000,0.00
,,, 0.03536799923,4.88000,0.00
,,, 0.03537200019,4.88000,0.00
,,, 0.03537600115,4.88000,0.00
,,, 0.03537999839,4.88000,0.08000
,,, 0.03538399935,4.88000,0.00
,,, 0.03538800031,4.88000,0.00
,,, 0.03539200127,4.88000,0.00
,,, 0.03539599851,4.88000,0.00
,,, 0.03539999947,4.88000,0.00
,,, 0.03540400043,4.88000,0.08000
,,, 0.03540800139,4.88000,0.00
,,, 0.03541199863,4.88000,0.00
,,, 0.03541599959,4.88000,0.00
,,, 0.03542000055,4.88000,0.00
,,, 0.03542400151,4.88000,0.00
,,, 0.03542799875,4.88000,0.00
,,, 0.03543199971,4.88000,0.00
,,, 0.03543600067,4.88000,0.00
,,, 0.03544000164,4.88000,0.00
,,, 0.03544399887,4.88000,0.08000
,,, 0.03544799984,4.88000,0.00
,,, 0.03545200080,4.88000,0.00
,,, 0.03545600176,4.88000,0.00
,,, 0.03545999900,4.88000,0.00
,,, 0.03546399996,4.88000,0.00
,,, 0.03546800092,4.88000,0.00
,,, 0.03547199816,4.88000,0.08000
,,, 0.03547599912,4.88000,0.00
,,, 0.03548000008,4.88000,0.00
,,, 0.03548400104,4.88000,-0.08000
,,, 0.03548799828,4.88000,0.00
,,, 0.03549199924,4.88000,0.00
,,, 0.03549600020,4.88000,0.00
,,, 0.03550000116,4.88000,0.00
,,, 0.03550399840,4.88000,0.00
,,, 0.03550799936,4.88000,0.00
,,, 0.03551200032,4.88000,0.08000
,,, 0.03551600128,4.88000,0.00
,,, 0.03551999852,4.88000,0.00
,,, 0.03552399948,4.88000,0.00
,,, 0.03552800044,4.88000,0.00
,,, 0.03553200141,4.88000,0.00
,,, 0.03553599864,4.88000,0.00
,,, 0.03553999960,4.88000,0.00
,,, 0.03554400057,4.88000,0.08000
,,, 0.03554800153,4.88000,0.00
,,, 0.03555199876,4.88000,0.00
,,, 0.03555599973,4.80000,0.00
,,, 0.03556000069,4.88000,0.00
,,, 0.03556400165,4.88000,0.00
,,, 0.03556799889,4.88000,0.00
,,, 0.03557199985,4.88000,0.00
,,, 0.03557600081,4.88000,0.00
,,, 0.03558000177,4.88000,0.00
,,, 0.03558399901,4.88000,0.00
,,, 0.03558799997,4.88000,0.00
,,, 0.03559200093,4.88000,-0.08000
,,, 0.03559599817,4.88000,0.00
,,, 0.03559999913,4.88000,0.00
,,, 0.03560400009,4.88000,0.00
,,, 0.03560800105,4.88000,0.00
,,, 0.03561199829,4.88000,0.00
,,, 0.03561599925,4.88000,0.00
,,, 0.03562000021,4.88000,0.00
,,, 0.03562400118,4.88000,0.00
,,, 0.03562799841,4.88000,0.00
,,, 0.03563199937,4.88000,0.00
,,, 0.03563600034,4.88000,0.00
,,, 0.03564000130,4.88000,0.00
,,, 0.03564399853,4.88000,0.00
,,, 0.03564799950,4.88000,0.00
,,, 0.03565200046,4.88000,0.00
,,, 0.03565600142,4.88000,0.00
,,, 0.03565999866,4.88000,0.00
,,, 0.03566399962,4.88000,0.00
,,, 0.03566800058,4.88000,0.00
,,, 0.03567200154,4.88000,-0.08000
,,, 0.03567599878,4.88000,0.00
,,, 0.03567999974,4.88000,0.00
,,, 0.03568400070,4.88000,0.00
,,, 0.03568800166,4.88000,0.00
,,, 0.03569199890,4.88000,0.00
,,, 0.03569599986,4.88000,0.00
,,, 0.03570000082,4.88000,0.00
,,, 0.03570399806,4.88000,0.00
,,, 0.03570799902,4.88000,0.00
,,, 0.03571199998,4.88000,0.08000
,,, 0.03571600094,4.88000,0.00
,,, 0.03571999818,4.88000,0.00
,,, 0.03572399914,4.88000,0.00
,,, 0.03572800010,4.88000,0.00
,,, 0.03573200107,4.88000,0.00
,,, 0.03573599830,4.88000,0.00
,,, 0.03573999926,4.88000,0.00
,,, 0.03574400023,4.88000,0.00
,,, 0.03574800119,4.88000,0.00
,,, 0.03575199842,4.88000,0.00
,,, 0.03575599939,4.88000,0.00
,,, 0.03576000035,4.88000,0.00
,,, 0.03576400131,4.88000,0.00
,,, 0.03576799855,4.88000,0.00
,,, 0.03577199951,4.88000,0.00
,,, 0.03577600047,4.88000,0.08000
,,, 0.03578000143,4.88000,0.00
,,, 0.03578399867,4.88000,0.00
,,, 0.03578799963,4.88000,0.08000
,,, 0.03579200059,4.88000,0.00
,,, 0.03579600155,4.88000,0.00
,,, 0.03579999879,4.88000,0.00
,,, 0.03580399975,4.88000,0.00
,,, 0.03580800071,4.88000,0.00
,,, 0.03581200168,4.88000,0.08000
,,, 0.03581599891,4.88000,0.00
,,, 0.03581999987,4.88000,0.00
,,, 0.03582400084,4.88000,0.00
,,, 0.03582799807,4.88000,0.00
,,, 0.03583199903,4.88000,0.00
,,, 0.03583600000,4.88000,0.00
,,, 0.03584000096,4.88000,0.00
,,, 0.03584399819,4.88000,0.00
,,, 0.03584799916,4.88000,0.00
,,, 0.03585200012,4.88000,0.00
,,, 0.03585600108,4.88000,0.00
,,, 0.03585999832,4.88000,0.00
,,, 0.03586399928,4.88000,0.00
,,, 0.03586800024,4.88000,0.00
,,, 0.03587200120,4.88000,0.00
,,, 0.03587599844,4.88000,0.00
,,, 0.03587999940,4.88000,0.00
,,, 0.03588400036,4.88000,0.00
,,, 0.03588800132,4.88000,0.00
,,, 0.03589199856,4.88000,0.08000
,,, 0.03589599952,4.88000,0.08000
,,, 0.03590000048,4.88000,0.00
,,, 0.03590400144,4.88000,0.00
,,, 0.03590799868,4.88000,0.00
,,, 0.03591199964,4.88000,0.00
,,, 0.03591600060,4.88000,0.00
,,, 0.03592000157,4.88000,0.00
,,, 0.03592399880,4.88000,0.00
,,, 0.03592799976,4.88000,0.00
,,, 0.03593200073,4.88000,0.00
,,, 0.03593600169,4.88000,0.00
,,, 0.03593999892,4.88000,0.00
,,, 0.03594399989,4.88000,0.00
,,, 0.03594800085,4.88000,0.00
,,, 0.03595199808,4.88000,0.00
,,, 0.03595599905,4.88000,0.08000
,,, 0.03596000001,4.88000,0.00
,,, 0.03596400097,4.88000,0.00
,,, 0.03596799821,4.88000,0.00
,,, 0.03597199917,4.88000,0.00
,,, 0.03597600013,4.88000,0.00
,,, 0.03598000109,4.88000,0.00
,,, 0.03598399833,4.88000,0.00
,,, 0.03598799929,4.88000,0.00
,,, 0.03599200025,4.88000,0.00
,,, 0.03599600121,4.88000,0.00
,,, 0.03599999845,4.88000,0.00
,,, 0.03600399941,4.88000,0.00
,,, 0.03600800037,4.88000,0.00
,,, 0.03601200134,4.88000,0.00
,,, 0.03601599857,4.88000,0.00
,,, 0.03601999953,4.88000,0.00
,,, 0.03602400050,4.88000,0.00
,,, 0.03602800146,4.88000,0.00
,,, 0.03603199869,4.88000,0.00
,,, 0.03603599966,4.88000,0.00
,,, 0.03604000062,4.88000,0.00
,,, 0.03604400158,4.88000,0.00
,,, 0.03604799882,4.88000,0.00
,,, 0.03605199978,4.88000,0.08000
,,, 0.03605600074,4.88000,0.00
,,, 0.03606000170,4.88000,0.00
,,, 0.03606399894,4.88000,0.00
,,, 0.03606799990,4.88000,0.00
,,, 0.03607200086,4.88000,0.00
,,, 0.03607599810,4.88000,0.00
,,, 0.03607999906,4.88000,0.00
,,, 0.03608400002,4.88000,0.00
,,, 0.03608800098,4.88000,-0.08000
,,, 0.03609199822,4.88000,0.00
,,, 0.03609599918,4.88000,0.00
,,, 0.03610000014,4.88000,0.00
,,, 0.03610400110,4.88000,0.00
,,, 0.03610799834,4.88000,0.00
,,, 0.03611199930,4.88000,0.00
,,, 0.03611600026,4.88000,0.00
,,, 0.03612000123,4.88000,0.00
,,, 0.03612399846,4.88000,0.00
,,, 0.03612799942,4.88000,-0.08000
,,, 0.03613200039,4.88000,0.00
,,, 0.03613600135,4.88000,0.00
,,, 0.03613999858,4.88000,0.00
,,, 0.03614399955,4.88000,0.00
,,, 0.03614800051,4.88000,0.08000
,,, 0.03615200147,4.88000,0.00
,,, 0.03615599871,4.88000,0.00
,,, 0.03615999967,4.88000,0.00
,,, 0.03616400063,4.88000,0.00
,,, 0.03616800159,4.88000,0.00
,,, 0.03617199883,4.88000,0.00
,,, 0.03617599979,4.88000,0.08000
,,, 0.03618000075,4.88000,0.00
,,, 0.03618400171,4.88000,0.00
,,, 0.03618799895,4.88000,0.00
,,, 0.03619199991,4.88000,0.00
,,, 0.03619600087,4.88000,0.00
,,, 0.03619999811,4.88000,0.00
,,, 0.03620399907,4.88000,0.00
,,, 0.03620800003,4.88000,0.00
,,, 0.03621200100,4.88000,0.00
,,, 0.03621599823,4.88000,0.00
,,, 0.03621999919,4.88000,0.00
,,, 0.03622400016,4.88000,0.00
,,, 0.03622800112,4.88000,0.00
,,, 0.03623199835,4.88000,0.08000
,,, 0.03623599932,4.88000,0.00
,,, 0.03624000028,4.88000,0.00
,,, 0.03624400124,4.88000,0.00
,,, 0.03624799848,4.88000,0.00
,,, 0.03625199944,4.88000,0.00
,,, 0.03625600040,4.88000,0.00
,,, 0.03626000136,4.88000,0.08000
,,, 0.03626399860,4.88000,0.00
,,, 0.03626799956,4.88000,0.00
,,, 0.03627200052,4.88000,0.00
,,, 0.03627600148,4.88000,0.00
,,, 0.03627999872,4.88000,0.00
,,, 0.03628399968,4.88000,0.00
,,, 0.03628800064,4.88000,0.00
,,, 0.03629200161,4.88000,0.00
,,, 0.03629599884,4.88000,0.00
,,, 0.03629999980,4.88000,0.00
,,, 0.03630400077,4.88000,0.00
,,, 0.03630800173,4.88000,0.00
,,, 0.03631199896,4.88000,0.00
,,, 0.03631599993,4.88000,0.00
,,, 0.03632000089,4.88000,0.00
,,, 0.03632399812,4.88000,0.00
,,, 0.03632799909,4.88000,0.00
,,, 0.03633200005,4.88000,0.00
,,, 0.03633600101,4.88000,0.00
,,, 0.03633999825,4.88000,0.00
,,, 0.03634399921,4.88000,0.08000
,,, 0.03634800017,4.88000,0.00
,,, 0.03635200113,4.88000,0.00
,,, 0.03635599837,4.88000,0.00
,,, 0.03635999933,4.80000,0.00
,,, 0.03636400029,4.88000,0.08000
,,, 0.03636800125,4.88000,0.00
,,, 0.03637199849,4.88000,0.08000
,,, 0.03637599945,4.88000,0.00
,,, 0.03638000041,4.88000,0.00
,,, 0.03638400137,4.88000,0.00
,,, 0.03638799861,4.88000,0.00
,,, 0.03639199957,4.88000,0.00
,,, 0.03639600053,4.88000,0.00
,,, 0.03640000150,4.88000,0.00
,,, 0.03640399873,4.88000,0.00
,,, 0.03640799969,4.88000,0.00
,,, 0.03641200066,4.88000,0.00
,,, 0.03641600162,4.88000,0.00
,,, 0.03641999885,4.88000,0.08000
,,, 0.03642399982,4.88000,0.00
,,, 0.03642800078,4.88000,0.00
,,, 0.03643200174,4.88000,0.00
,,, 0.03643599898,4.88000,0.00
,,, 0.03643999994,4.88000,0.00
,,, 0.03644400090,4.88000,0.00
,,, 0.03644799814,4.88000,0.00
,,, 0.03645199910,4.88000,0.00
,,, 0.03645600006,4.88000,0.00
,,, 0.03646000102,4.88000,0.00
,,, 0.03646399826,4.88000,0.00
,,, 0.03646799922,4.88000,0.00
,,, 0.03647200018,4.80000,0.00
,,, 0.03647600114,4.88000,0.00
,,, 0.03647999838,4.88000,0.00
,,, 0.03648399934,4.80000,0.00
,,, 0.03648800030,4.88000,0.00
,,, 0.03649200127,4.88000,0.00
,,, 0.03649599850,4.88000,0.00
,,, 0.03649999946,4.88000,0.00
,,, 0.03650400043,4.88000,0.00
,,, 0.03650800139,4.88000,0.00
,,, 0.03651199862,4.88000,0.00
,,, 0.03651599959,4.88000,0.00
,,, 0.03652000055,4.88000,0.00
,,, 0.03652400151,4.88000,0.00
,,, 0.03652799875,4.88000,0.00
,,, 0.03653199971,4.88000,0.00
,,, 0.03653600067,4.88000,0.00
,,, 0.03654000163,4.88000,0.00
,,, 0.03654399887,4.88000,0.00
,,, 0.03654799983,4.88000,0.00
,,, 0.03655200079,4.88000,0.00
,,, 0.03655600175,4.88000,0.00
,,, 0.03655999899,4.88000,0.00
,,, 0.03656399995,4.88000,0.00
,,, 0.03656800091,4.88000,0.00
,,, 0.03657199815,4.88000,0.00
,,, 0.03657599911,4.88000,0.08000
,,, 0.03658000007,4.88000,0.00
,,, 0.03658400103,4.88000,0.00
,,, 0.03658799827,4.88000,0.00
,,, 0.03659199923,4.88000,0.08000
,,, 0.03659600019,4.88000,0.00
,,, 0.03660000116,4.88000,0.00
,,, 0.03660399839,4.88000,0.00
,,, 0.03660799935,4.88000,0.00
,,, 0.03661200032,4.88000,0.00
,,, 0.03661600128,4.88000,0.08000
,,, 0.03661999851,4.88000,0.00
,,, 0.03662399948,4.88000,0.00
,,, 0.03662800044,4.88000,-0.08000
,,, 0.03663200140,4.88000,0.00
,,, 0.03663599864,4.88000,0.00
,,, 0.03663999960,4.88000,0.00
,,, 0.03664400056,4.88000,0.00
,,, 0.03664800152,4.88000,0.00
,,, 0.03665199876,4.88000,0.00
,,, 0.03665599972,4.88000,0.08000
,,, 0.03666000068,4.88000,0.00
,,, 0.03666400164,4.88000,0.08000
,,, 0.03666799888,4.88000,0.00
,,, 0.03667199984,4.88000,-0.08000
,,, 0.03667600080,4.88000,0.00
,,, 0.03668000177,4.88000,0.00
,,, 0.03668399900,4.88000,0.00
,,, 0.03668799996,4.88000,0.00
,,, 0.03669200093,4.88000,0.00
,,, 0.03669599816,4.88000,0.00
,,, 0.03669999912,4.88000,0.00
,,, 0.03670400009,4.88000,0.00
,,, 0.03670800105,4.88000,0.00
,,, 0.03671199828,4.88000,0.00
,,, 0.03671599925,4.88000,0.00
,,, 0.03672000021,4.88000,0.00
,,, 0.03672400117,4.88000,0.00
,,, 0.03672799841,4.88000,0.00
,,, 0.03673199937,4.88000,0.00
,,, 0.03673600033,4.88000,0.00
,,, 0.03674000129,4.88000,0.00
,,, 0.03674399853,4.88000,0.00
,,, 0.03674799949,4.88000,0.00
,,, 0.03675200045,4.88000,0.00
,,, 0.03675600141,4.88000,0.00
,,, 0.03675999865,4.88000,0.00
,,, 0.03676399961,4.88000,0.00
,,, 0.03676800057,4.88000,0.00
,,, 0.03677200153,4.88000,0.00
,,, 0.03677599877,4.88000,0.08000
,,, 0.03677999973,4.88000,0.00
,,, 0.03678400069,4.88000,0.00
,,, 0.03678800166,4.88000,0.00
,,, 0.03679199889,4.88000,0.00
,,, 0.03679599985,4.88000,0.00
,,, 0.03680000082,4.88000,0.00
,,, 0.03680399805,4.88000,0.00
,,, 0.03680799901,4.88000,0.00
,,, 0.03681199998,4.88000,0.00
,,, 0.03681600094,4.88000,0.00
,,, 0.03681999817,4.88000,0.00
,,, 0.03682399914,4.88000,0.00
,,, 0.03682800010,4.88000,0.08000
,,, 0.03683200106,4.88000,0.08000
,,, 0.03683599830,4.88000,0.00
,,, 0.03683999926,4.88000,0.00
,,, 0.03684400022,4.88000,0.00
,,, 0.03684800118,4.88000,0.00
,,, 0.03685199842,4.88000,0.00
,,, 0.03685599938,4.88000,0.00
,,, 0.03686000034,4.88000,0.00
,,, 0.03686400130,4.88000,0.00
,,, 0.03686799854,4.88000,0.00
,,, 0.03687199950,4.88000,0.00
,,, 0.03687600046,4.88000,0.00
,,, 0.03688000143,4.88000,0.00
,,, 0.03688399866,4.88000,0.00
,,, 0.03688799962,4.88000,0.00
,,, 0.03689200059,4.88000,0.08000
,,, 0.03689600155,4.88000,0.00
,,, 0.03689999878,4.88000,0.00
,,, 0.03690399975,4.88000,0.08000
,,, 0.03690800071,4.88000,0.00
,,, 0.03691200167,4.88000,0.08000
,,, 0.03691599891,4.88000,0.00
,,, 0.03691999987,4.88000,0.00
,,, 0.03692400083,4.88000,0.00
,,, 0.03692799807,4.88000,0.00
,,, 0.03693199903,4.88000,0.00
,,, 0.03693599999,4.88000,0.08000
,,, 0.03694000095,4.80000,0.00
,,, 0.03694399819,4.80000,0.00
,,, 0.03694799915,4.88000,4.80000
,,, 0.03695200011,4.80000,4.72000
,,, 0.03695600107,4.80000,4.72000
,,, 0.03695999831,4.88000,1.12000
,,, 0.03696399927,4.88000,0.48000
,,, 0.03696800023,4.88000,0.32000
,,, 0.03697200119,4.88000,0.24000
,,, 0.03697599843,4.88000,0.16000
,,, 0.03697999939,4.88000,0.08000
,,, 0.03698400036,4.88000,0.08000
,,, 0.03698800132,4.88000,0.00
,,, 0.03699199855,4.88000,0.08000
,,, 0.03699599952,4.88000,0.00
,,, 0.03700000048,4.88000,4.88000
,,, 0.03700400144,4.88000,4.72000
,,, 0.03700799868,4.88000,4.80000
,,, 0.03701199964,4.88000,0.56000
,,, 0.03701600060,4.88000,0.40000
,,, 0.03702000156,4.88000,0.24000
,,, 0.03702399880,4.88000,0.16000
,,, 0.03702799976,4.88000,0.08000
,,, 0.03703200072,4.88000,0.08000
,,, 0.03703600168,4.88000,0.08000
,,, 0.03703999892,4.88000,0.08000
,,, 0.03704399988,4.88000,0.00
,,, 0.03704800084,4.88000,4.88000
,,, 0.03705199808,4.88000,4.80000
,,, 0.03705599904,4.88000,4.72000
,,, 0.03706000000,4.88000,0.96000
,,, 0.03706400096,4.88000,0.48000
,,, 0.03706799820,4.88000,0.24000
,,, 0.03707199916,4.88000,0.16000
,,, 0.03707600012,4.88000,0.16000
,,, 0.03708000109,4.88000,0.08000
,,, 0.03708399832,4.88000,0.08000
,,, 0.03708799928,4.88000,0.08000
,,, 0.03709200025,4.88000,0.00
,,, 0.03709600121,4.88000,0.00
,,, 0.03709999844,4.88000,4.80000
,,, 0.03710399941,4.88000,4.80000
,,, 0.03710800037,4.88000,4.80000
,,, 0.03711200133,4.88000,0.56000
,,, 0.03711599857,4.88000,0.40000
,,, 0.03711999953,4.88000,0.24000
,,, 0.03712400049,4.88000,0.16000
,,, 0.03712800145,4.88000,0.08000
,,, 0.03713199869,4.88000,0.08000
,,, 0.03713599965,4.88000,0.08000
,,, 0.03714000061,4.88000,0.08000
,,, 0.03714400157,4.88000,0.08000
,,, 0.03714799881,4.88000,4.80000
,,, 0.03715199977,4.88000,4.80000
,,, 0.03715600073,4.88000,4.80000
,,, 0.03716000170,4.88000,1.12000
,,, 0.03716399893,4.88000,0.48000
,,, 0.03716799989,4.88000,0.32000
,,, 0.03717200086,4.88000,0.16000
,,, 0.03717599809,4.88000,0.16000
,,, 0.03717999905,4.88000,0.08000
,,, 0.03718400002,4.88000,0.08000
,,, 0.03718800098,4.88000,0.08000
,,, 0.03719199821,4.88000,0.08000
,,, 0.03719599918,4.88000,0.08000
,,, 0.03720000014,4.88000,4.80000
,,, 0.03720400110,4.88000,4.80000
,,, 0.03720799834,4.88000,4.80000
,,, 0.03721199930,4.88000,0.56000
,,, 0.03721600026,4.88000,0.40000
,,, 0.03722000122,4.88000,0.24000
,,, 0.03722399846,4.80000,0.16000
,,, 0.03722799942,4.88000,0.08000
,,, 0.03723200038,4.88000,0.08000
,,, 0.03723600134,4.88000,0.00
,,, 0.03723999858,4.88000,0.08000
,,, 0.03724399954,4.88000,0.08000
,,, 0.03724800050,4.88000,4.88000
,,, 0.03725200146,4.88000,4.80000
,,, 0.03725599870,4.88000,4.72000
,,, 0.03725999966,4.88000,1.04000
,,, 0.03726400062,4.88000,0.48000
,,, 0.03726800159,4.88000,0.24000
,,, 0.03727199882,4.88000,0.24000
,,, 0.03727599978,4.88000,0.16000
,,, 0.03728000075,4.88000,0.08000
,,, 0.03728400171,4.88000,0.08000
,,, 0.03728799894,4.88000,0.08000
,,, 0.03729199991,4.88000,0.08000
,,, 0.03729600087,4.88000,0.08000
,,, 0.03729999810,4.88000,4.88000
,,, 0.03730399907,4.88000,4.72000
,,, 0.03730800003,4.88000,4.80000
,,, 0.03731200099,4.88000,0.56000
,,, 0.03731599823,4.88000,0.40000
,,, 0.03731999919,4.88000,0.24000
,,, 0.03732400015,4.88000,0.16000
,,, 0.03732800111,4.88000,0.08000
,,, 0.03733199835,4.88000,0.08000
,,, 0.03733599931,4.88000,0.08000
,,, 0.03734000027,4.88000,0.08000
,,, 0.03734400123,4.88000,0.08000
,,, 0.03734799847,4.88000,4.88000
,,, 0.03735199943,4.88000,4.80000
,,, 0.03735600039,4.88000,4.80000
,,, 0.03736000136,4.88000,1.52000
,,, 0.03736399859,4.88000,0.48000
,,, 0.03736799955,4.88000,0.32000
,,, 0.03737200052,4.88000,0.24000
,,, 0.03737600148,4.88000,0.16000
,,, 0.03737999871,4.88000,0.08000
,,, 0.03738399968,4.88000,0.08000
,,, 0.03738800064,4.88000,0.08000
,,, 0.03739200160,4.88000,0.00
,,, 0.03739599884,4.88000,0.08000
,,, 0.03739999980,4.88000,4.80000
,,, 0.03740400076,4.88000,4.80000
,,, 0.03740800172,4.88000,4.80000
,,, 0.03741199896,4.88000,0.56000
,,, 0.03741599992,4.88000,0.40000
,,, 0.03742000088,4.88000,0.24000
,,, 0.03742399812,4.88000,0.16000
,,, 0.03742799908,4.88000,0.08000
,,, 0.03743200004,4.88000,0.08000
,,, 0.03743600100,4.88000,0.08000
,,, 0.03743999824,4.88000,0.00
,,, 0.03744399920,4.88000,0.08000
,,, 0.03744800016,4.88000,4.80000
,,, 0.03745200112,4.88000,4.80000
,,, 0.03745599836,4.88000,4.72000
,,, 0.03745999932,4.88000,1.20000
,,, 0.03746400028,4.88000,0.48000
,,, 0.03746800125,4.88000,0.32000
,,, 0.03747199848,4.88000,0.24000
,,, 0.03747599944,4.88000,0.16000
,,, 0.03748000041,4.88000,0.08000
,,, 0.03748400137,4.88000,0.08000
,,, 0.03748799860,4.88000,0.08000
,,, 0.03749199957,4.88000,0.08000
,,, 0.03749600053,4.88000,0.08000
,,, 0.03750000149,4.88000,4.80000
,,, 0.03750399873,4.88000,4.72000
,,, 0.03750799969,4.88000,4.80000
,,, 0.03751200065,4.88000,0.56000
,,, 0.03751600161,4.88000,0.40000
,,, 0.03751999885,4.88000,0.24000
,,, 0.03752399981,4.88000,0.16000
,,, 0.03752800077,4.88000,0.08000
,,, 0.03753200173,4.88000,0.08000
,,, 0.03753599897,4.88000,0.08000
,,, 0.03753999993,4.88000,0.08000
,,, 0.03754400089,4.88000,0.08000
,,, 0.03754799813,4.88000,4.80000
,,, 0.03755199909,4.88000,4.80000
,,, 0.03755600005,4.88000,4.80000
,,, 0.03756000102,4.88000,0.88000
,,, 0.03756399825,4.88000,0.40000
,,, 0.03756799921,4.88000,0.32000
,,, 0.03757200018,4.88000,0.16000
,,, 0.03757600114,4.88000,0.16000
,,, 0.03757999837,4.88000,0.08000
,,, 0.03758399934,4.88000,0.08000
,,, 0.03758800030,4.88000,0.08000
,,, 0.03759200126,4.88000,0.00
,,, 0.03759599850,4.88000,0.08000
,,, 0.03759999946,4.88000,4.80000
,,, 0.03760400042,4.88000,4.80000
,,, 0.03760800138,4.88000,4.80000
,,, 0.03761199862,4.88000,0.56000
,,, 0.03761599958,4.88000,0.40000
,,, 0.03762000054,4.88000,0.24000
,,, 0.03762400150,4.88000,0.16000
,,, 0.03762799874,4.88000,0.08000
,,, 0.03763199970,4.88000,0.08000
,,, 0.03763600066,4.88000,0.08000
,,, 0.03764000162,4.88000,0.08000
,,, 0.03764399886,4.88000,0.08000
,,, 0.03764799982,4.88000,4.80000
,,, 0.03765200078,4.88000,4.80000
,,, 0.03765600175,4.88000,4.80000
,,, 0.03765999898,4.88000,1.12000
,,, 0.03766399994,4.88000,0.48000
,,, 0.03766800091,4.88000,0.32000
,,, 0.03767199814,4.88000,0.16000
,,, 0.03767599910,4.88000,0.16000
,,, 0.03768000007,4.88000,0.08000
,,, 0.03768400103,4.88000,0.08000
,,, 0.03768799827,4.88000,0.08000
,,, 0.03769199923,4.88000,0.08000
,,, 0.03769600019,4.88000,0.00
,,, 0.03770000115,4.88000,4.80000
,,, 0.03770399839,4.88000,4.80000
,,, 0.03770799935,4.88000,4.80000
,,, 0.03771200031,4.88000,0.56000
,,, 0.03771600127,4.88000,0.40000
,,, 0.03771999851,4.88000,0.24000
,,, 0.03772399947,4.88000,0.16000
,,, 0.03772800043,4.88000,0.08000
,,, 0.03773200139,4.88000,0.08000
,,, 0.03773599863,4.88000,0.08000
,,, 0.03773999959,4.88000,0.00
,,, 0.03774400055,4.88000,0.08000
,,, 0.03774800152,4.88000,4.88000
,,, 0.03775199875,4.88000,4.80000
,,, 0.03775599971,4.88000,4.80000
,,, 0.03776000068,4.88000,1.12000
,,, 0.03776400164,4.88000,0.48000
,,, 0.03776799887,4.88000,0.32000
,,, 0.03777199984,4.88000,0.24000
,,, 0.03777600080,4.88000,0.16000
,,, 0.03778000176,4.88000,0.08000
,,, 0.03778399900,4.88000,0.08000
,,, 0.03778799996,4.88000,0.08000
,,, 0.03779200092,4.88000,0.08000
,,, 0.03779599816,4.88000,0.08000
,,, 0.03779999912,4.88000,4.88000
,,, 0.03780400008,4.88000,4.80000
,,, 0.03780800104,4.88000,4.80000
,,, 0.03781199828,4.88000,0.56000
,,, 0.03781599924,4.88000,0.40000
,,, 0.03782000020,4.88000,0.24000
,,, 0.03782400116,4.88000,0.16000
,,, 0.03782799840,4.88000,0.16000
,,, 0.03783199936,4.88000,0.08000
,,, 0.03783600032,4.88000,0.08000
,,, 0.03784000129,4.88000,0.08000
,,, 0.03784399852,4.88000,0.00
,,, 0.03784799948,4.88000,4.80000
,,, 0.03785200045,4.88000,4.88000
,,, 0.03785600141,4.88000,4.72000
,,, 0.03785999864,4.88000,0.96000
,,, 0.03786399961,4.88000,0.48000
,,, 0.03786800057,4.88000,0.24000
,,, 0.03787200153,4.88000,0.24000
,,, 0.03787599877,4.88000,0.08000
,,, 0.03787999973,4.88000,0.08000
,,, 0.03788400069,4.88000,0.08000
,,, 0.03788800165,4.88000,0.08000
,,, 0.03789199889,4.88000,0.08000
,,, 0.03789599985,4.88000,0.08000
,,, 0.03790000081,4.88000,4.80000
,,, 0.03790399805,4.88000,4.80000
,,, 0.03790799901,4.88000,4.80000
,,, 0.03791199997,4.88000,0.56000
,,, 0.03791600093,4.88000,0.40000
,,, 0.03791999817,4.88000,0.24000
,,, 0.03792399913,4.88000,0.16000
,,, 0.03792800009,4.88000,0.08000
,,, 0.03793200105,4.88000,0.08000
,,, 0.03793599829,4.88000,0.08000
,,, 0.03793999925,4.88000,0.08000
,,, 0.03794400021,4.88000,0.08000
,,, 0.03794800118,4.88000,4.80000
,,, 0.03795199841,4.88000,4.88000
,,, 0.03795599937,4.88000,4.80000
,,, 0.03796000034,4.88000,0.96000
,,, 0.03796400130,4.88000,0.48000
,,, 0.03796799853,4.88000,0.32000
,,, 0.03797199950,4.88000,0.24000
,,, 0.03797600046,4.88000,0.16000
,,, 0.03798000142,4.88000,0.08000
,,, 0.03798399866,4.88000,0.08000
,,, 0.03798799962,4.88000,0.08000
,,, 0.03799200058,4.88000,0.08000
,,, 0.03799600154,4.88000,0.08000
,,, 0.03799999878,4.88000,4.88000
,,, 0.03800399974,4.88000,4.80000
,,, 0.03800800070,4.88000,4.80000
,,, 0.03801200166,4.88000,0.56000
,,, 0.03801599890,4.88000,0.40000
,,, 0.03801999986,4.88000,0.24000
,,, 0.03802400082,4.88000,0.16000
,,, 0.03802799806,4.88000,0.08000
,,, 0.03803199902,4.88000,0.08000
,,, 0.03803599998,4.88000,0.08000
,,, 0.03804000095,4.88000,0.08000
,,, 0.03804399818,4.88000,0.00
,,, 0.03804799914,4.88000,4.80000
,,, 0.03805200011,4.88000,4.80000
,,, 0.03805600107,4.88000,4.80000
,,, 0.03805999830,4.88000,0.96000
,,, 0.03806399927,4.88000,0.48000
,,, 0.03806800023,4.88000,0.32000
,,, 0.03807200119,4.88000,0.24000
,,, 0.03807599843,4.88000,0.16000
,,, 0.03807999939,4.88000,0.08000
,,, 0.03808400035,4.88000,0.08000
,,, 0.03808800131,4.88000,0.08000
,,, 0.03809199855,4.88000,0.08000
,,, 0.03809599951,4.88000,0.00
,,, 0.03810000047,4.88000,4.88000
,,, 0.03810400143,4.88000,4.72000
,,, 0.03810799867,4.88000,4.72000
,,, 0.03811199963,4.88000,0.56000
,,, 0.03811600059,4.88000,0.40000
,,, 0.03812000155,4.88000,0.24000
,,, 0.03812399879,4.88000,0.16000
,,, 0.03812799975,4.88000,0.08000
,,, 0.03813200071,4.88000,0.08000
,,, 0.03813600168,4.88000,0.08000
,,, 0.03813999891,4.88000,0.08000
,,, 0.03814399987,4.88000,0.08000
,,, 0.03814800084,4.88000,4.80000
,,, 0.03815199807,4.88000,4.80000
,,, 0.03815599903,4.88000,4.80000
,,, 0.03816000000,4.88000,1.28000
,,, 0.03816400096,4.88000,0.48000
,,, 0.03816799819,4.88000,0.32000
,,, 0.03817199916,4.88000,0.24000
,,, 0.03817600012,4.88000,0.16000
,,, 0.03818000108,4.88000,0.08000
,,, 0.03818399832,4.88000,0.08000
,,, 0.03818799928,4.88000,0.08000
,,, 0.03819200024,4.88000,0.08000
,,, 0.03819600120,4.88000,0.08000
,,, 0.03819999844,4.88000,4.88000
,,, 0.03820399940,4.88000,4.80000
,,, 0.03820800036,4.88000,4.80000
,,, 0.03821200132,4.88000,0.56000
,,, 0.03821599856,4.88000,0.40000
,,, 0.03821999952,4.88000,0.24000
,,, 0.03822400048,4.88000,0.16000
,,, 0.03822800145,4.88000,0.08000
,,, 0.03823199868,4.88000,0.08000
,,, 0.03823599964,4.88000,0.08000
,,, 0.03824000061,4.88000,0.08000
,,, 0.03824400157,4.88000,0.08000
,,, 0.03824799880,4.88000,4.80000
,,, 0.03825199977,4.88000,4.88000
,,, 0.03825600073,4.88000,4.72000
,,, 0.03826000169,4.88000,1.12000
,,, 0.03826399893,4.88000,0.48000
,,, 0.03826799989,4.88000,0.32000
,,, 0.03827200085,4.88000,0.16000
,,, 0.03827599809,4.88000,0.16000
,,, 0.03827999905,4.88000,0.08000
,,, 0.03828400001,4.88000,0.08000
,,, 0.03828800097,4.88000,0.08000
,,, 0.03829199821,4.88000,0.08000
,,, 0.03829599917,4.88000,0.08000
,,, 0.03830000013,4.88000,4.80000
,,, 0.03830400109,4.88000,4.72000
,,, 0.03830799833,4.80000,4.80000
,,, 0.03831199929,4.88000,0.72000
,,, 0.03831600025,4.88000,0.40000
,,, 0.03832000121,4.88000,0.24000
,,, 0.03832399845,4.88000,0.16000
,,, 0.03832799941,4.88000,0.08000
,,, 0.03833200037,4.88000,0.08000
,,, 0.03833600134,4.88000,0.08000
,,, 0.03833999857,4.88000,0.08000
,,, 0.03834399953,4.88000,0.08000
,,, 0.03834800050,4.88000,4.72000
,,, 0.03835200146,4.88000,4.88000
,,, 0.03835599869,4.88000,4.80000
,,, 0.03835999966,4.88000,1.44000
,,, 0.03836400062,4.88000,0.48000
,,, 0.03836800158,4.88000,0.32000
,,, 0.03837199882,4.88000,0.16000
,,, 0.03837599978,4.88000,0.16000
,,, 0.03838000074,4.88000,0.08000
,,, 0.03838400170,4.88000,0.08000
,,, 0.03838799894,4.88000,0.08000
,,, 0.03839199990,4.88000,0.08000
,,, 0.03839600086,4.88000,0.08000
,,, 0.03839999810,4.88000,4.80000
,,, 0.03840399906,4.88000,4.72000
,,, 0.03840800002,4.88000,4.72000
,,, 0.03841200098,4.88000,0.56000
,,, 0.03841599822,4.88000,0.40000
,,, 0.03841999918,4.88000,0.24000
,,, 0.03842400014,4.88000,0.16000
,,, 0.03842800111,4.88000,0.08000
,,, 0.03843199834,4.88000,0.08000
,,, 0.03843599930,4.88000,0.08000
,,, 0.03844000027,4.88000,0.08000
,,, 0.03844400123,4.88000,0.08000
,,, 0.03844799846,4.88000,4.80000
,,, 0.03845199943,4.88000,4.80000
,,, 0.03845600039,4.88000,4.80000
,,, 0.03846000135,4.88000,0.96000
,,, 0.03846399859,4.88000,0.48000
,,, 0.03846799955,4.88000,0.32000
,,, 0.03847200051,4.88000,0.16000
,,, 0.03847600147,4.88000,0.16000
,,, 0.03847999871,4.88000,0.08000
,,, 0.03848399967,4.88000,0.08000
,,, 0.03848800063,4.88000,0.08000
,,, 0.03849200159,4.88000,0.08000
,,, 0.03849599883,4.88000,0.08000
,,, 0.03849999979,4.88000,4.88000
,,, 0.03850400075,4.88000,4.80000
,,, 0.03850800171,4.88000,4.72000
,,, 0.03851199895,4.88000,0.56000
,,, 0.03851599991,4.88000,0.40000
,,, 0.03852000087,4.88000,0.24000
,,, 0.03852399811,4.88000,0.16000
,,, 0.03852799907,4.88000,0.08000
,,, 0.03853200004,4.88000,0.08000
,,, 0.03853600100,4.88000,0.08000
,,, 0.03853999823,4.88000,0.08000
,,, 0.03854399920,4.88000,0.08000
,,, 0.03854800016,4.88000,4.80000
,,, 0.03855200112,4.88000,4.80000
,,, 0.03855599836,4.88000,4.80000
,,, 0.03855999932,4.88000,0.96000
,,, 0.03856400028,4.88000,0.48000
,,, 0.03856800124,4.96000,0.32000
,,, 0.03857199848,4.88000,0.16000
,,, 0.03857599944,4.88000,0.16000
,,, 0.03858000040,4.88000,0.08000
,,, 0.03858400136,4.88000,0.08000
,,, 0.03858799860,4.88000,0.08000
,,, 0.03859199956,4.88000,0.08000
,,, 0.03859600052,4.88000,0.08000
,,, 0.03860000148,4.88000,4.88000
,,, 0.03860399872,4.88000,4.80000
,,, 0.03860799968,4.88000,4.80000
,,, 0.03861200064,4.88000,0.56000
,,, 0.03861600161,4.88000,0.40000
,,, 0.03861999884,4.88000,0.24000
,,, 0.03862399980,4.88000,0.16000
,,, 0.03862800077,4.88000,0.16000
,,, 0.03863200173,4.88000,0.08000
,,, 0.03863599896,4.88000,0.08000
,,, 0.03863999993,4.88000,0.08000
,,, 0.03864400089,4.88000,0.08000
,,, 0.03864799812,4.88000,4.72000
,,, 0.03865199909,4.88000,4.80000
,,, 0.03865600005,4.88000,4.80000
,,, 0.03866000101,4.88000,0.88000
,,, 0.03866399825,4.88000,0.48000
,,, 0.03866799921,4.88000,0.24000
,,, 0.03867200017,4.88000,0.24000
,,, 0.03867600113,4.88000,0.16000
,,, 0.03867999837,4.88000,0.08000
,,, 0.03868399933,4.88000,0.08000
,,, 0.03868800029,4.88000,0.08000
,,, 0.03869200125,4.88000,0.08000
,,, 0.03869599849,4.88000,0.08000
,,, 0.03869999945,4.88000,4.80000
,,, 0.03870400041,4.88000,4.80000
,,, 0.03870800138,4.80000,4.80000
,,, 0.03871199861,4.88000,0.56000
,,, 0.03871599957,4.88000,0.40000
,,, 0.03872000054,4.88000,0.24000
,,, 0.03872400150,4.88000,0.16000
,,, 0.03872799873,4.88000,0.08000
,,, 0.03873199970,4.88000,0.08000
,,, 0.03873600066,4.88000,0.08000
,,, 0.03874000162,4.88000,0.08000
,,, 0.03874399886,4.88000,0.08000
,,, 0.03874799982,4.88000,4.80000
,,, 0.03875200078,4.88000,4.80000
,,, 0.03875600174,4.88000,4.80000
,,, 0.03875999898,4.88000,3.28000
,,, 0.03876399994,4.88000,0.48000
,,, 0.03876800090,4.88000,0.32000
,,, 0.03877199814,4.88000,0.24000
,,, 0.03877599910,4.88000,0.16000
,,, 0.03878000006,4.88000,0.16000
,,, 0.03878400102,4.88000,0.08000
,,, 0.03878799826,4.88000,0.08000
,,, 0.03879199922,4.88000,0.00
,,, 0.03879600018,4.88000,0.08000
,,, 0.03880000114,4.88000,4.80000
,,, 0.03880399838,4.88000,4.80000
,,, 0.03880799934,4.88000,4.80000
,,, 0.03881200030,4.88000,0.56000
,,, 0.03881600127,4.96000,0.40000
,,, 0.03881999850,4.88000,0.24000
,,, 0.03882399946,4.88000,0.16000
,,, 0.03882800043,4.88000,0.16000
,,, 0.03883200139,4.88000,0.08000
,,, 0.03883599862,4.80000,0.08000
,,, 0.03883999959,4.88000,0.08000
,,, 0.03884400055,4.88000,0.08000
,,, 0.03884800151,4.88000,4.80000
,,, 0.03885199875,4.88000,4.80000
,,, 0.03885599971,4.88000,4.72000
,,, 0.03886000067,4.88000,0.88000
,,, 0.03886400163,4.88000,0.48000
,,, 0.03886799887,4.88000,0.24000
,,, 0.03887199983,4.88000,0.24000
,,, 0.03887600079,4.88000,0.08000
,,, 0.03888000175,4.88000,0.08000
,,, 0.03888399899,4.88000,0.08000
,,, 0.03888799995,4.88000,0.08000
,,, 0.03889200091,4.88000,0.00
,,, 0.03889599815,4.88000,0.08000
,,, 0.03889999911,4.88000,4.80000
,,, 0.03890400007,4.88000,4.80000
,,, 0.03890800104,4.80000,4.80000
,,, 0.03891199827,4.88000,0.56000
,,, 0.03891599923,4.88000,0.40000
,,, 0.03892000020,4.88000,0.24000
,,, 0.03892400116,4.88000,0.16000
,,, 0.03892799839,4.88000,0.08000
,,, 0.03893199936,4.88000,0.08000
,,, 0.03893600032,4.88000,0.08000
,,, 0.03894000128,4.88000,0.08000
,,, 0.03894399852,4.88000,0.08000
,,, 0.03894799948,4.88000,4.80000
,,, 0.03895200044,4.88000,4.80000
,,, 0.03895600140,4.88000,4.80000
,,, 0.03895999864,4.88000,1.12000
,,, 0.03896399960,4.88000,0.48000
,,, 0.03896800056,4.88000,0.32000
,,, 0.03897200152,4.88000,0.24000
,,, 0.03897599876,4.88000,0.16000
,,, 0.03897999972,4.88000,0.08000
,,, 0.03898400068,4.88000,0.08000
,,, 0.03898800164,4.88000,0.08000
,,, 0.03899199888,4.88000,0.08000
,,, 0.03899599984,4.88000,0.08000
,,, 0.03900000080,4.88000,4.80000
,,, 0.03900399804,4.88000,4.80000
,,, 0.03900799900,4.88000,4.72000
,,, 0.03901199996,4.88000,0.56000
,,, 0.03901600093,4.88000,0.40000
,,, 0.03901999816,4.88000,0.24000
,,, 0.03902399912,4.88000,0.16000
,,, 0.03902800009,4.80000,0.16000
,,, 0.03903200105,4.88000,0.08000
,,, 0.03903599828,4.88000,0.08000
,,, 0.03903999925,4.88000,0.08000
,,, 0.03904400021,4.88000,0.00
,,, 0.03904800117,4.88000,4.80000
,,, 0.03905199841,4.88000,4.88000
,,, 0.03905599937,4.88000,4.80000
,,, 0.03906000033,4.88000,3.84000
,,, 0.03906400129,4.88000,0.48000
,,, 0.03906799853,4.88000,0.32000
,,, 0.03907199949,4.88000,0.24000
,,, 0.03907600045,4.88000,0.16000
,,, 0.03908000141,4.88000,0.08000
,,, 0.03908399865,4.88000,0.08000
,,, 0.03908799961,4.88000,0.08000
,,, 0.03909200057,4.88000,0.08000
,,, 0.03909600154,4.88000,0.08000
,,, 0.03909999877,4.88000,4.88000
,,, 0.03910399973,4.88000,4.72000
,,, 0.03910800070,4.88000,4.80000
,,, 0.03911200166,4.88000,0.56000
,,, 0.03911599889,4.88000,0.40000
,,, 0.03911999986,4.88000,0.24000
,,, 0.03912400082,4.88000,0.16000
,,, 0.03912799805,4.88000,0.08000
,,, 0.03913199902,4.88000,0.08000
,,, 0.03913599998,4.88000,0.08000
,,, 0.03914000094,4.88000,0.08000
,,, 0.03914399818,4.88000,0.00
,,, 0.03914799914,4.88000,4.80000
,,, 0.03915200010,4.88000,4.88000
,,, 0.03915600106,4.88000,4.80000
,,, 0.03915999830,4.88000,1.20000
,,, 0.03916399926,4.88000,0.48000
,,, 0.03916800022,4.88000,0.32000
,,, 0.03917200118,4.88000,0.24000
,,, 0.03917599842,4.88000,0.16000
,,, 0.03917999938,4.88000,0.08000
,,, 0.03918400034,4.88000,0.08000
,,, 0.03918800130,4.88000,0.08000
,,, 0.03919199854,4.88000,0.08000
,,, 0.03919599950,4.88000,0.08000
,,, 0.03920000046,4.88000,4.80000
,,, 0.03920400143,4.88000,4.80000
,,, 0.03920799866,4.80000,4.80000
,,, 0.03921199962,4.88000,0.56000
,,, 0.03921600059,4.88000,0.40000
,,, 0.03922000155,4.88000,0.24000
,,, 0.03922399879,4.88000,0.16000
,,, 0.03922799975,4.88000,0.08000
,,, 0.03923200071,4.88000,0.08000
,,, 0.03923600167,4.88000,0.08000
,,, 0.03923999891,4.88000,0.08000
,,, 0.03924399987,4.88000,0.00
,,, 0.03924800083,4.88000,4.88000
,,, 0.03925199807,4.88000,4.80000
,,, 0.03925599903,4.88000,4.80000
,,, 0.03925999999,4.88000,0.88000
,,, 0.03926400095,4.88000,0.40000
,,, 0.03926799819,4.88000,0.32000
,,, 0.03927199915,4.88000,0.24000
,,, 0.03927600011,4.88000,0.16000
,,, 0.03928000107,4.88000,0.16000
,,, 0.03928399831,4.88000,0.08000
,,, 0.03928799927,4.88000,0.08000
,,, 0.03929200023,4.88000,0.08000
,,, 0.03929600120,4.88000,0.08000
,,, 0.03929999843,4.88000,4.80000
,,, 0.03930399939,4.88000,4.80000
,,, 0.03930800036,4.88000,4.80000
,,, 0.03931200132,4.88000,0.56000
,,, 0.03931599855,4.88000,0.40000
,,, 0.03931999952,4.88000,0.24000
,,, 0.03932400048,4.88000,0.16000
,,, 0.03932800144,4.88000,0.08000
,,, 0.03933199868,4.88000,0.08000
,,, 0.03933599964,4.88000,0.08000
,,, 0.03934000060,4.88000,0.08000
,,, 0.03934400156,4.88000,0.08000
,,, 0.03934799880,4.88000,4.88000
,,, 0.03935199976,4.88000,4.80000
,,, 0.03935600072,4.80000,4.80000
,,, 0.03936000168,4.80000,0.88000
,,, 0.03936399892,4.88000,0.48000
,,, 0.03936799988,4.88000,0.32000
,,, 0.03937200084,4.88000,0.24000
,,, 0.03937599808,4.88000,0.16000
,,, 0.03937999904,4.88000,0.08000
,,, 0.03938400000,4.88000,0.08000
,,, 0.03938800097,4.88000,0.08000
,,, 0.03939199820,4.88000,0.08000
,,, 0.03939599916,4.88000,0.08000
,,, 0.03940000013,4.88000,4.88000
,,, 0.03940400109,4.88000,4.80000
,,, 0.03940799832,4.88000,4.80000
,,, 0.03941199929,4.88000,0.56000
,,, 0.03941600025,4.88000,0.40000
,,, 0.03942000121,4.88000,0.24000
,,, 0.03942399845,4.80000,0.16000
,,, 0.03942799941,4.88000,0.08000
,,, 0.03943200037,4.88000,0.08000
,,, 0.03943600133,4.88000,0.08000
,,, 0.03943999857,4.88000,0.08000
,,, 0.03944399953,4.88000,0.08000
,,, 0.03944800049,4.88000,4.72000
,,, 0.03945200145,4.88000,4.80000
,,, 0.03945599869,4.88000,4.80000
,,, 0.03945999965,4.88000,0.80000
,,, 0.03946400061,4.88000,0.48000
,,, 0.03946800157,4.88000,0.32000
,,, 0.03947199881,4.88000,0.16000
,,, 0.03947599977,4.88000,0.16000
,,, 0.03948000073,4.88000,0.08000
,,, 0.03948400170,4.88000,0.08000
,,, 0.03948799893,4.88000,0.08000
,,, 0.03949199989,4.88000,0.08000
,,, 0.03949600086,4.88000,0.08000
,,, 0.03949999809,4.88000,4.80000
,,, 0.03950399905,4.88000,4.80000
,,, 0.03950800002,4.88000,4.80000
,,, 0.03951200098,4.88000,0.56000
,,, 0.03951599821,4.88000,0.40000
,,, 0.03951999918,4.88000,0.24000
,,, 0.03952400014,4.88000,0.16000
,,, 0.03952800110,4.88000,0.16000
,,, 0.03953199834,4.88000,0.08000
,,, 0.03953599930,4.88000,0.08000
,,, 0.03954000026,4.88000,0.08000
,,, 0.03954400122,4.88000,0.08000
,,, 0.03954799846,4.88000,4.80000
,,, 0.03955199942,4.88000,4.80000
,,, 0.03955600038,4.88000,4.80000
,,, 0.03956000134,4.88000,2.56000
,,, 0.03956399858,4.88000,0.48000
,,, 0.03956799954,4.88000,0.32000
,,, 0.03957200050,4.88000,0.24000
,,, 0.03957600147,4.88000,0.16000
,,, 0.03957999870,4.88000,0.08000
,,, 0.03958399966,4.88000,0.08000
,,, 0.03958800063,4.88000,0.08000
,,, 0.03959200159,4.88000,0.08000
,,, 0.03959599882,4.88000,0.08000
,,, 0.03959999979,4.88000,4.80000
,,, 0.03960400075,4.88000,4.80000
,,, 0.03960800171,4.88000,4.88000
,,, 0.03961199895,4.88000,0.56000
,,, 0.03961599991,4.88000,0.40000
,,, 0.03962000087,4.88000,0.24000
,,, 0.03962399811,4.88000,0.16000
,,, 0.03962799907,4.88000,0.08000
,,, 0.03963200003,4.88000,0.08000
,,, 0.03963600099,4.88000,0.08000
,,, 0.03963999823,4.88000,0.08000
,,, 0.03964399919,4.88000,0.08000
,,, 0.03964800015,4.88000,4.80000
,,, 0.03965200111,4.88000,4.80000
,,, 0.03965599835,4.88000,4.80000
,,, 0.03965999931,4.88000,2.00000
,,, 0.03966400027,4.88000,0.48000
,,, 0.03966800123,4.88000,0.32000
,,, 0.03967199847,4.88000,0.24000
,,, 0.03967599943,4.88000,0.16000
,,, 0.03968000039,4.88000,0.08000
,,, 0.03968400136,4.88000,0.08000
,,, 0.03968799859,4.88000,0.08000
,,, 0.03969199955,4.88000,0.08000
,,, 0.03969600052,4.88000,0.08000
,,, 0.03970000148,4.88000,4.88000
,,, 0.03970399871,4.88000,4.88000
,,, 0.03970799968,4.88000,4.80000
,,, 0.03971200064,4.88000,0.56000
,,, 0.03971600160,4.88000,0.40000
,,, 0.03971999884,4.88000,0.24000
,,, 0.03972399980,4.88000,0.16000
,,, 0.03972800076,4.88000,0.16000
,,, 0.03973200172,4.88000,0.08000
,,, 0.03973599896,4.88000,0.08000
,,, 0.03973999992,4.88000,0.08000
,,, 0.03974400088,4.88000,0.08000
,,, 0.03974799812,4.88000,4.80000
,,, 0.03975199908,4.88000,4.88000
,,, 0.03975600004,4.88000,4.80000
,,, 0.03976000100,4.88000,0.96000
,,, 0.03976399824,4.88000,0.48000
,,, 0.03976799920,4.88000,0.32000
,,, 0.03977200016,4.88000,0.16000
,,, 0.03977600113,4.88000,0.16000
,,, 0.03977999836,4.88000,0.08000
,,, 0.03978399932,4.88000,0.08000
,,, 0.03978800029,4.88000,0.08000
,,, 0.03979200125,4.88000,0.08000
,,, 0.03979599848,4.88000,0.08000
,,, 0.03979999945,4.88000,4.88000
,,, 0.03980400041,4.88000,4.80000
,,, 0.03980800137,4.88000,4.80000
,,, 0.03981199861,4.88000,0.56000
,,, 0.03981599957,4.88000,0.40000
,,, 0.03982000053,4.88000,0.24000
,,, 0.03982400149,4.88000,0.16000
,,, 0.03982799873,4.88000,0.08000
,,, 0.03983199969,4.88000,0.08000
,,, 0.03983600065,4.88000,0.08000
,,, 0.03984000161,4.88000,0.08000
,,, 0.03984399885,4.88000,0.08000
,,, 0.03984799981,4.88000,4.88000
,,, 0.03985200077,4.88000,4.80000
,,, 0.03985600173,4.88000,4.80000
,,, 0.03985999897,4.88000,3.52000
,,, 0.03986399993,4.88000,0.48000
,,, 0.03986800089,4.88000,0.32000
,,, 0.03987199813,4.88000,0.24000
,,, 0.03987599909,4.88000,0.16000
,,, 0.03988000005,4.88000,0.08000
,,, 0.03988400102,4.88000,0.08000
,,, 0.03988799825,4.88000,0.08000
,,, 0.03989199921,4.88000,0.00
,,, 0.03989600018,4.88000,0.08000
,,, 0.03990000114,4.88000,4.80000
,,, 0.03990399837,4.88000,4.80000
,,, 0.03990799934,4.88000,4.80000
,,, 0.03991200030,4.88000,0.56000
,,, 0.03991600126,4.88000,0.40000
,,, 0.03991999850,4.88000,0.24000
,,, 0.03992399946,4.88000,0.16000
,,, 0.03992800042,4.88000,0.16000
,,, 0.03993200138,4.88000,0.08000
,,, 0.03993599862,4.88000,0.08000
,,, 0.03993999958,4.88000,0.08000
,,, 0.03994400054,4.88000,0.08000
,,, 0.03994800150,4.88000,4.72000
,,, 0.03995199874,4.88000,4.80000
,,, 0.03995599970,4.96000,4.80000
,,, 0.03996000066,4.88000,1.12000
,,, 0.03996400163,4.88000,0.40000
,,, 0.03996799886,4.80000,0.32000
,,, 0.03997199982,4.88000,0.24000
,,, 0.03997600079,4.88000,0.16000
,,, 0.03998000175,4.88000,0.08000
,,, 0.03998399898,4.88000,0.08000
,,, 0.03998799995,4.88000,0.08000
,,, 0.03999200091,4.88000,0.08000
,,, 0.03999599814,4.88000,0.08000
,,, 0.03999999911,4.88000,4.80000
,,, 0.04000400007,4.88000,4.80000
,,, 0.04000800103,4.88000,4.80000
,,, 0.04001199827,4.88000,0.56000
,,, 0.04001599923,4.88000,0.40000
,,, 0.04002000019,4.88000,0.24000
,,, 0.04002400115,4.88000,0.16000
,,, 0.04002799839,4.88000,0.08000
,,, 0.04003199935,4.88000,0.08000
,,, 0.04003600031,4.88000,0.08000
,,, 0.04004000127,4.88000,0.08000
,,, 0.04004399851,4.88000,0.08000
,,, 0.04004799947,4.88000,4.80000
,,, 0.04005200043,4.88000,4.80000
,,, 0.04005600139,4.88000,4.80000
,,, 0.04005999863,4.88000,0.88000
,,, 0.04006399959,4.88000,0.48000
,,, 0.04006800056,4.88000,0.32000
,,, 0.04007200152,4.88000,0.24000
,,, 0.04007599875,4.88000,0.16000
,,, 0.04007999972,4.88000,0.08000
,,, 0.04008400068,4.88000,0.08000
,,, 0.04008800164,4.88000,0.08000
,,, 0.04009199888,4.88000,0.08000
,,, 0.04009599984,4.88000,0.08000
,,, 0.04010000080,4.88000,4.80000
,,, 0.04010400176,4.88000,4.80000
,,, 0.04010799900,4.88000,4.80000
,,, 0.04011199996,4.88000,0.56000
,,, 0.04011600092,4.88000,0.40000
,,, 0.04011999816,4.88000,0.24000
,,, 0.04012399912,4.88000,0.16000
,,, 0.04012800008,4.88000,0.08000
,,, 0.04013200104,4.88000,0.08000
,,, 0.04013599828,4.88000,0.08000
,,, 0.04013999924,4.88000,0.08000
,,, 0.04014400020,4.88000,0.08000
,,, 0.04014800116,4.88000,4.80000
,,, 0.04015199840,4.88000,4.72000
,,, 0.04015599936,4.88000,4.80000
,,, 0.04016000032,4.88000,2.96000
,,, 0.04016400129,4.88000,0.48000
,,, 0.04016799852,4.88000,0.32000
,,, 0.04017199948,4.88000,0.24000
,,, 0.04017600045,4.88000,0.16000
,,, 0.04018000141,4.88000,0.08000
,,, 0.04018399864,4.88000,0.08000
,,, 0.04018799961,4.88000,0.08000
,,, 0.04019200057,4.88000,0.08000
,,, 0.04019600153,4.88000,0.08000
,,, 0.04019999877,4.88000,4.88000
,,, 0.04020399973,4.88000,4.80000
,,, 0.04020800069,4.88000,4.80000
,,, 0.04021200165,4.88000,0.56000
,,, 0.04021599889,4.88000,0.40000
,,, 0.04021999985,4.88000,0.24000
,,, 0.04022400081,4.88000,0.16000
,,, 0.04022799805,4.88000,0.08000
,,, 0.04023199901,4.88000,0.08000
,,, 0.04023599997,4.88000,0.08000
,,, 0.04024000093,4.88000,0.08000
,,, 0.04024399817,4.88000,0.08000
,,, 0.04024799913,4.88000,4.72000
,,, 0.04025200009,4.88000,4.80000
,,, 0.04025600106,4.88000,4.80000
,,, 0.04025999829,4.88000,0.80000
,,, 0.04026399925,4.88000,0.48000
,,, 0.04026800022,4.88000,0.24000
,,, 0.04027200118,4.88000,0.16000
,,, 0.04027599841,4.88000,0.16000
,,, 0.04027999938,4.88000,0.08000
,,, 0.04028400034,4.88000,0.08000
,,, 0.04028800130,4.88000,0.08000
,,, 0.04029199854,4.88000,0.08000
,,, 0.04029599950,4.88000,0.08000
,,, 0.04030000046,4.88000,4.80000
,,, 0.04030400142,4.88000,4.80000
,,, 0.04030799866,4.88000,4.72000
,,, 0.04031199962,4.88000,0.56000
,,, 0.04031600058,4.88000,0.40000
,,, 0.04032000154,4.88000,0.24000
,,, 0.04032399878,4.88000,0.16000
,,, 0.04032799974,4.88000,0.08000
,,, 0.04033200070,4.88000,0.08000
,,, 0.04033600166,4.88000,0.08000
,,, 0.04033999890,4.88000,0.08000
,,, 0.04034399986,4.88000,0.00
,,, 0.04034800082,4.88000,4.88000
,,, 0.04035199806,4.88000,4.80000
,,, 0.04035599902,4.88000,4.80000
,,, 0.04035999998,4.88000,2.24000
,,, 0.04036400095,4.88000,0.48000
,,, 0.04036799818,4.88000,0.32000
,,, 0.04037199914,4.88000,0.24000
,,, 0.04037600011,4.88000,0.16000
,,, 0.04038000107,4.88000,0.08000
,,, 0.04038399830,4.88000,0.08000
,,, 0.04038799927,4.88000,0.08000
,,, 0.04039200023,4.88000,0.08000
,,, 0.04039600119,4.88000,0.08000
,,, 0.04039999843,4.88000,4.80000
,,, 0.04040399939,4.88000,4.80000
,,, 0.04040800035,4.88000,4.88000
,,, 0.04041200131,4.88000,0.56000
,,, 0.04041599855,4.88000,0.40000
,,, 0.04041999951,4.88000,0.24000
,,, 0.04042400047,4.88000,0.16000
,,, 0.04042800143,4.88000,0.08000
,,, 0.04043199867,4.88000,0.08000
,,, 0.04043599963,4.88000,0.08000
,,, 0.04044000059,4.80000,0.08000
,,, 0.04044400156,4.88000,0.08000
,,, 0.04044799879,4.88000,4.80000
,,, 0.04045199975,4.88000,4.80000
,,, 0.04045600072,4.88000,4.80000
,,, 0.04046000168,4.88000,1.76000
,,, 0.04046399891,4.88000,0.48000
,,, 0.04046799988,4.88000,0.32000
,,, 0.04047200084,4.88000,0.16000
,,, 0.04047599807,4.88000,0.16000
,,, 0.04047999904,4.88000,0.08000
,,, 0.04048400000,4.88000,0.08000
,,, 0.04048800096,4.88000,0.08000
,,, 0.04049199820,4.88000,0.08000
,,, 0.04049599916,4.88000,0.08000
,,, 0.04050000012,4.88000,4.80000
,,, 0.04050400108,4.88000,4.80000
,,, 0.04050799832,4.88000,4.88000
,,, 0.04051199928,4.88000,0.56000
,,, 0.04051600024,4.88000,0.40000
,,, 0.04052000120,4.88000,0.24000
,,, 0.04052399844,4.88000,0.16000
,,, 0.04052799940,4.88000,0.08000
,,, 0.04053200036,4.88000,0.08000
,,, 0.04053600132,4.88000,0.08000
,,, 0.04053999856,4.88000,0.08000
,,, 0.04054399952,4.88000,0.08000
,,, 0.04054800048,4.88000,4.72000
,,, 0.04055200145,4.88000,4.80000
,,, 0.04055599868,4.88000,4.80000
,,, 0.04055999964,4.88000,0.96000
,,, 0.04056400061,4.88000,0.48000
,,, 0.04056800157,4.88000,0.32000
,,, 0.04057199880,4.88000,0.24000
,,, 0.04057599977,4.88000,0.16000
,,, 0.04058000073,4.88000,0.08000
,,, 0.04058400169,4.88000,0.00
,,, 0.04058799893,4.88000,0.08000
,,, 0.04059199989,4.88000,0.08000
,,, 0.04059600085,4.88000,0.08000
,,, 0.04059999809,4.88000,4.88000
,,, 0.04060399905,4.88000,4.80000
,,, 0.04060800001,4.88000,4.80000
,,, 0.04061200097,4.88000,0.56000
,,, 0.04061599821,4.88000,0.40000
,,, 0.04061999917,4.88000,0.24000
,,, 0.04062400013,4.88000,0.16000
,,, 0.04062800109,4.88000,0.08000
,,, 0.04063199833,4.88000,0.08000
,,, 0.04063599929,4.88000,0.08000
,,, 0.04064000025,4.88000,0.08000
,,, 0.04064400122,4.88000,0.08000
,,, 0.04064799845,4.88000,4.88000
,,, 0.04065199941,4.88000,4.80000
,,, 0.04065600038,4.88000,4.80000
,,, 0.04066000134,4.88000,2.72000
,,, 0.04066399857,4.88000,0.48000
,,, 0.04066799954,4.88000,0.32000
,,, 0.04067200050,4.88000,0.24000
,,, 0.04067600146,4.88000,0.16000
,,, 0.04067999870,4.88000,0.08000
,,, 0.04068399966,4.88000,0.08000
,,, 0.04068800062,4.88000,0.08000
,,, 0.04069200158,4.88000,0.08000
,,, 0.04069599882,4.88000,0.08000
,,, 0.04069999978,4.88000,4.80000
,,, 0.04070400074,4.88000,4.72000
,,, 0.04070800170,4.88000,4.80000
,,, 0.04071199894,4.88000,0.56000
,,, 0.04071599990,4.88000,0.40000
,,, 0.04072000086,4.88000,0.24000
,,, 0.04072399810,4.88000,0.16000
,,, 0.04072799906,4.88000,0.16000
,,, 0.04073200002,4.88000,0.08000
,,, 0.04073600098,4.88000,0.08000
,,, 0.04073999822,4.88000,0.08000
,,, 0.04074399918,4.88000,0.08000
,,, 0.04074800014,4.88000,4.80000
,,, 0.04075200111,4.88000,4.80000
,,, 0.04075599834,4.88000,4.72000
,,, 0.04075999931,4.88000,1.04000
,,, 0.04076400027,4.88000,0.48000
,,, 0.04076800123,4.88000,0.32000
,,, 0.04077199847,4.88000,0.24000
,,, 0.04077599943,4.88000,0.16000
,,, 0.04078000039,4.88000,0.08000
,,, 0.04078400135,4.88000,0.08000
,,, 0.04078799859,4.88000,0.08000
,,, 0.04079199955,4.88000,0.08000
,,, 0.04079600051,4.88000,0.08000
,,, 0.04080000147,4.88000,4.80000
,,, 0.04080399871,4.88000,4.80000
,,, 0.04080799967,4.88000,4.80000
,,, 0.04081200063,4.88000,0.56000
,,, 0.04081600159,4.88000,0.40000
,,, 0.04081999883,4.88000,0.24000
,,, 0.04082399979,4.88000,0.16000
,,, 0.04082800075,4.88000,0.16000
,,, 0.04083200172,4.88000,0.08000
,,, 0.04083599895,4.88000,0.08000
,,, 0.04083999991,4.88000,0.08000
,,, 0.04084400088,4.88000,0.08000
,,, 0.04084799811,4.88000,4.80000
,,, 0.04085199907,4.88000,4.80000
,,, 0.04085600004,4.88000,4.72000
,,, 0.04086000100,4.88000,1.92000
,,, 0.04086399823,4.88000,0.48000
,,, 0.04086799920,4.88000,0.32000
,,, 0.04087200016,4.88000,0.24000
,,, 0.04087600112,4.88000,0.16000
,,, 0.04087999836,4.88000,0.08000
,,, 0.04088399932,4.88000,0.08000
,,, 0.04088800028,4.88000,0.08000
,,, 0.04089200124,4.88000,0.08000
,,, 0.04089599848,4.88000,0.08000
,,, 0.04089999944,4.88000,4.88000
,,, 0.04090400040,4.88000,4.80000
,,, 0.04090800136,4.88000,4.80000
,,, 0.04091199860,4.88000,0.56000
,,, 0.04091599956,4.88000,0.40000
,,, 0.04092000052,4.88000,0.24000
,,, 0.04092400149,4.88000,0.16000
,,, 0.04092799872,4.88000,0.08000
,,, 0.04093199968,4.88000,0.08000
,,, 0.04093600065,4.88000,0.08000
,,, 0.04094000161,4.88000,0.08000
,,, 0.04094399884,4.88000,0.08000
,,, 0.04094799981,4.88000,4.80000
,,, 0.04095200077,4.88000,4.72000
,,, 0.04095600173,4.88000,4.80000
,,, 0.04095999897,4.88000,2.32000
,,, 0.04096399993,4.88000,0.48000
,,, 0.04096800089,4.88000,0.32000
,,, 0.04097199813,4.88000,0.24000
,,, 0.04097599909,4.88000,0.16000
,,, 0.04098000005,4.88000,0.08000
,,, 0.04098400101,4.88000,0.08000
,,, 0.04098799825,4.88000,0.08000
,,, 0.04099199921,4.88000,0.08000
,,, 0.04099600017,4.88000,0.08000
,,, 0.04100000113,4.88000,4.88000
,,, 0.04100399837,4.88000,4.80000
,,, 0.04100799933,4.88000,4.80000
